source,target,importance
A2M,A2M,0.9999999999999429
A4GALT,A4GALT,0.9999999999998335
A4GNT,A4GNT,0.9999999999998761
AAK1,AAK1,1.0
AARD,AARD,1.0
AASS,AASS,1.0
AATK,AATK,1.0
ABAT,ABAT,0.9999999999995641
ABCA1,ABCA1,0.99999999999973
ABCA10,ABCA10,1.0
ABCA12,ABCA12,0.9999999999997603
ABCA3,ABCA3,0.9999999999997543
ABCA4,ABCA4,0.9999999999997546
ABCA5,ABCA5,1.0
ABCA6,ABCA6,0.9999999999999291
ABCA7,ABCA7,0.9999999999997249
ABCA9,ABCA9,1.0
ABCB4,ABCB4,0.9999999999999063
ABCB6,ABCB6,1.0
ABCB7,ABCB7,1.0
ABCB8,ABCB8,1.0
ABCB9,ABCB9,0.9999999999998531
NEAT1,ABCC1,0.4127207537121308
ISG15,ABCC1,0.4241678801035292
ABCC1,ABCC1,0.9999999999995685
ABCC10,ABCC10,1.0
HIPK2,ABCC3,0.5036008926431235
RBP1,ABCC3,0.5062440348995296
HIP1,ABCC3,0.5077242574031603
NEBL,ABCC3,0.5137329373489726
MIAT,ABCC3,0.5145240596236164
IFI16,ABCC3,0.5197362764777198
CENPT,ABCC3,0.5199551651380434
LINC00842,ABCC3,0.5204390329732537
CLU,ABCC3,0.5255657226270432
MORC3,ABCC3,0.5259730629318818
ISG15,ABCC3,0.5334607279600503
NEAT1,ABCC3,0.5335368797640516
SLC44A1,ABCC3,0.5384964323887843
ABTB2,ABCC3,0.5422204837243575
KRT18,ABCC3,0.5431258411978641
IFI6,ABCC3,0.54959632546939
FLNB,ABCC3,0.5541911622901393
MGP,ABCC3,0.5554249247624045
TPST2,ABCC3,0.5639536669733162
SLC12A8,ABCC3,0.5860816268279081
ABCC3,ABCC3,1.0
ISG15,ABCC4,0.4012985186356909
TPST2,ABCC4,0.40612593096338273
SLC12A8,ABCC4,0.4256178706314699
ABCC4,ABCC4,0.9999999999998219
ABCC5,ABCC5,0.9999999999998809
ABCC6,ABCC6,1.0
ABCC9,ABCC9,1.0
ABCD4,ABCD4,0.9999999999996491
ABCG8,ABCG8,0.9999999999994722
ABHD12B,ABHD12B,1.0
ABHD13,ABHD13,1.0
ABHD15-AS1,ABHD15-AS1,0.999999999999965
ABHD17B,ABHD17B,1.0
ABHD17C,ABHD17C,1.0
ABHD18,ABHD18,1.0
ABHD3,ABHD3,1.0
ABHD4,ABHD4,1.0
ABI2,ABI2,0.9999999999998268
ABI3BP,ABI3BP,1.0
ABITRAM,ABITRAM,1.0
NEAT1,ABL1,0.40330747936909056
ISG15,ABL1,0.41970086241746507
ABL1,ABL1,0.9999999999998402
ABL2,ABL2,1.0
FNIP1,ABLIM1,0.4428488204908355
TPST2,ABLIM1,0.44413746982413255
FLNB,ABLIM1,0.44637937664707417
SLC39A11,ABLIM1,0.4479283303097419
NEBL,ABLIM1,0.4484353340977618
PVT1,ABLIM1,0.4489929229590705
EPSTI1,ABLIM1,0.45343499756119177
IFITM3,ABLIM1,0.45457389161487183
IFI6,ABLIM1,0.4551741023542919
MRTFA,ABLIM1,0.4560929138285015
IFITM1,ABLIM1,0.45755750772326215
ABTB2,ABLIM1,0.4604229209409586
IFIT1,ABLIM1,0.46356445150099246
IFIT3,ABLIM1,0.4700803451122806
MX1,ABLIM1,0.472644679280968
IFI16,ABLIM1,0.48348771549756203
SLC12A8,ABLIM1,0.49076598504496216
MAGI1,ABLIM1,0.4932921585397757
NEAT1,ABLIM1,0.5176808080112898
ISG15,ABLIM1,0.5302687204115814
ABLIM1,ABLIM1,1.0
ABLIM2,ABLIM2,1.0
ABLIM3,ABLIM3,0.9999999999999223
ABR,ABR,0.9999999999999467
ABTB1,ABTB1,1.0
AHNAK2,ABTB2,0.5841940498705073
HIP1,ABTB2,0.5863271375326535
GAS7,ABTB2,0.5887348098460519
LINC00842,ABTB2,0.5933797223198094
DCN,ABTB2,0.59758850328856
RBP1,ABTB2,0.5981589883606716
MORC3,ABTB2,0.6022882418637187
ISG15,ABTB2,0.6025448648322655
IFI16,ABTB2,0.6077492794587256
MIAT,ABTB2,0.6100744887469052
CENPT,ABTB2,0.6114393325567236
SLC44A1,ABTB2,0.6150386811546855
CLU,ABTB2,0.619596227990238
KRT18,ABTB2,0.6273428337790216
NEBL,ABTB2,0.6292838425789664
IFI6,ABTB2,0.6373779590521108
MGP,ABTB2,0.6485856479535906
TPST2,ABTB2,0.65242769856701
FLNB,ABTB2,0.6638995016081912
SLC12A8,ABTB2,0.6834809274021634
ABTB2,ABTB2,0.999999999999677
ACACA,ACACA,1.0
ACACB,ACACB,0.9999999999999103
ACAD10,ACAD10,0.9999999999997418
ACAD11,ACAD11,1.0
ACADSB,ACADSB,1.0
ACAP2,ACAP2,0.999999999999945
ACAP3,ACAP3,1.0
ACBD4,ACBD4,1.0
ACBD7,ACBD7,1.0
ACCS,ACCS,1.0
ACE,ACE,0.9999999999998334
ACER2,ACER2,0.9999999999994311
ACER3,ACER3,0.9999999999999841
ACHE,ACHE,0.999999999999633
ACKR4,ACKR4,1.0
ACMSD,ACMSD,0.9999999999999515
ACO1,ACO1,1.0
ACOT11,ACOT11,0.9999999999998787
ACOT12,ACOT12,0.9999999999996672
ACOX3,ACOX3,1.0
ACP5,ACP5,0.999999999999935
ACP6,ACP6,0.999999999999919
ACSBG2,ACSBG2,0.9999999999997459
ACSF2,ACSF2,1.0
ACSF3,ACSF3,0.9999999999998739
ACSL3,ACSL3,0.9999999999999987
ACSL5,ACSL5,0.9999999999997208
ACSS1,ACSS1,0.9999999999996616
ACSS2,ACSS2,0.9999999999996462
ACSS3,ACSS3,0.9999999999999618
ACTA2,ACTA2,1.0
PTMA,ACTB,0.4287569842477039
STMN1,ACTB,0.4309545008336789
RANBP1,ACTB,0.43136201851640155
TUBA1C,ACTB,0.4318181372397063
HSPB1,ACTB,0.43212291803271796
HSP90AA1,ACTB,0.4332283134058087
MIF,ACTB,0.4421804168842154
HMGB1,ACTB,0.4512397096531221
SEC61G,ACTB,0.45710990671104806
TPM4,ACTB,0.4911061339662486
TUBB,ACTB,0.5077042744304694
MYL9,ACTB,0.5077233293164795
TPM2,ACTB,0.5182952704655
TPM1,ACTB,0.5269082959399
C12orf75,ACTB,0.5303348329213888
TAGLN,ACTB,0.539691752327912
CALM2,ACTB,0.5403543205499993
VIM,ACTB,0.5510600131003027
TUBA1B,ACTB,0.5586343175494887
ACTG1,ACTB,0.7082953070006496
ACTB,ACTB,0.9999999999999978
ACTC1,ACTC1,1.0
TMSB4X,ACTG1,0.40147749726897114
HMGB1,ACTG1,0.406188298166578
SEC61G,ACTG1,0.41381338552959757
HSPB1,ACTG1,0.4175095389072544
TUBB,ACTG1,0.43058596686128453
CALM2,ACTG1,0.446380773211339
TUBA1B,ACTG1,0.45491937034003127
MYL9,ACTG1,0.46611153446540643
TPM4,ACTG1,0.4702371687954833
TAGLN,ACTG1,0.47915618070379834
C12orf75,ACTG1,0.48668242418331165
TPM2,ACTG1,0.48979433670140954
TPM1,ACTG1,0.49747309159222375
VIM,ACTG1,0.5418477968229344
ACTB,ACTG1,0.7082953070006496
ACTG1,ACTG1,1.0
ACTG2,ACTG2,0.999999999999891
ACTN1-DT,ACTN1-DT,0.9999999999999322
ACTR3B,ACTR3B,1.0
ACTR3C,ACTR3C,1.0
ACTR8,ACTR8,1.0
ACVR1,ACVR1,1.0
ACVR1B,ACVR1B,1.0
ACVR2A,ACVR2A,0.9999999999999409
ACVR2B,ACVR2B,0.9999999999999283
ACVR2B-AS1,ACVR2B-AS1,0.9999999999999257
ACVRL1,ACVRL1,1.0
ACYP1,ACYP1,0.9999999999998892
ACYP2,ACYP2,0.9999999999998599
ADA,ADA,1.0
ADAM10,ADAM10,1.0
ADAM12,ADAM12,1.0
ADAM17,ADAM17,1.0
ADAM19,ADAM19,1.0
ADAM20P1,ADAM20P1,0.9999999999999003
ADAM21,ADAM21,0.9999999999996804
ADAM23,ADAM23,1.0
ADAM28,ADAM28,0.9999999999998794
ADAM32,ADAM32,1.0
ADAM33,ADAM33,1.0
CALD1,ADAMTS1,0.402073384981888
LUM,ADAMTS1,0.4080664022989689
CEMIP,ADAMTS1,0.41675340755339796
DCN,ADAMTS1,0.4264979247097818
THBS1,ADAMTS1,0.4301570656560092
TNFRSF11B,ADAMTS1,0.43553861612496136
DKK1,ADAMTS1,0.4364996301099511
ADAMTS1,ADAMTS1,0.9999999999999795
ADAMTS10,ADAMTS10,1.0
ADAMTS12,ADAMTS12,0.9999999999998951
ADAMTS14,ADAMTS14,0.9999999999997752
ADAMTS15,ADAMTS15,1.0
ADAMTS2,ADAMTS2,0.9999999999998634
ADAMTS3,ADAMTS3,0.999999999999937
ADAMTS4,ADAMTS4,1.0
ADAMTS5,ADAMTS5,0.9999999999999017
KIRREL3,ADAMTS6,0.40990800608064265
S100A6,ADAMTS6,0.45113765361939157
ADAMTS6,ADAMTS6,0.9999999999999456
ADAMTS7,ADAMTS7,0.9999999999998169
ADAMTS9,ADAMTS9,0.9999999999999677
ADAMTS9-AS2,ADAMTS9-AS2,0.9999999999998523
ADAMTSL1,ADAMTSL1,0.9999999999997974
ADAMTSL4,ADAMTSL4,0.9999999999999811
ADAMTSL4-AS2,ADAMTSL4-AS2,0.9999999999998234
ADAMTSL5,ADAMTSL5,1.0
ADAP1,ADAP1,1.0
ADAP2,ADAP2,0.9999999999993523
ADARB1,ADARB1,0.9999999999998397
ADAT2,ADAT2,1.0
ADCK1,ADCK1,0.9999999999999142
ADCY10,ADCY10,1.0
ADCY10P1,ADCY10P1,1.0
ADCY3,ADCY3,1.0
ADCY4,ADCY4,1.0
ADCY6,ADCY6,0.9999999999995862
ADCY7,ADCY7,1.0
ADCY9,ADCY9,0.9999999999998987
ADD1,ADD1,0.999999999999988
ADD3,ADD3,1.0
ADGRA2,ADGRA2,0.999999999999908
ADGRA3,ADGRA3,0.9999999999997395
ADGRD1,ADGRD1,0.9999999999998163
ADGRE2,ADGRE2,0.9999999999998623
ADGRE5,ADGRE5,0.999999999999871
ADGRF3,ADGRF3,0.9999999999998666
ADGRG2,ADGRG2,0.9999999999998386
ADGRG6,ADGRG6,1.0
ADGRL1,ADGRL1,1.0
ADGRL1-AS1,ADGRL1-AS1,1.0
ADGRL2,ADGRL2,1.0
ADGRL4,ADGRL4,1.0
ADGRV1,ADGRV1,0.9999999999999236
ADH1B,ADH1B,0.9999999999997142
ADH4,ADH4,1.0
ADH6,ADH6,0.9999999999999654
ADHFE1,ADHFE1,0.9999999999997466
S100A10,ADIRF,0.41755625175301697
S100A4,ADIRF,0.4238445816947356
S100A6,ADIRF,0.4336249134824168
ADIRF,ADIRF,1.0
ADIRF-AS1,ADIRF-AS1,0.9999999999999096
PVT1,ADK,0.4048122843698398
NEAT1,ADK,0.4068255703895774
MAGI1,ADK,0.4212814649242854
ISG15,ADK,0.4435766045422631
ADK,ADK,1.0
TNFRSF11B,ADM,0.4042384337020268
LUM,ADM,0.41272421510294877
DCN,ADM,0.42274473933334705
THBS1,ADM,0.4252804882736171
ADM,ADM,0.9999999999998799
ADM-DT,ADM-DT,1.0
ADNP,ADNP,0.9999999999998023
ADNP-AS1,ADNP-AS1,1.0
ADORA2A,ADORA2A,0.9999999999999519
ADPRHL1,ADPRHL1,0.999999999999873
ADRB2,ADRB2,1.0
GREM1,AEBP1,0.5114611621399343
LUM,AEBP1,0.5116037726864776
CTSK,AEBP1,0.5171015572708008
IFIT1,AEBP1,0.5174812289025508
EPSTI1,AEBP1,0.5238050459526131
FLNB,AEBP1,0.5243178810710133
COL6A2,AEBP1,0.528868495771754
SLC12A8,AEBP1,0.538359438949483
KRT18,AEBP1,0.5402504519799024
IFIT3,AEBP1,0.5407921505245882
ISG15,AEBP1,0.5523503484757125
IFITM1,AEBP1,0.5543987732432614
THBS1,AEBP1,0.5546784234786041
LY6E,AEBP1,0.5585067740150482
STAT1,AEBP1,0.560014033842446
MX1,AEBP1,0.5629510386679341
MGP,AEBP1,0.5735755593055466
IFI16,AEBP1,0.5806929070453243
DCN,AEBP1,0.6069197395180382
IFI6,AEBP1,0.6351559267856369
AEBP1,AEBP1,1.0
AEBP2,AEBP2,1.0
AFAP1,AFAP1,1.0
AFDN,AFDN,1.0
ABTB2,AFF1,0.40222787649721103
SLC12A8,AFF1,0.4074221015918631
NEAT1,AFF1,0.4303331872893996
ISG15,AFF1,0.43200777048312344
AFF1,AFF1,0.9999999999999651
AFF2,AFF2,0.999999999999614
MAML2,AFF3,0.4033632731917921
KIF26B,AFF3,0.4306067337095928
AFF3,AFF3,0.9999999999999514
AFF4,AFF4,1.0
AFG1L,AFG1L,1.0
AGA-DT,AGA-DT,1.0
AGAP1,AGAP1,0.9999999999999092
AGAP2,AGAP2,0.9999999999998056
AGAP3,AGAP3,0.9999999999997932
AGAP4,AGAP4,1.0
AGAP5,AGAP5,1.0
AGAP6,AGAP6,1.0
AGAP9,AGAP9,0.9999999999996795
AGBL3,AGBL3,1.0
AGBL5,AGBL5,1.0
AGER,AGER,0.999999999999957
AGFG1,AGFG1,0.9999999999998854
AGK-DT,AGK-DT,1.0
AGO1,AGO1,0.9999999999997468
AGO2,AGO2,0.9999999999998919
AGO3,AGO3,1.0
AGO4,AGO4,0.9999999999998994
AGPAT4,AGPAT4,1.0
AGPAT5,AGPAT5,1.0
AGRN,AGRN,0.9999999999999339
AGT,AGT,1.0
AGTPBP1,AGTPBP1,0.9999999999998396
PVT1,AHCYL2,0.4045130130460086
CENPT,AHCYL2,0.4072575645932997
ABTB2,AHCYL2,0.41735276446162445
MAGI1,AHCYL2,0.4182364975365113
ISG15,AHCYL2,0.430509179959114
SLC12A8,AHCYL2,0.4323852477868778
NEAT1,AHCYL2,0.4404649733677993
AHCYL2,AHCYL2,1.0
AHDC1,AHDC1,0.9999999999998727
AHI1,AHI1,0.9999999999998874
AHI1-DT,AHI1-DT,1.0
MGP,AHNAK,0.41422403472664243
TPST2,AHNAK,0.41613918958174273
SLC44A1,AHNAK,0.4171234767390007
CLU,AHNAK,0.4204032554984595
KRT18,AHNAK,0.422924351029899
AHNAK2,AHNAK,0.42401931792366426
ISG15,AHNAK,0.42525462719796103
SLC12A8,AHNAK,0.4262371154444412
FLNB,AHNAK,0.4509080141959631
AHNAK,AHNAK,1.0
ISG15,AHNAK2,0.5746929977417357
CFB,AHNAK2,0.5766456152465171
CALD1,AHNAK2,0.5790900154300626
ABTB2,AHNAK2,0.5841940498705073
IFI16,AHNAK2,0.5845595944164036
CENPT,AHNAK2,0.5848450677952346
MIAT,AHNAK2,0.5868564475379815
KRT19,AHNAK2,0.5903392670492374
NEBL,AHNAK2,0.5938826897621595
DCN,AHNAK2,0.6053277622224918
LINC00842,AHNAK2,0.6150767213422523
RBP1,AHNAK2,0.625842435067788
SLC44A1,AHNAK2,0.6355557844435658
IFI6,AHNAK2,0.6388540195251033
TPST2,AHNAK2,0.6466385550265027
MGP,AHNAK2,0.6712940150552259
FLNB,AHNAK2,0.6731177614661086
CLU,AHNAK2,0.6757780766588393
KRT18,AHNAK2,0.68324582978523
SLC12A8,AHNAK2,0.6928724226487315
AHNAK2,AHNAK2,1.0
AHR,AHR,0.9999999999997946
AHRR,AHRR,0.9999999999998624
AIFM2,AIFM2,0.9999999999998199
AIFM3,AIFM3,0.9999999999998278
AIM2,AIM2,0.9999999999995762
AJAP1,AJAP1,0.9999999999999358
AJUBA-DT,AJUBA-DT,0.9999999999998592
AK5,AK5,1.0
AK8,AK8,1.0
AK9,AK9,0.9999999999997448
AKAP10,AKAP10,0.9999999999998461
AKAP12,AKAP12,1.0
NEBL,AKAP13,0.475502650478297
ABTB2,AKAP13,0.47567421942360394
DOCK5,AKAP13,0.4758148096487114
EPSTI1,AKAP13,0.4802701277350757
MGP,AKAP13,0.48062853446109444
HIPK2,AKAP13,0.48632133326499843
DLG1,AKAP13,0.4900632211573786
IFIT1,AKAP13,0.49027255776925893
MX1,AKAP13,0.49719592318136413
IFIT3,AKAP13,0.4972698590462104
IFITM1,AKAP13,0.49831643999021663
SLC12A8,AKAP13,0.5027462993360031
PVT1,AKAP13,0.504513170841252
MRTFA,AKAP13,0.5121221074669062
IFI6,AKAP13,0.5155207592651709
IFI16,AKAP13,0.5188716867381602
IFITM3,AKAP13,0.5222527097580031
MAGI1,AKAP13,0.524203543353385
NEAT1,AKAP13,0.5256673893157058
ISG15,AKAP13,0.57183168012974
AKAP13,AKAP13,1.0
AKAP3,AKAP3,0.9999999999998288
AKAP6,AKAP6,1.0
AKAP7,AKAP7,0.9999999999999609
AKAP8,AKAP8,0.9999999999998854
AKAP9,AKAP9,0.9999999999999212
AKNA,AKNA,1.0
AKR1B1,AKR1B1,1.0
AKR1C1,AKR1C1,1.0
AKR1C2,AKR1C2,1.0
AKR1C3,AKR1C3,0.9999999999999886
AKR1D1,AKR1D1,0.9999999999999648
AKR1E2,AKR1E2,1.0
AKT3,AKT3,0.9999999999998779
ALAS1,ALAS1,1.0
COL4A1,ALCAM,0.44210389491839075
EIF2AK2,ALCAM,0.4437280985327906
TPM4,ALCAM,0.44414275909447753
GBP1,ALCAM,0.44424184930799837
IFI6,ALCAM,0.4470758190332786
SP110,ALCAM,0.44782200200604816
ANP32B,ALCAM,0.44867486191948436
PLSCR1,ALCAM,0.4542622752769808
MT-ND4L,ALCAM,0.4605713171114937
SAMD9,ALCAM,0.46259802644212145
MT-ATP8,ALCAM,0.4668170435555874
STAT1,ALCAM,0.47036686579795295
IFI16,ALCAM,0.47502331079263366
EPSTI1,ALCAM,0.4770488860196025
HSP90B1,ALCAM,0.49252740766998626
IFIT1,ALCAM,0.5065386595011586
ISG15,ALCAM,0.5072113713741734
VIM,ALCAM,0.508949929203111
MX1,ALCAM,0.5276136491335841
IFIT3,ALCAM,0.539842449919414
ALCAM,ALCAM,1.0
ALDH1A1,ALDH1A1,0.99999999999994
ALDH1A2,ALDH1A2,0.9999999999999646
HIPK2,ALDH1A3,0.40844660586589193
ABTB2,ALDH1A3,0.41416424999527296
NEBL,ALDH1A3,0.4169483721327359
CALD1,ALDH1A3,0.4173937223012535
CFB,ALDH1A3,0.41744472552163314
PRUNE2,ALDH1A3,0.41803143146152844
IFI16,ALDH1A3,0.41959823752268754
DCN,ALDH1A3,0.4310028466493298
KRT19,ALDH1A3,0.43299636302947553
LINC00842,ALDH1A3,0.43828552947801175
SLC44A1,ALDH1A3,0.44528414279950196
RBP1,ALDH1A3,0.44620282080416035
IFI6,ALDH1A3,0.45081648979204514
TPST2,ALDH1A3,0.4543860134233381
AHNAK2,ALDH1A3,0.45946236936212914
MGP,ALDH1A3,0.4701208469065571
FLNB,ALDH1A3,0.4771985145383161
CLU,ALDH1A3,0.4839132233328564
SLC12A8,ALDH1A3,0.48627248612654833
KRT18,ALDH1A3,0.4897356137074619
ALDH1A3,ALDH1A3,0.9999999999998653
ALDH1L2,ALDH1L2,0.9999999999999258
ALDH2,ALDH2,0.9999999999999565
ALDH6A1,ALDH6A1,0.999999999999738
ALDH7A1,ALDH7A1,0.9999999999999529
ALDH8A1,ALDH8A1,0.999999999999792
ALDOC,ALDOC,1.0
ALG13,ALG13,1.0
ALG1L2,ALG1L2,0.9999999999998395
ALG9,ALG9,0.9999999999999251
ALK,ALK,1.0
ALKAL2,ALKAL2,1.0
ALKBH1,ALKBH1,0.9999999999998945
ALKBH3,ALKBH3,0.9999999999998613
ALMS1,ALMS1,0.9999999999997048
ALMS1-IT1,ALMS1-IT1,0.9999999999998075
ALOX12,ALOX12,0.9999999999997496
ALOX12-AS1,ALOX12-AS1,1.0
ALOX12P2,ALOX12P2,1.0
ALPK1,ALPK1,0.9999999999998838
ALPK2,ALPK2,0.9999999999999388
ALS2,ALS2,1.0
ALS2CL,ALS2CL,1.0
ALX3,ALX3,1.0
ALX4,ALX4,1.0
AMBP,AMBP,0.9999999999999729
AMDHD1,AMDHD1,1.0
AMDHD2,AMDHD2,1.0
AMIGO2,AMIGO2,1.0
AMMECR1,AMMECR1,1.0
AMMECR1L,AMMECR1L,1.0
AMOT,AMOT,1.0
AMOTL1,AMOTL1,0.9999999999997662
AMOTL2,AMOTL2,1.0
AMPD2,AMPD2,1.0
AMPD3,AMPD3,1.0
AMPH,AMPH,1.0
AMT,AMT,1.0
AMY2B,AMY2B,0.9999999999999377
AMZ1,AMZ1,0.9999999999998959
ANAPC1,ANAPC1,1.0
ANAPC4,ANAPC4,1.0
ANGEL2,ANGEL2,1.0
ANGPT1,ANGPT1,1.0
ANGPT2,ANGPT2,0.9999999999997256
ANGPTL1,ANGPTL1,0.9999999999998882
ANGPTL2,ANGPTL2,0.9999999999999307
ANGPTL3,ANGPTL3,0.9999999999997226
ANGPTL4,ANGPTL4,0.9999999999998098
ANGPTL6,ANGPTL6,1.0
ANK1,ANK1,1.0
ANK2-AS1,ANK2-AS1,1.0
ANKAR,ANKAR,1.0
ANKDD1A,ANKDD1A,0.9999999999999518
ANKDD1B,ANKDD1B,0.9999999999997321
ANKH,ANKH,0.9999999999997615
ANKHD1-DT,ANKHD1-DT,0.9999999999998451
ANKLE1,ANKLE1,1.0
ANKLE2,ANKLE2,1.0
ANKMY1,ANKMY1,0.9999999999998416
ANKRA2,ANKRA2,0.9999999999998459
ANKRD1,ANKRD1,1.0
NEAT1,ANKRD10,0.40924842831583724
ANKRD10,ANKRD10,0.9999999999999188
ANKRD10-IT1,ANKRD10-IT1,0.9999999999998864
ANKRD12,ANKRD12,0.9999999999999469
ANKRD13C,ANKRD13C,0.9999999999998305
ANKRD13D,ANKRD13D,0.9999999999998255
ANKRD16,ANKRD16,1.0
IFITM3,ANKRD17,0.4046172329877369
DLG1,ANKRD17,0.4061764020621874
MRTFA,ANKRD17,0.4065304105391747
NXN,ANKRD17,0.4065754647804771
EPSTI1,ANKRD17,0.4066201530220209
DOCK5,ANKRD17,0.4145790420991685
KANSL1,ANKRD17,0.41919774594283404
IFI16,ANKRD17,0.42271147581101476
HSPB1,ANKRD17,0.423738406006885
IFIT1,ANKRD17,0.4243853834317878
IFIT3,ANKRD17,0.42570906654842755
MX1,ANKRD17,0.4278240570441269
PVT1,ANKRD17,0.43275514202485543
FNIP1,ANKRD17,0.4332521621840718
MAGI1,ANKRD17,0.4339527143456185
NEAT1,ANKRD17,0.4682224788145687
ISG15,ANKRD17,0.48361984445083134
ANKRD17,ANKRD17,1.0
ANKRD17-DT,ANKRD17-DT,0.9999999999997625
ANKRD18B,ANKRD18B,0.9999999999997348
ANKRD23,ANKRD23,1.0
ANKRD26,ANKRD26,1.0
ANKRD27,ANKRD27,1.0
ANKRD28,ANKRD28,0.9999999999999436
ANKRD29,ANKRD29,1.0
ANKRD33B,ANKRD33B,1.0
ANKRD34A,ANKRD34A,0.9999999999998568
ANKRD36,ANKRD36,1.0
ANKRD36B,ANKRD36B,1.0
ANKRD36BP2,ANKRD36BP2,0.99999999999971
ANKRD36C,ANKRD36C,1.0
ANKRD37,ANKRD37,1.0
ANKRD42,ANKRD42,0.9999999999998516
ANKRD42-DT,ANKRD42-DT,0.9999999999998124
ANKRD44,ANKRD44,0.999999999999905
ANKRD46,ANKRD46,0.99999999999984
ANKRD49,ANKRD49,1.0
ANKRD50,ANKRD50,0.9999999999998336
ANKRD53,ANKRD53,0.9999999999999153
ANKRD55,ANKRD55,1.0
ANKRD6,ANKRD6,1.0
ANKRD61,ANKRD61,0.9999999999998072
ANKRD7,ANKRD7,0.9999999999997016
ANKRD9,ANKRD9,1.0
ANKS1A,ANKS1A,1.0
ANKS1B,ANKS1B,1.0
ANKS3,ANKS3,0.9999999999999996
ANKS6,ANKS6,1.0
ANKUB1,ANKUB1,1.0
ANKZF1,ANKZF1,0.9999999999997483
KIF20B,ANLN,0.7357215668932137
STMN1,ANLN,0.7370882368529637
PBK,ANLN,0.7385094707307517
PRR11,ANLN,0.7387400465527295
CENPE,ANLN,0.7397643822039845
HMMR,ANLN,0.7502342196173469
GTSE1,ANLN,0.7502758759771369
BIRC5,ANLN,0.7515485494559889
UBE2C,ANLN,0.7626572608157929
CEP55,ANLN,0.7654328462120731
DLGAP5,ANLN,0.7665883854949915
PTTG1,ANLN,0.7674349898202791
HMGB2,ANLN,0.7759382696464368
ASPM,ANLN,0.7883352550802767
TPX2,ANLN,0.8055930010267296
NUSAP1,ANLN,0.810099280024527
PRC1,ANLN,0.810200836198136
MKI67,ANLN,0.8108496094918196
TOP2A,ANLN,0.8128858831021523
CENPF,ANLN,0.8221204232253572
ANLN,ANLN,1.0
ANO10,ANO10,0.9999999999999819
ANO3,ANO3,1.0
ANO4,ANO4,0.9999999999997665
ANO6,ANO6,0.9999999999999121
ANO8,ANO8,0.9999999999998109
UBE2C,ANP32B,0.544641996725392
IFIT1,ANP32B,0.5466237680217233
PRC1,ANP32B,0.5486334496538031
TPX2,ANP32B,0.5492811855259649
CENPF,ANP32B,0.5495317835860801
TOP2A,ANP32B,0.5573590406450221
NEAT1,ANP32B,0.5601264477600891
NUSAP1,ANP32B,0.5642146990352239
VIM,ANP32B,0.5756883763169165
MX1,ANP32B,0.5796312607507846
IFIT3,ANP32B,0.5827886475753901
RANBP1,ANP32B,0.5859496720999625
ISG15,ANP32B,0.5924496991001925
TMPO,ANP32B,0.5926162993195407
HMGB2,ANP32B,0.6055226505580414
HMGB1,ANP32B,0.6228187726468154
DUT,ANP32B,0.6238446957166831
STMN1,ANP32B,0.6305112474463035
PTMA,ANP32B,0.640751597780348
DEK,ANP32B,0.6608790855772881
ANP32B,ANP32B,1.0
SMC4,ANP32E,0.62256890274928
PBK,ANP32E,0.6232508570240656
GTSE1,ANP32E,0.626337969486295
ANLN,ANP32E,0.6291086198024057
HMMR,ANP32E,0.6307042460530133
BIRC5,ANP32E,0.6333113833936836
TMPO,ANP32E,0.636743134640009
UBE2C,ANP32E,0.6431092373530297
ASPM,ANP32E,0.6476330510349873
STMN1,ANP32E,0.6490378663170805
CEP55,ANP32E,0.6575020648535619
DLGAP5,ANP32E,0.6585002419202112
MKI67,ANP32E,0.6597364752485576
PTTG1,ANP32E,0.6677841273983749
HMGB2,ANP32E,0.668834406668383
TPX2,ANP32E,0.6722043476945408
PRC1,ANP32E,0.6820959786982004
CENPF,ANP32E,0.688054906129587
TOP2A,ANP32E,0.6889969188533982
NUSAP1,ANP32E,0.6909547920250447
ANP32E,ANP32E,1.0
ANPEP,ANPEP,0.9999999999999387
ANTXR1,ANTXR1,0.999999999999907
ANTXR2,ANTXR2,0.999999999999813
ANXA10,ANXA10,0.9999999999998979
ANXA2R,ANXA2R,0.9999999999999504
ANXA2R-AS1,ANXA2R-AS1,0.9999999999999049
ANXA2R-OT1,ANXA2R-OT1,0.9999999999999671
S100A11,ANXA5,0.4308414506880697
S100A6,ANXA5,0.44617479702301116
ANXA5,ANXA5,0.9999999999999939
ANXA6,ANXA6,1.0
PVT1,AOPEP,0.40316717462682816
ISG15,AOPEP,0.4043403263176824
MAGI1,AOPEP,0.4186100464408831
NEAT1,AOPEP,0.44815579107170134
AOPEP,AOPEP,1.0
AOX1,AOX1,0.9999999999998079
AP1AR-DT,AP1AR-DT,0.999999999999596
AP1G2-AS1,AP1G2-AS1,0.99999999999992
AP1S3,AP1S3,1.0
AP3M2,AP3M2,1.0
AP4S1,AP4S1,0.9999999999998982
AP5Z1,AP5Z1,1.0
APAF1,APAF1,0.9999999999997595
APBA1,APBA1,0.9999999999998228
APBA2,APBA2,1.0
APBB1IP,APBB1IP,1.0
IFIT3,APBB2,0.4682368706058577
NEBL,APBB2,0.4682388236743772
MGP,APBB2,0.468321105872323
TPST2,APBB2,0.46885190154382606
SLC44A1,APBB2,0.47126508520457056
KCNMA1,APBB2,0.47261246550097175
SLC35F3,APBB2,0.47883568637689206
HIPK2,APBB2,0.47977192450501255
FLNB,APBB2,0.4804974903017394
ABTB2,APBB2,0.48378436468570496
MRTFA,APBB2,0.4878718053856506
IFITM1,APBB2,0.4918220328275913
PVT1,APBB2,0.49857940091125924
IFI16,APBB2,0.49989226733597975
SLC12A8,APBB2,0.5078362412339023
NEAT1,APBB2,0.5124057553813145
IFITM3,APBB2,0.5152457213025115
MAGI1,APBB2,0.526046854131645
IFI6,APBB2,0.5296496824398877
ISG15,APBB2,0.5333721997073443
APBB2,APBB2,0.9999999999999634
APBB3,APBB3,1.0
APC2,APC2,0.9999999999999182
APCDD1,APCDD1,1.0
APCDD1L,APCDD1L,0.9999999999999758
APCDD1L-DT,APCDD1L-DT,0.9999999999998982
APLF,APLF,1.0
THBS1-IT1,APLP2,0.400091142773223
APP,APLP2,0.4013691917574612
EIF2AK2,APLP2,0.40439521316822963
MGP,APLP2,0.4066666930197044
IFIT1,APLP2,0.4098696688585573
THBS1,APLP2,0.411329404798148
EPSTI1,APLP2,0.4115638609315191
VIM,APLP2,0.4121874711832629
HSPA5,APLP2,0.41407155116764305
IFITM1,APLP2,0.42536253548955166
ISG15,APLP2,0.42788969236250196
LY6E,APLP2,0.4398392075472862
AEBP1,APLP2,0.44042266341892333
IFI16,APLP2,0.4409974575047547
STAT1,APLP2,0.44747825173987626
IFIT3,APLP2,0.4477764589052996
DCN,APLP2,0.45561566356859795
MX1,APLP2,0.4578019546045004
IFI6,APLP2,0.4880356797972221
HSP90B1,APLP2,0.4895235546666213
APLP2,APLP2,1.0
APOBEC2,APOBEC2,0.9999999999998217
APOBEC3F,APOBEC3F,1.0
APOBEC3G,APOBEC3G,1.0
APOC1,APOC1,1.0
DCN,APOD,0.4175494026798894
LUM,APOD,0.4199550368239774
APOD,APOD,1.0
APOE,APOE,0.9999999999999052
APOL1,APOL1,1.0
APOL2,APOL2,1.0
APOL3,APOL3,0.9999999999998298
SP110,APOL6,0.4035280072630466
GBP1,APOL6,0.40377972966418096
RIGI,APOL6,0.4109682150091134
LAP3,APOL6,0.4112423465916672
EIF2AK2,APOL6,0.4112796253038978
PARP14,APOL6,0.4127351604244857
IFITM1,APOL6,0.4128329408719887
IFI6,APOL6,0.41667790255591447
PLSCR1,APOL6,0.43091678539311673
MX2,APOL6,0.43383288049750635
IFI16,APOL6,0.4461030635471654
EPSTI1,APOL6,0.4511569912057329
IFIT1,APOL6,0.4548899803364927
STAT1,APOL6,0.4549382303845379
ISG15,APOL6,0.4586835342058221
IFIT3,APOL6,0.47785522841585537
MX1,APOL6,0.4929877953710132
APOL6,APOL6,1.0
NUSAP1,APOLD1,0.4042738721088709
ANLN,APOLD1,0.40660654501287197
PRC1,APOLD1,0.40966970491823873
CIT,APOLD1,0.41010461099550155
TOP2A,APOLD1,0.4158981585277669
KNL1,APOLD1,0.4182061020818326
ASPM,APOLD1,0.4247653796234638
MKI67,APOLD1,0.42564714789450026
CENPF,APOLD1,0.43016980156204426
APOLD1,APOLD1,1.0
APOM,APOM,1.0
S100A10,APP,0.4437357019810567
FSTL1,APP,0.44992786797493567
HLA-B,APP,0.45020332434945953
STAT1,APP,0.45354182009377036
FSIP1,APP,0.45582463712447646
AEBP1,APP,0.4567216324521988
MME,APP,0.4578847782006751
GREM1,APP,0.46716629003936083
COL6A3,APP,0.4678221616163917
THBS1-IT1,APP,0.46783037963372354
KRT18,APP,0.46980322890726434
C1R,APP,0.4719483305278265
MGP,APP,0.4746487551473153
TNFRSF11B,APP,0.4747096676628032
CTSK,APP,0.4770167933217406
TNC,APP,0.4801997087527888
IFI6,APP,0.5283168132032859
LUM,APP,0.5360551913635279
THBS1,APP,0.5633811341676136
DCN,APP,0.5781418673117826
APP,APP,0.9999999999999942
APPBP2,APPBP2,0.9999999999997436
APPBP2-DT,APPBP2-DT,1.0
APPL2,APPL2,1.0
APRG1,APRG1,0.9999999999994641
APTR,APTR,1.0
APTX,APTX,1.0
AQP1,AQP1,0.9999999999996928
AQP11,AQP11,1.0
MIAT,AQP3,0.40382502934423065
FLNB,AQP3,0.4084383442402881
SMIM1,AQP3,0.4094015273157162
RRAD,AQP3,0.41094864521587465
SCARA5,AQP3,0.4137158948430874
CCL26,AQP3,0.4173110682732719
CENPT,AQP3,0.4194650550044227
AHNAK2,AQP3,0.42272190858668296
JUP,AQP3,0.432571000399335
GSN,AQP3,0.43850195779951223
KRT18,AQP3,0.4424719310777363
CLU,AQP3,0.44786191087690735
RBP1,AQP3,0.4566693922443736
CFB,AQP3,0.47480351770790097
CD52,AQP3,0.47664888686179735
AQP3,AQP3,1.0
AQP9,AQP9,0.999999999999999
AR,AR,1.0
ARAP1,ARAP1,1.0
ARAP3,ARAP3,1.0
AREG,AREG,1.0
AREL1,AREL1,0.9999999999998661
ARFGAP1,ARFGAP1,1.0
ARFGAP2,ARFGAP2,0.9999999999998129
ARFGEF1,ARFGEF1,0.9999999999998174
ARFGEF2,ARFGEF2,0.9999999999998556
ARFGEF3,ARFGEF3,1.0
ARG1,ARG1,1.0
HIPK2,ARHGAP10,0.48973698467750737
IFI16,ARHGAP10,0.4898315754627789
PRUNE2,ARHGAP10,0.49223988945407254
DCN,ARHGAP10,0.4926856995454542
AHNAK2,ARHGAP10,0.49452813493531944
GAS7,ARHGAP10,0.49529020536543694
MIAT,ARHGAP10,0.4965960928003902
ISG15,ARHGAP10,0.49828448705573625
CENPT,ARHGAP10,0.4999908936888863
LINC00842,ARHGAP10,0.5123431836573799
ABTB2,ARHGAP10,0.5137408800397899
SLC44A1,ARHGAP10,0.5142518208409473
NEBL,ARHGAP10,0.5235008948388331
IFI6,ARHGAP10,0.5243077052212508
MGP,ARHGAP10,0.5281201095962599
KRT18,ARHGAP10,0.5283542628999837
CLU,ARHGAP10,0.5288685878706944
TPST2,ARHGAP10,0.5411179885512747
FLNB,ARHGAP10,0.5564504252275625
SLC12A8,ARHGAP10,0.5775016469911707
ARHGAP10,ARHGAP10,0.9999999999997193
BIRC5,ARHGAP11A,0.543152208320139
PTTG1,ARHGAP11A,0.5437798764642012
HMMR,ARHGAP11A,0.5451741583550554
KIF20B,ARHGAP11A,0.5463868261961283
UBE2C,ARHGAP11A,0.5558611362725826
CCNB1,ARHGAP11A,0.5573454425482817
CEP55,ARHGAP11A,0.5582459355272831
CDCA8,ARHGAP11A,0.5613498501927088
GTSE1,ARHGAP11A,0.5618164580409537
CENPE,ARHGAP11A,0.5633619958544493
HMGB2,ARHGAP11A,0.5685194692177956
ANLN,ARHGAP11A,0.5726623658598726
DLGAP5,ARHGAP11A,0.5744363550014956
NUSAP1,ARHGAP11A,0.5838300860960837
ASPM,ARHGAP11A,0.58853624209166
TPX2,ARHGAP11A,0.5928483202273405
PRC1,ARHGAP11A,0.5950247281315406
TOP2A,ARHGAP11A,0.5989746817296508
CENPF,ARHGAP11A,0.6068944314881272
MKI67,ARHGAP11A,0.6100304643312557
ARHGAP11A,ARHGAP11A,0.9999999999999503
ARHGAP11A-DT,ARHGAP11A-DT,1.0
PRR11,ARHGAP11B,0.42815994801491775
CDK1,ARHGAP11B,0.4306231782180507
CDCA8,ARHGAP11B,0.43240741727118637
DIAPH3,ARHGAP11B,0.4371409555154124
SMC4,ARHGAP11B,0.4372813355444214
DLGAP5,ARHGAP11B,0.4396081724223702
UBE2C,ARHGAP11B,0.450065311364801
HMGB2,ARHGAP11B,0.4502378133474722
KIF20B,ARHGAP11B,0.4529058340610433
GTSE1,ARHGAP11B,0.4549609689276241
ANLN,ARHGAP11B,0.4587587150511018
TPX2,ARHGAP11B,0.4635469683544673
CENPE,ARHGAP11B,0.465262673680684
NUSAP1,ARHGAP11B,0.46731041076133184
KNL1,ARHGAP11B,0.47089547577516594
PRC1,ARHGAP11B,0.47315363464239796
MKI67,ARHGAP11B,0.49210624199071923
CENPF,ARHGAP11B,0.4937814144663114
TOP2A,ARHGAP11B,0.503718508868654
ASPM,ARHGAP11B,0.5098494336282824
ARHGAP11B,ARHGAP11B,0.9999999999999208
ARHGAP11B-DT,ARHGAP11B-DT,0.9999999999998309
MIAT,ARHGAP12,0.4566917677656042
LINC00842,ARHGAP12,0.45692772380007934
HIPK2,ARHGAP12,0.45767552494434033
MORC3,ARHGAP12,0.457881734649601
KRT18,ARHGAP12,0.4579707372040041
IFI16,ARHGAP12,0.45910657431713875
CENPT,ARHGAP12,0.4624829794291944
KCNMA1,ARHGAP12,0.46438497948598023
CLU,ARHGAP12,0.4657195017103425
GAS7,ARHGAP12,0.4662245019136917
NEAT1,ARHGAP12,0.4668165322822583
ABTB2,ARHGAP12,0.470668564578537
IFI6,ARHGAP12,0.47197365008801634
MGP,ARHGAP12,0.48124175608436015
SLC44A1,ARHGAP12,0.4813933601406059
FLNB,ARHGAP12,0.48849191455100405
ISG15,ARHGAP12,0.4902714394988261
NEBL,ARHGAP12,0.4911230204371913
TPST2,ARHGAP12,0.49715480764862185
SLC12A8,ARHGAP12,0.533846424435205
ARHGAP12,ARHGAP12,1.0
ARHGAP17,ARHGAP17,0.9999999999999947
ARHGAP18,ARHGAP18,0.9999999999999646
ARHGAP19,ARHGAP19,0.9999999999997716
ARHGAP20,ARHGAP20,0.9999999999998692
ARHGAP21,ARHGAP21,0.9999999999998356
ARHGAP22,ARHGAP22,0.9999999999998912
ARHGAP23,ARHGAP23,0.9999999999999055
ARHGAP24,ARHGAP24,1.0
ARHGAP26,ARHGAP26,0.9999999999998228
ARHGAP27,ARHGAP27,1.0
ARHGAP28,ARHGAP28,0.9999999999997012
ARHGAP28-AS1,ARHGAP28-AS1,0.9999999999998795
ARHGAP29,ARHGAP29,1.0
ARHGAP29-AS1,ARHGAP29-AS1,0.9999999999997967
ARHGAP31,ARHGAP31,1.0
ARHGAP31-AS1,ARHGAP31-AS1,0.9999999999995739
ARHGAP32,ARHGAP32,0.9999999999996042
ARHGAP33,ARHGAP33,0.9999999999998282
ARHGAP35,ARHGAP35,0.9999999999998891
ARHGAP39,ARHGAP39,1.0
ARHGAP4,ARHGAP4,0.999999999999879
ARHGAP42,ARHGAP42,0.9999999999997528
ARHGAP44,ARHGAP44,0.9999999999999114
ARHGAP44-AS1,ARHGAP44-AS1,1.0
ARHGAP45,ARHGAP45,0.9999999999998044
ARHGAP5,ARHGAP5,0.9999999999999098
ARHGAP6,ARHGAP6,0.9999999999997595
ARHGAP8,ARHGAP8,1.0
ARHGDIB,ARHGDIB,1.0
ARHGEF10,ARHGEF10,0.9999999999997486
ARHGEF10L,ARHGEF10L,1.0
ARHGEF11,ARHGEF11,1.0
ARHGEF16,ARHGEF16,1.0
ARHGEF17,ARHGEF17,1.0
ARHGEF18,ARHGEF18,0.9999999999997756
ARHGEF2,ARHGEF2,0.999999999999933
ARHGEF2-AS2,ARHGEF2-AS2,1.0
ARHGEF26,ARHGEF26,0.999999999999722
ARHGEF28,ARHGEF28,1.0
RBP1,ARHGEF3,0.4420598445161701
HIPK2,ARHGEF3,0.4421668407473322
MX1,ARHGEF3,0.4437937551489735
AHNAK2,ARHGEF3,0.4456244895311622
KRT18,ARHGEF3,0.4473553599187091
SLC44A1,ARHGEF3,0.45041949613070736
GAS7,ARHGEF3,0.45194809984040163
CENPT,ARHGEF3,0.4564480592100043
IFI16,ARHGEF3,0.45826159257872395
MIAT,ARHGEF3,0.4604121120936147
CLU,ARHGEF3,0.4613580693500035
IFI6,ARHGEF3,0.4616779359541002
FLNB,ARHGEF3,0.46631234299605806
NEAT1,ARHGEF3,0.46806684732010717
MGP,ARHGEF3,0.4698930681397028
TPST2,ARHGEF3,0.4728884568330859
ABTB2,ARHGEF3,0.47607839128249296
NEBL,ARHGEF3,0.4787385094057838
ISG15,ARHGEF3,0.4901802715154248
SLC12A8,ARHGEF3,0.5105343997491818
ARHGEF3,ARHGEF3,1.0
ARHGEF35-AS1,ARHGEF35-AS1,1.0
ARHGEF4,ARHGEF4,1.0
ARHGEF40,ARHGEF40,1.0
ARHGEF6,ARHGEF6,0.9999999999998836
ARHGEF7,ARHGEF7,0.9999999999998246
ARHGEF9,ARHGEF9,0.9999999999999042
TTC28,ARID1B,0.4024384940721173
MAGI1,ARID1B,0.4071362749282397
PVT1,ARID1B,0.413395091191488
HSPB1,ARID1B,0.41647454455113897
FTX,ARID1B,0.4225375781604676
ISG15,ARID1B,0.4243373540487107
NEAT1,ARID1B,0.44517693284320187
ARID1B,ARID1B,1.0
ARID2,ARID2,1.0
ARID3A,ARID3A,1.0
ARID3B,ARID3B,0.9999999999998375
ARID5A,ARID5A,0.9999999999998851
CENPT,ARID5B,0.40615276583865295
CLU,ARID5B,0.4106880541330637
TNC,ARID5B,0.4185359451485002
CEMIP,ARID5B,0.419550148850786
SLC12A8,ARID5B,0.42068230962135916
TPST2,ARID5B,0.43017604059812586
RBP1,ARID5B,0.43078698595334647
ENSG00000291105,ARID5B,0.4344789967330735
RND3,ARID5B,0.437155435039619
S100A10,ARID5B,0.43727819013391456
KRT18,ARID5B,0.4404629043508276
MGP,ARID5B,0.45380991455706277
FLNB,ARID5B,0.4628267003804752
IFI6,ARID5B,0.4786757974348948
GREM1,ARID5B,0.479875082430026
TNFRSF11B,ARID5B,0.4951402385290849
LUM,ARID5B,0.5092128713229346
CALD1,ARID5B,0.5391750970179151
THBS1,ARID5B,0.5416417099434349
DCN,ARID5B,0.544341185981341
ARID5B,ARID5B,1.0
ARIH1,ARIH1,1.0
ARIH2OS,ARIH2OS,1.0
ARL10,ARL10,1.0
IFIT3,ARL15,0.40116112096663925
FNIP1,ARL15,0.4050420026714598
IFITM3,ARL15,0.41073260011731855
EXOC6B,ARL15,0.4115471940106262
ATXN1,ARL15,0.4150643792015831
KANSL1,ARL15,0.41608657610468547
HSPB1,ARL15,0.42695732759096966
PVT1,ARL15,0.4281473647476354
MAGI1,ARL15,0.44014055431379334
FTX,ARL15,0.44652844394035945
ISG15,ARL15,0.4495934932024379
NEAT1,ARL15,0.489574129307759
ARL15,ARL15,1.0
ARL17A,ARL17A,0.9999999999998908
ARL17B,ARL17B,1.0
ARL4A,ARL4A,1.0
ARL4C,ARL4C,0.9999999999998777
CDCA8,ARL6IP1,0.6894763015954898
PRR11,ARL6IP1,0.6937620764848722
BIRC5,ARL6IP1,0.6960490108644964
CEP55,ARL6IP1,0.6986365116506572
GTSE1,ARL6IP1,0.7031376380113746
KIF20B,ARL6IP1,0.7032972009301642
CENPE,ARL6IP1,0.7067658863775389
HMMR,ARL6IP1,0.7069776827081661
HMGB2,ARL6IP1,0.7085703461443944
CCNB1,ARL6IP1,0.7146351590885117
MKI67,ARL6IP1,0.7259377641173975
UBE2C,ARL6IP1,0.7293646071729731
TPX2,ARL6IP1,0.7339351690532667
NUSAP1,ARL6IP1,0.7344156664149543
PTTG1,ARL6IP1,0.735651674553994
PRC1,ARL6IP1,0.7371086448499289
TOP2A,ARL6IP1,0.7384931153124978
DLGAP5,ARL6IP1,0.7469153313913975
ASPM,ARL6IP1,0.760072470388067
CENPF,ARL6IP1,0.7725548378816649
ARL6IP1,ARL6IP1,0.9999999999999957
ARL6IP6,ARL6IP6,1.0
ARMC2,ARMC2,0.999999999999745
MKX,ARMC9,0.4030415636862373
MT2A,ARMC9,0.42387239409806277
PDZRN3,ARMC9,0.4262476382909746
CEMIP,ARMC9,0.43150194076135395
SEMA5A,ARMC9,0.4398568297385574
ARMC9,ARMC9,0.9999999999998219
ARMCX2,ARMCX2,0.9999999999999001
ARMCX4,ARMCX4,1.0
ARMCX5-GPRASP2,ARMCX5-GPRASP2,0.9999999999999005
ARMH1,ARMH1,1.0
ARMH2,ARMH2,1.0
ARMH3,ARMH3,0.9999999999996515
ARNT,ARNT,1.0
ARNT2,ARNT2,0.999999999999934
ARNT2-DT,ARNT2-DT,0.9999999999999457
ARRB1,ARRB1,1.0
ARRDC1,ARRDC1,1.0
ARRDC3,ARRDC3,1.0
ARRDC3-AS1,ARRDC3-AS1,0.9999999999998608
ARRDC4,ARRDC4,1.0
ARSG,ARSG,0.9999999999997579
ARSJ,ARSJ,0.9999999999998782
ART4,ART4,0.9999999999994809
ART5,ART5,1.0
FLNB,ASAP1,0.4440783950226534
ABTB2,ASAP1,0.44991296505773554
PTK2,ASAP1,0.45093878741533433
DLG1,ASAP1,0.45132444667295246
RPL10,ASAP1,0.45323670191381366
IFIT3,ASAP1,0.4533562591624275
AKAP13,ASAP1,0.4556723066039683
HIPK2,ASAP1,0.45614730869769365
APBB2,ASAP1,0.4582213215090786
SLC12A8,ASAP1,0.46370072966767334
MRTFA,ASAP1,0.46381414500784707
DOCK5,ASAP1,0.46772059247060543
IFI16,ASAP1,0.4765636700426785
IFI6,ASAP1,0.47984089574498084
IFITM1,ASAP1,0.483391224257031
PVT1,ASAP1,0.5119922190776598
ISG15,ASAP1,0.5171877267558399
NEAT1,ASAP1,0.5186849031979646
IFITM3,ASAP1,0.5209990595854266
MAGI1,ASAP1,0.5219903277949941
ASAP1,ASAP1,0.9999999999999687
ASAP1-IT2,ASAP1-IT2,0.9999999999999202
ASAP3,ASAP3,1.0
ASB13,ASB13,0.9999999999998327
ASB14,ASB14,0.999999999999878
ASB16,ASB16,0.9999999999998647
ASB5,ASB5,1.0
ASB7,ASB7,0.9999999999996495
ASCC3,ASCC3,0.9999999999999818
ASGR1,ASGR1,1.0
ASH1L,ASH1L,0.9999999999998921
ASH2L,ASH2L,1.0
ASIC1,ASIC1,0.999999999999969
ASIC2,ASIC2,0.9999999999997816
ASIC3,ASIC3,1.0
ASIP,ASIP,0.9999999999998845
ASMTL,ASMTL,1.0
ASMTL-AS1,ASMTL-AS1,1.0
ASNS,ASNS,1.0
ASPH,ASPH,1.0
ASPHD1,ASPHD1,1.0
CDCA8,ASPM,0.7657597710610157
PRR11,ASPM,0.7685421883801542
BIRC5,ASPM,0.7708953891847473
CCNB1,ASPM,0.7784066084381798
CEP55,ASPM,0.7859441635576383
UBE2C,ASPM,0.7860538581286598
GTSE1,ASPM,0.7880803173636439
HMMR,ASPM,0.7881903913337703
ANLN,ASPM,0.7883352550802767
KIF20B,ASPM,0.7929893911849496
HMGB2,ASPM,0.797893677818371
CENPE,ASPM,0.799365620463001
PTTG1,ASPM,0.8047115724909789
DLGAP5,ASPM,0.8240163352074819
NUSAP1,ASPM,0.8262335665303936
TPX2,ASPM,0.8299052895948814
PRC1,ASPM,0.8307607989490529
TOP2A,ASPM,0.8376124129040307
MKI67,ASPM,0.8407229220781729
CENPF,ASPM,0.8706823872069993
ASPM,ASPM,1.0
ASPN,ASPN,1.0
ASS1,ASS1,1.0
ASTE1,ASTE1,1.0
ASTN2,ASTN2,0.999999999999792
ASTN2-AS1,ASTN2-AS1,1.0
ASXL1,ASXL1,1.0
CENPF,ATAD2,0.5259193646295113
PBK,ATAD2,0.5286654240661779
H2AZ1,ATAD2,0.5295873218454583
CENPK,ATAD2,0.5359923585886814
TPX2,ATAD2,0.5364856388941525
GMNN,ATAD2,0.5378540826876839
MKI67,ATAD2,0.5383813676942962
RRM1,ATAD2,0.5394150410737745
ESCO2,ATAD2,0.5465190131072041
PRC1,ATAD2,0.5467681687013658
RRM2,ATAD2,0.5510848397865744
TMPO,ATAD2,0.5599454331757768
HELLS,ATAD2,0.5620105751250836
NUSAP1,ATAD2,0.5633514999638478
STMN1,ATAD2,0.5641705582666364
DIAPH3,ATAD2,0.5647793931828592
HMGB2,ATAD2,0.5703512871568207
TOP2A,ATAD2,0.5766846997906993
PCLAF,ATAD2,0.6102796932216729
CLSPN,ATAD2,0.6204264854204414
ATAD2,ATAD2,1.0
ATAD2B,ATAD2B,1.0
ATAD3B,ATAD3B,1.0
ATAD3C,ATAD3C,0.9999999999997353
ATAD5,ATAD5,1.0
ATAT1,ATAT1,0.9999999999997298
ATE1,ATE1,0.9999999999999931
ATF3,ATF3,1.0
ATF5,ATF5,0.9999999999999114
ATF6-DT,ATF6-DT,0.9999999999999002
ATF7IP,ATF7IP,1.0
ATF7IP2,ATF7IP2,1.0
ATG10,ATG10,0.9999999999997742
ATG13,ATG13,0.9999999999999628
ATG14,ATG14,0.999999999999912
ATG16L1,ATG16L1,1.0
ATG16L2,ATG16L2,0.9999999999999424
ATG2B,ATG2B,0.9999999999999339
ATG4C,ATG4C,1.0
ATG4D,ATG4D,0.9999999999999212
MAGI1,ATG7,0.40344448536795974
ISG15,ATG7,0.4069246766872154
NEAT1,ATG7,0.4175676673246912
ATG7,ATG7,1.0
ATM,ATM,1.0
ATOSA,ATOSA,1.0
ATP10A,ATP10A,1.0
ATP10D,ATP10D,0.999999999999974
TPST2,ATP11A,0.40849325024421734
FLNB,ATP11A,0.410113831819693
SLC12A8,ATP11A,0.4283559789882247
ATP11A,ATP11A,0.9999999999998018
ATP11A-AS1,ATP11A-AS1,0.9999999999997471
ATP11C,ATP11C,0.9999999999999191
ATP13A1,ATP13A1,1.0
ATP13A3,ATP13A3,1.0
ATP13A3-DT,ATP13A3-DT,0.999999999999993
ATP13A4,ATP13A4,0.9999999999996877
ATP1B1,ATP1B1,1.0
ATP2A1,ATP2A1,1.0
ATP2A2,ATP2A2,0.9999999999998525
ATP2B1,ATP2B1,0.9999999999999792
ATP2B1-AS1,ATP2B1-AS1,0.9999999999998549
ATP2B4,ATP2B4,1.0
ATP2C1,ATP2C1,1.0
ATP2C2,ATP2C2,1.0
ATP2C2-AS1,ATP2C2-AS1,0.9999999999997923
ATP4B,ATP4B,0.9999999999999097
ATP5MGL,ATP5MGL,0.9999999999998874
ATP6V0D1-DT,ATP6V0D1-DT,0.9999999999998327
ATP6V0E2-AS1,ATP6V0E2-AS1,0.9999999999997662
ATP6V1B2,ATP6V1B2,0.9999999999999051
ATP7A,ATP7A,1.0
ATP8B1,ATP8B1,0.9999999999997491
ATP8B3,ATP8B3,0.9999999999997156
ATP8B5P,ATP8B5P,1.0
ATP9A,ATP9A,1.0
ATP9B,ATP9B,0.9999999999997721
ATR,ATR,1.0
ATRN,ATRN,0.9999999999996276
EXOC6B,ATXN1,0.4324168451789701
PTMA,ATXN1,0.43406284585528826
GLIS3,ATXN1,0.43604015326193596
IGF1R,ATXN1,0.43705567101731774
PRKG1,ATXN1,0.4382785527493365
LPP,ATXN1,0.4476708823493901
ISG15,ATXN1,0.45243998416877645
FNIP1,ATXN1,0.456155368994465
CACNA1C,ATXN1,0.4562330811737808
TTC28,ATXN1,0.4611689761960191
PRKCA,ATXN1,0.46448553956769234
FNDC3B,ATXN1,0.46485158839165486
VPS13B,ATXN1,0.46924326574485226
KANSL1,ATXN1,0.47630541371114327
LINC-PINT,ATXN1,0.47637494533137087
ZBTB20,ATXN1,0.4783712757477888
EXT1,ATXN1,0.484024432023608
HSPB1,ATXN1,0.49932944273915414
NEAT1,ATXN1,0.5008295336054223
FTX,ATXN1,0.5254528908877826
ATXN1,ATXN1,1.0
ATXN1-AS1,ATXN1-AS1,1.0
ATXN1L,ATXN1L,0.9999999999999071
IFITM1,ATXN2,0.4077778406839493
IFIT3,ATXN2,0.4081568191294477
NFAT5,ATXN2,0.41072718968438454
EPSTI1,ATXN2,0.41105549589549756
IFIT1,ATXN2,0.4140047713427836
IFI16,ATXN2,0.4144683436078696
AKAP13,ATXN2,0.41459770981366
DLG1,ATXN2,0.414681224739931
IFITM3,ATXN2,0.4214175165027973
EXOC6B,ATXN2,0.421449881567575
MX1,ATXN2,0.4257326445790989
FNIP1,ATXN2,0.4266791438589464
DOCK5,ATXN2,0.429864320700122
MRTFA,ATXN2,0.4306460983990382
KANSL1,ATXN2,0.4392718670779414
NXN,ATXN2,0.4500957358185664
MAGI1,ATXN2,0.4505260172119633
PVT1,ATXN2,0.4545966516880472
NEAT1,ATXN2,0.4706208501967719
ISG15,ATXN2,0.48558241880874936
ATXN2,ATXN2,0.9999999999998863
ATXN2-AS,ATXN2-AS,1.0
ATXN3,ATXN3,1.0
ATXN7,ATXN7,0.9999999999996875
NEAT1,ATXN7L1,0.4174783986520002
ATXN7L1,ATXN7L1,0.9999999999999206
ATXN7L2,ATXN7L2,1.0
ATXN7L3B,ATXN7L3B,1.0
AUH,AUH,1.0
HMGB2,AURKA,0.6675597521211128
BIRC5,AURKA,0.6700775867330457
CKAP2,AURKA,0.6715926031924414
CEP55,AURKA,0.6722228865882898
ANLN,AURKA,0.6756246175614227
HMMR,AURKA,0.6861247044536535
CENPE,AURKA,0.6864062283045934
MKI67,AURKA,0.6878477044334769
GTSE1,AURKA,0.6895322264229489
CDCA8,AURKA,0.6918700327965867
UBE2C,AURKA,0.6929922496128434
PTTG1,AURKA,0.693387320521917
TOP2A,AURKA,0.698086207245481
PRC1,AURKA,0.7026575523283136
TPX2,AURKA,0.7040151610036948
NUSAP1,AURKA,0.7041389560842133
CCNB1,AURKA,0.7160997179131577
CENPF,AURKA,0.7169938219701953
DLGAP5,AURKA,0.7192318292075524
ASPM,AURKA,0.7194554171940095
AURKA,AURKA,1.0
SMC4,AURKB,0.4814894471760417
PBK,AURKB,0.48199348758540056
CEP55,AURKB,0.4824965248174663
PCLAF,AURKB,0.48365073848470713
BIRC5,AURKB,0.4872292634584451
PRR11,AURKB,0.4903617409222676
STMN1,AURKB,0.49588112696824266
ANLN,AURKB,0.4972508197959437
PTTG1,AURKB,0.4990412358277869
ASPM,AURKB,0.5072818319177134
GTSE1,AURKB,0.5120338230912884
MKI67,AURKB,0.5151285288434748
CDK1,AURKB,0.5153284677177076
PRC1,AURKB,0.5191374180001204
TPX2,AURKB,0.5206956094171605
HMGB2,AURKB,0.5258406572728372
CENPF,AURKB,0.5378130481987071
NUSAP1,AURKB,0.5495379227344591
UBE2C,AURKB,0.5543638991687405
TOP2A,AURKB,0.564329731261053
AURKB,AURKB,0.999999999999905
AUTS2,AUTS2,0.9999999999998136
AVIL,AVIL,1.0
AVL9,AVL9,0.999999999999743
AVPI1,AVPI1,0.9999999999999295
AXDND1,AXDND1,1.0
AXIN1,AXIN1,1.0
AXIN2,AXIN2,0.9999999999999744
AXL,AXL,1.0
AZIN2,AZIN2,0.9999999999998922
SERPINE2,B2M,0.4498894792255992
ITM2B,B2M,0.4508576640434267
THBS1,B2M,0.4620387288311824
TNFRSF11B,B2M,0.4789503531247111
TMSB4X,B2M,0.4798063005850044
PTN,B2M,0.49433090339317765
HLA-A,B2M,0.49937122242944076
RPL10,B2M,0.5008686337235724
C1R,B2M,0.5056807738195207
CTSK,B2M,0.5099524339008095
SELENOM,B2M,0.5150270201435523
IFITM1,B2M,0.5628940851857075
DCN,B2M,0.594605995561573
LY6E,B2M,0.596910711094913
HLA-C,B2M,0.5977508626377377
LUM,B2M,0.6042407457061632
IFITM3,B2M,0.6058076611047561
IFI6,B2M,0.6264489924872568
CD63,B2M,0.6327005649782997
HLA-B,B2M,0.6906678424474924
B2M,B2M,0.9999999999999957
B3GALNT1,B3GALNT1,0.9999999999998961
B3GALNT2,B3GALNT2,1.0
B3GALT1,B3GALT1,1.0
B3GALT1-AS1,B3GALT1-AS1,0.9999999999997334
B3GALT2,B3GALT2,1.0
B3GNTL1,B3GNTL1,0.9999999999996685
B4GALNT1,B4GALNT1,1.0
B4GALNT2,B4GALNT2,1.0
BAALC,BAALC,1.0
BAALC-AS1,BAALC-AS1,1.0
BACE1,BACE1,0.9999999999998518
BACE2,BACE2,1.0
BACH1,BACH1,1.0
BACH1-IT2,BACH1-IT2,1.0
BACH1-IT3,BACH1-IT3,0.9999999999998004
BAG1,BAG1,0.9999999999999808
BAG2,BAG2,0.9999999999999575
BAHCC1,BAHCC1,1.0
BAIAP2-DT,BAIAP2-DT,0.9999999999997079
BAIAP2L1,BAIAP2L1,0.9999999999999161
CENPK,BARD1,0.40231371680470585
H2AZ1,BARD1,0.4026071469465466
ATAD2,BARD1,0.4035892383963931
CENPF,BARD1,0.4046846761628006
PBK,BARD1,0.4064235916208396
CDK1,BARD1,0.4069370112488031
UBE2C,BARD1,0.40792133406851927
TMPO,BARD1,0.41199111266457744
TPX2,BARD1,0.41313457405021775
ESCO2,BARD1,0.4157428756359103
ANLN,BARD1,0.4191107959792621
STMN1,BARD1,0.4203713740171058
MKI67,BARD1,0.4207968999062427
DIAPH3,BARD1,0.4215727657187253
PRC1,BARD1,0.4265517455109191
CLSPN,BARD1,0.4338193781694308
HMGB2,BARD1,0.4355537305517112
PCLAF,BARD1,0.4388738756285375
NUSAP1,BARD1,0.43887553842815324
TOP2A,BARD1,0.4491200820153063
BARD1,BARD1,0.9999999999998941
BASP1-AS1,BASP1-AS1,1.0
BATF2,BATF2,0.9999999999998527
BAZ2A,BAZ2A,0.9999999999998195
BAZ2B,BAZ2B,0.9999999999998692
BAZ2B-AS1,BAZ2B-AS1,0.9999999999999954
BBC3,BBC3,1.0
BBOF1,BBOF1,1.0
BBS1,BBS1,0.9999999999999135
FTX,BBS9,0.40799313610373844
NEAT1,BBS9,0.4431800419731883
BBS9,BBS9,1.0
MAGI1,BCAR3,0.40236659414809484
IFITM3,BCAR3,0.4120523256224839
BCAR3,BCAR3,0.9999999999999992
BCAR3-AS1,BCAR3-AS1,0.9999999999999126
ATXN1,BCAS3,0.40078357390391045
DOCK5,BCAS3,0.40616472531655684
IFITM3,BCAS3,0.40723481668861605
VPS13B,BCAS3,0.41050514730103854
KANSL1,BCAS3,0.4167170463463056
HSPB1,BCAS3,0.4178286713943395
PVT1,BCAS3,0.4187190982717767
FTX,BCAS3,0.43034378783254695
MAGI1,BCAS3,0.4488982418150443
ISG15,BCAS3,0.45145285766225657
NEAT1,BCAS3,0.49994340688351324
BCAS3,BCAS3,0.9999999999999604
BCAS3-AS1,BCAS3-AS1,0.9999999999998958
BCKDHB,BCKDHB,1.0
EXT1,BCL10-AS1,0.40786319675543725
ENSG00000282057,BCL10-AS1,0.41482022841445026
DDAH1,BCL10-AS1,0.4277616689660501
BCL10-AS1,BCL10-AS1,1.0
BCL11A,BCL11A,1.0
BCL2,BCL2,1.0
BCL2L11,BCL2L11,0.9999999999997862
BCL2L14,BCL2L14,1.0
BCL2L2,BCL2L2,1.0
BCL9,BCL9,1.0
BCLAF3,BCLAF3,1.0
BCO2,BCO2,0.9999999999998165
BCOR,BCOR,0.9999999999999235
BCORL1,BCORL1,0.9999999999998072
BCR,BCR,0.9999999999998609
BDH2,BDH2,0.999999999999907
BDKRB1,BDKRB1,0.9999999999999712
BDKRB2,BDKRB2,0.9999999999999821
BDNF,BDNF,0.9999999999999314
BDNF-AS,BDNF-AS,1.0
BEAN1,BEAN1,1.0
BEGAIN,BEGAIN,1.0
BEND3,BEND3,1.0
BEND7,BEND7,1.0
BEST1,BEST1,0.999999999999835
BET1-AS1,BET1-AS1,1.0
BEX1,BEX1,1.0
BEX2,BEX2,0.9999999999998284
ISG15,BEX3,0.4012909366874593
CALD1,BEX3,0.40785877559685624
IFITM1,BEX3,0.4090562350129592
LY6E,BEX3,0.4195605142387224
TMSB4X,BEX3,0.4213672571300104
IFI16,BEX3,0.4214218631112714
RPL10,BEX3,0.43554331207173286
DCN,BEX3,0.43566222983841535
IFITM3,BEX3,0.4469182020850811
IFI6,BEX3,0.4516015660048908
BEX3,BEX3,0.9999999999999957
BEX4,BEX4,0.999999999999865
FLNB,BGN,0.40110308343550816
SLC12A8,BGN,0.4052212919034952
IFI16,BGN,0.4100734794146422
MGP,BGN,0.4113039488473274
LY6E,BGN,0.41280406159951694
GREM1,BGN,0.4138640483020181
CALD1,BGN,0.41792247699363017
THBS1,BGN,0.433298279959557
DCN,BGN,0.4598634114595739
IFI6,BGN,0.4666885432246836
BGN,BGN,0.9999999999999877
TPST2,BHLHE40,0.40143171370536135
AHNAK2,BHLHE40,0.40209041674351104
MGP,BHLHE40,0.4023243780748218
KRT18,BHLHE40,0.40861680466358613
RBP1,BHLHE40,0.40967765026503933
CLU,BHLHE40,0.4102396699752944
SLC12A8,BHLHE40,0.4121125820609155
FLNB,BHLHE40,0.42204524581058417
BHLHE40,BHLHE40,1.0
BHLHE41,BHLHE41,1.0
BHMT,BHMT,0.9999999999995833
BHMT2,BHMT2,0.9999999999997174
PDZRN3,BICC1,0.40609280608154075
MAML2,BICC1,0.4066664343878056
SEMA5A,BICC1,0.41353184850082314
EXT1,BICC1,0.43091681241110547
PRKG1,BICC1,0.43160575266122597
BICC1,BICC1,0.9999999999999034
BICD1,BICD1,0.999999999999833
BICDL1,BICDL1,1.0
BICRA,BICRA,1.0
BICRAL,BICRAL,0.9999999999998088
BIN3,BIN3,1.0
BIRC3,BIRC3,1.0
CENPW,BIRC5,0.7312505074135722
CDKN3,BIRC5,0.7379994926931388
PRR11,BIRC5,0.7438540810954777
PBK,BIRC5,0.7468477964236626
ANLN,BIRC5,0.7515485494559889
HMMR,BIRC5,0.7611978287942069
STMN1,BIRC5,0.7673029252724795
CEP55,BIRC5,0.7684207067881105
GTSE1,BIRC5,0.7708903544246956
ASPM,BIRC5,0.7708953891847473
MKI67,BIRC5,0.7762462474013285
DLGAP5,BIRC5,0.7787863780278218
UBE2C,BIRC5,0.7847067819097198
HMGB2,BIRC5,0.7878331997129832
TPX2,BIRC5,0.7976998801254825
CENPF,BIRC5,0.8156056600567472
TOP2A,BIRC5,0.8162794269266738
PTTG1,BIRC5,0.8186557987805245
PRC1,BIRC5,0.8188530871051845
NUSAP1,BIRC5,0.8257772818977428
BIRC5,BIRC5,0.9999999999999553
NEAT1,BIRC6,0.413202074315089
BIRC6,BIRC6,1.0
BIRC6-AS2,BIRC6-AS2,1.0
BIVM,BIVM,0.9999999999998026
BLID,BLID,1.0
BLTP1,BLTP1,0.9999999999999679
BLTP3A,BLTP3A,1.0
STAT1,BLVRB,0.4876513957531951
PRDX5,BLVRB,0.48830461589318863
CFB,BLVRB,0.48890853280300905
CALD1,BLVRB,0.49197703524931286
LINC00842,BLVRB,0.4954833928057321
KRT19,BLVRB,0.49912146508854005
SLC44A1,BLVRB,0.4992104987840336
PRSS3,BLVRB,0.5036407783341168
S100A10,BLVRB,0.5080455553127722
DCN,BLVRB,0.5116188708167944
THBS1,BLVRB,0.5180629802186976
IFI6,BLVRB,0.5272668622258682
TPST2,BLVRB,0.5293104348081683
S100A6,BLVRB,0.5332713857588213
SLC12A8,BLVRB,0.5337675814728886
FLNB,BLVRB,0.5412281025915824
RBP1,BLVRB,0.5608250375214542
CLU,BLVRB,0.5776747475797773
MGP,BLVRB,0.6028649951897089
KRT18,BLVRB,0.605213582807376
BLVRB,BLVRB,1.0
BMAL2,BMAL2,1.0
BMAL2-AS1,BMAL2-AS1,0.99999999999999
BMERB1,BMERB1,0.9999999999999334
BMF,BMF,0.9999999999998527
BMP1,BMP1,1.0
BMP2,BMP2,0.9999999999998388
BMP2K,BMP2K,1.0
BMP4,BMP4,0.9999999999996924
BMP8A,BMP8A,0.9999999999999021
BMPER,BMPER,0.9999999999998759
ISG15,BMPR1A,0.4077175671036793
NEAT1,BMPR1A,0.42464767667738473
BMPR1A,BMPR1A,0.9999999999998008
BMPR2,BMPR2,0.9999999999999052
BMS1P1,BMS1P1,1.0
BMS1P14,BMS1P14,1.0
MAGI2,BNC2,0.40143464728185474
EXT1,BNC2,0.4058866373465667
CACNA1C,BNC2,0.4129519891874176
BNC2,BNC2,1.0
BNC2-AS1,BNC2-AS1,0.9999999999997988
BNIP3,BNIP3,1.0
BNIP3L,BNIP3L,0.9999999999999479
BNIPL,BNIPL,0.999999999999483
BOC,BOC,1.0
BOD1,BOD1,0.9999999999998083
BOLL,BOLL,1.0
BORCS5,BORCS5,1.0
BRAF,BRAF,1.0
BRAP,BRAP,0.999999999999737
ANLN,BRCA1,0.43924963049818216
HELLS,BRCA1,0.4398673962409959
GMNN,BRCA1,0.44087220408960265
CEP55,BRCA1,0.4412448001497518
SMC4,BRCA1,0.4446562681148994
ESCO2,BRCA1,0.44874881985140774
RRM1,BRCA1,0.44924301674985506
ATAD2,BRCA1,0.4516538007157981
TPX2,BRCA1,0.4574389253236454
CENPF,BRCA1,0.46159445368537355
PRC1,BRCA1,0.46559782657003973
TMPO,BRCA1,0.4656421677424565
STMN1,BRCA1,0.46656403830165166
MKI67,BRCA1,0.4670351281596102
DIAPH3,BRCA1,0.4721830358637049
NUSAP1,BRCA1,0.4729582313797156
HMGB2,BRCA1,0.48408136683090724
CLSPN,BRCA1,0.5005264330019641
TOP2A,BRCA1,0.5011791649385384
PCLAF,BRCA1,0.5045113365346701
BRCA1,BRCA1,1.0
PBK,BRCA2,0.48541509416236506
PRR11,BRCA2,0.4855064490280425
KIF20B,BRCA2,0.48968155121664264
NCAPG,BRCA2,0.49054060276221895
ANLN,BRCA2,0.49631633248996404
CEP55,BRCA2,0.49970216528770056
PCLAF,BRCA2,0.503216667784312
DIAPH3,BRCA2,0.5082262126319782
UBE2C,BRCA2,0.510326313792398
SMC4,BRCA2,0.5127090796304663
ASPM,BRCA2,0.5171549131182583
TPX2,BRCA2,0.5235822473472724
PRC1,BRCA2,0.5239102536259415
STMN1,BRCA2,0.526343438674277
NUSAP1,BRCA2,0.5362480651491284
TMPO,BRCA2,0.5434629576674986
MKI67,BRCA2,0.5434641724772755
HMGB2,BRCA2,0.546239658935564
CENPF,BRCA2,0.5530905095852
TOP2A,BRCA2,0.5644989733043224
BRCA2,BRCA2,1.0
BRD1,BRD1,1.0
BRD8,BRD8,1.0
BRF1,BRF1,1.0
BRF2,BRF2,0.9999999999998866
BRICD5,BRICD5,1.0
BRINP1,BRINP1,0.9999999999995763
BRIP1,BRIP1,1.0
BRMS1,BRMS1,1.0
BRMS1L,BRMS1L,0.9999999999999216
BRPF1,BRPF1,1.0
BRPF3-AS1,BRPF3-AS1,1.0
BRSK1,BRSK1,0.9999999999999035
BRWD1,BRWD1,0.9999999999999113
BRWD1-IT1,BRWD1-IT1,1.0
BRWD3,BRWD3,1.0
BST1,BST1,1.0
IFI27,BST2,0.4473967023825318
IFIT2,BST2,0.4492812657773759
IFIH1,BST2,0.45040345603332205
LY6E,BST2,0.4618348632796138
ISG20,BST2,0.466767057913146
IFITM2,BST2,0.46880512533094437
MX2,BST2,0.47332681618722927
STAT1,BST2,0.47538421233461875
LAP3,BST2,0.47861241567748297
IFIT1,BST2,0.4812751803838302
IFIT3,BST2,0.4816432832246139
PSMB9,BST2,0.48166590973280904
HERC5,BST2,0.4861735139951118
IFITM3,BST2,0.4900069600634457
IFI16,BST2,0.4972474434302044
IFI6,BST2,0.5037436431055293
MX1,BST2,0.5133107985605037
IFITM1,BST2,0.5256706214744113
EPSTI1,BST2,0.5398251646173867
ISG15,BST2,0.5405671845159884
BST2,BST2,0.9999999999999245
BTAF1,BTAF1,1.0
BTBD18,BTBD18,1.0
BTBD19,BTBD19,0.9999999999998747
BTBD3-AS1,BTBD3-AS1,0.9999999999997996
BTBD6,BTBD6,1.0
BTBD7,BTBD7,0.9999999999998738
BTBD8,BTBD8,1.0
FTX,BTBD9,0.4058390575029676
NEAT1,BTBD9,0.41226752650764475
BTBD9,BTBD9,0.9999999999997772
BTD,BTD,1.0
BTG1,BTG1,0.9999999999999319
BTG2,BTG2,0.9999999999997217
IFIT3,BTG3,0.46264279368888983
SMC4,BTG3,0.46648622626065356
MKI67,BTG3,0.4686693483813549
RANBP1,BTG3,0.47460092133241305
PTMA,BTG3,0.4770478078693179
CEP55,BTG3,0.4777082425224807
TPX2,BTG3,0.4818362523231964
HMGB1,BTG3,0.4820380015609291
PTTG1,BTG3,0.4827311204839681
PRC1,BTG3,0.48650087467196673
CENPF,BTG3,0.48659614848907307
UBE2C,BTG3,0.4902891314414851
ANP32B,BTG3,0.4912941941737121
TOP2A,BTG3,0.4968242214130484
NUSAP1,BTG3,0.5000586126844477
DUT,BTG3,0.5020263220093729
TMPO,BTG3,0.5107259508381046
DEK,BTG3,0.5221931385897303
HMGB2,BTG3,0.5247120255498194
STMN1,BTG3,0.5327907963266976
BTG3,BTG3,1.0
BTN2A2,BTN2A2,1.0
BTN2A3P,BTN2A3P,1.0
BTN3A1,BTN3A1,0.9999999999999166
BTRC,BTRC,0.9999999999998904
CDCA8,BUB1,0.5887684149439106
BIRC5,BUB1,0.5896809778010277
UBE2C,BUB1,0.5918054601295747
KIF20B,BUB1,0.5946347318518977
GTSE1,BUB1,0.5960948624689003
CCNB1,BUB1,0.5968133279576904
HMMR,BUB1,0.6039753580165192
CEP55,BUB1,0.6066810753492445
ANLN,BUB1,0.6068321113383208
CENPE,BUB1,0.6078499382529845
HMGB2,BUB1,0.6091385568147553
PTTG1,BUB1,0.6137148713379937
DLGAP5,BUB1,0.628032299098784
NUSAP1,BUB1,0.633113776165152
TOP2A,BUB1,0.6350693424892933
TPX2,BUB1,0.6361076155529641
MKI67,BUB1,0.6367251923771997
PRC1,BUB1,0.6408671926965632
CENPF,BUB1,0.6542973160735529
ASPM,BUB1,0.6544397226731405
BUB1,BUB1,0.9999999999999241
CDCA8,BUB1B,0.5674593483886433
BIRC5,BUB1B,0.5694977960391724
PBK,BUB1B,0.5719466803729158
KIF20B,BUB1B,0.5728238904298878
PTTG1,BUB1B,0.5764624496702425
UBE2C,BUB1B,0.577070863809482
HMMR,BUB1B,0.5839730675244174
CEP55,BUB1B,0.5864172368930158
HMGB2,BUB1B,0.5867293231225056
CENPE,BUB1B,0.5883407778540468
ANLN,BUB1B,0.5926714034432623
DLGAP5,BUB1B,0.5938603953683382
GTSE1,BUB1B,0.5940632715339081
TPX2,BUB1B,0.6118570025503086
ASPM,BUB1B,0.612634075174722
NUSAP1,BUB1B,0.618115502881764
PRC1,BUB1B,0.6263399483859114
TOP2A,BUB1B,0.627598052962224
CENPF,BUB1B,0.6288582195928332
MKI67,BUB1B,0.6324892350784889
BUB1B,BUB1B,0.99999999999988
CENPE,BUB3,0.5002448536158516
KIF20B,BUB3,0.5010048575240567
GTSE1,BUB3,0.5051133505876934
SMC4,BUB3,0.5058755776614914
ANLN,BUB3,0.5097135747470911
BIRC5,BUB3,0.5103021419090124
HMMR,BUB3,0.5132358803634939
CEP55,BUB3,0.5160074904611927
DLGAP5,BUB3,0.5177671627855822
STMN1,BUB3,0.5195095060713145
ASPM,BUB3,0.521604216163503
MKI67,BUB3,0.5260060128951844
PTTG1,BUB3,0.5354479367194079
PRC1,BUB3,0.5397145513846933
HMGB2,BUB3,0.5401962077736006
TPX2,BUB3,0.5419094852226499
CENPF,BUB3,0.5441793015939127
NUSAP1,BUB3,0.5442713380108445
UBE2C,BUB3,0.545625918428922
TOP2A,BUB3,0.5527683273977223
BUB3,BUB3,0.9999999999999958
C10orf90,C10orf90,1.0
C10orf95-AS1,C10orf95-AS1,0.9999999999997488
C11orf16,C11orf16,0.9999999999998487
C11orf54,C11orf54,0.9999999999998588
C11orf80,C11orf80,1.0
C11orf96,C11orf96,0.9999999999998183
C12orf40,C12orf40,0.9999999999998083
C12orf71,C12orf71,1.0
PTMA,C12orf75,0.4504601388983229
RANBP1,C12orf75,0.4557801552383801
SLC12A8,C12orf75,0.45851411120810137
HMGB1,C12orf75,0.46376191802791683
IFIT3,C12orf75,0.4677596216629518
RAB3B,C12orf75,0.4701155828590903
STMN1,C12orf75,0.47251078780867545
IFI6,C12orf75,0.48219469388369807
MYL9,C12orf75,0.48527914435493186
ISG15,C12orf75,0.48633005362008275
ACTG1,C12orf75,0.48668242418331165
MGP,C12orf75,0.49355409883023604
CALD1,C12orf75,0.4946271251834377
NEAT1,C12orf75,0.49938386325295253
ACTB,C12orf75,0.5303348329213888
TPM4,C12orf75,0.5326046612163525
VIM,C12orf75,0.5558934528817038
TPM2,C12orf75,0.5649146568373048
TPM1,C12orf75,0.5837438729382939
TAGLN,C12orf75,0.6115485140016685
C12orf75,C12orf75,0.9999999999999941
C12orf75-AS1,C12orf75-AS1,0.9999999999999869
C12orf76,C12orf76,0.9999999999997308
C13orf46,C13orf46,1.0
C14orf132,C14orf132,0.9999999999997858
C14orf178,C14orf178,1.0
C14orf93,C14orf93,1.0
C15orf48,C15orf48,0.9999999999998753
C15orf61,C15orf61,1.0
C16orf46,C16orf46,1.0
AHNAK2,C16orf74,0.41796023379857017
HIPK2,C16orf74,0.41982327917712076
GAS7,C16orf74,0.4219051788734718
RBP1,C16orf74,0.4222928108241786
CALD1,C16orf74,0.4225164553355935
ABTB2,C16orf74,0.4324723803656758
IFI16,C16orf74,0.4337690981174984
CENPT,C16orf74,0.43676935248601995
MIAT,C16orf74,0.43699015928576584
DCN,C16orf74,0.4510148353494216
CLU,C16orf74,0.45330375140551693
SLC44A1,C16orf74,0.45432947616418534
NEBL,C16orf74,0.45753936956862684
LINC00842,C16orf74,0.4591085321619798
IFI6,C16orf74,0.4689881033790422
TPST2,C16orf74,0.47474117070705135
KRT18,C16orf74,0.4770644738462727
MGP,C16orf74,0.4806687579722219
FLNB,C16orf74,0.4948970901922702
SLC12A8,C16orf74,0.5131293305716365
C16orf74,C16orf74,0.9999999999997231
C16orf86,C16orf86,0.9999999999998214
C16orf89,C16orf89,1.0
HMGB2,C16orf95,0.45458587563428665
PRR11,C16orf95,0.45613203657901696
ARL6IP1,C16orf95,0.457124462112354
CENPE,C16orf95,0.45840247729361966
KIF20B,C16orf95,0.4589760230507713
AURKA,C16orf95,0.4597757830307367
CDKN3,C16orf95,0.4608720317170202
GTSE1,C16orf95,0.4688410889286577
HMMR,C16orf95,0.47169168717531257
BIRC5,C16orf95,0.47301357773041036
TPX2,C16orf95,0.47521381283532477
TOP2A,C16orf95,0.4776841493729098
UBE2C,C16orf95,0.4815142879305332
PRC1,C16orf95,0.48192786473806903
CCNB1,C16orf95,0.48400519880209747
DLGAP5,C16orf95,0.48665195489303176
NUSAP1,C16orf95,0.4875255905135124
CENPF,C16orf95,0.48903772055166567
ASPM,C16orf95,0.49350838822772747
PTTG1,C16orf95,0.49487414170753424
C16orf95,C16orf95,1.0
C16orf95-DT,C16orf95-DT,0.9999999999998814
C17orf100,C17orf100,1.0
C17orf67,C17orf67,0.9999999999999846
C17orf78,C17orf78,0.999999999999722
C17orf80,C17orf80,1.0
C19orf33,C19orf33,1.0
C19orf38,C19orf38,0.9999999999998803
C19orf47,C19orf47,1.0
C1QL1,C1QL1,0.999999999999838
C1QL3,C1QL3,1.0
C1QTNF1,C1QTNF1,1.0
C1QTNF12,C1QTNF12,1.0
C1QTNF3,C1QTNF3,1.0
C1QTNF4,C1QTNF4,1.0
C1QTNF7,C1QTNF7,1.0
C1QTNF7-AS1,C1QTNF7-AS1,1.0
AEBP1,C1R,0.4672962099254432
FLNB,C1R,0.4689179793094858
STAT1,C1R,0.4706228508281231
MGP,C1R,0.4712669670611343
APP,C1R,0.4719483305278265
GREM1,C1R,0.47525369734324185
TNC,C1R,0.4812263856804038
KRT18,C1R,0.48687426221275504
IFI16,C1R,0.4928256813406097
IFITM3,C1R,0.4943869395981417
B2M,C1R,0.5056807738195207
IFITM1,C1R,0.5077169331010837
TNFRSF11B,C1R,0.5149268789606402
HLA-B,C1R,0.524786888828138
LY6E,C1R,0.5247980355490706
CTSK,C1R,0.5278176422140818
THBS1,C1R,0.5707114716781783
LUM,C1R,0.5823857807164617
IFI6,C1R,0.6026781789444792
DCN,C1R,0.6384870676664164
C1R,C1R,1.0
C1RL,C1RL,0.9999999999999393
C1RL-AS1,C1RL-AS1,0.9999999999998667
LUM,C1S,0.41981016466022475
C1R,C1S,0.42992006075953343
DCN,C1S,0.4513250820495985
C1S,C1S,0.9999999999999568
C1orf100,C1orf100,0.9999999999999944
C1orf112,C1orf112,1.0
C1orf115,C1orf115,0.9999999999999982
C1orf159,C1orf159,1.0
C1orf162,C1orf162,0.9999999999997697
C1orf167,C1orf167,1.0
C1orf198,C1orf198,0.9999999999999715
C1orf21,C1orf21,0.9999999999998846
C1orf216,C1orf216,0.9999999999999151
C1orf220,C1orf220,0.9999999999996014
C1orf50,C1orf50,1.0
C1orf54,C1orf54,0.9999999999998255
TPST2,C2,0.40535106193110687
FLNB,C2,0.4059379315251523
NEBL,C2,0.4137735915799409
SLC12A8,C2,0.4338278310246593
C2,C2,1.0
C20orf144,C20orf144,1.0
CLSPN,C21orf58,0.42213258707467827
BIRC5,C21orf58,0.4282226946461546
ANLN,C21orf58,0.42987101314335807
PBK,C21orf58,0.4299594693483184
GTSE1,C21orf58,0.4324250207640948
SMC4,C21orf58,0.4356327864236104
CDK1,C21orf58,0.4383629117062857
TMPO,C21orf58,0.4408095857863475
DIAPH3,C21orf58,0.4412557600799512
STMN1,C21orf58,0.4460533175008976
PCLAF,C21orf58,0.44639274328261025
ASPM,C21orf58,0.449169054500379
TPX2,C21orf58,0.454638843788468
PRC1,C21orf58,0.45722391581914706
MKI67,C21orf58,0.4573981339550213
CENPF,C21orf58,0.4574885073193533
UBE2C,C21orf58,0.46475585759682336
HMGB2,C21orf58,0.4774845748784027
NUSAP1,C21orf58,0.48376724241823604
TOP2A,C21orf58,0.5023655723395436
C21orf58,C21orf58,1.0
C21orf62-AS1,C21orf62-AS1,0.9999999999997788
C21orf91,C21orf91,1.0
C21orf91-OT1,C21orf91-OT1,1.0
C2CD2,C2CD2,1.0
C2CD2L,C2CD2L,1.0
C2CD3,C2CD3,1.0
C2CD4D-AS1,C2CD4D-AS1,0.9999999999998381
C2CD5,C2CD5,0.9999999999998807
C2CD6,C2CD6,0.9999999999999423
C2orf15,C2orf15,1.0
C2orf27A,C2orf27A,1.0
C2orf42,C2orf42,0.9999999999998574
C2orf49-DT,C2orf49-DT,1.0
C2orf81,C2orf81,1.0
C2orf88,C2orf88,0.999999999999772
C2orf92,C2orf92,1.0
C3,C3,0.9999999999999226
C3AR1,C3AR1,1.0
C3orf14,C3orf14,1.0
C3orf49,C3orf49,1.0
C3orf62,C3orf62,1.0
C4orf19,C4orf19,1.0
C4orf3,C4orf3,0.9999999999999798
C4orf36,C4orf36,0.9999999999998971
C4orf45,C4orf45,1.0
C5,C5,0.9999999999998417
C5AR1,C5AR1,1.0
C5orf46,C5orf46,0.9999999999998179
C6orf132,C6orf132,0.9999999999998742
C6orf141,C6orf141,1.0
C6orf163,C6orf163,0.9999999999998781
C6orf226,C6orf226,0.999999999999982
C6orf52,C6orf52,0.9999999999999301
C7orf57,C7orf57,0.9999999999996863
C8orf34,C8orf34,1.0
C8orf44,C8orf44,0.9999999999997318
C9,C9,1.0
C9orf131,C9orf131,0.9999999999996267
C9orf152,C9orf152,1.0
C9orf153,C9orf153,1.0
C9orf163,C9orf163,1.0
C9orf24,C9orf24,1.0
C9orf57,C9orf57,1.0
CA11,CA11,0.9999999999998902
IFI16,CA12,0.40373746037972175
ABTB2,CA12,0.40524390709005575
NEBL,CA12,0.4064726681698776
KRT19,CA12,0.4077262964799641
GSN,CA12,0.4090296899670742
DCN,CA12,0.41072221373701334
CALD1,CA12,0.4130512500518131
MIAT,CA12,0.4159858865030739
JUP,CA12,0.4162109813043987
IFI6,CA12,0.42841968406254755
CFB,CA12,0.4387292210994159
RBP1,CA12,0.4420784719380693
SLC44A1,CA12,0.446735347010547
TPST2,CA12,0.4498158041060301
AHNAK2,CA12,0.4583113101103777
FLNB,CA12,0.45996906869092435
KRT18,CA12,0.46219366193801825
MGP,CA12,0.47038562811384477
SLC12A8,CA12,0.4762389085837448
CLU,CA12,0.48307229281959385
CA12,CA12,0.9999999999997692
CA13,CA13,1.0
CA3,CA3,1.0
CA5B,CA5B,0.9999999999998141
CA5BP1,CA5BP1,1.0
CAB39L,CAB39L,1.0
CABCOCO1,CABCOCO1,1.0
CABIN1,CABIN1,0.9999999999997949
CABLES1,CABLES1,0.9999999999997797
CABLES2,CABLES2,0.9999999999997413
CACHD1,CACHD1,0.9999999999997303
CACNA1A,CACNA1A,0.9999999999999305
BNC2,CACNA1C,0.4129519891874176
HSPB1,CACNA1C,0.41313868632875983
ZBTB20,CACNA1C,0.4161048888922319
RPL10,CACNA1C,0.4182125390799044
SEC61G,CACNA1C,0.4208395678854048
MAGI1,CACNA1C,0.42207650602129215
PARD3B,CACNA1C,0.4258690422052342
VPS13B,CACNA1C,0.42779946931153706
PRKG1,CACNA1C,0.4317258074850095
LINC-PINT,CACNA1C,0.43278521781115586
FBXL7,CACNA1C,0.4341539173403341
PRKCA,CACNA1C,0.43524684736751806
MIF,CACNA1C,0.43881589985621383
TTC28,CACNA1C,0.44213789351357224
TRIO,CACNA1C,0.4468088231515266
ATXN1,CACNA1C,0.4562330811737808
MAGI2,CACNA1C,0.4600015362877089
NEAT1,CACNA1C,0.4770524574363901
EXT1,CACNA1C,0.47792144007329956
FTX,CACNA1C,0.48093192444270444
CACNA1C,CACNA1C,0.9999999999999527
CACNA1C-AS1,CACNA1C-AS1,1.0
CACNA1G,CACNA1G,1.0
CACNA2D1,CACNA2D1,0.999999999999877
CACNA2D1-AS1,CACNA2D1-AS1,1.0
SLC35F3,CACNA2D3,0.4093317815923583
CACNA2D3,CACNA2D3,1.0
CACNB1,CACNB1,0.9999999999999546
CACNB2,CACNB2,0.9999999999995763
CACNB3,CACNB3,0.9999999999998612
CACNB4,CACNB4,1.0
CACNG8,CACNG8,1.0
DIAPH3,CACYBP,0.4791124931549906
HSP90AA1,CACYBP,0.482813801437384
PCLAF,CACYBP,0.48400265625779026
CENPF,CACYBP,0.4852564634503356
UBE2C,CACYBP,0.48635256305963304
PRC1,CACYBP,0.4905061450571709
PTTG1,CACYBP,0.490695247441105
CEP55,CACYBP,0.49550340921511654
TOP2A,CACYBP,0.4977980703566662
TPX2,CACYBP,0.4985536894176124
NUSAP1,CACYBP,0.5035141794592248
ANP32B,CACYBP,0.515244680880794
HMGB1,CACYBP,0.5173496429578405
PTMA,CACYBP,0.5193798400641852
RANBP1,CACYBP,0.5248442942047309
TMPO,CACYBP,0.5249507354172683
HMGB2,CACYBP,0.5293552846963131
DUT,CACYBP,0.5294255952441016
DEK,CACYBP,0.5374228440766494
STMN1,CACYBP,0.5550689737481106
CACYBP,CACYBP,0.9999999999999953
CADM1,CADM1,0.9999999999999282
CAGE1,CAGE1,0.9999999999997751
CAHM,CAHM,1.0
CALB1,CALB1,0.999999999999921
GSN,CALB2,0.48379359297569186
CFB,CALB2,0.4851366221082542
CALD1,CALB2,0.498209799915799
THBS1,CALB2,0.49916935739585355
AHNAK2,CALB2,0.5001470219225883
IFI16,CALB2,0.5023723659134551
CENPT,CALB2,0.512682713262821
LINC00842,CALB2,0.5141459988010308
PRSS3,CALB2,0.5177580418671673
DCN,CALB2,0.5296545037205482
SLC44A1,CALB2,0.5375722377727311
IFI6,CALB2,0.5383232179211724
MORC3,CALB2,0.540126593666998
SLC12A8,CALB2,0.5467064104204442
FLNB,CALB2,0.5681309074150199
TPST2,CALB2,0.5687241246124786
RBP1,CALB2,0.5716657685129967
CLU,CALB2,0.5764129351620961
MGP,CALB2,0.5875276333113452
KRT18,CALB2,0.5954529360177904
CALB2,CALB2,1.0
CALCOCO1,CALCOCO1,0.9999999999998489
CALCRL,CALCRL,1.0
CALCRL-AS1,CALCRL-AS1,1.0
LINC00842,CALD1,0.5903907110522291
STAT1,CALD1,0.5947247844379844
LY6E,CALD1,0.6052668556851525
TPM1,CALD1,0.6113488680129918
SLC44A1,CALD1,0.6166810995076148
LUM,CALD1,0.6246628880622562
TAGLN,CALD1,0.6277156350869292
IFI16,CALD1,0.6399606837382541
TPST2,CALD1,0.642527989229794
RBP1,CALD1,0.644004319350022
TPM2,CALD1,0.6459169551360453
GREM1,CALD1,0.6478477008116713
KRT18,CALD1,0.6498363845061076
SLC12A8,CALD1,0.6614765513028928
CLU,CALD1,0.6661098181836915
FLNB,CALD1,0.6694946973895961
THBS1,CALD1,0.6944070365541023
MGP,CALD1,0.6982161900041872
IFI6,CALD1,0.7046433741169638
DCN,CALD1,0.7119301885968261
CALD1,CALD1,0.9999999999999992
CALHM5,CALHM5,1.0
RPL22L1,CALM2,0.4317640252032171
TUBB,CALM2,0.4359783180702542
UBE2C,CALM2,0.43910091713604943
HMGB2,CALM2,0.4438549435834917
ACTG1,CALM2,0.446380773211339
ANP32B,CALM2,0.44693583139349746
S100A11,CALM2,0.4470722715428287
H2AZ1,CALM2,0.4516365460416597
RANBP1,CALM2,0.4550061479788152
SEC61G,CALM2,0.4563487816732449
STMN1,CALM2,0.45635801437736595
HSPB1,CALM2,0.46373727661127456
TUBA1B,CALM2,0.4645453772751524
HSP90AA1,CALM2,0.4684447885411535
HMGB1,CALM2,0.4833369425797579
PTMA,CALM2,0.4899466931559429
ENO1,CALM2,0.4936748478334671
MIF,CALM2,0.4967636577566038
VIM,CALM2,0.5012043867140481
ACTB,CALM2,0.5403543205499993
CALM2,CALM2,0.999999999999997
CALML4,CALML4,1.0
HSP90B1,CALR,0.4423501477185973
CALR,CALR,1.0
CALY,CALY,0.9999999999999614
CAMK1D,CAMK1D,1.0
CAMK1G,CAMK1G,1.0
CAMK2A,CAMK2A,1.0
CAMK2D,CAMK2D,1.0
CAMK2G,CAMK2G,1.0
CAMK2N1,CAMK2N1,0.9999999999999639
CAMK4,CAMK4,1.0
CAMKK1,CAMKK1,0.9999999999996971
CAMKMT,CAMKMT,0.9999999999997982
CAMSAP2,CAMSAP2,1.0
CAMTA2,CAMTA2,1.0
CAPN1-AS1,CAPN1-AS1,1.0
CAPN10-DT,CAPN10-DT,0.9999999999997228
CAPN12,CAPN12,1.0
CAPN15,CAPN15,0.9999999999998663
CAPN3,CAPN3,1.0
CAPN7,CAPN7,1.0
CAPRIN2,CAPRIN2,0.9999999999997201
CAPS,CAPS,1.0
CAPS2,CAPS2,0.9999999999997808
CARD14,CARD14,1.0
CARD16,CARD16,1.0
CARD6,CARD6,0.9999999999997898
CARD9,CARD9,0.9999999999999141
CARF,CARF,0.9999999999998724
CARHSP1-DT,CARHSP1-DT,0.9999999999999937
CARMIL1,CARMIL1,0.9999999999997152
CARMN,CARMN,1.0
CARNMT1-AS1,CARNMT1-AS1,0.9999999999998671
CASC15,CASC15,0.9999999999998904
CASC2,CASC2,1.0
CASD1,CASD1,1.0
CASK,CASK,0.9999999999998002
CASKIN2,CASKIN2,1.0
CASP1,CASP1,0.9999999999998418
CASP10,CASP10,0.9999999999999394
CASP4,CASP4,0.9999999999999741
CASP4LP,CASP4LP,1.0
CASP8,CASP8,0.9999999999998423
CASP8AP2,CASP8AP2,1.0
CASP9,CASP9,0.9999999999998287
CASS4,CASS4,1.0
CASTOR2,CASTOR2,1.0
CASTOR3P,CASTOR3P,1.0
CASZ1,CASZ1,1.0
CATSPER1,CATSPER1,1.0
CATSPER2,CATSPER2,1.0
CATSPER2P1,CATSPER2P1,1.0
CATSPER3,CATSPER3,1.0
CATSPERE,CATSPERE,1.0
CATSPERG,CATSPERG,0.9999999999999852
CAV1,CAV1,0.9999999999999988
CAV3,CAV3,1.0
CAVIN2,CAVIN2,0.9999999999997682
CAVIN4,CAVIN4,0.9999999999997075
CBFA2T2,CBFA2T2,1.0
CBFB,CBFB,0.9999999999998849
CBL,CBL,0.9999999999999859
NEAT1,CBLB,0.42381755571578844
CBLB,CBLB,1.0
CBLN3,CBLN3,1.0
CBR1-AS1,CBR1-AS1,0.9999999999995922
STMN1,CBR3,0.4031287470717828
CBR3,CBR3,0.9999999999998787
CBR3-AS1,CBR3-AS1,1.0
CBR4,CBR4,0.9999999999999046
HMMR,CBX1,0.43208614944603807
UBE2C,CBX1,0.4347039671975441
ASPM,CBX1,0.43680783628877906
ANLN,CBX1,0.43737915586420806
BIRC5,CBX1,0.4408615031974183
DLGAP5,CBX1,0.4416905367511525
SMC4,CBX1,0.44195292549755355
HMGB1,CBX1,0.4447514954834681
MKI67,CBX1,0.4485695002113605
DEK,CBX1,0.4537258823800449
TOP2A,CBX1,0.455688473137357
PTTG1,CBX1,0.45645109397608735
TMPO,CBX1,0.4589983051887151
NUSAP1,CBX1,0.4617223937426825
PRC1,CBX1,0.46450399945276466
CENPF,CBX1,0.4678258431290986
TPX2,CBX1,0.46972870445127135
CEP55,CBX1,0.47458046682930255
HMGB2,CBX1,0.48005110848561305
STMN1,CBX1,0.48983442397962157
CBX1,CBX1,0.9999999999999337
CBX2,CBX2,0.9999999999998576
CBX4,CBX4,0.9999999999997297
SMC4,CBX5,0.45571419362913906
BIRC5,CBX5,0.4557161797327336
ASPM,CBX5,0.45796286746524695
GTSE1,CBX5,0.46001504109218155
H2AZ1,CBX5,0.4643468348939626
PTTG1,CBX5,0.46464791424897695
PBK,CBX5,0.46632060971005995
ANLN,CBX5,0.4688905357707267
TMPO,CBX5,0.46901387679723017
UBE2C,CBX5,0.469648289880805
CEP55,CBX5,0.47227330148282726
PCLAF,CBX5,0.47774884725150285
STMN1,CBX5,0.48069266730315147
MKI67,CBX5,0.4818349934186481
HMGB2,CBX5,0.4940306811589416
CENPF,CBX5,0.4947520156799652
TPX2,CBX5,0.4948886337705307
PRC1,CBX5,0.5042740721366513
NUSAP1,CBX5,0.510743757984589
TOP2A,CBX5,0.5164652098459265
CBX5,CBX5,0.9999999999999901
CBX7,CBX7,1.0
CBY3,CBY3,1.0
CC2D1A,CC2D1A,0.9999999999999069
CC2D1B,CC2D1B,1.0
CC2D2A,CC2D2A,1.0
CC2D2B,CC2D2B,1.0
CCBE1,CCBE1,1.0
CCDC102B,CCDC102B,0.9999999999998781
CCDC120,CCDC120,1.0
CCDC121,CCDC121,0.9999999999998054
CCDC122,CCDC122,1.0
CCDC13,CCDC13,1.0
CCDC13-AS2,CCDC13-AS2,0.999999999999974
CCDC136,CCDC136,0.9999999999998991
CCDC138,CCDC138,1.0
CCDC14,CCDC14,1.0
CCDC144BP,CCDC144BP,0.9999999999999813
CCDC144NL,CCDC144NL,0.9999999999999842
CCDC144NL-AS1,CCDC144NL-AS1,0.9999999999999413
CCDC146,CCDC146,0.9999999999997203
CCDC148,CCDC148,1.0
CCDC149,CCDC149,1.0
CCDC150,CCDC150,0.999999999999804
CCDC152,CCDC152,0.9999999999999946
CCDC153,CCDC153,0.9999999999999226
CCDC154,CCDC154,1.0
CCDC159,CCDC159,1.0
CCDC163,CCDC163,1.0
CCDC168,CCDC168,1.0
CCDC170,CCDC170,0.9999999999998372
CCDC171,CCDC171,0.9999999999999393
ASPM,CCDC18,0.4129772958837207
CCDC18,CCDC18,1.0
CCDC18-AS1,CCDC18-AS1,1.0
CCDC180,CCDC180,1.0
CCDC181,CCDC181,1.0
CCDC183,CCDC183,1.0
CCDC191,CCDC191,1.0
CCDC192,CCDC192,1.0
CCDC196,CCDC196,1.0
CCDC200,CCDC200,1.0
CCDC28A,CCDC28A,0.9999999999997995
CCDC28A-AS1,CCDC28A-AS1,1.0
CCDC28B,CCDC28B,0.9999999999998342
CCDC30,CCDC30,0.9999999999999967
CCDC33,CCDC33,1.0
SMC4,CCDC34,0.5065244515145663
CEP55,CCDC34,0.5073621642160815
HMMR,CCDC34,0.5081650929659497
MKI67,CCDC34,0.5115231604508598
GTSE1,CCDC34,0.5116903023385455
PBK,CCDC34,0.5157319730246496
CENPW,CCDC34,0.5158183097924407
TMPO,CCDC34,0.516002344163186
H2AZ1,CCDC34,0.5208864363270649
BIRC5,CCDC34,0.5268498806273809
TPX2,CCDC34,0.5348967280079491
PCLAF,CCDC34,0.5384455034122264
PRC1,CCDC34,0.5409512039159718
CENPF,CCDC34,0.5421852609926323
PTTG1,CCDC34,0.5426582123166805
STMN1,CCDC34,0.5491504866293684
HMGB2,CCDC34,0.5519470482515817
UBE2C,CCDC34,0.5542115338686768
NUSAP1,CCDC34,0.566938527475584
TOP2A,CCDC34,0.5708687456087008
CCDC34,CCDC34,1.0
CCDC39,CCDC39,0.9999999999996383
CCDC40,CCDC40,1.0
CCDC54-AS1,CCDC54-AS1,0.9999999999999192
CCDC57,CCDC57,1.0
CCDC65,CCDC65,1.0
CCDC68,CCDC68,0.9999999999999193
CCDC69,CCDC69,1.0
CCDC7,CCDC7,0.9999999999998965
CCDC71L,CCDC71L,0.9999999999998591
CCDC74B,CCDC74B,1.0
CCDC78,CCDC78,1.0
KRT18,CCDC80,0.4091752913212799
FLNB,CCDC80,0.42316832034477997
SERPINE1,CCDC80,0.46505699259505645
CCDC80,CCDC80,0.9999999999999748
CCDC81,CCDC81,1.0
CCDC82,CCDC82,1.0
CCDC83,CCDC83,1.0
CCDC85A,CCDC85A,1.0
HSPB1,CCDC85B,0.4227892311027829
SLC12A8,CCDC85B,0.42641469707692237
IFITM2,CCDC85B,0.42852796244762936
PLSCR1,CCDC85B,0.4292666246820368
DCN,CCDC85B,0.4293175061082373
MX2,CCDC85B,0.4310032952120453
PSMB9,CCDC85B,0.4330353778892105
MGP,CCDC85B,0.43550238205106306
MAGI1,CCDC85B,0.4392691600167839
STAT1,CCDC85B,0.4462099136884075
LY6E,CCDC85B,0.4678092026772739
MX1,CCDC85B,0.472669121853118
IFIT1,CCDC85B,0.47895898677846294
IFIT3,CCDC85B,0.48621186691537943
EPSTI1,CCDC85B,0.4862600251510382
IFI6,CCDC85B,0.5140956122450442
IFI16,CCDC85B,0.5142172934914134
IFITM1,CCDC85B,0.517675632936471
IFITM3,CCDC85B,0.5225102664914085
ISG15,CCDC85B,0.5570029575024574
CCDC85B,CCDC85B,0.9999999999999872
CCDC85C,CCDC85C,0.999999999999748
CCDC87,CCDC87,0.9999999999998984
CCDC88A,CCDC88A,0.9999999999999348
CCDC89,CCDC89,0.9999999999997814
CCDC90B-AS1,CCDC90B-AS1,1.0
CCDC91,CCDC91,0.9999999999999175
CCDC93,CCDC93,1.0
CCDC97,CCDC97,0.9999999999999354
CCDC9B,CCDC9B,1.0
CCK,CCK,1.0
CCL11,CCL11,1.0
CCL13,CCL13,0.9999999999999103
SOD2,CCL2,0.4627257068043939
CXCL3,CCL2,0.4704055631418555
IL6,CCL2,0.5117933046653618
CXCL8,CCL2,0.5513206926107864
CXCL1,CCL2,0.5781637051058551
CCL2,CCL2,0.9999999999999915
CCL20,CCL20,0.9999999999997101
AHNAK2,CCL26,0.40224943805566976
RBP1,CCL26,0.4037623347746646
JUP,CCL26,0.4103596628578754
MGP,CCL26,0.4133316670989759
SLC12A8,CCL26,0.41433300594062383
AQP3,CCL26,0.4173110682732719
FLNB,CCL26,0.41740824804654253
CLU,CCL26,0.43937569253509223
CFB,CCL26,0.4413213128597769
KRT18,CCL26,0.4578867384077987
CCL26,CCL26,1.0
CCL28,CCL28,1.0
CCL5,CCL5,1.0
CCL7,CCL7,0.999999999999934
CCL8,CCL8,0.9999999999997767
CCM2,CCM2,1.0
CCN1,CCN1,1.0
CCN2,CCN2,1.0
CCN3,CCN3,1.0
MORC3,CCN4,0.40298536067907803
MGP,CCN4,0.4039156966019957
SLC12A8,CCN4,0.4217528173235876
CCN4,CCN4,0.9999999999997442
CCN5,CCN5,0.9999999999999656
CCNB1,CCNA2,0.6973006731939895
CDCA8,CCNA2,0.6994117893266659
CENPE,CCNA2,0.7019837476958095
KIF20B,CCNA2,0.7035397300127109
HMMR,CCNA2,0.7040558477270751
BIRC5,CCNA2,0.7067451186706262
GTSE1,CCNA2,0.7155211284267451
ANLN,CCNA2,0.7161033723092064
CEP55,CCNA2,0.723957760196156
DLGAP5,CCNA2,0.7299768296533805
UBE2C,CCNA2,0.7307938468228932
PTTG1,CCNA2,0.7331450410107296
HMGB2,CCNA2,0.74066915512761
MKI67,CCNA2,0.746321444827865
ASPM,CCNA2,0.7478343589332058
TPX2,CCNA2,0.7536503787983652
PRC1,CCNA2,0.7557611368041781
NUSAP1,CCNA2,0.7563489089400557
TOP2A,CCNA2,0.7677625146707517
CENPF,CCNA2,0.7737587503304892
CCNA2,CCNA2,1.0
CKAP2,CCNB1,0.7116905661620755
UBE2C,CCNB1,0.713199322111206
ARL6IP1,CCNB1,0.7146351590885117
AURKA,CCNB1,0.7160997179131577
ANLN,CCNB1,0.7171981851819432
CEP55,CCNB1,0.7199393962491392
GTSE1,CCNB1,0.7204009974014363
CDKN3,CCNB1,0.7259093330803748
BIRC5,CCNB1,0.7281169218171987
HMMR,CCNB1,0.7284502281146971
CENPE,CCNB1,0.7347202597219692
TOP2A,CCNB1,0.737824442594753
NUSAP1,CCNB1,0.7466219737488347
MKI67,CCNB1,0.7478145026464537
PTTG1,CCNB1,0.7578473881792693
TPX2,CCNB1,0.758756837499925
PRC1,CCNB1,0.7683466963685531
ASPM,CCNB1,0.7784066084381798
DLGAP5,CCNB1,0.7849276437385919
CENPF,CCNB1,0.7864177207302404
CCNB1,CCNB1,1.0
CDCA8,CCNB2,0.5314641677423116
HMGB2,CCNB2,0.5342064872752714
HMMR,CCNB2,0.5375485685681949
ANLN,CCNB2,0.5415251847748609
CEP55,CCNB2,0.5416169960219174
GTSE1,CCNB2,0.5431159574076347
UBE2C,CCNB2,0.544968453582211
CENPE,CCNB2,0.5450457008699213
CDKN3,CCNB2,0.5451920549466898
BIRC5,CCNB2,0.5504135839360771
CCNB1,CCNB2,0.5545577319971619
MKI67,CCNB2,0.5592761200016392
PTTG1,CCNB2,0.5611761247235433
TOP2A,CCNB2,0.5629976926109237
TPX2,CCNB2,0.5672750664533036
ASPM,CCNB2,0.5685196417923377
DLGAP5,CCNB2,0.5706321640132858
NUSAP1,CCNB2,0.5739276113070374
PRC1,CCNB2,0.575048140893431
CENPF,CCNB2,0.584761179234325
CCNB2,CCNB2,1.0
CCND1,CCND1,0.9999999999999662
CCND2,CCND2,1.0
CCND2-AS1,CCND2-AS1,0.9999999999996884
CCND3,CCND3,0.999999999999941
FAM111B,CCNE2,0.4203397748826818
CCNE2,CCNE2,0.999999999999991
CENPE,CCNF,0.4002165024586408
TPX2,CCNF,0.40462276719348644
NUSAP1,CCNF,0.40740813078264565
GTSE1,CCNF,0.40867927463504217
UBE2C,CCNF,0.4089863485224871
CENPF,CCNF,0.4104827604677709
MKI67,CCNF,0.4114442662311762
ANLN,CCNF,0.4122369882145789
ASPM,CCNF,0.4147723453972811
TOP2A,CCNF,0.4180016310376983
CCNF,CCNF,1.0
CCNG2,CCNG2,1.0
CCNL1,CCNL1,0.9999999999999463
CCNL2,CCNL2,1.0
CCNP,CCNP,0.9999999999999822
CCNT1,CCNT1,0.9999999999999083
CCNT2,CCNT2,1.0
CCNY,CCNY,0.9999999999999879
CCNY-AS1,CCNY-AS1,0.9999999999996737
CCPG1,CCPG1,1.0
CCSER2,CCSER2,1.0
CCT6B,CCT6B,1.0
CCT6P3,CCT6P3,0.9999999999999049
CD101-AS1,CD101-AS1,0.9999999999999339
CD109,CD109,1.0
CD109-AS1,CD109-AS1,1.0
CD160,CD160,1.0
CD163L1,CD163L1,1.0
CD177,CD177,0.9999999999999305
CD226,CD226,1.0
CLU,CD248,0.4009613346160829
GREM1,CD248,0.4016107318080135
TNFRSF11B,CD248,0.4064493337134069
LY6E,CD248,0.409426615119251
SLC12A8,CD248,0.41515068410772094
KRT18,CD248,0.4170271691114536
FLNB,CD248,0.42489301660924983
MGP,CD248,0.43693126622000816
CALD1,CD248,0.4424930637853331
IFI6,CD248,0.4660333722407098
LUM,CD248,0.466933388170425
THBS1,CD248,0.47872990907367563
DCN,CD248,0.4893925760147313
CD248,CD248,0.9999999999999816
CD27,CD27,0.9999999999996928
CD27-AS1,CD27-AS1,1.0
CD302,CD302,0.9999999999999822
CFB,CD34,0.40301510775424226
MGP,CD34,0.4059564964638039
TPST2,CD34,0.4062255874778197
FLNB,CD34,0.4220412876325333
RBP1,CD34,0.42870114113749136
CLU,CD34,0.43311765890294507
KRT18,CD34,0.43340347112787175
SLC12A8,CD34,0.4396778409700767
CD34,CD34,1.0
CD38,CD38,1.0
CD4,CD4,1.0
CD44,CD44,1.0
CD47,CD47,0.9999999999998918
RBP1,CD52,0.4110896515190836
CFB,CD52,0.4124590229303397
AQP3,CD52,0.47664888686179735
CD52,CD52,0.999999999999654
CD55,CD55,1.0
S100A10,CD59,0.40458208805285245
S100A13,CD59,0.41013543145633596
S100A4,CD59,0.41358644179995235
ELOB,CD59,0.42715139524288215
NPC2,CD59,0.4349079002006535
MGST3,CD59,0.4360717629798317
TXN,CD59,0.43779537194794904
SH3BGRL3,CD59,0.45452867508208533
S100A11,CD59,0.47832528476003316
IGFBP6,CD59,0.5293971289594678
CD63,CD59,0.5344238517471583
S100A6,CD59,0.5537847742114118
TIMP1,CD59,0.5785510134412452
CD59,CD59,1.0
S100A6,CD63,0.40079245593336627
TMSB4X,CD63,0.40228083795874847
SERPINE2,CD63,0.40264392845670566
TXN,CD63,0.4183217897391385
SEC61G,CD63,0.42772877144047544
RPL10,CD63,0.43437290971094544
SELENOM,CD63,0.4463490113960075
S100A11,CD63,0.4929057269492072
TIMP1,CD63,0.5163045214906611
CD59,CD63,0.5344238517471583
B2M,CD63,0.6327005649782997
CD63,CD63,0.9999999999999954
CD63-AS1,CD63-AS1,1.0
CD68,CD68,0.9999999999999707
CD7,CD7,0.9999999999997942
CD72,CD72,0.9999999999997616
CD74,CD74,0.9999999999997583
CD82,CD82,1.0
CD83,CD83,0.999999999999863
CD99P1,CD99P1,0.9999999999996712
CDA,CDA,1.0
CDC14A,CDC14A,0.9999999999998793
CDC14B,CDC14B,1.0
CEP55,CDC20,0.6196307409841063
AURKA,CDC20,0.6211648759408209
ANLN,CDC20,0.6214585313300984
CDKN3,CDC20,0.6214819958613935
HMMR,CDC20,0.6226476226362456
CDCA8,CDC20,0.6239155433807321
BIRC5,CDC20,0.6240504405473485
UBE2C,CDC20,0.6352506622060573
CENPE,CDC20,0.6376819262810904
TOP2A,CDC20,0.6390392649797478
MKI67,CDC20,0.6396132611457657
GTSE1,CDC20,0.6417133101330873
NUSAP1,CDC20,0.6420543272155389
PTTG1,CDC20,0.6462090209049539
TPX2,CDC20,0.649992788304668
PRC1,CDC20,0.6563036585664822
CCNB1,CDC20,0.657531940358272
CENPF,CDC20,0.6666456200115762
ASPM,CDC20,0.6699874181769983
DLGAP5,CDC20,0.6700611437733596
CDC20,CDC20,0.9999999999999563
CDC20B,CDC20B,1.0
CDC25B,CDC25B,1.0
KNL1,CDC25C,0.43568494245865
HMMR,CDC25C,0.4361325024095267
CDK1,CDC25C,0.4413879481836054
BIRC5,CDC25C,0.44349110216333043
KIF20B,CDC25C,0.44668493380050633
PTTG1,CDC25C,0.4485450433409833
CDCA8,CDC25C,0.44864190188878106
ANLN,CDC25C,0.4487251008623586
HMGB2,CDC25C,0.45474039218099277
CENPE,CDC25C,0.46128928379313383
GTSE1,CDC25C,0.4625883529454716
DLGAP5,CDC25C,0.4638208233118574
TPX2,CDC25C,0.4656432624252795
UBE2C,CDC25C,0.4688049719214645
PRC1,CDC25C,0.4765402563328819
MKI67,CDC25C,0.47946533462773105
NUSAP1,CDC25C,0.48721106731341485
ASPM,CDC25C,0.4884796325860329
CENPF,CDC25C,0.4913869828303836
TOP2A,CDC25C,0.4955051901963407
CDC25C,CDC25C,1.0
CDC42BPA,CDC42BPA,1.0
CDC42EP2,CDC42EP2,0.9999999999998032
CDC42EP3,CDC42EP3,1.0
CDC42EP3-AS1,CDC42EP3-AS1,1.0
CDC42SE1,CDC42SE1,1.0
CDC42SE2,CDC42SE2,0.9999999999999907
CDC45,CDC45,0.9999999999998409
CLSPN,CDC6,0.40162165250750803
CDC6,CDC6,1.0
KIF20B,CDCA2,0.6121942611345496
CDK1,CDCA2,0.6125067830654398
HMMR,CDCA2,0.6160634123936118
PRR11,CDCA2,0.6168640350901797
CEP55,CDCA2,0.6171189504238112
PTTG1,CDCA2,0.6214511065873867
CDCA8,CDCA2,0.6248181928732078
CENPE,CDCA2,0.6330609656520171
ANLN,CDCA2,0.6394357887128922
GTSE1,CDCA2,0.6431881229530194
HMGB2,CDCA2,0.6451551516542237
DLGAP5,CDCA2,0.6490439499511813
UBE2C,CDCA2,0.6514331708881029
PRC1,CDCA2,0.656978541485813
NUSAP1,CDCA2,0.6613918308117904
TPX2,CDCA2,0.6626499052168368
ASPM,CDCA2,0.6675711655154901
TOP2A,CDCA2,0.6744071287234287
MKI67,CDCA2,0.6752338127993708
CENPF,CDCA2,0.6851988424459324
CDCA2,CDCA2,0.9999999999999009
ANLN,CDCA3,0.5654295455749373
CEP55,CDCA3,0.565483901153536
PRR11,CDCA3,0.565840160011154
KIF20B,CDCA3,0.5667802786200856
CDCA8,CDCA3,0.5694802009535915
CENPE,CDCA3,0.5745360810245254
MKI67,CDCA3,0.5805156481950072
HMGB2,CDCA3,0.581167823475411
BIRC5,CDCA3,0.5829773306875016
HMMR,CDCA3,0.587168272494232
TPX2,CDCA3,0.5912020168937534
GTSE1,CDCA3,0.591554957235949
DLGAP5,CDCA3,0.5980423793399605
ASPM,CDCA3,0.5996743772454756
PTTG1,CDCA3,0.6048929000515225
PRC1,CDCA3,0.6055368294619716
TOP2A,CDCA3,0.6155381411877074
CENPF,CDCA3,0.615971519609281
UBE2C,CDCA3,0.6172763548535896
NUSAP1,CDCA3,0.617626153542821
CDCA3,CDCA3,1.0
GTSE1,CDCA5,0.4689975501855681
ANLN,CDCA5,0.4713001092842994
CDK1,CDCA5,0.47178154777320996
PTTG1,CDCA5,0.4722277461214725
PBK,CDCA5,0.4763615419071154
DIAPH3,CDCA5,0.4779738393001509
SMC4,CDCA5,0.48088488312447375
CEP55,CDCA5,0.48136137602663465
BIRC5,CDCA5,0.48358176104378653
PCLAF,CDCA5,0.48729117483695583
UBE2C,CDCA5,0.4980781916926882
MKI67,CDCA5,0.5003051990912413
CENPF,CDCA5,0.5004569727800969
TPX2,CDCA5,0.5041649927999956
TMPO,CDCA5,0.5041864637276589
STMN1,CDCA5,0.5072034405081456
PRC1,CDCA5,0.5100727758359896
NUSAP1,CDCA5,0.5280931414468621
HMGB2,CDCA5,0.5286661003578038
TOP2A,CDCA5,0.5426293617510969
CDCA5,CDCA5,0.9999999999999133
CDCA7,CDCA7,0.9999999999998475
CDCA7L,CDCA7L,1.0
CCNB1,CDCA8,0.7116028252511252
KIF20B,CDCA8,0.7142786371702706
CKAP2,CDCA8,0.7144435713084507
BIRC5,CDCA8,0.7201866085002004
HMMR,CDCA8,0.721994172077216
CENPE,CDCA8,0.7220220995550944
ANLN,CDCA8,0.7222837401690122
GTSE1,CDCA8,0.7366481361186601
CEP55,CDCA8,0.7396986287440636
PTTG1,CDCA8,0.741712442039104
DLGAP5,CDCA8,0.7475373745073642
MKI67,CDCA8,0.7502214593534765
HMGB2,CDCA8,0.7575052742377917
UBE2C,CDCA8,0.7597167143318438
TPX2,CDCA8,0.76016032049795
PRC1,CDCA8,0.7650945626427423
ASPM,CDCA8,0.7657597710610157
NUSAP1,CDCA8,0.7699340731638306
TOP2A,CDCA8,0.778873445924032
CENPF,CDCA8,0.783601577435087
CDCA8,CDCA8,1.0
THBS1,CDH11,0.41040323807544776
CDH11,CDH11,1.0
CDH12,CDH12,0.9999999999995666
CDH13,CDH13,0.9999999999998929
CDH13-AS1,CDH13-AS1,1.0
CDH18,CDH18,1.0
CDH2,CDH2,0.9999999999999565
CDH23,CDH23,0.9999999999997138
CDH24,CDH24,0.9999999999998733
CDH26,CDH26,0.9999999999998782
CDH4,CDH4,0.999999999999782
CDH6,CDH6,0.9999999999998932
CDHR2,CDHR2,0.9999999999998946
CDHR3,CDHR3,0.9999999999997559
CDHR4,CDHR4,1.0
CDIN1,CDIN1,1.0
CDIP1,CDIP1,0.999999999999732
SPC25,CDK1,0.6959294840897575
CKS1B,CDK1,0.696272824325396
CEP55,CDK1,0.7019855776409629
HMMR,CDK1,0.7057404112088799
PBK,CDK1,0.7077708338934441
BIRC5,CDK1,0.7130101662201027
ASPM,CDK1,0.7137129723153335
DLGAP5,CDK1,0.7140907377815877
ANLN,CDK1,0.7158727170829022
STMN1,CDK1,0.7190483333208236
GTSE1,CDK1,0.7342987177744077
PTTG1,CDK1,0.7343384595246646
TPX2,CDK1,0.7399448910362947
MKI67,CDK1,0.7400520223568161
PRC1,CDK1,0.753045336917418
HMGB2,CDK1,0.7605587337889675
CENPF,CDK1,0.7685741503575743
NUSAP1,CDK1,0.7970458553333019
UBE2C,CDK1,0.8210909750872655
TOP2A,CDK1,0.8225766451216742
CDK1,CDK1,0.9999999999999474
CDK10,CDK10,0.9999999999999304
CDK12,CDK12,0.9999999999999165
CDK13,CDK13,1.0
CDK14,CDK14,1.0
CDK15,CDK15,1.0
CDK17,CDK17,0.9999999999997827
CDK18,CDK18,1.0
CDK19,CDK19,0.9999999999999051
CDK20,CDK20,0.9999999999997047
CDK3,CDK3,0.9999999999998315
CDK5RAP1,CDK5RAP1,1.0
CDK5RAP2,CDK5RAP2,1.0
CDK5RAP3,CDK5RAP3,1.0
CDK6,CDK6,1.0
CDK6-AS1,CDK6-AS1,0.999999999999767
CDK8,CDK8,0.999999999999592
CDKAL1,CDKAL1,0.9999999999999974
CDKL1,CDKL1,1.0
CDKL3,CDKL3,1.0
CDKL4,CDKL4,1.0
CDKL5,CDKL5,0.9999999999998361
CDKN1A,CDKN1A,1.0
CDKN1B,CDKN1B,0.999999999999972
CDKN1C,CDKN1C,1.0
CDKN2A,CDKN2A,1.0
CDKN2AIP,CDKN2AIP,1.0
CDKN2B-AS1,CDKN2B-AS1,0.9999999999999818
CDKN2C,CDKN2C,1.0
STMN1,CDKN3,0.6999899324105117
CENPE,CDKN3,0.7023252576277483
PRR11,CDKN3,0.7055596716052456
ANLN,CDKN3,0.7085939599072059
HMGB2,CDKN3,0.7218669180026148
CEP55,CDKN3,0.723905954648897
CCNB1,CDKN3,0.7259093330803748
HMMR,CDKN3,0.7273499321512885
GTSE1,CDKN3,0.730234800138691
MKI67,CDKN3,0.7316198606285874
UBE2C,CDKN3,0.733096360858425
BIRC5,CDKN3,0.7379994926931388
ASPM,CDKN3,0.7455416191003748
TPX2,CDKN3,0.7495454736491162
TOP2A,CDKN3,0.7529429853673753
DLGAP5,CDKN3,0.7648970922516624
CENPF,CDKN3,0.7723243216068822
PRC1,CDKN3,0.7737268579490182
PTTG1,CDKN3,0.7746648727126709
NUSAP1,CDKN3,0.7797108404004116
CDKN3,CDKN3,0.9999999999999105
CDNF,CDNF,0.9999999999998872
CDO1,CDO1,1.0
CDON,CDON,1.0
CDR2,CDR2,1.0
CDRT4,CDRT4,1.0
CDYL2,CDYL2,0.9999999999997001
CEACAM16-AS1,CEACAM16-AS1,0.9999999999998729
CEACAM19,CEACAM19,0.9999999999997963
CEBPB,CEBPB,1.0
CEBPD,CEBPD,1.0
CEBPG,CEBPG,0.9999999999999208
CECR2,CECR2,1.0
CEDORA,CEDORA,0.9999999999997335
CEL,CEL,0.9999999999998768
CELF2,CELF2,1.0
CELF6,CELF6,1.0
CELSR1,CELSR1,0.9999999999998529
MAML2,CEMIP,0.40242828611803144
FMN2,CEMIP,0.4096730307959534
MT2A,CEMIP,0.4123967169351499
MKX,CEMIP,0.4143096894038279
MIR100HG,CEMIP,0.4148296229424029
IGFBP3,CEMIP,0.4157172877936472
RBPMS,CEMIP,0.41607722823659815
ADAMTS1,CEMIP,0.41675340755339796
S100A10,CEMIP,0.4175476301435896
ARID5B,CEMIP,0.419550148850786
KIF26B,CEMIP,0.41970002148662205
MYLK,CEMIP,0.4260667451333112
ARMC9,CEMIP,0.43150194076135395
DCN,CEMIP,0.43834620104368793
EXT1,CEMIP,0.4505950192130035
PDZRN3,CEMIP,0.4513341186547573
TNFRSF11B,CEMIP,0.4677313624985934
LUM,CEMIP,0.4868865833872429
THBS1,CEMIP,0.5001063888368017
SEMA5A,CEMIP,0.5060076041801521
CEMIP,CEMIP,0.9999999999999929
CEMIP2,CEMIP2,0.9999999999999927
CENATAC,CENATAC,1.0
CEND1,CEND1,0.9999999999999141
CENPA,CENPA,0.999999999999774
CENPC,CENPC,0.9999999999998351
CDCA8,CENPE,0.7220220995550944
BIRC5,CENPE,0.7254269093861074
CEP55,CENPE,0.7295868599339014
PRR11,CENPE,0.7296116190339633
CCNB1,CENPE,0.7347202597219692
ANLN,CENPE,0.7397643822039845
KIF20B,CENPE,0.7400315859139456
HMMR,CENPE,0.7425782833943653
HMGB2,CENPE,0.7426821581208914
GTSE1,CENPE,0.7468054963758904
UBE2C,CENPE,0.7479897893938754
PTTG1,CENPE,0.7511892336795213
MKI67,CENPE,0.7764313252672099
DLGAP5,CENPE,0.777830245941199
NUSAP1,CENPE,0.7781509078706744
TPX2,CENPE,0.7810680118449308
PRC1,CENPE,0.7835306289070384
TOP2A,CENPE,0.7885967696231474
ASPM,CENPE,0.799365620463001
CENPF,CENPE,0.8175622713940462
CENPE,CENPE,0.999999999999912
SMC4,CENPF,0.8002243627492511
STMN1,CENPF,0.8022604244046344
PRR11,CENPF,0.8110974546069106
KIF20B,CENPF,0.8120658085914944
BIRC5,CENPF,0.8156056600567472
CENPE,CENPF,0.8175622713940462
GTSE1,CENPF,0.8194214569253038
HMMR,CENPF,0.8194403925148774
ANLN,CENPF,0.8221204232253572
CEP55,CENPF,0.8235558606702684
UBE2C,CENPF,0.8369471380563227
HMGB2,CENPF,0.8414427193814742
PTTG1,CENPF,0.8458175964262729
DLGAP5,CENPF,0.8498838402918569
TPX2,CENPF,0.8695076584206033
ASPM,CENPF,0.8706823872069993
MKI67,CENPF,0.8715918764652787
PRC1,CENPF,0.8765545246887602
NUSAP1,CENPF,0.8777150356541786
TOP2A,CENPF,0.8891860494872718
CENPF,CENPF,0.9999999999999487
H2AZ1,CENPH,0.48431485742034114
SMC4,CENPH,0.4850226233982716
CENPW,CENPH,0.48641860134357573
DIAPH3,CENPH,0.48670891864746424
PBK,CENPH,0.4903330198842397
MKI67,CENPH,0.4938308327924765
BIRC5,CENPH,0.4952839509565109
CKS1B,CENPH,0.5010017896055601
CEP55,CENPH,0.5035483256123876
UBE2C,CENPH,0.5044222166291651
TMPO,CENPH,0.5086712125366766
PTTG1,CENPH,0.5114686845831563
TPX2,CENPH,0.5138631878808959
CENPF,CENPH,0.5149254941962758
PRC1,CENPH,0.5166717440893233
NUSAP1,CENPH,0.5322946762534654
PCLAF,CENPH,0.5336869566702984
HMGB2,CENPH,0.5348450772959319
STMN1,CENPH,0.5401939329450324
TOP2A,CENPH,0.5402764069918504
CENPH,CENPH,1.0
CENPI,CENPI,0.9999999999998673
ANLN,CENPJ,0.40134769743302356
SMC4,CENPJ,0.40801596430746745
CEP55,CENPJ,0.408868005630678
DIAPH3,CENPJ,0.4153468611278681
ASPM,CENPJ,0.41951373923109764
PRC1,CENPJ,0.4226844145092227
STMN1,CENPJ,0.42354252279802457
TMPO,CENPJ,0.42422021990951536
UBE2C,CENPJ,0.42755292634799663
MKI67,CENPJ,0.4281880014613833
TPX2,CENPJ,0.4292626421658372
NUSAP1,CENPJ,0.43418448421964523
HMGB2,CENPJ,0.43896942409448964
CENPF,CENPJ,0.4450716408565445
TOP2A,CENPJ,0.4525142305389565
CENPJ,CENPJ,1.0
SPC25,CENPK,0.6162900774512766
CEP55,CENPK,0.6169369209628803
CLSPN,CENPK,0.6184224689637947
CENPW,CENPK,0.6188614498905884
PBK,CENPK,0.6219585429166298
MKI67,CENPK,0.623262451263892
CKS1B,CENPK,0.6247656369037523
H2AZ1,CENPK,0.6312552543585447
TMPO,CENPK,0.6340697698732026
DIAPH3,CENPK,0.6383927004953734
PTTG1,CENPK,0.6387490164482266
CENPF,CENPK,0.6466769528458778
TPX2,CENPK,0.6479639225624552
UBE2C,CENPK,0.6593557654144947
PRC1,CENPK,0.6610336247131714
HMGB2,CENPK,0.6723376142369862
STMN1,CENPK,0.6818685228370851
PCLAF,CENPK,0.6861735873889473
NUSAP1,CENPK,0.6884801462791076
TOP2A,CENPK,0.6928502169094103
CENPK,CENPK,1.0
ASPM,CENPM,0.5028505420721753
CDK1,CENPM,0.5028751786836919
CEP55,CENPM,0.5060893444673558
MKI67,CENPM,0.5110576228725794
H2AZ1,CENPM,0.5113301303699158
PBK,CENPM,0.5127005926867679
GTSE1,CENPM,0.5162456521863109
CKS1B,CENPM,0.5184370334863794
CENPW,CENPM,0.5202482755774925
BIRC5,CENPM,0.5247682196992232
TPX2,CENPM,0.5265337465172661
CENPF,CENPM,0.5340310247935822
STMN1,CENPM,0.5382599279533443
HMGB2,CENPM,0.5411964860103619
PCLAF,CENPM,0.5461917244046992
PRC1,CENPM,0.5462582877867496
UBE2C,CENPM,0.5467282432458072
PTTG1,CENPM,0.5520117674790561
TOP2A,CENPM,0.5603619411167159
NUSAP1,CENPM,0.5686529887500177
CENPM,CENPM,0.9999999999998369
CENPW,CENPN,0.5819337115321588
DLGAP5,CENPN,0.5824220435094518
GTSE1,CENPN,0.5851808788005176
PBK,CENPN,0.5867498290858646
ANLN,CENPN,0.5887591454337043
TMPO,CENPN,0.5913991530600574
ASPM,CENPN,0.5933251390885806
MKI67,CENPN,0.5950747553205867
BIRC5,CENPN,0.6009824307730908
PCLAF,CENPN,0.6076285933368354
CEP55,CENPN,0.6112522939820623
CENPF,CENPN,0.6232536779990341
TPX2,CENPN,0.6258988735210625
UBE2C,CENPN,0.6263376022449028
PTTG1,CENPN,0.6300413318606153
STMN1,CENPN,0.6310241961640973
PRC1,CENPN,0.6329335168835766
HMGB2,CENPN,0.6446833374905161
NUSAP1,CENPN,0.645859031242013
TOP2A,CENPN,0.6530835394701276
CENPN,CENPN,1.0
CENPP,CENPP,0.9999999999999464
SMC4,CENPQ,0.4005144432295218
PTTG1,CENPQ,0.4016668054417507
TPX2,CENPQ,0.40232427002757193
CENPW,CENPQ,0.4028693232263183
RAD51AP1,CENPQ,0.4037374890312048
GMNN,CENPQ,0.4046883108765417
PRC1,CENPQ,0.4048982646824752
DUT,CENPQ,0.40729908637124057
CENPF,CENPQ,0.4085644468360423
H2AZ1,CENPQ,0.41328775143633806
TMPO,CENPQ,0.41906183309181266
UBE2C,CENPQ,0.4213387963089265
CLSPN,CENPQ,0.4239845466728068
STMN1,CENPQ,0.436140223666544
NUSAP1,CENPQ,0.43629924337093806
TOP2A,CENPQ,0.4395843948999998
PCLAF,CENPQ,0.4410769009651107
HMGB2,CENPQ,0.44775073883831784
CENPQ,CENPQ,1.0
CDK1,CENPS,0.40191413526199266
CEP55,CENPS,0.4029515505304488
TMPO,CENPS,0.40430899872309
PBK,CENPS,0.4073966090936256
GTSE1,CENPS,0.40786190601063443
BIRC5,CENPS,0.4100517973644181
H2AZ1,CENPS,0.4124142995946976
TPX2,CENPS,0.4161794186146616
CENPF,CENPS,0.419096623983356
PRC1,CENPS,0.4236318179850432
PTTG1,CENPS,0.42431082826620875
UBE2C,CENPS,0.42452019643733885
HMGB2,CENPS,0.4341471304693184
STMN1,CENPS,0.4407311157747515
NUSAP1,CENPS,0.44159079931145906
TOP2A,CENPS,0.44449259870126134
PCLAF,CENPS,0.44762887964790543
CENPS,CENPS,1.0
CALD1,CENPT,0.5856194693871637
RBP1,CENPT,0.5864268307354892
HIP1,CENPT,0.5867329263584276
IFI16,CENPT,0.5886887806589471
SLC35F3,CENPT,0.5892824197137535
THBS1,CENPT,0.5919170968731281
NEBL,CENPT,0.5934846603602862
LINC00842,CENPT,0.6024624356372342
ABTB2,CENPT,0.6114393325567236
MIAT,CENPT,0.6218088718776607
CLU,CENPT,0.6329592373220065
DCN,CENPT,0.6330123617941456
IFI6,CENPT,0.6388951362123565
MGP,CENPT,0.6395322162595878
SLC44A1,CENPT,0.6440889464658874
KRT18,CENPT,0.6540386660017423
MORC3,CENPT,0.6720599991881336
TPST2,CENPT,0.6778432068135011
FLNB,CENPT,0.6859713253077604
SLC12A8,CENPT,0.6898792304488612
CENPT,CENPT,0.9999999999996023
DEK,CENPU,0.5280532075064842
SMC4,CENPU,0.5309192461613332
H2AZ1,CENPU,0.5323936437766597
RAD51AP1,CENPU,0.5357066186373476
CEP55,CENPU,0.5361386634444726
CENPK,CENPU,0.5384009447688037
GMNN,CENPU,0.5390258312497747
PBK,CENPU,0.5393515695483031
DUT,CENPU,0.540479509436054
CENPF,CENPU,0.5410315564898289
TPX2,CENPU,0.5420312548635352
DIAPH3,CENPU,0.5555824401543293
PRC1,CENPU,0.5561038742997225
TMPO,CENPU,0.5683624001171749
NUSAP1,CENPU,0.5791988046125338
TOP2A,CENPU,0.5798549623946484
CLSPN,CENPU,0.5872919946352203
STMN1,CENPU,0.5922531974677113
HMGB2,CENPU,0.5938105350826746
PCLAF,CENPU,0.6003402129818166
CENPU,CENPU,0.9999999999999593
MKI67,CENPW,0.6986236300643578
DLGAP5,CENPW,0.6987725840084112
CKS1B,CENPW,0.7016567251284128
CEP55,CENPW,0.7024434739340509
ASPM,CENPW,0.7034167129000938
PBK,CENPW,0.7036645084272056
HMMR,CENPW,0.7057128742973274
GTSE1,CENPW,0.7065599450447645
H2AZ1,CENPW,0.7102519036778416
PCLAF,CENPW,0.722951598349732
TPX2,CENPW,0.7288039649850173
BIRC5,CENPW,0.7312505074135722
HMGB2,CENPW,0.7455691086917074
CENPF,CENPW,0.7491300131179749
UBE2C,CENPW,0.7514124824807545
STMN1,CENPW,0.7518846686640246
PRC1,CENPW,0.7570921279349121
TOP2A,CENPW,0.7636546666090606
PTTG1,CENPW,0.7736080002447959
NUSAP1,CENPW,0.7765573405170165
CENPW,CENPW,1.0
CEP112,CEP112,1.0
CEP120,CEP120,1.0
CEP126,CEP126,0.9999999999998422
CEP128,CEP128,1.0
CEP135,CEP135,1.0
CENPF,CEP152,0.40782406145367955
MKI67,CEP152,0.4141155760560163
TOP2A,CEP152,0.4194942796355727
CEP152,CEP152,1.0
CEP162,CEP162,0.9999999999999011
CEP164,CEP164,0.9999999999998759
CEP19,CEP19,1.0
CEP192,CEP192,0.9999999999998498
CEP250-AS1,CEP250-AS1,0.9999999999994303
CEP290,CEP290,0.9999999999999177
CEP295,CEP295,1.0
CEP350,CEP350,0.9999999999999354
CEP43,CEP43,0.9999999999999901
CEP44,CEP44,0.9999999999998307
CDCA8,CEP55,0.7396986287440636
SMC4,CEP55,0.7423896912166882
PBK,CEP55,0.7478991275592339
TMPO,CEP55,0.755607858921379
GTSE1,CEP55,0.7568723560123066
HMMR,CEP55,0.7613890035017779
UBE2C,CEP55,0.7631819024850477
STMN1,CEP55,0.7641765842192765
ANLN,CEP55,0.7654328462120731
BIRC5,CEP55,0.7684207067881105
DLGAP5,CEP55,0.7781894693614837
ASPM,CEP55,0.7859441635576383
PTTG1,CEP55,0.7901240083634241
MKI67,CEP55,0.7923798808864754
HMGB2,CEP55,0.7960445169173496
TPX2,CEP55,0.8122772359840357
TOP2A,CEP55,0.8133404145609853
NUSAP1,CEP55,0.8140683420762914
PRC1,CEP55,0.8151952616937378
CENPF,CEP55,0.8235558606702684
CEP55,CEP55,1.0
CEP68,CEP68,1.0
CEP70,CEP70,0.9999999999998951
CEP78,CEP78,1.0
CEP83,CEP83,1.0
CEP85L,CEP85L,0.9999999999999247
CEP95,CEP95,1.0
CEP97,CEP97,0.9999999999998362
CERS1,CERS1,1.0
CERS4,CERS4,1.0
CETP,CETP,0.9999999999999442
CFAP100,CFAP100,0.9999999999997601
CFAP119,CFAP119,0.9999999999998638
CFAP144,CFAP144,1.0
CFAP161,CFAP161,0.9999999999997974
CFAP20DC-AS1,CFAP20DC-AS1,1.0
CFAP20DC-DT,CFAP20DC-DT,1.0
CFAP210,CFAP210,1.0
CFAP251,CFAP251,0.9999999999997004
CFAP299,CFAP299,0.9999999999999153
CFAP410,CFAP410,0.9999999999998891
CFAP418-AS1,CFAP418-AS1,1.0
CFAP44,CFAP44,1.0
CFAP44-AS1,CFAP44-AS1,1.0
CFAP52,CFAP52,1.0
CFAP54,CFAP54,1.0
CFAP69,CFAP69,0.9999999999996787
CFAP70,CFAP70,1.0
PSAP,CFB,0.5206315936784667
NEBL,CFB,0.5214046160733302
MIAT,CFB,0.5214608516357812
THBS1,CFB,0.5260523648962923
JUP,CFB,0.5367555502546054
LINC00842,CFB,0.5376614213910824
DCN,CFB,0.5420806858765735
IFI6,CFB,0.5511647577295593
SLC44A1,CFB,0.554851665377782
GSN,CFB,0.5617364037742991
KRT19,CFB,0.5618352067210531
TPST2,CFB,0.5754477800821128
AHNAK2,CFB,0.5766456152465171
CALD1,CFB,0.5887447728570655
FLNB,CFB,0.5960871899980894
SLC12A8,CFB,0.6193206300214552
RBP1,CFB,0.6222800291420145
MGP,CFB,0.6325782409676095
KRT18,CFB,0.6398070130065521
CLU,CFB,0.6724630924662192
CFB,CFB,1.0
CFD,CFD,0.9999999999998286
CFH,CFH,0.9999999999998782
CFHR1,CFHR1,1.0
CFL1P1,CFL1P1,1.0
CFLAR,CFLAR,1.0
CGA,CGA,1.0
CH25H,CH25H,0.999999999999881
CHAC1,CHAC1,0.9999999999999113
CHAF1A,CHAF1A,1.0
ZFHX3,CHAF1B,0.46954035096287333
CLU,CHAF1B,0.4740024707901891
REL,CHAF1B,0.47738924196003135
IFI16,CHAF1B,0.47783483761468054
NEBL,CHAF1B,0.4829485929565708
MIAT,CHAF1B,0.48408628979096985
HIP1,CHAF1B,0.4862282198529743
DCN,CHAF1B,0.492012175645237
ABTB2,CHAF1B,0.5001118648407515
LINC00842,CHAF1B,0.5007941870050727
KRT18,CHAF1B,0.5153577721820584
IFI6,CHAF1B,0.5166555574251515
SLC44A1,CHAF1B,0.5305967800268607
MGP,CHAF1B,0.5324632927565447
SLC12A8,CHAF1B,0.5337806705748865
FLNB,CHAF1B,0.5368845178247761
CENPT,CHAF1B,0.5438456182806394
SLC35F3,CHAF1B,0.5463286416310534
TPST2,CHAF1B,0.5531574890471346
MORC3,CHAF1B,0.7083593690314981
CHAF1B,CHAF1B,1.0
CHASERR,CHASERR,0.9999999999999571
CHD1-DT,CHD1-DT,1.0
CHD2,CHD2,1.0
CHD3,CHD3,1.0
CHD6,CHD6,0.9999999999998548
CHD9,CHD9,1.0
CHD9NB,CHD9NB,1.0
CHDH,CHDH,1.0
CHEK1,CHEK1,1.0
CHFR,CHFR,0.9999999999998473
CHI3L1,CHI3L1,1.0
CHIC1,CHIC1,1.0
CHKA,CHKA,0.9999999999996317
CHKB,CHKB,0.9999999999999105
CHMP3-AS1,CHMP3-AS1,0.9999999999997894
CHN1,CHN1,1.0
CHRDL1,CHRDL1,0.9999999999999406
CHRDL2,CHRDL2,1.0
ENSG00000234352,CHRM2,0.46016521581871284
CHRM2,CHRM2,0.9999999999999554
CHRM3,CHRM3,0.9999999999998126
CHRNE,CHRNE,1.0
CHROMR,CHROMR,0.9999999999998778
CHST10,CHST10,1.0
CHST11,CHST11,1.0
CHST14,CHST14,0.9999999999999933
CHST15,CHST15,1.0
CHST2,CHST2,0.9999999999997625
CHST3,CHST3,1.0
CHST7,CHST7,0.9999999999998288
CHSY1,CHSY1,0.9999999999998993
CHSY3,CHSY3,1.0
CHTF18,CHTF18,0.9999999999999092
CIBAR1,CIBAR1,0.9999999999998164
CIBAR1-DT,CIBAR1-DT,1.0
CIC,CIC,1.0
CILK1,CILK1,0.9999999999999605
BIRC5,CIP2A,0.5092856250688258
HMMR,CIP2A,0.5095176327608253
PRR11,CIP2A,0.5103752660429574
SMC4,CIP2A,0.5107666144774562
GTSE1,CIP2A,0.5137795286081177
CEP55,CIP2A,0.5174787680308085
UBE2C,CIP2A,0.5178545387061992
KIF20B,CIP2A,0.5182142176791661
PTTG1,CIP2A,0.5194907821837861
CENPE,CIP2A,0.520291010276614
DLGAP5,CIP2A,0.5234950940481441
HMGB2,CIP2A,0.5295013448550439
ANLN,CIP2A,0.5419584356627835
NUSAP1,CIP2A,0.5481750686899031
TPX2,CIP2A,0.5515837126921226
PRC1,CIP2A,0.5556361808427948
TOP2A,CIP2A,0.5591035960171971
ASPM,CIP2A,0.5613280269491198
MKI67,CIP2A,0.5617759766968805
CENPF,CIP2A,0.5681736762419206
CIP2A,CIP2A,1.0
CIRBP-AS1,CIRBP-AS1,1.0
PBK,CIT,0.40299329980936477
DLGAP5,CIT,0.40431625200441956
KIF4A,CIT,0.4055419874760028
BIRC5,CIT,0.4060367719838706
APOLD1,CIT,0.41010461099550155
KIF23,CIT,0.4130735807831423
KIF18B,CIT,0.41583493715625774
CENPE,CIT,0.4202609500154606
TPX2,CIT,0.42280148319440625
GTSE1,CIT,0.423957653427648
KIF11,CIT,0.4264037980550383
ASPM,CIT,0.43023118667948806
CENPF,CIT,0.4354397069599707
NUSAP1,CIT,0.4373210657798942
TOP2A,CIT,0.4425957857363802
PRC1,CIT,0.44472625497963403
KNL1,CIT,0.44827583404858823
ANLN,CIT,0.4492847351017677
MKI67,CIT,0.4552218708547682
ENSG00000290886,CIT,0.45891734873008483
CIT,CIT,1.0
LY6E,CITED2,0.40921232925084106
SLC12A8,CITED2,0.4096342076305747
TNFRSF11B,CITED2,0.40983870752582363
IFIT3,CITED2,0.4099942984579294
STAT1,CITED2,0.4162674073945965
TPM1,CITED2,0.419211862271649
ISG15,CITED2,0.4215690823941257
DCN,CITED2,0.42504739255888635
IFI16,CITED2,0.42804561857353723
GREM1,CITED2,0.4302398583276745
TAGLN,CITED2,0.4325287656169905
MGP,CITED2,0.4397116122502922
TPM2,CITED2,0.442397255663675
DKK1,CITED2,0.4426918166395367
THBS1,CITED2,0.4568162455567125
IFI6,CITED2,0.4622182385143047
CALD1,CITED2,0.4747674892367879
CITED2,CITED2,1.0
KIF20B,CKAP2,0.7073539729190089
ANLN,CKAP2,0.7111737444610412
CCNB1,CKAP2,0.7116905661620755
CDCA8,CKAP2,0.7144435713084507
CENPE,CKAP2,0.7161583905348922
GTSE1,CKAP2,0.72239654790251
UBE2C,CKAP2,0.7277108054061923
BIRC5,CKAP2,0.7283233574974807
HMMR,CKAP2,0.7301806719563376
CEP55,CKAP2,0.7338866590659315
HMGB2,CKAP2,0.7420359826612851
MKI67,CKAP2,0.7430887408852247
DLGAP5,CKAP2,0.7487982670254689
PTTG1,CKAP2,0.754059208935714
ASPM,CKAP2,0.7579400499118651
TPX2,CKAP2,0.7652177959048836
TOP2A,CKAP2,0.7658385283556899
PRC1,CKAP2,0.7716410730819638
NUSAP1,CKAP2,0.772089215450501
CENPF,CKAP2,0.7731444590975809
CKAP2,CKAP2,1.0
CENPE,CKAP2L,0.5928637016227034
PBK,CKAP2L,0.5932131414812304
HMMR,CKAP2L,0.5961867999822819
BIRC5,CKAP2L,0.5965274213172609
CDK1,CKAP2L,0.601812939165892
STMN1,CKAP2L,0.6044628751897002
DLGAP5,CKAP2L,0.61308399568017
GTSE1,CKAP2L,0.6132784508588474
ANLN,CKAP2L,0.6132905640854133
CEP55,CKAP2L,0.6139595139662158
PTTG1,CKAP2L,0.6180306345003468
ASPM,CKAP2L,0.6205611834816394
UBE2C,CKAP2L,0.6364072537263915
TPX2,CKAP2L,0.6400538366768793
HMGB2,CKAP2L,0.6429774848194866
PRC1,CKAP2L,0.6443770913219488
MKI67,CKAP2L,0.6462472453711348
CENPF,CKAP2L,0.659757237982327
NUSAP1,CKAP2L,0.6609816946880075
TOP2A,CKAP2L,0.677307186244542
CKAP2L,CKAP2L,1.0
MGP,CKAP4,0.40203088046039287
TPM1,CKAP4,0.4033248331343598
LOX,CKAP4,0.40421766447024116
HSPA5,CKAP4,0.40557299053364787
IFI16,CKAP4,0.40701030296728885
MX1,CKAP4,0.4150712678438825
FSTL1,CKAP4,0.4213033079111154
C12orf75,CKAP4,0.4224888548690717
ISG15,CKAP4,0.43042243626606264
LY6E,CKAP4,0.4445227406970645
IFIT3,CKAP4,0.4471003511766779
IFI6,CKAP4,0.46622640322649916
VIM,CKAP4,0.5058896063640403
HSP90B1,CKAP4,0.5098728869608311
CKAP4,CKAP4,1.0
PTTG1,CKAP5,0.43729705340502845
CKAP2,CKAP5,0.43733514039063076
CDCA8,CKAP5,0.43744843979250997
UBE2C,CKAP5,0.4377252673526617
KNL1,CKAP5,0.4405929990152087
KIF20B,CKAP5,0.4470969935151335
CCNB1,CKAP5,0.44823141892758145
HMMR,CKAP5,0.4484117707074895
CEP55,CKAP5,0.44983680531614134
GTSE1,CKAP5,0.45174387765820734
CENPE,CKAP5,0.4574712616771607
ANLN,CKAP5,0.463942942749087
NUSAP1,CKAP5,0.4686668809525706
DLGAP5,CKAP5,0.4686800793985033
ASPM,CKAP5,0.47664288041004027
TPX2,CKAP5,0.47797805435408547
TOP2A,CKAP5,0.4804046129520078
PRC1,CKAP5,0.48088990026769424
MKI67,CKAP5,0.483751681566142
CENPF,CKAP5,0.4919916962979229
CKAP5,CKAP5,0.9999999999999
CKB,CKB,1.0
CLSPN,CKLF,0.48215124727788494
CKS2,CKLF,0.48280637686473366
GTSE1,CKLF,0.4834284380905006
DUT,CKLF,0.483860408633775
BIRC5,CKLF,0.487968776812151
PBK,CKLF,0.48964876038592814
TPX2,CKLF,0.4921701984820019
CENPF,CKLF,0.49334445266634724
CKS1B,CKLF,0.5001249312069848
TUBA1B,CKLF,0.5049961674795765
CENPW,CKLF,0.5103131036740726
PRC1,CKLF,0.5120624926383226
PTTG1,CKLF,0.518771620746539
UBE2C,CKLF,0.5223733571042821
HMGB2,CKLF,0.5279410283909388
TOP2A,CKLF,0.5315682488840332
STMN1,CKLF,0.5340376122276188
NUSAP1,CKLF,0.5413441744740399
H2AZ1,CKLF,0.5465578204597467
PCLAF,CKLF,0.5546226904106246
CKLF,CKLF,1.0
CKMT2,CKMT2,1.0
CKMT2-AS1,CKMT2-AS1,0.9999999999997669
PBK,CKS1B,0.6923485875684684
HMMR,CKS1B,0.6923890205787394
CEP55,CKS1B,0.6947101899109337
DLGAP5,CKS1B,0.6949558611508625
CDK1,CKS1B,0.696272824325396
MKI67,CKS1B,0.6964298886664432
CENPW,CKS1B,0.7016567251284128
H2AZ1,CKS1B,0.7036210802079735
GTSE1,CKS1B,0.7094656504586236
PCLAF,CKS1B,0.7155837937543614
BIRC5,CKS1B,0.7221675932617009
TPX2,CKS1B,0.7281268098249278
CENPF,CKS1B,0.7444995255799137
STMN1,CKS1B,0.7471321709934701
PRC1,CKS1B,0.7514980095857214
PTTG1,CKS1B,0.7542010657549896
HMGB2,CKS1B,0.7566372344233715
UBE2C,CKS1B,0.7714252488107308
TOP2A,CKS1B,0.7804124048317106
NUSAP1,CKS1B,0.7851415185191075
CKS1B,CKS1B,1.0
PRR11,CKS2,0.6942281990156716
CENPE,CKS2,0.695755416062902
CCNB1,CKS2,0.6969330263153947
CDCA8,CKS2,0.6978606170409496
STMN1,CKS2,0.6997884672931274
CEP55,CKS2,0.7017022453453794
MKI67,CKS2,0.7088229342174887
HMMR,CKS2,0.7158122511231139
BIRC5,CKS2,0.7240893079544448
GTSE1,CKS2,0.7256634614283846
ASPM,CKS2,0.7269374748981663
DLGAP5,CKS2,0.7294861756169112
TPX2,CKS2,0.7313407597943032
HMGB2,CKS2,0.7376748413056264
PRC1,CKS2,0.751391127111714
CENPF,CKS2,0.7544312902692663
UBE2C,CKS2,0.7621737214175567
PTTG1,CKS2,0.7643808944051457
TOP2A,CKS2,0.7654949205887123
NUSAP1,CKS2,0.7689743567647562
CKS2,CKS2,0.9999999999999843
CLASP1,CLASP1,0.9999999999999811
CLASP2,CLASP2,1.0
CLASRP,CLASRP,1.0
CLBA1,CLBA1,1.0
CLCN2,CLCN2,0.9999999999998823
CLCN5,CLCN5,0.9999999999997754
CLCN6,CLCN6,0.9999999999999866
CLCN7,CLCN7,0.999999999999876
CLDN1,CLDN1,0.9999999999997441
CLDN10,CLDN10,1.0
CLDN11,CLDN11,1.0
CLDN12,CLDN12,1.0
CLDN14,CLDN14,1.0
CLDN14-AS1,CLDN14-AS1,0.9999999999996863
CLDN15,CLDN15,1.0
CLDN18,CLDN18,1.0
CLDN20,CLDN20,0.9999999999998229
CLDN3,CLDN3,0.9999999999997383
CLDN4,CLDN4,1.0
CLEC16A,CLEC16A,0.999999999999825
CLEC2B,CLEC2B,0.9999999999997798
CLEC2D,CLEC2D,1.0
CLEC3B,CLEC3B,1.0
CLEC4A,CLEC4A,1.0
CLHC1,CLHC1,1.0
ENSG00000291105,CLIC3,0.42050525524668875
IFI16,CLIC3,0.4343264266564391
MORC3,CLIC3,0.4372295714419965
AHNAK2,CLIC3,0.4411057563497169
THBS1,CLIC3,0.4426474407402113
DCN,CLIC3,0.45085331789979566
S100A6,CLIC3,0.4514531142395937
SLC44A1,CLIC3,0.45649995201953025
PRSS3,CLIC3,0.45691703336376255
S100A10,CLIC3,0.46008614013546023
IFI6,CLIC3,0.46167207033612184
SLC12A8,CLIC3,0.4776768719434759
TPST2,CLIC3,0.48195131388660933
LINC00842,CLIC3,0.48503240429199296
FLNB,CLIC3,0.488270609747238
KRT19,CLIC3,0.488745875721002
RBP1,CLIC3,0.49681521482638047
CLU,CLIC3,0.5003776076491572
MGP,CLIC3,0.5298355503367876
KRT18,CLIC3,0.5630509036567857
CLIC3,CLIC3,0.9999999999998608
SLC12A8,CLIC4,0.4036943821636967
CLU,CLIC4,0.41824450405229263
FLNB,CLIC4,0.4203591160108254
KRT18,CLIC4,0.4235354493705346
CLIC4,CLIC4,1.0
HIPK2,CLIP1,0.5035710153036452
IFI16,CLIP1,0.5040203066562695
MIAT,CLIP1,0.5080811787439649
SLC35F3,CLIP1,0.5135210279197805
GAS7,CLIP1,0.5145869612539224
NEBL,CLIP1,0.5245558950205845
AHNAK2,CLIP1,0.5256965909575637
ISG15,CLIP1,0.528368513823077
LINC00842,CLIP1,0.5306898617212157
ABTB2,CLIP1,0.5329622622441419
IFI6,CLIP1,0.543695947146397
CENPT,CLIP1,0.5452012562723997
MORC3,CLIP1,0.5469218621527191
CLU,CLIP1,0.5564048470253214
MGP,CLIP1,0.5577918417011881
KRT18,CLIP1,0.566612925331954
SLC44A1,CLIP1,0.5670146196861728
TPST2,CLIP1,0.5813342290201513
FLNB,CLIP1,0.5970910055258899
SLC12A8,CLIP1,0.6004157014146393
CLIP1,CLIP1,0.9999999999998611
CLIP2,CLIP2,0.9999999999996644
CLIP3,CLIP3,0.9999999999999046
CLIP4,CLIP4,0.9999999999999535
CLK1,CLK1,1.0
CLK2,CLK2,0.9999999999997419
CLK4,CLK4,0.9999999999997021
IFI16,CLMP,0.4040408681037638
MGP,CLMP,0.4063372275935543
LY6E,CLMP,0.4139841626936181
LUM,CLMP,0.439236949379644
THBS1,CLMP,0.4434546560893146
DCN,CLMP,0.46902007901616677
IFI6,CLMP,0.47129178839880853
CLMP,CLMP,1.0
CLOCK,CLOCK,1.0
HELLS,CLSPN,0.6031674833174967
RRM2,CLSPN,0.6031835822994087
UBE2C,CLSPN,0.6065496167809771
RRM1,CLSPN,0.6089071290972857
TPX2,CLSPN,0.6113410996807392
ESCO2,CLSPN,0.6152452657526014
RAD51AP1,CLSPN,0.6159427342467131
DUT,CLSPN,0.6178802145415825
CENPK,CLSPN,0.6184224689637947
ATAD2,CLSPN,0.6204264854204414
PRC1,CLSPN,0.6299298328132555
H2AZ1,CLSPN,0.6319064580468352
GMNN,CLSPN,0.6331575986683908
TMPO,CLSPN,0.6420472529130318
DIAPH3,CLSPN,0.6422039818462586
NUSAP1,CLSPN,0.6520023615515288
TOP2A,CLSPN,0.6650171342366997
HMGB2,CLSPN,0.6761254104253002
STMN1,CLSPN,0.6767581347278914
PCLAF,CLSPN,0.7137544230487276
CLSPN,CLSPN,0.9999999999999004
CLSTN3,CLSTN3,1.0
CLTCL1,CLTCL1,1.0
MIAT,CLU,0.6334118780020074
PRSS3,CLU,0.638019575876879
NEBL,CLU,0.6420621093009956
GSN,CLU,0.6462336603185785
IFI16,CLU,0.6468701116573436
THBS1,CLU,0.6536581292173198
DCN,CLU,0.6621818625404835
KRT19,CLU,0.6652965646966718
CALD1,CLU,0.6661098181836915
CFB,CLU,0.6724630924662192
AHNAK2,CLU,0.6757780766588393
LINC00842,CLU,0.6917886976271245
SLC44A1,CLU,0.7003386466827727
IFI6,CLU,0.708495457190822
TPST2,CLU,0.7278482839275856
FLNB,CLU,0.7407752138053176
RBP1,CLU,0.7453340624413692
SLC12A8,CLU,0.7520440229777191
KRT18,CLU,0.7949562592008564
MGP,CLU,0.8269119088098091
CLU,CLU,0.9999999999998915
CLUAP1,CLUAP1,1.0
CLUH,CLUH,0.9999999999998678
CLUL1,CLUL1,0.9999999999998302
CLVS1,CLVS1,1.0
CLXN,CLXN,1.0
CLYBL,CLYBL,0.9999999999997569
PBK,CMC2,0.48066353813399226
HMGB1,CMC2,0.48146608850251527
GTSE1,CMC2,0.4820094230387377
DUT,CMC2,0.48410956785378295
CEP55,CMC2,0.4847731652001101
CENPW,CMC2,0.48699686066223086
BIRC5,CMC2,0.4874170704554953
TMPO,CMC2,0.4878004144837474
CKS1B,CMC2,0.48807124962889875
H2AZ1,CMC2,0.49560569433118606
CENPF,CMC2,0.5033263673046325
TPX2,CMC2,0.5033746938154358
PCLAF,CMC2,0.5048482231273731
PRC1,CMC2,0.5048967023827462
PTTG1,CMC2,0.5082099133219379
UBE2C,CMC2,0.5278321602803809
TOP2A,CMC2,0.5298604593671523
NUSAP1,CMC2,0.5319596705664751
HMGB2,CMC2,0.5372230713717808
STMN1,CMC2,0.5419054178347699
CMC2,CMC2,0.9999999999999398
CMKLR2,CMKLR2,0.9999999999999618
CMPK2,CMPK2,1.0
CMTM4,CMTM4,1.0
CMTM8,CMTM8,0.9999999999996403
CMTR1,CMTR1,0.9999999999998306
CMTR2,CMTR2,1.0
CMYA5,CMYA5,0.9999999999998239
CNBD2,CNBD2,0.999999999999893
CNIH2,CNIH2,0.9999999999999633
CNIH3,CNIH3,0.9999999999997864
CNKSR1,CNKSR1,0.9999999999999876
CNKSR3,CNKSR3,1.0
TAGLN,CNN1,0.40934306364994666
CNN1,CNN1,0.99999999999993
CNN2,CNN2,1.0
CNN3,CNN3,1.0
CNN3-DT,CNN3-DT,1.0
CNNM2,CNNM2,0.9999999999999488
CNNM3,CNNM3,1.0
CNNM4,CNNM4,0.9999999999997539
CNOT6,CNOT6,0.9999999999995983
CNOT6L,CNOT6L,1.0
CNOT8,CNOT8,0.9999999999999818
CNP,CNP,1.0
CNPY2-AS1,CNPY2-AS1,0.9999999999998189
CNST,CNST,0.9999999999997892
CNTD1,CNTD1,1.0
CNTF,CNTF,0.9999999999999307
CNTLN,CNTLN,1.0
CNTN3,CNTN3,0.9999999999998973
CNTNAP1,CNTNAP1,1.0
CNTRL,CNTRL,1.0
CNTROB,CNTROB,1.0
COA6-AS1,COA6-AS1,0.9999999999999928
COBLL1,COBLL1,1.0
COCH,COCH,1.0
COG8,COG8,1.0
COL11A1,COL11A1,0.9999999999999647
THBS1,COL12A1,0.4254954703111223
COL12A1,COL12A1,1.0
COL13A1,COL13A1,1.0
COL14A1,COL14A1,0.9999999999995524
COL15A1,COL15A1,0.9999999999998843
COL16A1,COL16A1,1.0
COL17A1,COL17A1,0.9999999999997261
COL18A1,COL18A1,0.9999999999998943
COL19A1,COL19A1,1.0
COL3A1,COL1A1,0.4546803543697489
SPARC,COL1A1,0.46554147734548945
COL1A2,COL1A1,0.7154720366953198
COL1A1,COL1A1,0.9999999999999942
FSTL1,COL1A2,0.4108002229332122
COL5A2,COL1A2,0.41655125871710835
MMP2,COL1A2,0.426949876522052
COL6A1,COL1A2,0.4328294634885922
SERPINE2,COL1A2,0.45830208671546996
COL6A3,COL1A2,0.4632790895407976
SPARC,COL1A2,0.46794537762046406
FN1,COL1A2,0.47300329664156393
COL3A1,COL1A2,0.5844215085337598
COL1A1,COL1A2,0.7154720366953198
COL1A2,COL1A2,0.999999999999999
COL21A1,COL21A1,1.0
COL24A1,COL24A1,1.0
COL27A1,COL27A1,0.9999999999998865
APP,COL3A1,0.4134199221927457
TNC,COL3A1,0.4179425710046649
COL5A2,COL3A1,0.4312164491682458
LUM,COL3A1,0.4485580959051975
COL6A3,COL3A1,0.4497536789919054
COL1A1,COL3A1,0.4546803543697489
FSTL1,COL3A1,0.4641147740685534
DCN,COL3A1,0.46464001107058445
THBS1,COL3A1,0.4713898469876808
COL1A2,COL3A1,0.5844215085337598
COL3A1,COL3A1,1.0
THBS1,COL4A1,0.460691540529181
MGP,COL4A1,0.4647942809154379
TPM1,COL4A1,0.46686285944985717
PLSCR1,COL4A1,0.46797361928645537
GREM1,COL4A1,0.4680576215743298
FAP,COL4A1,0.4703780728726128
HSP90B1,COL4A1,0.4806613935805151
COL6A2,COL4A1,0.49509922304156684
THBS1-IT1,COL4A1,0.496024746631095
IFI6,COL4A1,0.4980614257209249
IFI16,COL4A1,0.5055636565339862
IFIT1,COL4A1,0.509431663707512
ISG15,COL4A1,0.5116034209803998
MT-ND4L,COL4A1,0.5144508580426325
STAT1,COL4A1,0.5161820878113849
IFIT3,COL4A1,0.5164950214558756
EPSTI1,COL4A1,0.5220313903011017
MT-ATP8,COL4A1,0.5448498478425734
MX1,COL4A1,0.5515505688494959
COL4A2,COL4A1,0.6211661586986053
COL4A1,COL4A1,0.9999999999999998
GREM1,COL4A2,0.48023107216375005
RBP1,COL4A2,0.48107342208690174
TPST2,COL4A2,0.4818865722807438
CLU,COL4A2,0.48200228230014025
LY6E,COL4A2,0.48220324020612987
STAT1,COL4A2,0.4925287188906232
IFIT3,COL4A2,0.4926007359762549
MX1,COL4A2,0.49335149141984014
MT-ATP8,COL4A2,0.49721981297109547
KRT18,COL4A2,0.50071512366607
ISG15,COL4A2,0.502338286749266
CALD1,COL4A2,0.5024264566075929
SLC12A8,COL4A2,0.5055590784305107
DCN,COL4A2,0.5062599165745167
IFI16,COL4A2,0.5074268594339877
MGP,COL4A2,0.5170365592137661
COL6A2,COL4A2,0.528790852261114
THBS1,COL4A2,0.5315344463646308
IFI6,COL4A2,0.5496174522385678
COL4A1,COL4A2,0.6211661586986053
COL4A2,COL4A2,0.9999999999999776
COL4A4,COL4A4,1.0
COL4A5,COL4A5,1.0
COL5A1,COL5A1,1.0
COL1A2,COL5A2,0.41655125871710835
COL3A1,COL5A2,0.4312164491682458
COL5A2,COL5A2,1.0
COL5A3,COL5A3,0.9999999999998745
THBS1-IT1,COL6A1,0.40049855028901116
COL4A2,COL6A1,0.4032213279716244
TNC,COL6A1,0.407503487706691
AEBP1,COL6A1,0.4099439229933599
APP,COL6A1,0.4159801539928968
IFI6,COL6A1,0.42959022307138733
COL1A2,COL6A1,0.4328294634885922
DCN,COL6A1,0.4416877210396023
COL6A3,COL6A1,0.4455037184964884
THBS1,COL6A1,0.4575595457543581
COL6A2,COL6A1,0.5759369693470666
COL6A1,COL6A1,0.999999999999995
GREM1,COL6A2,0.4981428638076508
IFITM1,COL6A2,0.5015976719633003
FLNB,COL6A2,0.5062903057420186
TPST2,COL6A2,0.5079513935727987
MT-ND4L,COL6A2,0.5215034586296131
LY6E,COL6A2,0.5266275236598561
MX1,COL6A2,0.5269502064657595
ISG15,COL6A2,0.5276510171760562
SLC12A8,COL6A2,0.5282104427358609
COL4A2,COL6A2,0.528790852261114
AEBP1,COL6A2,0.528868495771754
STAT1,COL6A2,0.5297188640751523
IFI16,COL6A2,0.5343333066467317
KRT18,COL6A2,0.5449209833921689
MGP,COL6A2,0.5592309242970278
DCN,COL6A2,0.5640198550459588
MT-ATP8,COL6A2,0.568239679232288
THBS1,COL6A2,0.5701616937723516
COL6A1,COL6A2,0.5759369693470666
IFI6,COL6A2,0.6027437369688912
COL6A2,COL6A2,1.0
C1R,COL6A3,0.40378013515419897
THBS1-IT1,COL6A3,0.41411015036157195
FSIP1,COL6A3,0.4210889169048779
S100A10,COL6A3,0.42263690106833995
LUM,COL6A3,0.4231469692483661
COL6A2,COL6A3,0.44465880455259416
COL6A1,COL6A3,0.4455037184964884
TNC,COL6A3,0.44771232670311567
COL3A1,COL6A3,0.4497536789919054
DCN,COL6A3,0.46085076540786357
COL1A2,COL6A3,0.4632790895407976
APP,COL6A3,0.4678221616163917
THBS1,COL6A3,0.49517276139306404
COL6A3,COL6A3,0.9999999999999897
COL6A6,COL6A6,1.0
COL7A1,COL7A1,0.9999999999999069
COL8A1,COL8A1,0.9999999999999932
COLEC10,COLEC10,0.9999999999999877
COLEC12,COLEC12,1.0
COLGALT2,COLGALT2,1.0
COLQ,COLQ,1.0
COMMD10,COMMD10,0.9999999999998452
COMP,COMP,1.0
COP1,COP1,1.0
COP1-DT,COP1-DT,1.0
COPB2-DT,COPB2-DT,1.0
COPG2,COPG2,1.0
COPG2IT1,COPG2IT1,0.9999999999998893
COPS8-DT,COPS8-DT,1.0
COQ10A,COQ10A,1.0
COQ8A,COQ8A,1.0
COQ8B,COQ8B,1.0
CORIN,CORIN,1.0
CORO1C,CORO1C,0.9999999999999453
CORO2A,CORO2A,1.0
CORO2B,CORO2B,1.0
CORO6,CORO6,0.9999999999997334
CORO7,CORO7,0.9999999999998942
COSMOC,COSMOC,1.0
COX10,COX10,1.0
COX10-DT,COX10-DT,1.0
COX7A1,COX7A1,1.0
SLC12A8,CPA4,0.4077729222134634
KRT18,CPA4,0.40928981091622907
MGP,CPA4,0.4170377933957489
CLU,CPA4,0.42178153383616984
CPA4,CPA4,1.0
CPAMD8,CPAMD8,0.9999999999995712
CPD,CPD,1.0
CPEB1,CPEB1,0.9999999999999908
CPEB2,CPEB2,1.0
CPEB3,CPEB3,0.9999999999998195
CPEB4,CPEB4,0.9999999999998754
CPED1,CPED1,1.0
CPHXL2,CPHXL2,1.0
CPLANE1,CPLANE1,1.0
CPM,CPM,1.0
CPNE7,CPNE7,0.9999999999998165
CPNE8,CPNE8,0.9999999999997998
CPO,CPO,0.9999999999999066
CPQ,CPQ,1.0
CPS1,CPS1,0.999999999999963
CPS1-IT1,CPS1-IT1,0.9999999999996292
CPSF4,CPSF4,0.9999999999997333
CPT1B,CPT1B,1.0
CPT1C,CPT1C,1.0
CPXM1,CPXM1,1.0
CPXM2,CPXM2,0.9999999999999376
CPZ,CPZ,0.9999999999999762
CR1L,CR1L,0.9999999999999987
IGFBP6,CRABP2,0.40960940751070135
S100A4,CRABP2,0.4367849772436159
S100A10,CRABP2,0.45013271786229275
S100A6,CRABP2,0.45543728853286664
CRABP2,CRABP2,0.9999999999999846
CRACD,CRACD,0.9999999999998223
CRACR2A,CRACR2A,0.9999999999997996
CRADD,CRADD,0.9999999999997342
CRAMP1,CRAMP1,1.0
CREB1,CREB1,0.9999999999998032
CREB3L2,CREB3L2,1.0
CREB3L2-AS1,CREB3L2-AS1,0.9999999999997048
CREB3L4,CREB3L4,0.9999999999999514
CREB5,CREB5,0.9999999999999194
CREBBP,CREBBP,1.0
CREBRF,CREBRF,1.0
CREBZF,CREBZF,0.9999999999997354
CRELD1,CRELD1,0.9999999999996679
CRHR2,CRHR2,0.9999999999998233
C12orf75,CRIM1,0.40748732493312123
TPM1,CRIM1,0.41517655892956135
TAGLN,CRIM1,0.4192503110201531
CRIM1,CRIM1,0.9999999999999852
CRIP1,CRIP1,1.0
CRIP2,CRIP2,0.9999999999998153
CRISPLD2,CRISPLD2,0.9999999999999512
CRLF1,CRLF1,0.9999999999999459
CRMP1,CRMP1,1.0
CRNDE,CRNDE,1.0
CROCC,CROCC,0.999999999999996
CROCCP2,CROCCP2,0.9999999999999717
CROCCP3,CROCCP3,1.0
CROT,CROT,1.0
CRPPA,CRPPA,1.0
CRPPA-AS1,CRPPA-AS1,0.9999999999999506
CRTC1,CRTC1,1.0
CRTC2,CRTC2,1.0
CRTC3,CRTC3,1.0
CRTC3-AS1,CRTC3-AS1,0.9999999999997156
CRY2,CRY2,1.0
CRYAB,CRYAB,1.0
CRYBG1,CRYBG1,1.0
CRYBG3,CRYBG3,1.0
CRYM,CRYM,0.9999999999995081
CSAD,CSAD,1.0
CSF1,CSF1,1.0
CSF2,CSF2,0.9999999999998613
CSF2RA,CSF2RA,1.0
CSF3,CSF3,0.9999999999999484
CSKMT,CSKMT,1.0
CSMD2,CSMD2,0.9999999999996648
CSNK1G1,CSNK1G1,1.0
CSPG4,CSPG4,0.9999999999999115
CSPP1,CSPP1,0.9999999999999718
CSRNP2,CSRNP2,0.9999999999998396
CSRNP3,CSRNP3,0.9999999999997182
CSRP1,CSRP1,0.9999999999999495
LUM,CSRP2,0.40221885383202066
IFI6,CSRP2,0.402405120861424
DCN,CSRP2,0.4175750626780515
CSRP2,CSRP2,1.0
CST6,CST6,1.0
CST7,CST7,1.0
CSTA,CSTA,1.0
MT-ND4L,CSTB,0.4384132958451694
IGFBP6,CSTB,0.43989828751426663
BLVRB,CSTB,0.439904274047963
KRT19,CSTB,0.4407058984597039
MT-ND2,CSTB,0.4447482281778295
RBP1,CSTB,0.4504072163450238
FTL,CSTB,0.4660763497635256
CLU,CSTB,0.4673340307377213
MGP,CSTB,0.4789265317490732
S100A11,CSTB,0.4800307901928483
MT-ATP8,CSTB,0.48336236669184557
S100A13,CSTB,0.4904963585719511
KRT18,CSTB,0.4960217393571281
S100A10,CSTB,0.5083816712136024
SH3BGRL3,CSTB,0.5142541351998361
TXN,CSTB,0.5156998837388993
PRDX5,CSTB,0.5176742030277142
S100A4,CSTB,0.5332396766203301
ELOB,CSTB,0.5359535278986546
S100A6,CSTB,0.6379996636931397
CSTB,CSTB,0.9999999999999932
CSTF3-DT,CSTF3-DT,1.0
CSTPP1,CSTPP1,1.0
CTBP1-AS,CTBP1-AS,0.9999999999994629
CTBP1-DT,CTBP1-DT,0.9999999999998739
CTC-338M12.4,CTC-338M12.4,1.0
CTC1,CTC1,1.0
CTD-2350J17.1,CTD-2350J17.1,1.0
CTDSPL,CTDSPL,1.0
CTDSPL2,CTDSPL2,0.9999999999999412
CTH,CTH,1.0
STAT1,CTHRC1,0.40109942134371385
LUM,CTHRC1,0.4022858117467928
TPST2,CTHRC1,0.4075715758022368
IFITM1,CTHRC1,0.40931314975585037
THBS1,CTHRC1,0.41017101145673923
ISG15,CTHRC1,0.41448566753737404
SLC12A8,CTHRC1,0.4200734148310832
CALD1,CTHRC1,0.4282397410993027
KRT18,CTHRC1,0.4333345578449726
MGP,CTHRC1,0.43336834180030137
LY6E,CTHRC1,0.43478030572643367
FLNB,CTHRC1,0.43634023686676715
IFI16,CTHRC1,0.43823078698981105
GREM1,CTHRC1,0.4385535943060235
DCN,CTHRC1,0.47851691815243713
IFI6,CTHRC1,0.4977898092472517
CTHRC1,CTHRC1,1.0
KANSL1,CTIF,0.401426066528033
NFAT5,CTIF,0.4033914062265366
ABTB2,CTIF,0.40386370732740046
AKAP13,CTIF,0.4042014620190775
IFITM3,CTIF,0.4073044054292822
IFI6,CTIF,0.41103536081243314
DOCK5,CTIF,0.4114718083760438
DLG1,CTIF,0.41178455382058743
IFIT1,CTIF,0.41309914780376006
IFITM1,CTIF,0.41701524062282336
IFI16,CTIF,0.42084510575547013
MRTFA,CTIF,0.422493999462756
MX1,CTIF,0.42419939661282136
SLC12A8,CTIF,0.4257164416759612
IFIT3,CTIF,0.4273969949825384
PVT1,CTIF,0.4418365161683
MAGI1,CTIF,0.4622408906663724
NEAT1,CTIF,0.4676475260604394
ISG15,CTIF,0.47212827177316635
CTIF,CTIF,1.0
CTNNAL1,CTNNAL1,1.0
CTNNB1,CTNNB1,1.0
CTNNBIP1,CTNNBIP1,0.999999999999881
CTNS,CTNS,1.0
CTNS-AS1,CTNS-AS1,1.0
CTPS1,CTPS1,0.9999999999996833
CTPS2,CTPS2,0.9999999999998137
CTRB2,CTRB2,0.9999999999999215
CTRL,CTRL,0.9999999999996398
CTSB,CTSB,1.0
LUM,CTSC,0.44789285503414866
PTN,CTSC,0.4486363100064069
THBS1,CTSC,0.44934209807943415
RBP1,CTSC,0.4500614989258507
CLU,CTSC,0.45776199793474975
SLC44A1,CTSC,0.4590587059010739
IFITM3,CTSC,0.4591456455713566
KRT18,CTSC,0.46247646939287257
CALD1,CTSC,0.4626283421838138
FLNB,CTSC,0.4637025897829798
TPST2,CTSC,0.4664549676446897
IFITM1,CTSC,0.474675131400899
IFIT3,CTSC,0.4820937120407604
SLC12A8,CTSC,0.48461721056826623
ISG15,CTSC,0.4870322330280896
LY6E,CTSC,0.49967307842590386
IFI16,CTSC,0.5108082494642139
DCN,CTSC,0.5133313138480096
MGP,CTSC,0.5144366534832637
IFI6,CTSC,0.5558814224637515
CTSC,CTSC,0.9999999999999863
CTSD,CTSD,1.0
AEBP1,CTSK,0.5171015572708008
STAT1,CTSK,0.5197985837483863
TPST2,CTSK,0.5220471609779013
HLA-B,CTSK,0.5238673436213149
TNFRSF11B,CTSK,0.5249626811173229
CALD1,CTSK,0.5271782140374514
C1R,CTSK,0.5278176422140818
IFITM1,CTSK,0.5290769124217564
MME,CTSK,0.5309348832479365
SLC12A8,CTSK,0.5388142129612284
IFI16,CTSK,0.5461392468552514
GREM1,CTSK,0.5489532241203763
FLNB,CTSK,0.554404719597595
KRT18,CTSK,0.5659420392303104
MGP,CTSK,0.5684928020430093
LY6E,CTSK,0.5757467824368241
THBS1,CTSK,0.5934278262848603
LUM,CTSK,0.6527859539655686
IFI6,CTSK,0.6683299100909434
DCN,CTSK,0.7087823243288727
CTSK,CTSK,0.9999999999999722
CTSL,CTSL,1.0
CTSO,CTSO,1.0
CTSS,CTSS,1.0
CTTN-DT,CTTN-DT,1.0
CUBN,CUBN,1.0
CUL1,CUL1,0.999999999999733
CUL3,CUL3,1.0
CUL4A,CUL4A,0.9999999999999534
CUL4B,CUL4B,0.9999999999999806
CUL7,CUL7,0.9999999999997987
CUL9,CUL9,0.9999999999999752
CWF19L2,CWF19L2,1.0
SOD2,CXCL1,0.4692426190052503
CXCL6,CXCL1,0.4817020759488992
IL6,CXCL1,0.4827251091378044
CXCL2,CXCL1,0.48339520464059216
CCL2,CXCL1,0.5781637051058551
CXCL3,CXCL1,0.6176232520093345
CXCL8,CXCL1,0.6917920735393482
CXCL1,CXCL1,1.0
CXCL11,CXCL10,0.4690394839175128
CXCL10,CXCL10,1.0
CXCL10,CXCL11,0.4690394839175128
CXCL11,CXCL11,0.9999999999999537
MGP,CXCL12,0.40778771092679944
KRT18,CXCL12,0.4218829196173265
IFI6,CXCL12,0.42447961911256926
CXCL12,CXCL12,1.0
CXCL14,CXCL14,0.9999999999998482
CXCL8,CXCL2,0.46556526641316726
CXCL1,CXCL2,0.48339520464059216
CXCL3,CXCL2,0.5332203069959351
CXCL2,CXCL2,0.9999999999998362
IL6,CXCL3,0.4664083540293035
CCL2,CXCL3,0.4704055631418555
CXCL2,CXCL3,0.5332203069959351
CXCL8,CXCL3,0.6169563734320117
CXCL1,CXCL3,0.6176232520093345
CXCL3,CXCL3,1.0
CXCL5,CXCL5,1.0
SOD2,CXCL6,0.4250004238228718
CXCL1,CXCL6,0.4817020759488992
CXCL6,CXCL6,1.0
SOD2,CXCL8,0.4301842962569484
CXCL2,CXCL8,0.46556526641316726
IL6,CXCL8,0.5225334740952896
CCL2,CXCL8,0.5513206926107864
CXCL3,CXCL8,0.6169563734320117
CXCL1,CXCL8,0.6917920735393482
CXCL8,CXCL8,1.0
CYB561A3,CYB561A3,0.9999999999999128
MT-ATP8,CYB5A,0.41171464279936193
DCN,CYB5A,0.412358086291474
IFI6,CYB5A,0.4140715695639405
AHNAK2,CYB5A,0.4241145462377885
BLVRB,CYB5A,0.43438289626396265
S100A4,CYB5A,0.4380016250735947
SLC44A1,CYB5A,0.4481851304877899
KRT19,CYB5A,0.44850005292938944
CFB,CYB5A,0.4508925288668021
TPST2,CYB5A,0.45276359442040814
LINC00842,CYB5A,0.45832167057597445
PRDX5,CYB5A,0.4612247289676251
FLNB,CYB5A,0.46554111891256844
S100A10,CYB5A,0.4724309203790777
SLC12A8,CYB5A,0.4781386390395311
RBP1,CYB5A,0.4787209573355372
CLU,CYB5A,0.5123485315001381
S100A6,CYB5A,0.5133760889323477
MGP,CYB5A,0.5241426519663168
KRT18,CYB5A,0.545126917281337
CYB5A,CYB5A,1.0
CYB5D1,CYB5D1,1.0
CYB5R4,CYB5R4,0.9999999999998417
CYFIP2,CYFIP2,1.0
CYGB,CYGB,1.0
CYLD,CYLD,0.9999999999999287
CYP11A1,CYP11A1,0.9999999999999657
CYP19A1,CYP19A1,1.0
CYP1B1,CYP1B1,1.0
CYP1B1-AS1,CYP1B1-AS1,1.0
CYP27A1,CYP27A1,1.0
CYP27B1,CYP27B1,1.0
CYP2A6,CYP2A6,0.9999999999997593
CYP2A7,CYP2A7,1.0
CYP2E1,CYP2E1,0.9999999999999072
CYP2G1P,CYP2G1P,1.0
CYP2R1,CYP2R1,0.9999999999999182
CYP2U1-AS1,CYP2U1-AS1,1.0
CYP3A5,CYP3A5,1.0
CYP46A1,CYP46A1,1.0
CYP4F26P,CYP4F26P,1.0
CYP4Z1,CYP4Z1,1.0
CYP51A1,CYP51A1,0.9999999999999551
CYP51A1-AS1,CYP51A1-AS1,0.9999999999999937
CYP7B1,CYP7B1,1.0
FLNB,CYRIB,0.4174869867056921
SLC12A8,CYRIB,0.42431174193139026
CYRIB,CYRIB,0.9999999999999704
CYSTM1,CYSTM1,0.9999999999998536
CYTH1,CYTH1,1.0
CYTH3,CYTH3,1.0
CYTOR,CYTOR,1.0
CYYR1,CYYR1,1.0
CZIB-DT,CZIB-DT,0.9999999999997967
D2HGDH,D2HGDH,1.0
DAAM1,DAAM1,1.0
DAAM2,DAAM2,1.0
DAAM2-AS1,DAAM2-AS1,0.999999999999874
DAB1,DAB1,0.9999999999996984
CALD1,DAB2,0.4240181103820983
DCN,DAB2,0.43946162229550106
DAB2,DAB2,0.9999999999999767
DACT1,DACT1,1.0
DACT3,DACT3,0.9999999999999626
DAGLB,DAGLB,0.9999999999998097
DANT1,DANT1,1.0
DANT2,DANT2,0.999999999999726
DAP-DT,DAP-DT,0.9999999999998727
DAPK1,DAPK1,1.0
DAPK2,DAPK2,1.0
DAPK3,DAPK3,1.0
DARS1-AS1,DARS1-AS1,0.9999999999997052
ANLN,DBF4,0.561620084563221
KIF20B,DBF4,0.5636112499252689
CCNB1,DBF4,0.5637105056972808
HMMR,DBF4,0.5654676745276991
BIRC5,DBF4,0.5663484235634944
CENPE,DBF4,0.5676097593616313
CEP55,DBF4,0.5697943445068216
GTSE1,DBF4,0.5749955558413008
CDCA8,DBF4,0.5800030398780703
MKI67,DBF4,0.5861455882528969
DLGAP5,DBF4,0.5880093736855877
PTTG1,DBF4,0.5903268111258798
TPX2,DBF4,0.5966068340654759
PRC1,DBF4,0.59960306638098
HMGB2,DBF4,0.6015911252789474
UBE2C,DBF4,0.6024399279774267
ASPM,DBF4,0.6027258196704884
CENPF,DBF4,0.6101838937794478
NUSAP1,DBF4,0.6118719694572242
TOP2A,DBF4,0.6134506569746732
DBF4,DBF4,0.9999999999999991
DBF4B,DBF4B,1.0
DCAF1,DCAF1,0.9999999999996297
DCAF10,DCAF10,1.0
DCAF11,DCAF11,1.0
DCAF17,DCAF17,1.0
DCAF5,DCAF5,1.0
DCAF8,DCAF8,1.0
DCAF8-DT,DCAF8-DT,1.0
DCAKD,DCAKD,0.9999999999998299
DCBLD1,DCBLD1,0.9999999999998694
DCBLD2,DCBLD2,0.999999999999847
DCC,DCC,0.9999999999997529
DCDC2B,DCDC2B,0.9999999999997238
DCHS1,DCHS1,0.9999999999999284
DCHS2,DCHS2,0.9999999999995438
DCLK1,DCLK1,0.9999999999997612
DCLK2,DCLK2,1.0
CLU,DCN,0.6621818625404835
SLC44A1,DCN,0.6636717566247216
LINC00842,DCN,0.663711544024251
RBP1,DCN,0.6648622052042681
IFITM3,DCN,0.669063098670474
TPST2,DCN,0.6798022053823021
IFITM1,DCN,0.6873260372281592
GREM1,DCN,0.688307298323565
CTSK,DCN,0.7087823243288727
TNFRSF11B,DCN,0.7109384509529553
IFI16,DCN,0.711806445693229
CALD1,DCN,0.7119301885968261
SLC12A8,DCN,0.7121773435732329
LY6E,DCN,0.723884394493104
FLNB,DCN,0.7369760704045539
KRT18,DCN,0.7405297700143028
MGP,DCN,0.7446323307232359
THBS1,DCN,0.7751704269662414
LUM,DCN,0.8347714529607756
IFI6,DCN,0.8420848557812296
DCN,DCN,0.9999999999999735
DCTN6-DT,DCTN6-DT,1.0
DCUN1D2,DCUN1D2,0.9999999999999516
DCUN1D2-AS,DCUN1D2-AS,0.9999999999999457
DCUN1D4,DCUN1D4,0.999999999999763
BCL10-AS1,DDAH1,0.4277616689660501
DDAH1,DDAH1,1.0
DDHD1,DDHD1,1.0
DDHD1-DT,DDHD1-DT,1.0
DDHD2,DDHD2,0.9999999999998569
DDI2,DDI2,1.0
DDIT3,DDIT3,0.999999999999913
DDIT4,DDIT4,1.0
DDIT4L,DDIT4L,0.9999999999999527
DDR1,DDR1,1.0
DDR2,DDR2,0.9999999999999661
DDX11,DDX11,0.9999999999998678
DDX11L2,DDX11L2,0.9999999999999253
DDX19A-DT,DDX19A-DT,0.9999999999997555
DDX19B,DDX19B,0.9999999999998476
DDX31,DDX31,1.0
DDX39A,DDX39A,1.0
DDX51,DDX51,0.9999999999999217
DDX55,DDX55,0.9999999999997378
DDX60,DDX60,0.9999999999999293
DDX60L,DDX60L,0.9999999999999766
DEAF1,DEAF1,0.9999999999997676
DEGS2,DEGS2,0.9999999999998305
H2AZ1,DEK,0.6029844915995825
CKS1B,DEK,0.6098660328018107
SMC4,DEK,0.6115714656812891
CEP55,DEK,0.6121257196179654
RANBP1,DEK,0.6159427740877154
CENPF,DEK,0.6187063116704349
PTTG1,DEK,0.6221771294344248
UBE2C,DEK,0.6245199856554111
PRC1,DEK,0.6287095984497857
PCLAF,DEK,0.6318466899203117
TPX2,DEK,0.6322608061056085
HMGB1,DEK,0.649137996621786
TOP2A,DEK,0.650543530207921
PTMA,DEK,0.6511365550364464
NUSAP1,DEK,0.6567992598691093
ANP32B,DEK,0.6608790855772881
TMPO,DEK,0.661256631663622
DUT,DEK,0.6744689930836281
HMGB2,DEK,0.6861974390343356
STMN1,DEK,0.7065951460734945
DEK,DEK,0.999999999999994
DELE1,DELE1,1.0
DELEC1,DELEC1,0.9999999999999989
DENND11,DENND11,1.0
DENND1A,DENND1A,0.999999999999912
DENND1B,DENND1B,0.9999999999997157
DENND2A,DENND2A,1.0
DENND2B,DENND2B,0.9999999999999559
DENND2B-AS1,DENND2B-AS1,0.9999999999997758
DENND2C,DENND2C,0.9999999999997797
DENND3,DENND3,1.0
DENND4A,DENND4A,1.0
DENND4C,DENND4C,0.9999999999996642
DENND5A,DENND5A,1.0
DENND5B,DENND5B,0.9999999999999966
DENND5B-AS1,DENND5B-AS1,0.9999999999997259
DENND6A,DENND6A,1.0
DENND6B,DENND6B,0.9999999999998415
KIF20B,DEPDC1,0.6371326395376253
UBE2C,DEPDC1,0.6396875702583351
CKAP2,DEPDC1,0.6397600738886449
CEP55,DEPDC1,0.6453731919255762
HMGB2,DEPDC1,0.6462271238439513
GTSE1,DEPDC1,0.6500999699079455
ANLN,DEPDC1,0.6524765162684388
BIRC5,DEPDC1,0.6562704326263356
CENPE,DEPDC1,0.6575829344729466
PTTG1,DEPDC1,0.6653414909743225
CCNB1,DEPDC1,0.6655785113356627
NUSAP1,DEPDC1,0.6744970407147433
TOP2A,DEPDC1,0.674729116385792
HMMR,DEPDC1,0.6776697625613212
TPX2,DEPDC1,0.6813289505106099
PRC1,DEPDC1,0.6846750126578022
MKI67,DEPDC1,0.6848654519082725
DLGAP5,DEPDC1,0.6866212625425161
ASPM,DEPDC1,0.6918952515893573
CENPF,DEPDC1,0.7015871792132952
DEPDC1,DEPDC1,1.0
DEPDC1B,DEPDC1B,0.9999999999999223
DEPDC4,DEPDC4,1.0
DEPDC5,DEPDC5,1.0
DEPP1,DEPP1,0.9999999999997022
DEPTOR,DEPTOR,0.9999999999994863
DERL3,DERL3,1.0
DET1,DET1,1.0
DFFB,DFFB,1.0
DGAT2,DGAT2,0.9999999999998939
DGCR2,DGCR2,1.0
DGCR5,DGCR5,1.0
DGCR8,DGCR8,1.0
DGKD,DGKD,0.9999999999996018
DGKE,DGKE,1.0
DGKH,DGKH,0.9999999999997704
DGKI,DGKI,1.0
DGKQ,DGKQ,0.9999999999999825
DGLUCY,DGLUCY,1.0
DGUOK-AS1,DGUOK-AS1,0.9999999999998506
DHCR24,DHCR24,0.9999999999999698
DHODH,DHODH,0.9999999999999111
DHRS11,DHRS11,1.0
DHRS2,DHRS2,1.0
DHRS3,DHRS3,0.9999999999999966
DHRS4-AS1,DHRS4-AS1,1.0
DHRS7B,DHRS7B,1.0
DHRSX,DHRSX,0.9999999999999433
DHTKD1,DHTKD1,1.0
DHX34,DHX34,0.9999999999997065
DHX37,DHX37,1.0
DHX57,DHX57,0.9999999999998991
DHX58,DHX58,1.0
DIAPH2,DIAPH2,0.9999999999999761
DIAPH2-AS1,DIAPH2-AS1,0.9999999999999496
HMMR,DIAPH3,0.6770368329065382
PBK,DIAPH3,0.685956364606542
GTSE1,DIAPH3,0.6863525069909192
SMC4,DIAPH3,0.6898559511922766
BIRC5,DIAPH3,0.6926984973065273
PTTG1,DIAPH3,0.7067978274002789
UBE2C,DIAPH3,0.7073593485603837
ASPM,DIAPH3,0.7086587581937241
CEP55,DIAPH3,0.7087333908893818
TMPO,DIAPH3,0.7089701721990977
ANLN,DIAPH3,0.710925581853984
PCLAF,DIAPH3,0.7149899477341791
STMN1,DIAPH3,0.7299901632748863
MKI67,DIAPH3,0.7303514207532616
HMGB2,DIAPH3,0.7389419412772766
TPX2,DIAPH3,0.741316843529032
CENPF,DIAPH3,0.7443214690746858
PRC1,DIAPH3,0.7479938414348627
NUSAP1,DIAPH3,0.7631806755870406
TOP2A,DIAPH3,0.769586999019284
DIAPH3,DIAPH3,1.0
DICER1-AS1,DICER1-AS1,0.9999999999995783
DIO1,DIO1,1.0
DIO2,DIO2,1.0
DIO2-AS1,DIO2-AS1,1.0
DIP2A-IT1,DIP2A-IT1,1.0
DIP2B,DIP2B,0.9999999999999271
DIP2C,DIP2C,0.9999999999999017
DIP2C-AS1,DIP2C-AS1,1.0
DIPK1A,DIPK1A,0.9999999999999801
DIPK1B,DIPK1B,1.0
DIPK2A,DIPK2A,1.0
DIRAS1,DIRAS1,1.0
DIRAS3,DIRAS3,0.9999999999997514
DIRC3,DIRC3,0.9999999999996684
DIRC3-AS1,DIRC3-AS1,1.0
DIS3L2,DIS3L2,1.0
DISC1,DISC1,1.0
DISC1-IT1,DISC1-IT1,0.999999999999826
DISP1,DISP1,1.0
DISP2,DISP2,1.0
DIXDC1,DIXDC1,1.0
CITED2,DKK1,0.4426918166395367
IFI16,DKK1,0.4433389278330237
LINC00842,DKK1,0.44797920159463034
SLC44A1,DKK1,0.45083142029980766
RBP1,DKK1,0.4586662615877636
CTSK,DKK1,0.4680232760123376
TPST2,DKK1,0.4779402190761175
CLU,DKK1,0.47896665654124776
KRT18,DKK1,0.48630526681193875
SLC12A8,DKK1,0.48897274048974193
GREM1,DKK1,0.49416392894458677
MGP,DKK1,0.4965973735532287
LY6E,DKK1,0.4985787150010816
FLNB,DKK1,0.5022515075937641
TNFRSF11B,DKK1,0.5090072961538299
CALD1,DKK1,0.5166360896862814
LUM,DKK1,0.5442087178724916
THBS1,DKK1,0.5491163780481592
IFI6,DKK1,0.5614407890424234
DCN,DKK1,0.5858675286674611
DKK1,DKK1,1.0
DKK2,DKK2,0.9999999999998979
DKK3,DKK3,0.9999999999999769
DKKL1,DKKL1,0.9999999999998659
DLC1,DLC1,0.9999999999998529
DLEC1,DLEC1,1.0
DLEU1,DLEU1,1.0
DLEU2,DLEU2,1.0
DLEU2L,DLEU2L,1.0
DLEU7,DLEU7,1.0
NEBL,DLG1,0.4879156366542704
TPST2,DLG1,0.4894684307572186
SLC44A1,DLG1,0.4895312647913557
SLC35F3,DLG1,0.48978477529057196
AKAP13,DLG1,0.4900632211573786
MX1,DLG1,0.49015853633875867
MGP,DLG1,0.49069497558043873
ABTB2,DLG1,0.4921013566965444
IFIT3,DLG1,0.4987919485696963
MRTFA,DLG1,0.49946839235962043
IFITM1,DLG1,0.5058341142595527
FLNB,DLG1,0.5123636833498452
IFITM3,DLG1,0.5166493628349357
PVT1,DLG1,0.5200195112212663
NEAT1,DLG1,0.5262939658120767
IFI16,DLG1,0.530925396259048
SLC12A8,DLG1,0.5334108896126155
MAGI1,DLG1,0.5368615138030567
IFI6,DLG1,0.5401824893269579
ISG15,DLG1,0.5644592324501098
DLG1,DLG1,0.9999999999998094
DLG2,DLG2,0.9999999999997836
DLG3,DLG3,1.0
DLG4,DLG4,0.9999999999999305
DLG5,DLG5,0.9999999999995937
DLGAP1,DLGAP1,1.0
DLGAP1-AS1,DLGAP1-AS1,0.9999999999997943
DLGAP1-AS2,DLGAP1-AS2,1.0
DLGAP4-AS1,DLGAP4-AS1,0.9999999999998006
KIF20B,DLGAP5,0.7585403866785032
PRR11,DLGAP5,0.763202545479839
CDKN3,DLGAP5,0.7648970922516624
ANLN,DLGAP5,0.7665883854949915
HMGB2,DLGAP5,0.7738709251958144
CENPE,DLGAP5,0.777830245941199
CEP55,DLGAP5,0.7781894693614837
GTSE1,DLGAP5,0.7782002102635059
BIRC5,DLGAP5,0.7787863780278218
UBE2C,DLGAP5,0.7801549743856583
CCNB1,DLGAP5,0.7849276437385919
HMMR,DLGAP5,0.7860392119029009
MKI67,DLGAP5,0.803989706731316
PTTG1,DLGAP5,0.8108123243953335
TOP2A,DLGAP5,0.8145983523581762
NUSAP1,DLGAP5,0.8182656164470488
TPX2,DLGAP5,0.8187201676467781
ASPM,DLGAP5,0.8240163352074819
PRC1,DLGAP5,0.8241754084417604
CENPF,DLGAP5,0.8498838402918569
DLGAP5,DLGAP5,1.0
DLK2,DLK2,1.0
DLL1,DLL1,1.0
DLST,DLST,1.0
DMGDH,DMGDH,1.0
DMKN,DMKN,1.0
DMPK,DMPK,1.0
DMTF1,DMTF1,1.0
DMTF1-AS1,DMTF1-AS1,1.0
DMXL1,DMXL1,0.999999999999929
DMXL2,DMXL2,0.9999999999998808
DNA2,DNA2,0.9999999999998134
DNAAF1,DNAAF1,1.0
DNAAF11,DNAAF11,0.9999999999998977
DNAAF3-AS1,DNAAF3-AS1,0.9999999999998511
DNAAF4,DNAAF4,0.9999999999998685
NEAT1,DNAAF9,0.4107179467053316
DNAAF9,DNAAF9,1.0
DNAH1,DNAH1,0.999999999999858
DNAH10,DNAH10,1.0
DNAH10OS,DNAH10OS,0.9999999999998339
DNAH11,DNAH11,0.9999999999999025
DNAH12,DNAH12,0.9999999999999237
DNAH14,DNAH14,0.9999999999997583
DNAH17,DNAH17,1.0
DNAH5,DNAH5,1.0
DNAH7,DNAH7,1.0
DNAI4,DNAI4,1.0
SAMD9,DNAJA1,0.5127041148714035
ANP32B,DNAJA1,0.5169547771236849
RIGI,DNAJA1,0.5227401342405862
MGP,DNAJA1,0.5234715247765355
TPM4,DNAJA1,0.5243584489004864
GBP1,DNAJA1,0.5285593036144262
MX2,DNAJA1,0.5342543783365364
EIF2AK2,DNAJA1,0.534994485142168
LAP3,DNAJA1,0.5406580154124149
IFITM3,DNAJA1,0.5475416330142258
IFI6,DNAJA1,0.5547237203919492
IFITM1,DNAJA1,0.5574306139781525
PLSCR1,DNAJA1,0.5758591134119043
STAT1,DNAJA1,0.5843529690535509
EPSTI1,DNAJA1,0.6106826352679564
IFIT1,DNAJA1,0.6116293268204923
IFI16,DNAJA1,0.614542815535983
IFIT3,DNAJA1,0.6262409201770397
ISG15,DNAJA1,0.6326637353855873
MX1,DNAJA1,0.6384082404471144
DNAJA1,DNAJA1,1.0
DNAJA2-DT,DNAJA2-DT,1.0
DNAJB2,DNAJB2,0.9999999999999329
DNAJB4,DNAJB4,1.0
DNAJC11,DNAJC11,1.0
DNAJC22,DNAJC22,0.9999999999997056
DNAJC27,DNAJC27,0.999999999999911
DNAJC28,DNAJC28,1.0
DNAJC3-DT,DNAJC3-DT,1.0
DNAJC5,DNAJC5,1.0
DNAJC5B,DNAJC5B,0.9999999999996299
DNAJC6,DNAJC6,0.9999999999997898
PTTG1,DNAJC9,0.48874845987301024
RRM1,DNAJC9,0.4911642017554623
PBK,DNAJC9,0.4914431150315468
SMC4,DNAJC9,0.4926992060210082
UBE2C,DNAJC9,0.4928803987361973
MKI67,DNAJC9,0.49776185838442966
CENPF,DNAJC9,0.4984672082827956
H2AZ1,DNAJC9,0.4991021033993182
CEP55,DNAJC9,0.5008689196283509
GMNN,DNAJC9,0.5061226620141044
DIAPH3,DNAJC9,0.5137227675446107
PRC1,DNAJC9,0.51598136303169
TPX2,DNAJC9,0.5161024727811309
CLSPN,DNAJC9,0.5304729942655445
NUSAP1,DNAJC9,0.5338580847082184
TMPO,DNAJC9,0.5377921159710166
TOP2A,DNAJC9,0.5410126873142218
STMN1,DNAJC9,0.5465771754256612
HMGB2,DNAJC9,0.5469715553424588
PCLAF,DNAJC9,0.5519769398357847
DNAJC9,DNAJC9,0.9999999999999539
DNASE1,DNASE1,1.0
DNER,DNER,0.9999999999996021
DNHD1,DNHD1,0.9999999999998255
DNLZ,DNLZ,0.9999999999997851
DNM1,DNM1,0.9999999999998412
DNM3,DNM3,0.9999999999999012
DNM3OS,DNM3OS,1.0
DNMBP,DNMBP,0.9999999999997115
DNMBP-AS1,DNMBP-AS1,0.9999999999998133
ASPM,DNMT1,0.4486622512368983
GMNN,DNMT1,0.4486865229987934
UBE2C,DNMT1,0.4514490957482854
H2AZ1,DNMT1,0.45287175547123076
ANLN,DNMT1,0.4535424447569072
PTTG1,DNMT1,0.45662274194796737
CEP55,DNMT1,0.46615918209947294
SMC4,DNMT1,0.47113598902970966
DIAPH3,DNMT1,0.47605910941581986
MKI67,DNMT1,0.4792534873776919
TPX2,DNMT1,0.47967595167803334
CENPF,DNMT1,0.4828284281504363
NUSAP1,DNMT1,0.4867354677021227
PRC1,DNMT1,0.488415389524477
TMPO,DNMT1,0.49096363751235883
CLSPN,DNMT1,0.49162581145277684
HMGB2,DNMT1,0.4992778088450634
TOP2A,DNMT1,0.499635438114972
PCLAF,DNMT1,0.5027249471057907
STMN1,DNMT1,0.5116528863978579
DNMT1,DNMT1,0.9999999999999741
DNMT3A,DNMT3A,0.9999999999998747
DOC2A,DOC2A,0.9999999999998482
DOCK1,DOCK1,1.0
DOCK10,DOCK10,1.0
DOCK11,DOCK11,1.0
DOCK2,DOCK2,1.0
DOCK3,DOCK3,0.9999999999997691
DOCK4,DOCK4,0.9999999999999153
TPST2,DOCK5,0.47379328232308526
KCNMA1,DOCK5,0.4741644361542707
AKAP13,DOCK5,0.4758148096487114
DLG1,DOCK5,0.47801225869374414
SLC39A11,DOCK5,0.48289093985237325
MRTFA,DOCK5,0.48292364205651434
EPSTI1,DOCK5,0.48299704435671376
MX1,DOCK5,0.48405324985883785
IFITM1,DOCK5,0.4841169909028548
IFIT1,DOCK5,0.4861910521960924
ABTB2,DOCK5,0.48862229283571695
IFI6,DOCK5,0.497896494854248
IFIT3,DOCK5,0.4991483754555533
SLC12A8,DOCK5,0.49942279371927206
IFITM3,DOCK5,0.5029533262986617
IFI16,DOCK5,0.512575932606935
PVT1,DOCK5,0.5242846334313146
MAGI1,DOCK5,0.537640623905822
NEAT1,DOCK5,0.5581856195681172
ISG15,DOCK5,0.5670084799591457
DOCK5,DOCK5,0.9999999999999898
DOCK6,DOCK6,1.0
DOCK7,DOCK7,1.0
DOCK7-DT,DOCK7-DT,0.9999999999997999
NEBL,DOCK9,0.4110002798837658
FLNB,DOCK9,0.4118699113542051
SLC12A8,DOCK9,0.4375392282737654
DOCK9,DOCK9,0.9999999999999686
DOCK9-DT,DOCK9-DT,1.0
DOK3,DOK3,1.0
DOK4,DOK4,0.9999999999998351
DOK6,DOK6,0.9999999999998808
DOK7,DOK7,0.9999999999999895
DONSON,DONSON,0.9999999999998122
DOP1A,DOP1A,0.9999999999997724
DOP1B,DOP1B,1.0
DOT1L,DOT1L,0.9999999999998456
DPF3,DPF3,0.9999999999999087
DPH5-DT,DPH5-DT,0.9999999999998286
DPH6,DPH6,1.0
DPH6-DT,DPH6-DT,0.9999999999997652
DPP4,DPP4,1.0
DPT,DPT,0.9999999999995659
DPY19L1,DPY19L1,1.0
DPY19L2,DPY19L2,0.9999999999998216
DPY19L2P2,DPY19L2P2,1.0
DPY19L2P3,DPY19L2P3,0.999999999999779
DPY19L3,DPY19L3,1.0
DPYD,DPYD,1.0
DPYSL2,DPYSL2,1.0
DPYSL3,DPYSL3,0.9999999999997974
DRAM1,DRAM1,1.0
DRC3,DRC3,1.0
DSCR9,DSCR9,0.9999999999997173
DSEL,DSEL,0.9999999999999488
DSEL-AS1,DSEL-AS1,1.0
DSN1,DSN1,0.9999999999999875
DSP,DSP,0.9999999999999505
DSP-AS1,DSP-AS1,1.0
MAGI2,DST,0.4036788776896477
EXT1,DST,0.4044636391667216
TRIO,DST,0.40864319480381284
DST,DST,1.0
MYL9,DSTN,0.4002425950089515
SELENOM,DSTN,0.401647784700833
TAGLN,DSTN,0.4091083205087446
TMSB4X,DSTN,0.42100793833056976
S100A11,DSTN,0.44265575560688886
TPM2,DSTN,0.4443684233518498
RPL10,DSTN,0.46387701121435837
DSTN,DSTN,0.9999999999999984
DSTYK,DSTYK,0.9999999999999649
CLSPN,DTL,0.4021574877071811
DTL,DTL,1.0
DTNA,DTNA,1.0
DTNB,DTNB,1.0
DTWD1,DTWD1,1.0
DTX3,DTX3,1.0
ISG15,DTX3L,0.4007214306427407
IFIT1,DTX3L,0.40132225644310604
STAT1,DTX3L,0.4191874588405347
IFIT3,DTX3L,0.42158486502990317
MX1,DTX3L,0.43540474998669204
DTX3L,DTX3L,0.9999999999999263
DTX4,DTX4,0.9999999999998815
CEP55,DTYMK,0.49550144733736795
PRR11,DTYMK,0.49572266639814816
CENPW,DTYMK,0.4982191492702408
ASPM,DTYMK,0.49955229509253524
ANLN,DTYMK,0.5011846586441466
MKI67,DTYMK,0.5029247062718831
H2AZ1,DTYMK,0.5048770689024247
GTSE1,DTYMK,0.5054182451654184
PBK,DTYMK,0.5068222340179945
STMN1,DTYMK,0.5100059716641929
TPX2,DTYMK,0.5171765434208672
PCLAF,DTYMK,0.5189458696622006
BIRC5,DTYMK,0.519807798304877
CENPF,DTYMK,0.525967149565642
UBE2C,DTYMK,0.5276234339674793
HMGB2,DTYMK,0.5287528888272373
PTTG1,DTYMK,0.5351316856315464
PRC1,DTYMK,0.5418580167807632
TOP2A,DTYMK,0.5464100664995422
NUSAP1,DTYMK,0.553309112435541
DTYMK,DTYMK,0.9999999999999224
DUBR,DUBR,1.0
DUOX1,DUOX1,1.0
DUS1L,DUS1L,0.9999999999998723
DUSP1,DUSP1,1.0
DUSP10,DUSP10,0.999999999999956
DUSP16,DUSP16,0.9999999999998189
DUSP18,DUSP18,1.0
DUSP22,DUSP22,0.9999999999998161
DUSP4,DUSP4,1.0
DUSP5,DUSP5,0.9999999999996233
DUSP5-DT,DUSP5-DT,0.999999999999819
DUSP6,DUSP6,1.0
DUSP8,DUSP8,0.9999999999997988
CENPW,DUT,0.6152562003331145
CENPF,DUT,0.6164826012108394
CLSPN,DUT,0.6178802145415825
TPX2,DUT,0.6192342078604273
CKS1B,DUT,0.6224457700718488
ANP32B,DUT,0.6238446957166831
PRC1,DUT,0.6255793201862072
H2AZ1,DUT,0.6294795136041608
PTTG1,DUT,0.6321663475691858
RANBP1,DUT,0.6322573860467174
UBE2C,DUT,0.6363052469349869
PTMA,DUT,0.6480275838102824
HMGB1,DUT,0.649926614173099
TMPO,DUT,0.6499543574703138
TOP2A,DUT,0.6552170814138919
NUSAP1,DUT,0.6636122380856289
DEK,DUT,0.6744689930836281
HMGB2,DUT,0.6791150875041629
PCLAF,DUT,0.7021043748345913
STMN1,DUT,0.7232446247423641
DUT,DUT,1.0
DXO,DXO,0.9999999999997816
DYM,DYM,1.0
DYNC1H1,DYNC1H1,0.9999999999999377
DYNC2H1,DYNC2H1,1.0
DYNC2I1,DYNC2I1,1.0
DYNLRB2,DYNLRB2,1.0
DYNLRB2-AS1,DYNLRB2-AS1,0.9999999999999093
DYRK1A,DYRK1A,0.9999999999999184
DYRK2,DYRK2,1.0
DYRK3,DYRK3,0.9999999999999315
DZANK1,DZANK1,1.0
DZIP1,DZIP1,0.9999999999998697
DZIP1L,DZIP1L,0.9999999999998986
E2F2,E2F2,0.9999999999999076
E2F4,E2F4,0.9999999999999047
E2F6,E2F6,0.9999999999998263
CEP55,E2F7,0.4067939845626001
GMNN,E2F7,0.4075852660993564
PTTG1,E2F7,0.4091216657028893
CENPK,E2F7,0.40962626901817706
SPC25,E2F7,0.40969889695110906
SMC4,E2F7,0.41338798265591753
DIAPH3,E2F7,0.4135337571087408
CDK1,E2F7,0.41358852527009177
MKI67,E2F7,0.42734266371268603
CENPF,E2F7,0.4314696981053339
TMPO,E2F7,0.4337305125004894
TPX2,E2F7,0.4350071357978486
UBE2C,E2F7,0.43713517600680873
CLSPN,E2F7,0.43823424851135784
PCLAF,E2F7,0.4402206891820034
STMN1,E2F7,0.44100478098332
PRC1,E2F7,0.44210580225741397
NUSAP1,E2F7,0.4529409754960909
HMGB2,E2F7,0.4612468287691762
TOP2A,E2F7,0.4673637563513873
E2F7,E2F7,0.9999999999998594
EBF1,EBF1,0.9999999999999367
EBF3,EBF3,1.0
EBF4,EBF4,0.9999999999999843
ECD,ECD,0.9999999999999646
ECHDC2,ECHDC2,0.9999999999997431
ECM2,ECM2,0.9999999999997936
ECPAS,ECPAS,1.0
STMN1,ECT2,0.6256364247563592
KIF20B,ECT2,0.6273882826758804
BIRC5,ECT2,0.6275737702424223
CENPE,ECT2,0.6299775944035106
PBK,ECT2,0.6307335653787592
HMMR,ECT2,0.6339831663045269
GTSE1,ECT2,0.6389859384459156
CEP55,ECT2,0.6439843103287924
DLGAP5,ECT2,0.651762794626698
ANLN,ECT2,0.6532464283776619
UBE2C,ECT2,0.6534201321682012
PTTG1,ECT2,0.6548559387907402
HMGB2,ECT2,0.66214685682391
ASPM,ECT2,0.6637279239689491
MKI67,ECT2,0.672489901670623
TPX2,ECT2,0.6779580300816109
PRC1,ECT2,0.6788667830858375
NUSAP1,ECT2,0.6875593938954654
CENPF,ECT2,0.6940465908846133
TOP2A,ECT2,0.6953452081422109
ECT2,ECT2,0.9999999999999102
ECT2L,ECT2L,1.0
EDA2R,EDA2R,1.0
EDDM13,EDDM13,1.0
EDEM3,EDEM3,0.999999999999916
EDIL3,EDIL3,1.0
EDN1,EDN1,1.0
EDN2,EDN2,0.9999999999995901
EDNRA,EDNRA,0.9999999999999938
EDRF1,EDRF1,1.0
EEF1A1-AS1,EEF1A1-AS1,1.0
EEF1A2,EEF1A2,1.0
EEF1AKMT2,EEF1AKMT2,0.999999999999844
EEF1AKMT3,EEF1AKMT3,0.9999999999999842
EEFSEC,EEFSEC,1.0
EEIG1,EEIG1,0.9999999999997073
EEPD1,EEPD1,0.9999999999998602
EFCAB11,EFCAB11,0.9999999999999483
EFCAB12,EFCAB12,1.0
EFCAB13,EFCAB13,1.0
EFCAB2,EFCAB2,0.9999999999998396
EFCAB6,EFCAB6,1.0
EFCAB8,EFCAB8,0.9999999999994019
EFCAB9,EFCAB9,0.9999999999998653
TNC,EFEMP1,0.40337387104243727
GREM1,EFEMP1,0.40550064935554675
IFI6,EFEMP1,0.418268451725023
TNFRSF11B,EFEMP1,0.4413445321630913
LUM,EFEMP1,0.47291925730128886
THBS1,EFEMP1,0.4731405587878386
DCN,EFEMP1,0.5037561551739402
EFEMP1,EFEMP1,1.0
EFEMP2,EFEMP2,0.9999999999999563
EFHC1,EFHC1,1.0
EFHD1,EFHD1,1.0
IFI16,EFNA5,0.494694933571305
LINC00842,EFNA5,0.49564559106610356
KCNMA1,EFNA5,0.49618691469704523
CENPT,EFNA5,0.4987994787364308
KRT18,EFNA5,0.49966088555306787
CLU,EFNA5,0.5009487543634916
GAS7,EFNA5,0.5053810049818422
HIPK2,EFNA5,0.5086616753016235
ISG15,EFNA5,0.5095481447890432
ABTB2,EFNA5,0.5098835633938614
MIAT,EFNA5,0.5144815738348479
IFI6,EFNA5,0.5230747055043053
SLC35F3,EFNA5,0.5296597381489102
SLC44A1,EFNA5,0.5318222774443889
NEBL,EFNA5,0.5334281426142706
MORC3,EFNA5,0.5356519260484564
MGP,EFNA5,0.5368273029826057
FLNB,EFNA5,0.5416604257469322
TPST2,EFNA5,0.5527615912425172
SLC12A8,EFNA5,0.5672882085541195
EFNA5,EFNA5,1.0
EFNB2,EFNB2,1.0
EFNB3,EFNB3,1.0
EFS,EFS,0.9999999999995998
EGFL6,EGFL6,0.999999999999785
EGFL8,EGFL8,1.0
IFITM1,EGFR,0.4009555907264788
NEAT1,EGFR,0.4017590509293185
HSPB1,EGFR,0.4019392335472312
IFI16,EGFR,0.41359148141930646
IFITM3,EGFR,0.43674100759726076
ISG15,EGFR,0.46615464647088545
EGFR,EGFR,1.0
EGLN2,EGLN2,1.0
EGLN3,EGLN3,0.9999999999997202
EGR1,EGR1,0.9999999999998931
EGR2,EGR2,0.9999999999999756
EGR3,EGR3,1.0
EHBP1,EHBP1,0.99999999999988
EHBP1-AS1,EHBP1-AS1,1.0
EHBP1L1,EHBP1L1,0.9999999999998245
EHD3,EHD3,1.0
EHMT1,EHMT1,0.9999999999998949
EID2B,EID2B,0.9999999999998259
EID3,EID3,1.0
EIF1B-AS1,EIF1B-AS1,0.9999999999999641
SP110,EIF2AK2,0.5434883964730609
IFITM3,EIF2AK2,0.5460516822309764
SAMD9,EIF2AK2,0.5472137134892535
RIGI,EIF2AK2,0.5517321727337537
GBP1,EIF2AK2,0.5524472404564225
LAP3,EIF2AK2,0.5524683106220104
MT-ATP8,EIF2AK2,0.5567093801207281
MGP,EIF2AK2,0.576419319171439
XAF1,EIF2AK2,0.5816627562844314
IFITM1,EIF2AK2,0.5857127990062105
MX2,EIF2AK2,0.5879466885225064
IFI6,EIF2AK2,0.603029064084062
PLSCR1,EIF2AK2,0.6058722661486958
EPSTI1,EIF2AK2,0.6414856088915716
IFIT1,EIF2AK2,0.6452660788240325
IFI16,EIF2AK2,0.6467684701060186
STAT1,EIF2AK2,0.6502996128367902
IFIT3,EIF2AK2,0.6606251370067296
ISG15,EIF2AK2,0.6714941806396975
MX1,EIF2AK2,0.6970729292161005
EIF2AK2,EIF2AK2,0.9999999999999949
EIF2AK3,EIF2AK3,0.999999999999858
EIF2AK3-DT,EIF2AK3-DT,0.999999999999733
EIF3CL,EIF3CL,1.0
EIF4E3,EIF4E3,0.9999999999994523
TPM1,EIF4EBP1,0.4050244758279801
EIF4EBP1,EIF4EBP1,1.0
EIF4EBP3,EIF4EBP3,1.0
ISG15,EIF4G3,0.40172857151688335
MAGI1,EIF4G3,0.4030335086470819
NEAT1,EIF4G3,0.4420639231572091
EIF4G3,EIF4G3,1.0
ELANE,ELANE,1.0
ELAPOR1,ELAPOR1,0.9999999999996599
ELAPOR2,ELAPOR2,1.0
ELF1,ELF1,0.9999999999999348
ELF2,ELF2,1.0
ELF3-AS1,ELF3-AS1,1.0
ELF4,ELF4,0.9999999999996988
ELFN1,ELFN1,0.9999999999996343
ELFN2,ELFN2,1.0
ELK4,ELK4,0.9999999999998003
ELL,ELL,1.0
ELL2,ELL2,0.9999999999998825
ELL3,ELL3,1.0
ELMO2,ELMO2,0.9999999999998702
ELMOD3,ELMOD3,1.0
MGP,ELN,0.4009829967060698
S100A10,ELN,0.4081446857544404
KRT18,ELN,0.4307943115753391
IFI6,ELN,0.44460582504060886
TNC,ELN,0.44696613700143717
GREM1,ELN,0.44882965776730416
IGFBP3,ELN,0.46514306990307597
LUM,ELN,0.4682164030507003
DCN,ELN,0.471870425354091
THBS1,ELN,0.49413753888076273
ELN,ELN,0.9999999999999786
ELN-AS1,ELN-AS1,0.9999999999999335
ELOA-AS1,ELOA-AS1,1.0
IGFBP6,ELOB,0.42759831895719475
CLU,ELOB,0.43864172410735963
MAML2,ELOB,0.4452076625520829
MT-ND4L,ELOB,0.44683853157178743
MGP,ELOB,0.456239111436682
KRT18,ELOB,0.4566672898129245
MGST3,ELOB,0.465048589428871
FTL,ELOB,0.48107628129331814
RPS27L,ELOB,0.4815096477995148
MT-ND2,ELOB,0.48729509090030576
MT-ATP8,ELOB,0.49808947491249883
S100A10,ELOB,0.5110537844544206
S100A13,ELOB,0.5216508745934849
S100A4,ELOB,0.5306846489380636
PRDX5,ELOB,0.5322382818395873
CSTB,ELOB,0.5359535278986546
SH3BGRL3,ELOB,0.5551424538880806
S100A11,ELOB,0.5603377475539156
TXN,ELOB,0.5604521853360906
S100A6,ELOB,0.6790795119744751
ELOB,ELOB,0.9999999999999933
ELOVL2,ELOVL2,0.9999999999998478
ELOVL4,ELOVL4,0.9999999999999124
ELOVL6,ELOVL6,0.9999999999998511
ELP3,ELP3,0.9999999999996715
EMC1-AS1,EMC1-AS1,0.9999999999999355
EMILIN1,EMILIN1,0.9999999999998122
EMILIN2,EMILIN2,1.0
EML1,EML1,1.0
EML3,EML3,0.999999999999853
EML4,EML4,1.0
EML5,EML5,1.0
EMP1,EMP1,0.9999999999999102
PTTG1,EMP2,0.4084458713822184
UBE2C,EMP2,0.40862225242738537
CENPF,EMP2,0.4095179159549637
PCLAF,EMP2,0.4115810625128221
TOP2A,EMP2,0.41442778819281884
HMGB2,EMP2,0.4173914103555986
NUSAP1,EMP2,0.4204402332400133
STMN1,EMP2,0.4309946366301746
EMP2,EMP2,1.0
EMSY,EMSY,1.0
EMX2,EMX2,1.0
EMX2OS,EMX2OS,1.0
KRT18,ENAH,0.40289139976078103
MAGI1,ENAH,0.40441997040463257
SLC12A8,ENAH,0.4159689371465987
FLNB,ENAH,0.4217343800160438
ENAH,ENAH,1.0
ENC1,ENC1,0.9999999999999748
NCL,ENO1,0.40273158637507056
S100A10,ENO1,0.4130146121554933
MT2A,ENO1,0.4211679659250105
YWHAZ,ENO1,0.4444189965395916
JPT1,ENO1,0.4524139364701929
CALM2,ENO1,0.4936748478334671
ENO1,ENO1,0.9999999999999989
ENO3,ENO3,0.9999999999998246
ENOSF1,ENOSF1,1.0
ENOX1,ENOX1,0.9999999999996653
ENOX2,ENOX2,0.999999999999841
ENPP1,ENPP1,0.9999999999998378
KRT18,ENPP2,0.4004115293607076
MGP,ENPP2,0.40849284747585735
TNC,ENPP2,0.4101637617095549
TNFRSF11B,ENPP2,0.4169493353145091
IFI6,ENPP2,0.426458744304136
LUM,ENPP2,0.4330110404311443
DCN,ENPP2,0.45238940424875884
THBS1,ENPP2,0.46340816630071086
ENPP2,ENPP2,0.9999999999999699
ENPP3,ENPP3,1.0
ENSG00000174171,ENSG00000174171,1.0
ENSG00000175604,ENSG00000175604,0.9999999999996947
ENSG00000176593,ENSG00000176593,0.9999999999997563
ENSG00000177725,ENSG00000177725,1.0
ENSG00000180458,ENSG00000180458,0.9999999999998409
ENSG00000183308,ENSG00000183308,0.9999999999999684
ENSG00000187186,ENSG00000187186,1.0
ENSG00000187229,ENSG00000187229,1.0
ENSG00000188897,ENSG00000188897,1.0
ENSG00000189229,ENSG00000189229,1.0
ENSG00000197332,ENSG00000197332,1.0
ENSG00000197670,ENSG00000197670,0.9999999999999534
ENSG00000197813,ENSG00000197813,0.9999999999999889
ENSG00000197815,ENSG00000197815,0.9999999999999919
ENSG00000203325,ENSG00000203325,0.9999999999997732
ENSG00000203327,ENSG00000203327,0.9999999999995968
ENSG00000203392,ENSG00000203392,0.9999999999996918
ENSG00000203434,ENSG00000203434,0.9999999999999858
ENSG00000203593,ENSG00000203593,1.0
ENSG00000204620,ENSG00000204620,0.9999999999997772
ENSG00000205041,ENSG00000205041,0.9999999999998265
ENSG00000205740,ENSG00000205740,0.9999999999999155
ENSG00000206567,ENSG00000206567,1.0
ENSG00000213600,ENSG00000213600,1.0
ENSG00000213963,ENSG00000213963,1.0
ENSG00000214719,ENSG00000214719,0.999999999999974
ENSG00000214955,ENSG00000214955,0.9999999999997949
ENSG00000217702,ENSG00000217702,1.0
ENSG00000219410,ENSG00000219410,1.0
ENSG00000222000,ENSG00000222000,1.0
ENSG00000222007,ENSG00000222007,1.0
ENSG00000222017,ENSG00000222017,1.0
ENSG00000223502,ENSG00000223502,1.0
ENSG00000223523,ENSG00000223523,1.0
ENSG00000223528,ENSG00000223528,0.9999999999994323
ENSG00000223598,ENSG00000223598,1.0
ENSG00000223642,ENSG00000223642,1.0
ENSG00000223725,ENSG00000223725,0.9999999999997322
ENSG00000223727,ENSG00000223727,1.0
ENSG00000223786,ENSG00000223786,1.0
ENSG00000223842,ENSG00000223842,0.9999999999997949
ENSG00000223969,ENSG00000223969,1.0
ENSG00000224132,ENSG00000224132,1.0
ENSG00000224138,ENSG00000224138,0.9999999999995243
ENSG00000224228,ENSG00000224228,0.9999999999998946
ENSG00000224342,ENSG00000224342,0.9999999999997999
ENSG00000224361,ENSG00000224361,1.0
ENSG00000224363,ENSG00000224363,1.0
ENSG00000224376,ENSG00000224376,0.9999999999999273
ENSG00000224621,ENSG00000224621,1.0
ENSG00000224626,ENSG00000224626,1.0
ENSG00000224658,ENSG00000224658,0.9999999999997949
ENSG00000224691,ENSG00000224691,0.9999999999998854
ENSG00000224700,ENSG00000224700,0.9999999999997863
ENSG00000224746,ENSG00000224746,1.0
ENSG00000224789,ENSG00000224789,0.9999999999999947
ENSG00000224905,ENSG00000224905,0.9999999999999173
ENSG00000224945,ENSG00000224945,0.9999999999998014
ENSG00000225075,ENSG00000225075,0.9999999999999072
ENSG00000225140,ENSG00000225140,0.9999999999998717
ENSG00000225195,ENSG00000225195,1.0
ENSG00000225218,ENSG00000225218,0.9999999999999145
ENSG00000225300,ENSG00000225300,0.9999999999997096
ENSG00000225313,ENSG00000225313,0.9999999999998231
ENSG00000225335,ENSG00000225335,0.9999999999999075
ENSG00000225649,ENSG00000225649,0.9999999999998722
ENSG00000225689,ENSG00000225689,0.9999999999997362
ENSG00000225750,ENSG00000225750,0.9999999999999283
ENSG00000225885,ENSG00000225885,1.0
ENSG00000226089,ENSG00000226089,0.9999999999999094
ENSG00000226149,ENSG00000226149,1.0
ENSG00000226266,ENSG00000226266,0.9999999999997796
ENSG00000226310,ENSG00000226310,1.0
ENSG00000226375,ENSG00000226375,0.9999999999999217
ENSG00000226409,ENSG00000226409,0.9999999999999026
ENSG00000226465,ENSG00000226465,1.0
ENSG00000226471,ENSG00000226471,0.9999999999996843
ENSG00000226526,ENSG00000226526,0.9999999999999218
ENSG00000226571,ENSG00000226571,0.999999999999857
ENSG00000226797,ENSG00000226797,1.0
ENSG00000226899,ENSG00000226899,1.0
ENSG00000226919,ENSG00000226919,0.9999999999997866
ENSG00000226965,ENSG00000226965,0.9999999999998407
ENSG00000226992,ENSG00000226992,0.9999999999998286
ENSG00000227033,ENSG00000227033,0.9999999999995912
ENSG00000227189,ENSG00000227189,0.9999999999998145
ENSG00000227200,ENSG00000227200,0.9999999999998034
ENSG00000227215,ENSG00000227215,1.0
ENSG00000227218,ENSG00000227218,1.0
ENSG00000227330,ENSG00000227330,1.0
ENSG00000227355,ENSG00000227355,1.0
ENSG00000227482,ENSG00000227482,0.9999999999999274
ENSG00000227486,ENSG00000227486,0.9999999999998261
ENSG00000227598,ENSG00000227598,1.0
ENSG00000227606,ENSG00000227606,0.9999999999998482
ENSG00000227627,ENSG00000227627,1.0
ENSG00000227681,ENSG00000227681,0.9999999999997949
ENSG00000227704,ENSG00000227704,1.0
ENSG00000227712,ENSG00000227712,1.0
ENSG00000227857,ENSG00000227857,1.0
ENSG00000228010,ENSG00000228010,1.0
ENSG00000228061,ENSG00000228061,0.9999999999996064
ENSG00000228084,ENSG00000228084,1.0
ENSG00000228274,ENSG00000228274,1.0
ENSG00000228395,ENSG00000228395,1.0
ENSG00000228423,ENSG00000228423,1.0
ENSG00000228444,ENSG00000228444,0.9999999999998382
ENSG00000228470,ENSG00000228470,0.9999999999996932
ENSG00000228484,ENSG00000228484,0.9999999999997665
ENSG00000228509,ENSG00000228509,1.0
ENSG00000228541,ENSG00000228541,1.0
ENSG00000228625,ENSG00000228625,0.9999999999997697
ENSG00000228679,ENSG00000228679,1.0
ENSG00000228680,ENSG00000228680,0.9999999999997379
ENSG00000228714,ENSG00000228714,1.0
ENSG00000228779,ENSG00000228779,0.9999999999998734
ENSG00000228793,ENSG00000228793,0.9999999999998781
ENSG00000228830,ENSG00000228830,0.9999999999998086
ENSG00000228919,ENSG00000228919,1.0
ENSG00000229118,ENSG00000229118,1.0
ENSG00000229178,ENSG00000229178,1.0
ENSG00000229195,ENSG00000229195,1.0
ENSG00000229294,ENSG00000229294,0.9999999999996997
ENSG00000229321,ENSG00000229321,1.0
ENSG00000229337,ENSG00000229337,1.0
ENSG00000229587,ENSG00000229587,1.0
ENSG00000229618,ENSG00000229618,0.9999999999998263
ENSG00000229660,ENSG00000229660,0.9999999999999871
ENSG00000229751,ENSG00000229751,0.9999999999996796
ENSG00000229848,ENSG00000229848,0.9999999999997377
ENSG00000229969,ENSG00000229969,1.0
ENSG00000230001,ENSG00000230001,0.999999999999534
ENSG00000230010,ENSG00000230010,1.0
ENSG00000230205,ENSG00000230205,0.9999999999997258
ENSG00000230289,ENSG00000230289,1.0
ENSG00000230333,ENSG00000230333,0.9999999999998378
ENSG00000230433,ENSG00000230433,0.9999999999998379
ENSG00000230454,ENSG00000230454,1.0
ENSG00000230490,ENSG00000230490,0.999999999999765
ENSG00000230498,ENSG00000230498,0.9999999999999384
ENSG00000230569,ENSG00000230569,1.0
ENSG00000230615,ENSG00000230615,1.0
ENSG00000230623,ENSG00000230623,1.0
ENSG00000230647,ENSG00000230647,0.9999999999999081
ENSG00000230728,ENSG00000230728,0.9999999999999902
ENSG00000230773,ENSG00000230773,0.9999999999998537
ENSG00000230782,ENSG00000230782,0.9999999999999424
ENSG00000230826,ENSG00000230826,0.9999999999997634
ENSG00000230894,ENSG00000230894,0.9999999999996144
ENSG00000231010,ENSG00000231010,1.0
ENSG00000231039,ENSG00000231039,0.9999999999999333
ENSG00000231052,ENSG00000231052,0.9999999999998918
ENSG00000231083,ENSG00000231083,1.0
ENSG00000231132,ENSG00000231132,0.9999999999999629
ENSG00000231201,ENSG00000231201,0.9999999999996756
ENSG00000231236,ENSG00000231236,0.9999999999997243
ENSG00000231424,ENSG00000231424,0.9999999999999413
ENSG00000231563,ENSG00000231563,0.9999999999996351
ENSG00000231704,ENSG00000231704,0.9999999999998362
ENSG00000231731,ENSG00000231731,0.9999999999995438
ENSG00000231756,ENSG00000231756,1.0
ENSG00000231970,ENSG00000231970,0.9999999999998003
ENSG00000232031,ENSG00000232031,0.9999999999997892
ENSG00000232034,ENSG00000232034,1.0
ENSG00000232043,ENSG00000232043,1.0
ENSG00000232110,ENSG00000232110,0.9999999999999042
ENSG00000232377,ENSG00000232377,0.9999999999995449
ENSG00000232519,ENSG00000232519,1.0
ENSG00000232555,ENSG00000232555,1.0
ENSG00000232611,ENSG00000232611,1.0
ENSG00000232628,ENSG00000232628,0.999999999999791
ENSG00000232633,ENSG00000232633,0.9999999999997248
ENSG00000232696,ENSG00000232696,0.9999999999996854
ENSG00000232719,ENSG00000232719,0.9999999999998536
ENSG00000232732,ENSG00000232732,1.0
ENSG00000232748,ENSG00000232748,0.9999999999999083
ENSG00000232807,ENSG00000232807,1.0
ENSG00000232821,ENSG00000232821,0.9999999999998077
ENSG00000232828,ENSG00000232828,1.0
ENSG00000232855,ENSG00000232855,1.0
ENSG00000232949,ENSG00000232949,0.9999999999998587
ENSG00000232995,ENSG00000232995,1.0
ENSG00000233044,ENSG00000233044,0.9999999999994534
ENSG00000233099,ENSG00000233099,1.0
ENSG00000233230,ENSG00000233230,0.9999999999998459
ENSG00000233251,ENSG00000233251,0.999999999999882
ENSG00000233358,ENSG00000233358,0.9999999999998286
ENSG00000233519,ENSG00000233519,0.9999999999999795
ENSG00000233538,ENSG00000233538,0.9999999999998499
ENSG00000233581,ENSG00000233581,0.9999999999993749
ENSG00000233635,ENSG00000233635,1.0
ENSG00000233783,ENSG00000233783,0.9999999999998127
ENSG00000233845,ENSG00000233845,0.9999999999997575
ENSG00000233852,ENSG00000233852,0.9999999999998708
ENSG00000233862,ENSG00000233862,1.0
ENSG00000233912,ENSG00000233912,1.0
ENSG00000233967,ENSG00000233967,0.9999999999999998
ENSG00000234050,ENSG00000234050,0.9999999999999092
ENSG00000234083,ENSG00000234083,1.0
ENSG00000234147,ENSG00000234147,0.9999999999999937
ENSG00000234156,ENSG00000234156,0.9999999999997722
ENSG00000234162,ENSG00000234162,0.9999999999997632
CHRM2,ENSG00000234352,0.46016521581871284
ENSG00000234352,ENSG00000234352,0.9999999999997721
ENSG00000234405,ENSG00000234405,1.0
ENSG00000234477,ENSG00000234477,0.9999999999998079
ENSG00000234584,ENSG00000234584,0.999999999999778
ENSG00000234740,ENSG00000234740,0.9999999999995587
ENSG00000234793,ENSG00000234793,1.0
ENSG00000234810,ENSG00000234810,1.0
ENSG00000234860,ENSG00000234860,0.9999999999998923
ENSG00000234900,ENSG00000234900,1.0
ENSG00000234913,ENSG00000234913,1.0
ENSG00000234917,ENSG00000234917,0.9999999999999015
ENSG00000234936,ENSG00000234936,1.0
ENSG00000234943,ENSG00000234943,0.9999999999996059
ENSG00000235077,ENSG00000235077,1.0
ENSG00000235096,ENSG00000235096,1.0
ENSG00000235119,ENSG00000235119,0.9999999999998724
ENSG00000235189,ENSG00000235189,0.9999999999999359
ENSG00000235277,ENSG00000235277,0.9999999999998825
ENSG00000235279,ENSG00000235279,0.9999999999999509
ENSG00000235381,ENSG00000235381,1.0
ENSG00000235415,ENSG00000235415,0.999999999999895
ENSG00000235419,ENSG00000235419,0.9999999999998812
ENSG00000235578,ENSG00000235578,0.9999999999997985
ENSG00000235820,ENSG00000235820,0.9999999999998256
ENSG00000235852,ENSG00000235852,1.0
ISG15,ENSG00000235939,0.4016166100061909
SLC12A8,ENSG00000235939,0.41536271127345487
ENSG00000235939,ENSG00000235939,0.9999999999997632
ENSG00000236064,ENSG00000236064,1.0
ENSG00000236065,ENSG00000236065,1.0
ENSG00000236095,ENSG00000236095,1.0
ENSG00000236115,ENSG00000236115,0.9999999999997966
ENSG00000236206,ENSG00000236206,1.0
ENSG00000236209,ENSG00000236209,1.0
ENSG00000236230,ENSG00000236230,1.0
ENSG00000236255,ENSG00000236255,1.0
ENSG00000236283,ENSG00000236283,1.0
ENSG00000236332,ENSG00000236332,1.0
ENSG00000236364,ENSG00000236364,1.0
ENSG00000236377,ENSG00000236377,1.0
ENSG00000236390,ENSG00000236390,0.9999999999999526
ENSG00000236449,ENSG00000236449,0.9999999999996909
ENSG00000236453,ENSG00000236453,1.0
ENSG00000236494,ENSG00000236494,0.999999999999974
ENSG00000236536,ENSG00000236536,0.9999999999998197
ENSG00000236540,ENSG00000236540,1.0
ENSG00000236545,ENSG00000236545,1.0
ENSG00000236924,ENSG00000236924,1.0
ENSG00000236935,ENSG00000236935,0.9999999999999315
ENSG00000236986,ENSG00000236986,1.0
ENSG00000237126,ENSG00000237126,1.0
ENSG00000237188,ENSG00000237188,1.0
ENSG00000237220,ENSG00000237220,1.0
ENSG00000237280,ENSG00000237280,0.9999999999998174
ENSG00000237356,ENSG00000237356,1.0
ENSG00000237359,ENSG00000237359,1.0
ENSG00000237422,ENSG00000237422,0.9999999999997791
ENSG00000237429,ENSG00000237429,0.9999999999997977
ENSG00000237461,ENSG00000237461,0.9999999999997469
ENSG00000237531,ENSG00000237531,0.9999999999999645
ENSG00000237705,ENSG00000237705,0.9999999999994676
ENSG00000237773,ENSG00000237773,1.0
ENSG00000237813,ENSG00000237813,0.9999999999993876
ENSG00000237851,ENSG00000237851,1.0
ENSG00000237852,ENSG00000237852,0.9999999999998004
ENSG00000237927,ENSG00000237927,1.0
ENSG00000237993,ENSG00000237993,0.9999999999997914
ENSG00000238039,ENSG00000238039,1.0
ENSG00000238171,ENSG00000238171,0.9999999999997855
ENSG00000238207,ENSG00000238207,0.9999999999996939
ENSG00000238221,ENSG00000238221,0.9999999999997194
ENSG00000238224,ENSG00000238224,0.9999999999997903
ENSG00000238260,ENSG00000238260,1.0
ENSG00000238280,ENSG00000238280,0.9999999999997939
ENSG00000239407,ENSG00000239407,1.0
ENSG00000239480,ENSG00000239480,1.0
ENSG00000239775,ENSG00000239775,0.9999999999996421
ENSG00000240015,ENSG00000240015,1.0
ENSG00000240207,ENSG00000240207,0.9999999999997843
ENSG00000240291,ENSG00000240291,0.9999999999995666
ENSG00000240687,ENSG00000240687,1.0
ENSG00000240895,ENSG00000240895,0.9999999999999718
ENSG00000240963,ENSG00000240963,1.0
ENSG00000241596,ENSG00000241596,0.9999999999998587
ENSG00000241770,ENSG00000241770,0.999999999999963
ENSG00000241772,ENSG00000241772,1.0
ENSG00000241884,ENSG00000241884,0.999999999999862
ENSG00000241886,ENSG00000241886,1.0
ENSG00000241954,ENSG00000241954,0.9999999999998683
ENSG00000242611,ENSG00000242611,1.0
ENSG00000242816,ENSG00000242816,0.9999999999996256
ENSG00000242880,ENSG00000242880,0.9999999999999923
ENSG00000243155,ENSG00000243155,0.9999999999996144
ENSG00000243176,ENSG00000243176,1.0
ENSG00000243243,ENSG00000243243,1.0
ENSG00000243305,ENSG00000243305,0.9999999999999817
ENSG00000243415,ENSG00000243415,1.0
ENSG00000243797,ENSG00000243797,0.9999999999999017
ENSG00000244055,ENSG00000244055,1.0
ENSG00000244268,ENSG00000244268,1.0
ENSG00000244733,ENSG00000244733,0.9999999999998607
ENSG00000245059,ENSG00000245059,1.0
ENSG00000245261,ENSG00000245261,0.9999999999999762
ENSG00000245748,ENSG00000245748,1.0
ENSG00000245768,ENSG00000245768,0.999999999999645
ENSG00000246090,ENSG00000246090,0.9999999999998651
ENSG00000246331,ENSG00000246331,1.0
ENSG00000246851,ENSG00000246851,0.9999999999995373
ENSG00000247121,ENSG00000247121,1.0
ENSG00000247134,ENSG00000247134,1.0
ENSG00000247324,ENSG00000247324,0.9999999999998354
ENSG00000247679,ENSG00000247679,1.0
ENSG00000247934,ENSG00000247934,0.999999999999914
ENSG00000248125,ENSG00000248125,0.999999999999958
ENSG00000248161,ENSG00000248161,0.9999999999997147
ENSG00000248187,ENSG00000248187,0.9999999999999114
ENSG00000248240,ENSG00000248240,0.9999999999998324
ENSG00000248318,ENSG00000248318,0.9999999999999798
ENSG00000248343,ENSG00000248343,1.0
ENSG00000248388,ENSG00000248388,0.9999999999995428
ENSG00000248515,ENSG00000248515,1.0
ENSG00000248537,ENSG00000248537,1.0
ENSG00000248551,ENSG00000248551,1.0
ENSG00000248559,ENSG00000248559,1.0
ENSG00000248647,ENSG00000248647,1.0
ENSG00000248664,ENSG00000248664,0.9999999999998721
ENSG00000248752,ENSG00000248752,1.0
ENSG00000248758,ENSG00000248758,1.0
ENSG00000248774,ENSG00000248774,0.9999999999999343
ENSG00000248787,ENSG00000248787,0.9999999999998042
ENSG00000248927,ENSG00000248927,1.0
ENSG00000248969,ENSG00000248969,0.9999999999997595
ENSG00000249207,ENSG00000249207,0.9999999999997755
ENSG00000249234,ENSG00000249234,1.0
ENSG00000249258,ENSG00000249258,0.9999999999997474
ENSG00000249409,ENSG00000249409,1.0
ENSG00000249417,ENSG00000249417,0.9999999999999772
ENSG00000249456,ENSG00000249456,0.9999999999996765
ENSG00000249476,ENSG00000249476,0.9999999999997237
ENSG00000249492,ENSG00000249492,0.9999999999998714
ENSG00000249593,ENSG00000249593,1.0
ENSG00000249635,ENSG00000249635,0.9999999999997853
ENSG00000249664,ENSG00000249664,0.9999999999996566
ENSG00000249675,ENSG00000249675,1.0
ENSG00000249684,ENSG00000249684,1.0
ENSG00000249685,ENSG00000249685,0.9999999999999858
ENSG00000249706,ENSG00000249706,0.9999999999999152
ENSG00000249738,ENSG00000249738,1.0
ENSG00000249782,ENSG00000249782,1.0
ENSG00000249787,ENSG00000249787,0.9999999999999462
ENSG00000249803,ENSG00000249803,0.9999999999999556
ENSG00000249806,ENSG00000249806,0.9999999999998543
ENSG00000249856,ENSG00000249856,1.0
ENSG00000249942,ENSG00000249942,1.0
ENSG00000249951,ENSG00000249951,0.9999999999995609
ENSG00000250001,ENSG00000250001,1.0
ENSG00000250027,ENSG00000250027,0.9999999999996606
ENSG00000250038,ENSG00000250038,0.9999999999998408
ENSG00000250041,ENSG00000250041,1.0
ENSG00000250057,ENSG00000250057,1.0
ENSG00000250064,ENSG00000250064,1.0
ENSG00000250075,ENSG00000250075,1.0
ENSG00000250081,ENSG00000250081,0.9999999999999898
ENSG00000250101,ENSG00000250101,0.9999999999997071
ENSG00000250126,ENSG00000250126,1.0
ENSG00000250129,ENSG00000250129,0.9999999999995758
ENSG00000250132,ENSG00000250132,1.0
ENSG00000250195,ENSG00000250195,0.9999999999997652
ENSG00000250258,ENSG00000250258,0.9999999999998465
ENSG00000250362,ENSG00000250362,1.0
ENSG00000250383,ENSG00000250383,1.0
ENSG00000250509,ENSG00000250509,0.9999999999993766
ENSG00000250519,ENSG00000250519,1.0
ENSG00000250602,ENSG00000250602,1.0
ENSG00000250614,ENSG00000250614,0.9999999999995123
ENSG00000250619,ENSG00000250619,0.9999999999999564
ENSG00000250698,ENSG00000250698,1.0
ENSG00000250699,ENSG00000250699,1.0
ENSG00000250764,ENSG00000250764,1.0
ENSG00000250790,ENSG00000250790,1.0
ENSG00000250842,ENSG00000250842,0.9999999999998932
ENSG00000250917,ENSG00000250917,1.0
ENSG00000250955,ENSG00000250955,0.9999999999996834
ENSG00000250990,ENSG00000250990,0.9999999999997017
ENSG00000250999,ENSG00000250999,1.0
ENSG00000251023,ENSG00000251023,0.9999999999997677
ENSG00000251031,ENSG00000251031,1.0
ENSG00000251054,ENSG00000251054,0.9999999999995403
ENSG00000251095,ENSG00000251095,0.9999999999998028
ENSG00000251131,ENSG00000251131,1.0
ENSG00000251144,ENSG00000251144,1.0
ENSG00000251148,ENSG00000251148,0.9999999999997896
ENSG00000251171,ENSG00000251171,0.9999999999998184
ENSG00000251194,ENSG00000251194,1.0
ENSG00000251199,ENSG00000251199,1.0
ENSG00000251239,ENSG00000251239,1.0
ENSG00000251314,ENSG00000251314,1.0
ENSG00000251379,ENSG00000251379,0.9999999999999877
ENSG00000251388,ENSG00000251388,0.9999999999998745
ENSG00000251417,ENSG00000251417,1.0
ENSG00000251555,ENSG00000251555,0.9999999999998861
ENSG00000251567,ENSG00000251567,1.0
ENSG00000251574,ENSG00000251574,0.9999999999999776
ENSG00000251600,ENSG00000251600,0.9999999999998341
ENSG00000251615,ENSG00000251615,1.0
ENSG00000251652,ENSG00000251652,1.0
ENSG00000251654,ENSG00000251654,0.9999999999998196
ENSG00000251660,ENSG00000251660,1.0
ENSG00000251675,ENSG00000251675,0.9999999999997492
ENSG00000251687,ENSG00000251687,1.0
ENSG00000253116,ENSG00000253116,0.9999999999999222
ENSG00000253139,ENSG00000253139,0.9999999999999485
ENSG00000253171,ENSG00000253171,1.0
ENSG00000253194,ENSG00000253194,1.0
ENSG00000253197,ENSG00000253197,1.0
ENSG00000253227,ENSG00000253227,1.0
ENSG00000253256,ENSG00000253256,1.0
ENSG00000253286,ENSG00000253286,1.0
ENSG00000253295,ENSG00000253295,1.0
ENSG00000253335,ENSG00000253335,1.0
ENSG00000253347,ENSG00000253347,0.9999999999996573
ENSG00000253356,ENSG00000253356,1.0
ENSG00000253372,ENSG00000253372,1.0
ENSG00000253392,ENSG00000253392,0.9999999999998537
ENSG00000253406,ENSG00000253406,0.9999999999998089
ENSG00000253508,ENSG00000253508,1.0
ENSG00000253515,ENSG00000253515,1.0
ENSG00000253539,ENSG00000253539,1.0
ENSG00000253553,ENSG00000253553,0.9999999999999084
ENSG00000253577,ENSG00000253577,1.0
ENSG00000253607,ENSG00000253607,0.9999999999996992
ENSG00000253608,ENSG00000253608,0.9999999999997964
ENSG00000253636,ENSG00000253636,1.0
ENSG00000253656,ENSG00000253656,0.99999999999964
ENSG00000253688,ENSG00000253688,1.0
ENSG00000253736,ENSG00000253736,1.0
ENSG00000253811,ENSG00000253811,1.0
ENSG00000253829,ENSG00000253829,1.0
ENSG00000253961,ENSG00000253961,0.9999999999997298
ENSG00000253983,ENSG00000253983,1.0
ENSG00000254143,ENSG00000254143,0.9999999999999909
ENSG00000254186,ENSG00000254186,0.9999999999999656
ENSG00000254242,ENSG00000254242,1.0
ENSG00000254288,ENSG00000254288,0.9999999999997253
ENSG00000254337,ENSG00000254337,0.9999999999998822
ENSG00000254343,ENSG00000254343,0.9999999999997347
ENSG00000254363,ENSG00000254363,1.0
ENSG00000254420,ENSG00000254420,1.0
ENSG00000254477,ENSG00000254477,0.9999999999998986
ENSG00000254485,ENSG00000254485,1.0
ENSG00000254538,ENSG00000254538,0.9999999999998163
ENSG00000254556,ENSG00000254556,1.0
ENSG00000254606,ENSG00000254606,1.0
ENSG00000254607,ENSG00000254607,1.0
ENSG00000254639,ENSG00000254639,1.0
ENSG00000254731,ENSG00000254731,1.0
ENSG00000254733,ENSG00000254733,1.0
ENSG00000254757,ENSG00000254757,1.0
ENSG00000254812,ENSG00000254812,1.0
ENSG00000254847,ENSG00000254847,0.9999999999997996
ENSG00000254859,ENSG00000254859,0.9999999999999368
ENSG00000254865,ENSG00000254865,0.9999999999998166
ENSG00000254907,ENSG00000254907,1.0
ENSG00000254938,ENSG00000254938,0.9999999999999359
ENSG00000254951,ENSG00000254951,0.9999999999998485
ENSG00000255097,ENSG00000255097,0.9999999999994065
ENSG00000255158,ENSG00000255158,0.9999999999997606
ENSG00000255182,ENSG00000255182,1.0
ENSG00000255186,ENSG00000255186,1.0
ENSG00000255250,ENSG00000255250,1.0
ENSG00000255306,ENSG00000255306,1.0
ENSG00000255317,ENSG00000255317,1.0
ENSG00000255320,ENSG00000255320,1.0
ENSG00000255367,ENSG00000255367,0.9999999999999456
ENSG00000255389,ENSG00000255389,0.9999999999998164
ENSG00000255410,ENSG00000255410,1.0
ENSG00000255455,ENSG00000255455,0.9999999999996286
ENSG00000255467,ENSG00000255467,0.9999999999999181
ENSG00000255476,ENSG00000255476,0.9999999999997055
ENSG00000255478,ENSG00000255478,0.999999999999703
ENSG00000255491,ENSG00000255491,1.0
ENSG00000255495,ENSG00000255495,1.0
ENSG00000255496,ENSG00000255496,0.9999999999994427
ENSG00000255557,ENSG00000255557,0.9999999999998269
ENSG00000255580,ENSG00000255580,0.9999999999998994
ENSG00000255595,ENSG00000255595,0.9999999999998193
ENSG00000255621,ENSG00000255621,0.9999999999999374
ENSG00000255670,ENSG00000255670,1.0
ENSG00000255790,ENSG00000255790,0.9999999999998261
ENSG00000255946,ENSG00000255946,1.0
ENSG00000255968,ENSG00000255968,1.0
ENSG00000256083,ENSG00000256083,0.9999999999998384
ENSG00000256195,ENSG00000256195,0.9999999999995993
ENSG00000256199,ENSG00000256199,1.0
ENSG00000256226,ENSG00000256226,0.9999999999998281
ENSG00000256433,ENSG00000256433,1.0
ENSG00000256469,ENSG00000256469,0.9999999999998168
ENSG00000256571,ENSG00000256571,1.0
ENSG00000256712,ENSG00000256712,0.999999999999909
ENSG00000256894,ENSG00000256894,0.9999999999997734
ENSG00000256947,ENSG00000256947,1.0
ENSG00000256955,ENSG00000256955,1.0
ENSG00000256972,ENSG00000256972,1.0
ENSG00000257083,ENSG00000257083,0.9999999999999046
ENSG00000257176,ENSG00000257176,0.9999999999997939
ENSG00000257202,ENSG00000257202,1.0
ENSG00000257221,ENSG00000257221,1.0
ENSG00000257222,ENSG00000257222,0.9999999999999515
ENSG00000257252,ENSG00000257252,1.0
ENSG00000257272,ENSG00000257272,0.9999999999998841
ENSG00000257325,ENSG00000257325,0.999999999999589
ENSG00000257407,ENSG00000257407,0.9999999999997167
ENSG00000257452,ENSG00000257452,0.9999999999999016
ENSG00000257456,ENSG00000257456,0.9999999999998469
ENSG00000257496,ENSG00000257496,0.9999999999997082
ENSG00000257515,ENSG00000257515,0.9999999999996924
ENSG00000257526,ENSG00000257526,1.0
ENSG00000257663,ENSG00000257663,0.9999999999998647
ENSG00000257711,ENSG00000257711,0.9999999999999193
ENSG00000257726,ENSG00000257726,0.9999999999997442
ENSG00000257735,ENSG00000257735,1.0
ENSG00000257759,ENSG00000257759,1.0
ENSG00000257781,ENSG00000257781,1.0
ENSG00000257831,ENSG00000257831,0.9999999999995209
ENSG00000257894,ENSG00000257894,0.9999999999998603
ENSG00000258026,ENSG00000258026,0.9999999999999138
ENSG00000258077,ENSG00000258077,0.9999999999998008
ENSG00000258108,ENSG00000258108,0.9999999999997178
ENSG00000258122,ENSG00000258122,1.0
ENSG00000258181,ENSG00000258181,0.9999999999998583
ENSG00000258216,ENSG00000258216,1.0
ENSG00000258225,ENSG00000258225,0.9999999999998951
ENSG00000258302,ENSG00000258302,0.9999999999999464
ENSG00000258344,ENSG00000258344,1.0
ENSG00000258365,ENSG00000258365,1.0
ENSG00000258454,ENSG00000258454,0.9999999999997492
ENSG00000258490,ENSG00000258490,0.9999999999999859
ENSG00000258517,ENSG00000258517,0.999999999999684
ENSG00000258520,ENSG00000258520,1.0
ENSG00000258525,ENSG00000258525,1.0
ENSG00000258526,ENSG00000258526,0.9999999999998407
ENSG00000258560,ENSG00000258560,1.0
ENSG00000258593,ENSG00000258593,0.999999999999975
ENSG00000258603,ENSG00000258603,1.0
ENSG00000258637,ENSG00000258637,1.0
ENSG00000258670,ENSG00000258670,1.0
ENSG00000258744,ENSG00000258744,0.9999999999999477
ENSG00000258753,ENSG00000258753,1.0
ENSG00000258768,ENSG00000258768,1.0
ENSG00000258837,ENSG00000258837,1.0
ENSG00000258891,ENSG00000258891,1.0
ENSG00000258945,ENSG00000258945,1.0
ENSG00000258982,ENSG00000258982,1.0
ENSG00000259072,ENSG00000259072,1.0
ENSG00000259103,ENSG00000259103,0.9999999999998591
ENSG00000259135,ENSG00000259135,1.0
ENSG00000259238,ENSG00000259238,1.0
ENSG00000259275,ENSG00000259275,1.0
ENSG00000259314,ENSG00000259314,1.0
ENSG00000259336,ENSG00000259336,0.9999999999998674
ENSG00000259345,ENSG00000259345,1.0
ENSG00000259347,ENSG00000259347,1.0
ENSG00000259351,ENSG00000259351,1.0
ENSG00000259363,ENSG00000259363,0.999999999999848
ENSG00000259366,ENSG00000259366,1.0
ENSG00000259370,ENSG00000259370,1.0
ENSG00000259423,ENSG00000259423,0.9999999999998721
ENSG00000259437,ENSG00000259437,0.9999999999994529
ENSG00000259447,ENSG00000259447,1.0
ENSG00000259460,ENSG00000259460,0.9999999999999731
ENSG00000259463,ENSG00000259463,0.9999999999996108
ENSG00000259481,ENSG00000259481,0.9999999999998768
ENSG00000259519,ENSG00000259519,0.999999999999788
ENSG00000259523,ENSG00000259523,0.9999999999996777
ENSG00000259536,ENSG00000259536,1.0
ENSG00000259543,ENSG00000259543,1.0
ENSG00000259564,ENSG00000259564,1.0
ENSG00000259575,ENSG00000259575,1.0
ENSG00000259579,ENSG00000259579,1.0
ENSG00000259589,ENSG00000259589,1.0
ENSG00000259594,ENSG00000259594,0.999999999999948
ENSG00000259605,ENSG00000259605,1.0
ENSG00000259621,ENSG00000259621,1.0
ENSG00000259635,ENSG00000259635,1.0
ENSG00000259639,ENSG00000259639,0.9999999999998467
ENSG00000259644,ENSG00000259644,0.999999999999967
ENSG00000259645,ENSG00000259645,0.9999999999999399
ENSG00000259649,ENSG00000259649,0.9999999999996213
ENSG00000259656,ENSG00000259656,1.0
ENSG00000259672,ENSG00000259672,1.0
ENSG00000259678,ENSG00000259678,0.9999999999996978
ENSG00000259682,ENSG00000259682,0.9999999999996523
ENSG00000259692,ENSG00000259692,1.0
ENSG00000259702,ENSG00000259702,0.9999999999997979
ENSG00000259732,ENSG00000259732,0.9999999999997023
ENSG00000259735,ENSG00000259735,0.9999999999998734
ENSG00000259771,ENSG00000259771,1.0
ENSG00000259782,ENSG00000259782,1.0
ENSG00000259805,ENSG00000259805,1.0
ENSG00000259807,ENSG00000259807,1.0
ENSG00000259865,ENSG00000259865,1.0
ENSG00000259899,ENSG00000259899,1.0
ENSG00000259935,ENSG00000259935,0.9999999999998381
ENSG00000259946,ENSG00000259946,0.9999999999997162
ENSG00000259959,ENSG00000259959,0.9999999999996515
ENSG00000259972,ENSG00000259972,0.9999999999998966
ENSG00000259986,ENSG00000259986,0.9999999999998134
ENSG00000260000,ENSG00000260000,1.0
ENSG00000260035,ENSG00000260035,0.9999999999998167
ENSG00000260052,ENSG00000260052,0.9999999999999258
ENSG00000260063,ENSG00000260063,1.0
ENSG00000260077,ENSG00000260077,1.0
ENSG00000260086,ENSG00000260086,0.9999999999997297
ENSG00000260122,ENSG00000260122,1.0
ENSG00000260156,ENSG00000260156,1.0
ENSG00000260167,ENSG00000260167,0.999999999999722
ENSG00000260173,ENSG00000260173,1.0
ENSG00000260185,ENSG00000260185,1.0
ENSG00000260190,ENSG00000260190,0.9999999999997109
ENSG00000260196,ENSG00000260196,1.0
ENSG00000260197,ENSG00000260197,1.0
ENSG00000260257,ENSG00000260257,1.0
ENSG00000260267,ENSG00000260267,0.9999999999998039
ENSG00000260306,ENSG00000260306,0.999999999999991
ENSG00000260316,ENSG00000260316,0.9999999999999186
ENSG00000260361,ENSG00000260361,0.9999999999997607
ENSG00000260366,ENSG00000260366,0.9999999999997065
ENSG00000260392,ENSG00000260392,0.999999999999979
ENSG00000260400,ENSG00000260400,0.9999999999996898
ENSG00000260430,ENSG00000260430,1.0
ENSG00000260464,ENSG00000260464,0.9999999999998672
ENSG00000260488,ENSG00000260488,0.9999999999995249
ENSG00000260495,ENSG00000260495,1.0
ENSG00000260498,ENSG00000260498,0.9999999999998578
ENSG00000260500,ENSG00000260500,1.0
ENSG00000260517,ENSG00000260517,0.9999999999999671
ENSG00000260534,ENSG00000260534,0.9999999999996791
ENSG00000260536,ENSG00000260536,0.9999999999996194
ENSG00000260563,ENSG00000260563,1.0
ENSG00000260566,ENSG00000260566,1.0
ENSG00000260578,ENSG00000260578,0.9999999999996971
ENSG00000260586,ENSG00000260586,1.0
SLC12A8,ENSG00000260604,0.4165332058780249
ENSG00000260604,ENSG00000260604,1.0
ENSG00000260646,ENSG00000260646,1.0
ENSG00000260658,ENSG00000260658,0.9999999999998472
ENSG00000260664,ENSG00000260664,0.9999999999999102
ENSG00000260733,ENSG00000260733,0.9999999999998701
ENSG00000260743,ENSG00000260743,1.0
ENSG00000260751,ENSG00000260751,1.0
ENSG00000260796,ENSG00000260796,1.0
ENSG00000260805,ENSG00000260805,0.9999999999999117
ENSG00000260816,ENSG00000260816,1.0
ENSG00000260877,ENSG00000260877,1.0
ENSG00000260911,ENSG00000260911,1.0
ENSG00000260912,ENSG00000260912,1.0
ENSG00000260917,ENSG00000260917,1.0
ENSG00000260920,ENSG00000260920,1.0
ENSG00000260926,ENSG00000260926,1.0
ENSG00000260949,ENSG00000260949,0.9999999999999103
ENSG00000260955,ENSG00000260955,0.9999999999996695
ENSG00000260971,ENSG00000260971,1.0
ENSG00000260981,ENSG00000260981,0.9999999999998792
ENSG00000260989,ENSG00000260989,1.0
ENSG00000260995,ENSG00000260995,1.0
ENSG00000260999,ENSG00000260999,1.0
ENSG00000261036,ENSG00000261036,0.9999999999998205
ENSG00000261051,ENSG00000261051,0.9999999999998904
ENSG00000261058,ENSG00000261058,1.0
ENSG00000261063,ENSG00000261063,1.0
ENSG00000261079,ENSG00000261079,0.9999999999997774
ENSG00000261098,ENSG00000261098,0.9999999999997093
ENSG00000261101,ENSG00000261101,1.0
ENSG00000261114,ENSG00000261114,0.999999999999786
ENSG00000261118,ENSG00000261118,0.9999999999997619
ENSG00000261136,ENSG00000261136,0.9999999999998606
ENSG00000261167,ENSG00000261167,0.9999999999998687
ENSG00000261170,ENSG00000261170,1.0
ENSG00000261187,ENSG00000261187,1.0
ENSG00000261195,ENSG00000261195,0.9999999999997651
ENSG00000261242,ENSG00000261242,1.0
ENSG00000261267,ENSG00000261267,0.9999999999999531
ENSG00000261273,ENSG00000261273,0.9999999999999086
ENSG00000261291,ENSG00000261291,0.9999999999996708
ENSG00000261324,ENSG00000261324,1.0
ENSG00000261327,ENSG00000261327,0.9999999999998405
ENSG00000261329,ENSG00000261329,1.0
ENSG00000261342,ENSG00000261342,1.0
ENSG00000261367,ENSG00000261367,1.0
ENSG00000261386,ENSG00000261386,0.9999999999996948
ENSG00000261394,ENSG00000261394,0.9999999999996487
ENSG00000261460,ENSG00000261460,1.0
ENSG00000261468,ENSG00000261468,1.0
ENSG00000261513,ENSG00000261513,0.9999999999999414
ENSG00000261544,ENSG00000261544,0.999999999999864
ENSG00000261560,ENSG00000261560,0.9999999999997187
ENSG00000261573,ENSG00000261573,0.999999999999955
ENSG00000261578,ENSG00000261578,1.0
ENSG00000261596,ENSG00000261596,0.9999999999999971
ENSG00000261613,ENSG00000261613,0.9999999999997953
ENSG00000261625,ENSG00000261625,0.9999999999996895
ENSG00000261632,ENSG00000261632,0.9999999999996022
ENSG00000261646,ENSG00000261646,0.9999999999999489
ENSG00000261654,ENSG00000261654,0.9999999999999636
ENSG00000261659,ENSG00000261659,1.0
ENSG00000261736,ENSG00000261736,1.0
ENSG00000261770,ENSG00000261770,1.0
ENSG00000261775,ENSG00000261775,0.9999999999999177
ENSG00000261786,ENSG00000261786,1.0
ENSG00000261799,ENSG00000261799,0.9999999999997253
ENSG00000261837,ENSG00000261837,0.9999999999995757
ENSG00000261838,ENSG00000261838,1.0
ENSG00000261845,ENSG00000261845,0.9999999999996215
ENSG00000261888,ENSG00000261888,0.9999999999999065
ENSG00000261916,ENSG00000261916,0.9999999999998668
ENSG00000262020,ENSG00000262020,1.0
ENSG00000262049,ENSG00000262049,1.0
ENSG00000262050,ENSG00000262050,0.9999999999998581
ENSG00000262133,ENSG00000262133,0.9999999999999583
ENSG00000262265,ENSG00000262265,1.0
ENSG00000262312,ENSG00000262312,1.0
ENSG00000262445,ENSG00000262445,1.0
ENSG00000262482,ENSG00000262482,0.9999999999997128
ENSG00000262514,ENSG00000262514,0.9999999999996841
ENSG00000262580,ENSG00000262580,0.9999999999998082
ENSG00000262652,ENSG00000262652,0.9999999999998388
ENSG00000262663,ENSG00000262663,1.0
ENSG00000262732,ENSG00000262732,0.9999999999994128
ENSG00000262810,ENSG00000262810,1.0
ENSG00000262877,ENSG00000262877,0.9999999999997882
ENSG00000262879,ENSG00000262879,1.0
ENSG00000263011,ENSG00000263011,0.9999999999997897
ENSG00000263080,ENSG00000263080,0.9999999999997673
ENSG00000263120,ENSG00000263120,0.9999999999997021
ENSG00000263159,ENSG00000263159,0.9999999999998141
ENSG00000263235,ENSG00000263235,0.9999999999996113
ENSG00000263257,ENSG00000263257,0.9999999999996099
ENSG00000263280,ENSG00000263280,1.0
ENSG00000263316,ENSG00000263316,1.0
ENSG00000263321,ENSG00000263321,1.0
ENSG00000263594,ENSG00000263594,0.9999999999999309
ENSG00000263644,ENSG00000263644,0.9999999999996652
ENSG00000263657,ENSG00000263657,0.9999999999997607
ENSG00000263709,ENSG00000263709,0.9999999999996397
ENSG00000263731,ENSG00000263731,0.9999999999997911
ENSG00000263756,ENSG00000263756,0.9999999999999154
ENSG00000263826,ENSG00000263826,0.9999999999999973
ENSG00000263923,ENSG00000263923,1.0
ENSG00000263924,ENSG00000263924,0.9999999999996876
ENSG00000263982,ENSG00000263982,0.9999999999998527
ENSG00000264016,ENSG00000264016,0.9999999999999168
ENSG00000264112,ENSG00000264112,0.9999999999996301
ENSG00000264365,ENSG00000264365,0.9999999999999938
ENSG00000264456,ENSG00000264456,1.0
ENSG00000264458,ENSG00000264458,0.9999999999997167
ENSG00000264513,ENSG00000264513,1.0
ENSG00000264520,ENSG00000264520,0.9999999999996457
ENSG00000264596,ENSG00000264596,0.9999999999998478
ENSG00000264808,ENSG00000264808,1.0
ENSG00000264829,ENSG00000264829,1.0
ENSG00000264853,ENSG00000264853,0.9999999999998899
ENSG00000264869,ENSG00000264869,0.9999999999998392
ENSG00000264895,ENSG00000264895,0.9999999999998557
ENSG00000264924,ENSG00000264924,0.9999999999997302
ENSG00000265010,ENSG00000265010,1.0
ENSG00000265055,ENSG00000265055,0.9999999999998542
ENSG00000265204,ENSG00000265204,0.9999999999999198
ENSG00000265218,ENSG00000265218,1.0
ENSG00000265399,ENSG00000265399,1.0
ENSG00000265443,ENSG00000265443,1.0
ENSG00000265477,ENSG00000265477,0.9999999999999772
ENSG00000265478,ENSG00000265478,1.0
ENSG00000265554,ENSG00000265554,1.0
ENSG00000265656,ENSG00000265656,1.0
ENSG00000265751,ENSG00000265751,1.0
ENSG00000265845,ENSG00000265845,0.9999999999995796
ENSG00000265943,ENSG00000265943,1.0
ENSG00000265967,ENSG00000265967,1.0
ENSG00000265971,ENSG00000265971,0.9999999999997682
ENSG00000266049,ENSG00000266049,0.9999999999998229
ENSG00000266088,ENSG00000266088,0.999999999999912
ENSG00000266102,ENSG00000266102,1.0
ENSG00000266111,ENSG00000266111,0.9999999999997339
ENSG00000266126,ENSG00000266126,1.0
ENSG00000266171,ENSG00000266171,1.0
ENSG00000266261,ENSG00000266261,0.999999999999981
ENSG00000266313,ENSG00000266313,0.9999999999998913
ENSG00000266368,ENSG00000266368,1.0
ENSG00000266378,ENSG00000266378,0.9999999999997633
ENSG00000266385,ENSG00000266385,0.9999999999997646
ENSG00000266469,ENSG00000266469,1.0
ENSG00000266498,ENSG00000266498,0.9999999999999396
ENSG00000266538,ENSG00000266538,0.9999999999999472
ENSG00000266573,ENSG00000266573,0.9999999999999961
ENSG00000266709,ENSG00000266709,1.0
ENSG00000266767,ENSG00000266767,1.0
ENSG00000266801,ENSG00000266801,1.0
ENSG00000266824,ENSG00000266824,1.0
ENSG00000266850,ENSG00000266850,0.9999999999998939
ENSG00000266877,ENSG00000266877,0.999999999999848
ENSG00000266893,ENSG00000266893,0.9999999999998889
ENSG00000266900,ENSG00000266900,1.0
ENSG00000266908,ENSG00000266908,0.9999999999997985
ENSG00000266950,ENSG00000266950,1.0
ENSG00000266965,ENSG00000266965,0.999999999999695
ENSG00000266998,ENSG00000266998,0.999999999999684
ENSG00000267002,ENSG00000267002,1.0
ENSG00000267004,ENSG00000267004,0.9999999999998116
ENSG00000267006,ENSG00000267006,0.9999999999995767
ENSG00000267009,ENSG00000267009,1.0
ENSG00000267011,ENSG00000267011,1.0
ENSG00000267039,ENSG00000267039,1.0
ENSG00000267052,ENSG00000267052,0.9999999999998594
ENSG00000267053,ENSG00000267053,0.9999999999997234
ENSG00000267108,ENSG00000267108,0.999999999999932
ENSG00000267160,ENSG00000267160,0.999999999999951
ENSG00000267174,ENSG00000267174,1.0
ENSG00000267175,ENSG00000267175,0.9999999999998566
ENSG00000267198,ENSG00000267198,1.0
ENSG00000267244,ENSG00000267244,1.0
ENSG00000267277,ENSG00000267277,1.0
ENSG00000267282,ENSG00000267282,0.9999999999998839
ENSG00000267284,ENSG00000267284,1.0
ENSG00000267288,ENSG00000267288,1.0
ENSG00000267375,ENSG00000267375,0.9999999999998732
ENSG00000267383,ENSG00000267383,0.9999999999997677
ENSG00000267397,ENSG00000267397,1.0
ENSG00000267461,ENSG00000267461,1.0
ENSG00000267501,ENSG00000267501,1.0
ENSG00000267546,ENSG00000267546,0.9999999999996023
ENSG00000267560,ENSG00000267560,1.0
ENSG00000267565,ENSG00000267565,0.9999999999999137
ENSG00000267579,ENSG00000267579,0.9999999999998928
ENSG00000267612,ENSG00000267612,1.0
ENSG00000267632,ENSG00000267632,1.0
ENSG00000267646,ENSG00000267646,1.0
ENSG00000267649,ENSG00000267649,0.9999999999997896
ENSG00000267672,ENSG00000267672,0.9999999999998271
ENSG00000267682,ENSG00000267682,1.0
ENSG00000267707,ENSG00000267707,0.9999999999999416
ENSG00000267737,ENSG00000267737,1.0
ENSG00000267787,ENSG00000267787,1.0
ENSG00000267811,ENSG00000267811,1.0
ENSG00000267834,ENSG00000267834,0.9999999999999429
ENSG00000267886,ENSG00000267886,0.9999999999999939
ENSG00000267892,ENSG00000267892,1.0
ENSG00000267934,ENSG00000267934,0.9999999999997808
ENSG00000267940,ENSG00000267940,0.9999999999997177
ENSG00000268081,ENSG00000268081,1.0
ENSG00000268087,ENSG00000268087,0.999999999999949
ENSG00000268119,ENSG00000268119,1.0
ENSG00000268157,ENSG00000268157,1.0
ENSG00000268201,ENSG00000268201,0.999999999999858
ENSG00000268362,ENSG00000268362,1.0
ENSG00000268375,ENSG00000268375,1.0
ENSG00000268392,ENSG00000268392,1.0
ENSG00000268401,ENSG00000268401,0.9999999999996859
ENSG00000268458,ENSG00000268458,0.9999999999999921
ENSG00000268472,ENSG00000268472,0.9999999999999586
ENSG00000268499,ENSG00000268499,1.0
ENSG00000268584,ENSG00000268584,1.0
ENSG00000268603,ENSG00000268603,1.0
ENSG00000268618,ENSG00000268618,1.0
ENSG00000268650,ENSG00000268650,1.0
ENSG00000268678,ENSG00000268678,0.9999999999998936
ENSG00000268798,ENSG00000268798,1.0
ENSG00000268836,ENSG00000268836,0.9999999999997005
ENSG00000268873,ENSG00000268873,0.9999999999996801
ENSG00000268912,ENSG00000268912,0.9999999999997604
ENSG00000268945,ENSG00000268945,0.9999999999997058
ENSG00000268947,ENSG00000268947,1.0
ENSG00000268970,ENSG00000268970,1.0
ENSG00000269043,ENSG00000269043,1.0
ENSG00000269066,ENSG00000269066,0.9999999999998839
ENSG00000269151,ENSG00000269151,1.0
ENSG00000269189,ENSG00000269189,0.9999999999998761
ENSG00000269289,ENSG00000269289,0.999999999999641
ENSG00000269318,ENSG00000269318,0.9999999999996124
ENSG00000269365,ENSG00000269365,1.0
ENSG00000269399,ENSG00000269399,1.0
ENSG00000269427,ENSG00000269427,1.0
ENSG00000269514,ENSG00000269514,0.9999999999998407
ENSG00000269524,ENSG00000269524,1.0
ENSG00000269559,ENSG00000269559,0.9999999999998257
ENSG00000269560,ENSG00000269560,1.0
ENSG00000269600,ENSG00000269600,0.9999999999999774
ENSG00000269688,ENSG00000269688,0.9999999999999415
ENSG00000269694,ENSG00000269694,0.9999999999999719
ENSG00000269807,ENSG00000269807,0.9999999999999929
ENSG00000269825,ENSG00000269825,0.9999999999997986
ENSG00000269836,ENSG00000269836,1.0
ENSG00000269887,ENSG00000269887,1.0
ENSG00000269895,ENSG00000269895,0.9999999999999045
ENSG00000269902,ENSG00000269902,1.0
ENSG00000269910,ENSG00000269910,1.0
ENSG00000269934,ENSG00000269934,0.999999999999881
ENSG00000269940,ENSG00000269940,0.9999999999997127
ENSG00000269947,ENSG00000269947,0.9999999999997923
ENSG00000269950,ENSG00000269950,1.0
ENSG00000269951,ENSG00000269951,1.0
ENSG00000269967,ENSG00000269967,0.9999999999997562
ENSG00000269982,ENSG00000269982,1.0
ENSG00000269984,ENSG00000269984,1.0
ENSG00000269997,ENSG00000269997,0.9999999999999128
ENSG00000270012,ENSG00000270012,1.0
ENSG00000270019,ENSG00000270019,1.0
ENSG00000270022,ENSG00000270022,1.0
ENSG00000270050,ENSG00000270050,1.0
ENSG00000270055,ENSG00000270055,0.9999999999998525
ENSG00000270066,ENSG00000270066,0.9999999999997842
ENSG00000270071,ENSG00000270071,0.9999999999998633
ENSG00000270072,ENSG00000270072,1.0
ENSG00000270074,ENSG00000270074,1.0
ENSG00000270077,ENSG00000270077,0.9999999999998793
ENSG00000270083,ENSG00000270083,1.0
ENSG00000270087,ENSG00000270087,1.0
ENSG00000270096,ENSG00000270096,0.9999999999999276
ENSG00000270103,ENSG00000270103,1.0
ENSG00000270116,ENSG00000270116,1.0
ENSG00000270124,ENSG00000270124,1.0
ENSG00000270127,ENSG00000270127,0.9999999999999831
ENSG00000270154,ENSG00000270154,0.9999999999998157
ENSG00000270174,ENSG00000270174,1.0
ENSG00000270175,ENSG00000270175,0.9999999999998641
ENSG00000270190,ENSG00000270190,1.0
ENSG00000270210,ENSG00000270210,0.9999999999998931
ENSG00000270361,ENSG00000270361,1.0
ENSG00000270412,ENSG00000270412,0.9999999999999286
ENSG00000270487,ENSG00000270487,0.9999999999998926
ENSG00000270571,ENSG00000270571,1.0
ENSG00000270574,ENSG00000270574,1.0
ENSG00000270589,ENSG00000270589,0.9999999999998448
ENSG00000270605,ENSG00000270605,0.999999999999647
ENSG00000270638,ENSG00000270638,1.0
ENSG00000270720,ENSG00000270720,1.0
ENSG00000270725,ENSG00000270725,1.0
ENSG00000270792,ENSG00000270792,0.9999999999998983
ENSG00000270823,ENSG00000270823,0.9999999999999212
ENSG00000270953,ENSG00000270953,1.0
ENSG00000271009,ENSG00000271009,1.0
ENSG00000271011,ENSG00000271011,0.9999999999997324
ENSG00000271172,ENSG00000271172,1.0
ENSG00000271204,ENSG00000271204,1.0
ENSG00000271208,ENSG00000271208,1.0
ENSG00000271344,ENSG00000271344,1.0
ENSG00000271420,ENSG00000271420,0.9999999999994684
ENSG00000271533,ENSG00000271533,1.0
ENSG00000271553,ENSG00000271553,0.9999999999998469
ENSG00000271554,ENSG00000271554,0.9999999999998497
ENSG00000271555,ENSG00000271555,1.0
ENSG00000271579,ENSG00000271579,1.0
ENSG00000271590,ENSG00000271590,1.0
ENSG00000271717,ENSG00000271717,1.0
ENSG00000271751,ENSG00000271751,0.9999999999999616
ENSG00000271771,ENSG00000271771,0.9999999999997752
ENSG00000271774,ENSG00000271774,1.0
ENSG00000271778,ENSG00000271778,0.9999999999997661
ENSG00000271789,ENSG00000271789,0.9999999999997715
ENSG00000271811,ENSG00000271811,1.0
ENSG00000271828,ENSG00000271828,0.9999999999999257
ENSG00000271917,ENSG00000271917,1.0
ENSG00000271930,ENSG00000271930,0.9999999999998704
ENSG00000271933,ENSG00000271933,0.9999999999997818
MAGI1,ENSG00000271945,0.40214297564341306
NEAT1,ENSG00000271945,0.4438052643383013
ENSG00000271945,ENSG00000271945,1.0
ENSG00000272070,ENSG00000272070,0.9999999999999424
ENSG00000272076,ENSG00000272076,0.9999999999998893
ENSG00000272092,ENSG00000272092,0.9999999999998889
ENSG00000272103,ENSG00000272103,1.0
ENSG00000272137,ENSG00000272137,1.0
ENSG00000272140,ENSG00000272140,1.0
ENSG00000272144,ENSG00000272144,1.0
ENSG00000272148,ENSG00000272148,0.9999999999995133
ENSG00000272155,ENSG00000272155,0.9999999999997091
ENSG00000272175,ENSG00000272175,0.9999999999999589
ENSG00000272180,ENSG00000272180,0.999999999999927
ENSG00000272182,ENSG00000272182,0.9999999999998924
ENSG00000272195,ENSG00000272195,1.0
ENSG00000272219,ENSG00000272219,1.0
ENSG00000272221,ENSG00000272221,0.9999999999999075
ENSG00000272243,ENSG00000272243,1.0
ENSG00000272277,ENSG00000272277,1.0
ENSG00000272279,ENSG00000272279,0.9999999999998083
ENSG00000272316,ENSG00000272316,1.0
ENSG00000272335,ENSG00000272335,0.9999999999999291
ENSG00000272341,ENSG00000272341,1.0
ENSG00000272356,ENSG00000272356,1.0
ENSG00000272360,ENSG00000272360,1.0
ENSG00000272368,ENSG00000272368,1.0
ENSG00000272369,ENSG00000272369,1.0
ENSG00000272379,ENSG00000272379,0.9999999999997408
ENSG00000272382,ENSG00000272382,1.0
ENSG00000272396,ENSG00000272396,1.0
ENSG00000272402,ENSG00000272402,0.9999999999995501
ENSG00000272416,ENSG00000272416,1.0
ENSG00000272434,ENSG00000272434,1.0
ENSG00000272438,ENSG00000272438,0.9999999999998882
ENSG00000272468,ENSG00000272468,1.0
ENSG00000272473,ENSG00000272473,0.9999999999996513
ENSG00000272476,ENSG00000272476,0.9999999999999076
ENSG00000272489,ENSG00000272489,0.9999999999996138
ENSG00000272506,ENSG00000272506,0.99999999999991
ENSG00000272512,ENSG00000272512,1.0
ENSG00000272563,ENSG00000272563,1.0
ENSG00000272588,ENSG00000272588,0.999999999999797
ENSG00000272609,ENSG00000272609,1.0
ENSG00000272622,ENSG00000272622,0.9999999999997389
ENSG00000272630,ENSG00000272630,0.9999999999999778
ENSG00000272631,ENSG00000272631,0.999999999999778
ENSG00000272650,ENSG00000272650,0.9999999999999211
ENSG00000272656,ENSG00000272656,0.9999999999997872
ENSG00000272668,ENSG00000272668,1.0
ENSG00000272669,ENSG00000272669,0.9999999999998817
ENSG00000272688,ENSG00000272688,1.0
ENSG00000272702,ENSG00000272702,0.9999999999997871
ENSG00000272720,ENSG00000272720,1.0
ENSG00000272754,ENSG00000272754,1.0
ENSG00000272768,ENSG00000272768,0.9999999999999114
ENSG00000272788,ENSG00000272788,1.0
ENSG00000272800,ENSG00000272800,1.0
ENSG00000272807,ENSG00000272807,1.0
ENSG00000272836,ENSG00000272836,0.9999999999998765
ENSG00000272848,ENSG00000272848,0.9999999999999237
ENSG00000272864,ENSG00000272864,0.999999999999804
ENSG00000272906,ENSG00000272906,1.0
ENSG00000272911,ENSG00000272911,1.0
ENSG00000272918,ENSG00000272918,0.999999999999648
ENSG00000272936,ENSG00000272936,0.9999999999997743
ENSG00000272941,ENSG00000272941,0.9999999999998737
ENSG00000272944,ENSG00000272944,1.0
ENSG00000272953,ENSG00000272953,0.999999999999536
ENSG00000273010,ENSG00000273010,0.9999999999998165
ENSG00000273017,ENSG00000273017,1.0
ENSG00000273035,ENSG00000273035,0.9999999999997095
ENSG00000273055,ENSG00000273055,1.0
ENSG00000273064,ENSG00000273064,1.0
ENSG00000273076,ENSG00000273076,1.0
ENSG00000273107,ENSG00000273107,0.9999999999999912
ENSG00000273118,ENSG00000273118,1.0
ENSG00000273123,ENSG00000273123,0.9999999999999319
ENSG00000273133,ENSG00000273133,1.0
ENSG00000273151,ENSG00000273151,1.0
ENSG00000273165,ENSG00000273165,1.0
ENSG00000273192,ENSG00000273192,1.0
ENSG00000273204,ENSG00000273204,1.0
ENSG00000273209,ENSG00000273209,0.999999999999959
ENSG00000273230,ENSG00000273230,0.9999999999999604
ENSG00000273243,ENSG00000273243,1.0
ENSG00000273248,ENSG00000273248,0.9999999999996719
ENSG00000273254,ENSG00000273254,1.0
ENSG00000273264,ENSG00000273264,1.0
ENSG00000273271,ENSG00000273271,1.0
ENSG00000273284,ENSG00000273284,1.0
ENSG00000273289,ENSG00000273289,0.9999999999998902
ENSG00000273295,ENSG00000273295,1.0
ENSG00000273302,ENSG00000273302,0.9999999999997973
ENSG00000273305,ENSG00000273305,1.0
ENSG00000273319,ENSG00000273319,1.0
ENSG00000273320,ENSG00000273320,0.9999999999997474
ENSG00000273350,ENSG00000273350,0.9999999999997307
ENSG00000273361,ENSG00000273361,1.0
ENSG00000273363,ENSG00000273363,0.9999999999996617
ENSG00000273375,ENSG00000273375,0.9999999999999861
ENSG00000273381,ENSG00000273381,0.9999999999997397
ENSG00000273384,ENSG00000273384,1.0
ENSG00000273442,ENSG00000273442,1.0
ENSG00000273448,ENSG00000273448,0.9999999999999989
ENSG00000273455,ENSG00000273455,1.0
ENSG00000273456,ENSG00000273456,0.9999999999996192
ENSG00000273464,ENSG00000273464,0.9999999999999166
ENSG00000273474,ENSG00000273474,1.0
ENSG00000273483,ENSG00000273483,0.9999999999999796
ENSG00000273486,ENSG00000273486,0.9999999999999308
ENSG00000273489,ENSG00000273489,0.9999999999996046
ENSG00000273584,ENSG00000273584,0.9999999999999762
ENSG00000273619,ENSG00000273619,0.9999999999997253
ENSG00000273674,ENSG00000273674,1.0
ENSG00000273691,ENSG00000273691,0.9999999999998233
ENSG00000273702,ENSG00000273702,0.9999999999999785
ENSG00000273748,ENSG00000273748,1.0
ENSG00000273797,ENSG00000273797,1.0
ENSG00000273891,ENSG00000273891,1.0
ENSG00000273893,ENSG00000273893,0.9999999999999533
ENSG00000273901,ENSG00000273901,1.0
ENSG00000273973,ENSG00000273973,0.9999999999997715
ENSG00000273989,ENSG00000273989,0.9999999999997671
ENSG00000274093,ENSG00000274093,0.9999999999999534
ENSG00000274105,ENSG00000274105,1.0
ENSG00000274213,ENSG00000274213,1.0
ENSG00000274253,ENSG00000274253,1.0
ENSG00000274281,ENSG00000274281,0.9999999999997798
ENSG00000274292,ENSG00000274292,1.0
ENSG00000274297,ENSG00000274297,1.0
ENSG00000274341,ENSG00000274341,0.9999999999998918
ENSG00000274354,ENSG00000274354,0.9999999999997278
ENSG00000274363,ENSG00000274363,1.0
ENSG00000274364,ENSG00000274364,0.9999999999998854
ENSG00000274370,ENSG00000274370,0.9999999999998629
ENSG00000274383,ENSG00000274383,0.9999999999998767
ENSG00000274421,ENSG00000274421,1.0
ENSG00000274422,ENSG00000274422,1.0
ENSG00000274427,ENSG00000274427,1.0
ENSG00000274460,ENSG00000274460,1.0
ENSG00000274528,ENSG00000274528,0.9999999999998709
ENSG00000274561,ENSG00000274561,1.0
ENSG00000274578,ENSG00000274578,0.9999999999997606
ENSG00000274598,ENSG00000274598,1.0
ENSG00000274629,ENSG00000274629,1.0
ENSG00000274776,ENSG00000274776,0.9999999999999859
ENSG00000274918,ENSG00000274918,1.0
ENSG00000274929,ENSG00000274929,1.0
ENSG00000274943,ENSG00000274943,0.9999999999999845
ENSG00000274964,ENSG00000274964,0.9999999999997827
ENSG00000274987,ENSG00000274987,1.0
ENSG00000274995,ENSG00000274995,0.999999999999701
ENSG00000275056,ENSG00000275056,0.999999999999976
ENSG00000275119,ENSG00000275119,1.0
ENSG00000275180,ENSG00000275180,0.9999999999998833
ENSG00000275265,ENSG00000275265,0.9999999999999
ENSG00000275322,ENSG00000275322,0.9999999999999949
ENSG00000275345,ENSG00000275345,1.0
ENSG00000275389,ENSG00000275389,1.0
ENSG00000275413,ENSG00000275413,0.9999999999997247
ENSG00000275426,ENSG00000275426,0.9999999999997702
ENSG00000275441,ENSG00000275441,1.0
ENSG00000275443,ENSG00000275443,1.0
ENSG00000275479,ENSG00000275479,0.999999999999883
ENSG00000275494,ENSG00000275494,1.0
ENSG00000275557,ENSG00000275557,0.9999999999998533
ENSG00000275580,ENSG00000275580,0.999999999999805
ENSG00000275645,ENSG00000275645,0.9999999999998375
ENSG00000275703,ENSG00000275703,1.0
ENSG00000275734,ENSG00000275734,1.0
ENSG00000275741,ENSG00000275741,0.999999999999978
ENSG00000275764,ENSG00000275764,1.0
ENSG00000275778,ENSG00000275778,1.0
ENSG00000275854,ENSG00000275854,1.0
ENSG00000275894,ENSG00000275894,1.0
ENSG00000275963,ENSG00000275963,1.0
ENSG00000276071,ENSG00000276071,0.9999999999996102
ENSG00000276136,ENSG00000276136,1.0
ENSG00000276148,ENSG00000276148,0.9999999999998599
ENSG00000276170,ENSG00000276170,1.0
ENSG00000276248,ENSG00000276248,1.0
ENSG00000276250,ENSG00000276250,0.99999999999984
ENSG00000276256,ENSG00000276256,0.9999999999999172
ENSG00000276308,ENSG00000276308,1.0
ENSG00000276334,ENSG00000276334,0.9999999999999925
ENSG00000276337,ENSG00000276337,1.0
ENSG00000276403,ENSG00000276403,0.9999999999998134
ENSG00000276417,ENSG00000276417,1.0
ENSG00000276436,ENSG00000276436,0.9999999999999823
ENSG00000276449,ENSG00000276449,0.9999999999998259
ENSG00000276517,ENSG00000276517,0.9999999999999869
ENSG00000276527,ENSG00000276527,1.0
ENSG00000276564,ENSG00000276564,0.9999999999998973
ENSG00000276571,ENSG00000276571,0.9999999999997611
ENSG00000276593,ENSG00000276593,1.0
ENSG00000276649,ENSG00000276649,1.0
ENSG00000276651,ENSG00000276651,1.0
ENSG00000276702,ENSG00000276702,1.0
ENSG00000276727,ENSG00000276727,0.999999999999942
ENSG00000276740,ENSG00000276740,0.9999999999999667
AHNAK2,ENSG00000276850,0.5007707705692946
IFI16,ENSG00000276850,0.5029799824731909
HIP1,ENSG00000276850,0.5073525657251658
KCNMA1,ENSG00000276850,0.5090162158522546
MORC3,ENSG00000276850,0.5106520217517345
HIPK2,ENSG00000276850,0.5136237758524663
SLC35F3,ENSG00000276850,0.5140431889807624
NEBL,ENSG00000276850,0.5197350039980726
CENPT,ENSG00000276850,0.5238675478285295
ABTB2,ENSG00000276850,0.5281708397005748
DCN,ENSG00000276850,0.5323645872631835
CLU,ENSG00000276850,0.5447946928958036
TPST2,ENSG00000276850,0.5492199185432399
SLC44A1,ENSG00000276850,0.5529590120518193
IFI6,ENSG00000276850,0.5566437628016657
KRT18,ENSG00000276850,0.5733849936511406
MGP,ENSG00000276850,0.5744174713650884
FLNB,ENSG00000276850,0.5820261768055076
LINC00842,ENSG00000276850,0.5959224048036502
SLC12A8,ENSG00000276850,0.6192953616428315
ENSG00000276850,ENSG00000276850,1.0
ENSG00000276900,ENSG00000276900,1.0
ENSG00000276934,ENSG00000276934,1.0
ENSG00000276972,ENSG00000276972,1.0
ENSG00000276997,ENSG00000276997,0.9999999999997864
ENSG00000277007,ENSG00000277007,0.9999999999996494
ENSG00000277144,ENSG00000277144,0.9999999999997821
ENSG00000277151,ENSG00000277151,0.9999999999997433
ENSG00000277152,ENSG00000277152,0.9999999999998789
ENSG00000277159,ENSG00000277159,0.9999999999998245
ENSG00000277270,ENSG00000277270,1.0
ENSG00000277287,ENSG00000277287,1.0
ENSG00000277324,ENSG00000277324,1.0
ENSG00000277342,ENSG00000277342,1.0
ENSG00000277369,ENSG00000277369,1.0
ENSG00000277386,ENSG00000277386,1.0
ENSG00000277423,ENSG00000277423,1.0
ENSG00000277450,ENSG00000277450,1.0
ENSG00000277453,ENSG00000277453,0.999999999999815
ENSG00000277476,ENSG00000277476,1.0
ENSG00000277491,ENSG00000277491,1.0
ENSG00000277550,ENSG00000277550,1.0
ENSG00000277558,ENSG00000277558,0.9999999999995857
ENSG00000277602,ENSG00000277602,1.0
ENSG00000277684,ENSG00000277684,1.0
ENSG00000277701,ENSG00000277701,1.0
ENSG00000277744,ENSG00000277744,1.0
ENSG00000277829,ENSG00000277829,1.0
ENSG00000277855,ENSG00000277855,1.0
ENSG00000277879,ENSG00000277879,0.9999999999999647
ENSG00000277901,ENSG00000277901,0.9999999999999544
ENSG00000277938,ENSG00000277938,1.0
ENSG00000277945,ENSG00000277945,1.0
ENSG00000278002,ENSG00000278002,0.9999999999996708
ENSG00000278013,ENSG00000278013,0.9999999999995702
ENSG00000278058,ENSG00000278058,0.9999999999993896
ENSG00000278133,ENSG00000278133,0.9999999999998783
ENSG00000278255,ENSG00000278255,0.9999999999997313
ENSG00000278341,ENSG00000278341,0.9999999999998141
ENSG00000278390,ENSG00000278390,1.0
ENSG00000278467,ENSG00000278467,0.9999999999998401
ENSG00000278546,ENSG00000278546,1.0
ENSG00000278576,ENSG00000278576,1.0
ENSG00000278600,ENSG00000278600,0.9999999999998946
ENSG00000278668,ENSG00000278668,0.999999999999556
ENSG00000278716,ENSG00000278716,1.0
ENSG00000278730,ENSG00000278730,0.9999999999999049
ENSG00000278743,ENSG00000278743,1.0
ENSG00000278766,ENSG00000278766,0.99999999999981
ENSG00000278769,ENSG00000278769,0.99999999999982
ENSG00000278784,ENSG00000278784,0.9999999999998499
ENSG00000278899,ENSG00000278899,1.0
ENSG00000278996,ENSG00000278996,0.9999999999998639
ENSG00000279110,ENSG00000279110,0.9999999999998148
ENSG00000279145,ENSG00000279145,1.0
ENSG00000279159,ENSG00000279159,0.9999999999998802
ENSG00000279168,ENSG00000279168,1.0
ENSG00000279277,ENSG00000279277,1.0
ENSG00000279278,ENSG00000279278,0.9999999999995228
ENSG00000279342,ENSG00000279342,0.9999999999995088
ENSG00000279529,ENSG00000279529,1.0
ENSG00000279652,ENSG00000279652,1.0
ENSG00000279738,ENSG00000279738,0.9999999999997711
ENSG00000279762,ENSG00000279762,1.0
ENSG00000280007,ENSG00000280007,1.0
ENSG00000280029,ENSG00000280029,1.0
ENSG00000280036,ENSG00000280036,1.0
ENSG00000280195,ENSG00000280195,1.0
ENSG00000280241,ENSG00000280241,0.9999999999997325
ENSG00000280383,ENSG00000280383,0.9999999999998208
ENSG00000280434,ENSG00000280434,0.999999999999912
ENSG00000280441,ENSG00000280441,0.9999999999997555
ENSG00000280800,ENSG00000280800,1.0
ENSG00000281016,ENSG00000281016,1.0
ENSG00000281091,ENSG00000281091,0.9999999999998465
ENSG00000281120,ENSG00000281120,1.0
ENSG00000281181,ENSG00000281181,1.0
ENSG00000281195,ENSG00000281195,1.0
ENSG00000281333,ENSG00000281333,0.9999999999998627
ENSG00000281849,ENSG00000281849,1.0
ENSG00000281920,ENSG00000281920,1.0
BCL10-AS1,ENSG00000282057,0.41482022841445026
ENSG00000282057,ENSG00000282057,1.0
ENSG00000282143,ENSG00000282143,0.9999999999998883
ENSG00000282527,ENSG00000282527,1.0
ENSG00000282556,ENSG00000282556,1.0
ENSG00000282840,ENSG00000282840,0.9999999999999869
ENSG00000282917,ENSG00000282917,1.0
ENSG00000283031,ENSG00000283031,0.9999999999996614
ENSG00000283045,ENSG00000283045,1.0
ENSG00000283108,ENSG00000283108,1.0
ENSG00000283175,ENSG00000283175,1.0
ENSG00000283360,ENSG00000283360,0.999999999999728
ENSG00000283415,ENSG00000283415,0.9999999999998938
ENSG00000283458,ENSG00000283458,1.0
ENSG00000283459,ENSG00000283459,0.9999999999998774
ENSG00000283480,ENSG00000283480,0.9999999999998589
ENSG00000283538,ENSG00000283538,0.9999999999999521
ENSG00000283633,ENSG00000283633,1.0
ENSG00000283674,ENSG00000283674,0.9999999999998076
ENSG00000283689,ENSG00000283689,0.9999999999999434
ENSG00000283828,ENSG00000283828,0.9999999999996975
ENSG00000283913,ENSG00000283913,0.9999999999997742
ENSG00000284052,ENSG00000284052,0.9999999999999818
ENSG00000284428,ENSG00000284428,1.0
ENSG00000284526,ENSG00000284526,0.999999999999612
ENSG00000284602,ENSG00000284602,1.0
ENSG00000284624,ENSG00000284624,1.0
ENSG00000284634,ENSG00000284634,0.9999999999998237
ENSG00000284677,ENSG00000284677,0.9999999999996992
ENSG00000284685,ENSG00000284685,1.0
ENSG00000284691,ENSG00000284691,1.0
ENSG00000284726,ENSG00000284726,0.9999999999998525
ENSG00000284738,ENSG00000284738,0.9999999999999465
ENSG00000284830,ENSG00000284830,0.9999999999997605
ENSG00000284930,ENSG00000284930,1.0
ENSG00000284934,ENSG00000284934,0.9999999999998123
ENSG00000284954,ENSG00000284954,0.9999999999997032
ENSG00000284966,ENSG00000284966,1.0
ENSG00000285080,ENSG00000285080,0.9999999999999061
ENSG00000285090,ENSG00000285090,1.0
ENSG00000285091,ENSG00000285091,0.9999999999998194
ENSG00000285155,ENSG00000285155,0.9999999999996871
ENSG00000285184,ENSG00000285184,0.9999999999998714
ENSG00000285190,ENSG00000285190,0.9999999999995062
ENSG00000285280,ENSG00000285280,0.9999999999999912
ENSG00000285347,ENSG00000285347,1.0
ENSG00000285367,ENSG00000285367,1.0
ENSG00000285555,ENSG00000285555,0.9999999999997006
ENSG00000285569,ENSG00000285569,1.0
ENSG00000285570,ENSG00000285570,0.9999999999995367
ENSG00000285588,ENSG00000285588,0.9999999999998446
ENSG00000285595,ENSG00000285595,1.0
ENSG00000285619,ENSG00000285619,0.9999999999995921
ENSG00000285621,ENSG00000285621,0.9999999999997563
ENSG00000285632,ENSG00000285632,0.9999999999999947
ENSG00000285636,ENSG00000285636,0.9999999999997885
ENSG00000285637,ENSG00000285637,0.999999999999901
ENSG00000285639,ENSG00000285639,0.9999999999996961
ENSG00000285644,ENSG00000285644,0.9999999999999599
ENSG00000285650,ENSG00000285650,0.9999999999998621
ENSG00000285658,ENSG00000285658,1.0
ENSG00000285664,ENSG00000285664,1.0
ENSG00000285667,ENSG00000285667,1.0
ENSG00000285672,ENSG00000285672,0.9999999999998771
ENSG00000285676,ENSG00000285676,0.999999999999797
ENSG00000285679,ENSG00000285679,1.0
ENSG00000285692,ENSG00000285692,1.0
ENSG00000285693,ENSG00000285693,0.9999999999997231
ENSG00000285696,ENSG00000285696,1.0
ENSG00000285701,ENSG00000285701,0.9999999999995207
ENSG00000285728,ENSG00000285728,1.0
ENSG00000285730,ENSG00000285730,1.0
ENSG00000285731,ENSG00000285731,1.0
ENSG00000285744,ENSG00000285744,0.9999999999998145
ENSG00000285751,ENSG00000285751,1.0
ENSG00000285755,ENSG00000285755,1.0
ENSG00000285758,ENSG00000285758,0.9999999999994464
ENSG00000285763,ENSG00000285763,0.9999999999999285
ENSG00000285783,ENSG00000285783,1.0
ENSG00000285796,ENSG00000285796,0.9999999999999684
ENSG00000285801,ENSG00000285801,0.9999999999998858
ENSG00000285807,ENSG00000285807,0.9999999999997299
ENSG00000285812,ENSG00000285812,0.9999999999999003
ENSG00000285813,ENSG00000285813,0.9999999999999175
ENSG00000285835,ENSG00000285835,1.0
ENSG00000285840,ENSG00000285840,0.9999999999998102
ENSG00000285848,ENSG00000285848,1.0
ENSG00000285850,ENSG00000285850,1.0
ENSG00000285856,ENSG00000285856,0.9999999999997132
ENSG00000285873,ENSG00000285873,1.0
ENSG00000285878,ENSG00000285878,0.9999999999998338
ENSG00000285887,ENSG00000285887,1.0
ENSG00000285906,ENSG00000285906,1.0
ENSG00000285909,ENSG00000285909,1.0
ENSG00000285921,ENSG00000285921,1.0
ENSG00000285922,ENSG00000285922,1.0
ENSG00000285955,ENSG00000285955,1.0
ENSG00000285964,ENSG00000285964,1.0
ENSG00000285966,ENSG00000285966,1.0
ENSG00000286013,ENSG00000286013,1.0
ENSG00000286016,ENSG00000286016,1.0
ENSG00000286017,ENSG00000286017,0.9999999999998364
ENSG00000286020,ENSG00000286020,1.0
ENSG00000286044,ENSG00000286044,0.9999999999997746
ENSG00000286045,ENSG00000286045,1.0
ENSG00000286068,ENSG00000286068,0.9999999999997151
ENSG00000286071,ENSG00000286071,1.0
ENSG00000286074,ENSG00000286074,1.0
ENSG00000286076,ENSG00000286076,1.0
ENSG00000286116,ENSG00000286116,0.9999999999998338
ENSG00000286134,ENSG00000286134,0.9999999999998823
ENSG00000286136,ENSG00000286136,1.0
ENSG00000286138,ENSG00000286138,1.0
ENSG00000286153,ENSG00000286153,1.0
ENSG00000286158,ENSG00000286158,1.0
ENSG00000286162,ENSG00000286162,0.9999999999997519
ENSG00000286190,ENSG00000286190,0.9999999999998466
ENSG00000286205,ENSG00000286205,1.0
ENSG00000286216,ENSG00000286216,1.0
ENSG00000286245,ENSG00000286245,0.9999999999996184
ENSG00000286251,ENSG00000286251,1.0
ENSG00000286253,ENSG00000286253,1.0
ENSG00000286271,ENSG00000286271,0.9999999999999107
ENSG00000286288,ENSG00000286288,1.0
ENSG00000286292,ENSG00000286292,0.9999999999998602
ENSG00000286314,ENSG00000286314,1.0
ENSG00000286319,ENSG00000286319,1.0
ENSG00000286321,ENSG00000286321,0.9999999999999512
ENSG00000286329,ENSG00000286329,0.9999999999999283
ENSG00000286349,ENSG00000286349,1.0
ENSG00000286366,ENSG00000286366,0.9999999999999757
ENSG00000286369,ENSG00000286369,1.0
ENSG00000286379,ENSG00000286379,1.0
ENSG00000286401,ENSG00000286401,0.999999999999744
ENSG00000286408,ENSG00000286408,0.9999999999997335
ENSG00000286416,ENSG00000286416,1.0
ENSG00000286417,ENSG00000286417,0.999999999999483
ENSG00000286423,ENSG00000286423,1.0
ENSG00000286448,ENSG00000286448,1.0
ENSG00000286457,ENSG00000286457,1.0
ENSG00000286458,ENSG00000286458,0.9999999999998775
ENSG00000286480,ENSG00000286480,0.9999999999997367
ENSG00000286481,ENSG00000286481,1.0
ENSG00000286491,ENSG00000286491,1.0
ENSG00000286494,ENSG00000286494,0.9999999999997943
ENSG00000286503,ENSG00000286503,0.9999999999995951
ENSG00000286511,ENSG00000286511,1.0
ENSG00000286512,ENSG00000286512,0.9999999999999957
ENSG00000286533,ENSG00000286533,0.9999999999999175
ENSG00000286535,ENSG00000286535,1.0
ENSG00000286536,ENSG00000286536,0.9999999999996257
ENSG00000286545,ENSG00000286545,0.999999999999734
ENSG00000286549,ENSG00000286549,1.0
ENSG00000286561,ENSG00000286561,0.9999999999997693
ENSG00000286577,ENSG00000286577,1.0
ENSG00000286579,ENSG00000286579,1.0
ENSG00000286585,ENSG00000286585,0.9999999999998098
ENSG00000286602,ENSG00000286602,0.9999999999998562
ENSG00000286608,ENSG00000286608,1.0
ENSG00000286616,ENSG00000286616,0.9999999999999274
ENSG00000286618,ENSG00000286618,1.0
ENSG00000286619,ENSG00000286619,1.0
ENSG00000286631,ENSG00000286631,1.0
ENSG00000286632,ENSG00000286632,0.9999999999996146
ENSG00000286634,ENSG00000286634,1.0
ENSG00000286650,ENSG00000286650,1.0
ENSG00000286652,ENSG00000286652,0.9999999999998787
ENSG00000286655,ENSG00000286655,1.0
ENSG00000286656,ENSG00000286656,1.0
ENSG00000286659,ENSG00000286659,0.9999999999997484
ENSG00000286677,ENSG00000286677,1.0
ENSG00000286681,ENSG00000286681,0.9999999999997383
ENSG00000286689,ENSG00000286689,1.0
ENSG00000286707,ENSG00000286707,1.0
ENSG00000286721,ENSG00000286721,1.0
ENSG00000286724,ENSG00000286724,1.0
ENSG00000286732,ENSG00000286732,0.9999999999999732
ENSG00000286735,ENSG00000286735,0.999999999999657
ENSG00000286739,ENSG00000286739,0.9999999999998417
ENSG00000286742,ENSG00000286742,1.0
ENSG00000286748,ENSG00000286748,1.0
ENSG00000286753,ENSG00000286753,1.0
ENSG00000286771,ENSG00000286771,0.9999999999995023
ENSG00000286782,ENSG00000286782,0.9999999999996735
ENSG00000286787,ENSG00000286787,0.9999999999998955
ENSG00000286795,ENSG00000286795,0.9999999999999312
ENSG00000286797,ENSG00000286797,0.9999999999999366
ENSG00000286799,ENSG00000286799,0.9999999999996696
ENSG00000286803,ENSG00000286803,1.0
ENSG00000286808,ENSG00000286808,1.0
ENSG00000286811,ENSG00000286811,1.0
ENSG00000286813,ENSG00000286813,0.9999999999997828
ENSG00000286828,ENSG00000286828,1.0
ENSG00000286833,ENSG00000286833,1.0
ENSG00000286834,ENSG00000286834,0.9999999999998178
ENSG00000286835,ENSG00000286835,1.0
ENSG00000286846,ENSG00000286846,0.9999999999997639
ENSG00000286855,ENSG00000286855,0.9999999999997874
ENSG00000286856,ENSG00000286856,1.0
ENSG00000286861,ENSG00000286861,1.0
ENSG00000286863,ENSG00000286863,1.0
ENSG00000286878,ENSG00000286878,0.9999999999999044
ENSG00000286882,ENSG00000286882,0.9999999999998732
ENSG00000286883,ENSG00000286883,0.9999999999996427
ENSG00000286887,ENSG00000286887,1.0
ENSG00000286894,ENSG00000286894,1.0
ENSG00000286895,ENSG00000286895,1.0
ENSG00000286899,ENSG00000286899,0.9999999999996575
ENSG00000286904,ENSG00000286904,0.9999999999997712
ENSG00000286909,ENSG00000286909,0.9999999999998399
ENSG00000286912,ENSG00000286912,1.0
ENSG00000286913,ENSG00000286913,0.9999999999999825
ENSG00000286924,ENSG00000286924,1.0
ENSG00000286953,ENSG00000286953,1.0
ENSG00000286964,ENSG00000286964,0.9999999999995433
ENSG00000286974,ENSG00000286974,1.0
ENSG00000286975,ENSG00000286975,0.9999999999997975
ENSG00000286977,ENSG00000286977,1.0
ENSG00000286988,ENSG00000286988,1.0
ENSG00000286990,ENSG00000286990,1.0
ENSG00000286997,ENSG00000286997,1.0
ENSG00000287001,ENSG00000287001,0.9999999999998309
ENSG00000287003,ENSG00000287003,0.999999999999771
ENSG00000287005,ENSG00000287005,0.9999999999999358
ENSG00000287009,ENSG00000287009,0.9999999999999484
ENSG00000287014,ENSG00000287014,0.9999999999999866
ENSG00000287016,ENSG00000287016,1.0
ENSG00000287029,ENSG00000287029,0.999999999999945
ENSG00000287032,ENSG00000287032,0.9999999999997257
ENSG00000287033,ENSG00000287033,0.9999999999997295
ENSG00000287042,ENSG00000287042,0.9999999999999298
ENSG00000287044,ENSG00000287044,0.9999999999997613
ENSG00000287050,ENSG00000287050,0.9999999999996024
ENSG00000287066,ENSG00000287066,1.0
ENSG00000287069,ENSG00000287069,1.0
ENSG00000287070,ENSG00000287070,1.0
ENSG00000287077,ENSG00000287077,0.9999999999998367
ENSG00000287087,ENSG00000287087,1.0
ENSG00000287093,ENSG00000287093,0.9999999999998408
ENSG00000287100,ENSG00000287100,0.9999999999998129
ENSG00000287104,ENSG00000287104,1.0
ENSG00000287117,ENSG00000287117,0.9999999999998902
ENSG00000287121,ENSG00000287121,0.9999999999994885
ENSG00000287126,ENSG00000287126,0.9999999999997158
ENSG00000287127,ENSG00000287127,0.9999999999995651
ENSG00000287129,ENSG00000287129,0.9999999999997113
ENSG00000287134,ENSG00000287134,1.0
ENSG00000287142,ENSG00000287142,0.9999999999999993
ENSG00000287146,ENSG00000287146,1.0
ENSG00000287155,ENSG00000287155,1.0
ENSG00000287161,ENSG00000287161,1.0
ENSG00000287165,ENSG00000287165,0.9999999999998717
ENSG00000287170,ENSG00000287170,0.9999999999998708
ENSG00000287180,ENSG00000287180,0.9999999999994942
ENSG00000287185,ENSG00000287185,1.0
ENSG00000287188,ENSG00000287188,1.0
ENSG00000287191,ENSG00000287191,1.0
ENSG00000287201,ENSG00000287201,1.0
ENSG00000287220,ENSG00000287220,1.0
ENSG00000287227,ENSG00000287227,1.0
ENSG00000287232,ENSG00000287232,0.9999999999998991
ENSG00000287252,ENSG00000287252,0.9999999999999218
ENSG00000287256,ENSG00000287256,0.9999999999998815
ENSG00000287260,ENSG00000287260,1.0
ENSG00000287263,ENSG00000287263,0.9999999999997754
ENSG00000287264,ENSG00000287264,0.9999999999997948
ENSG00000287271,ENSG00000287271,1.0
ENSG00000287274,ENSG00000287274,0.9999999999998824
ENSG00000287275,ENSG00000287275,1.0
ENSG00000287284,ENSG00000287284,0.9999999999997742
ENSG00000287326,ENSG00000287326,0.9999999999999921
ENSG00000287330,ENSG00000287330,0.9999999999999585
ENSG00000287335,ENSG00000287335,1.0
ENSG00000287343,ENSG00000287343,1.0
ENSG00000287346,ENSG00000287346,0.999999999999722
ENSG00000287348,ENSG00000287348,1.0
ENSG00000287352,ENSG00000287352,0.9999999999999766
ENSG00000287356,ENSG00000287356,0.9999999999999007
ENSG00000287378,ENSG00000287378,1.0
ENSG00000287384,ENSG00000287384,1.0
ENSG00000287397,ENSG00000287397,0.9999999999998758
ENSG00000287408,ENSG00000287408,1.0
ENSG00000287419,ENSG00000287419,1.0
ENSG00000287421,ENSG00000287421,1.0
ENSG00000287422,ENSG00000287422,0.9999999999999655
ENSG00000287464,ENSG00000287464,1.0
ENSG00000287467,ENSG00000287467,1.0
ENSG00000287475,ENSG00000287475,0.9999999999995016
ENSG00000287494,ENSG00000287494,1.0
ENSG00000287507,ENSG00000287507,1.0
ENSG00000287508,ENSG00000287508,0.9999999999998925
ENSG00000287511,ENSG00000287511,0.9999999999996758
ENSG00000287516,ENSG00000287516,1.0
ENSG00000287525,ENSG00000287525,1.0
ENSG00000287532,ENSG00000287532,0.9999999999999581
ENSG00000287533,ENSG00000287533,0.9999999999996728
ENSG00000287539,ENSG00000287539,0.9999999999996255
ENSG00000287544,ENSG00000287544,1.0
ENSG00000287555,ENSG00000287555,1.0
ENSG00000287559,ENSG00000287559,1.0
ENSG00000287562,ENSG00000287562,1.0
ENSG00000287564,ENSG00000287564,1.0
ENSG00000287608,ENSG00000287608,0.9999999999998316
ENSG00000287619,ENSG00000287619,1.0
ENSG00000287620,ENSG00000287620,0.9999999999998649
ENSG00000287625,ENSG00000287625,1.0
ENSG00000287629,ENSG00000287629,0.9999999999999006
ENSG00000287643,ENSG00000287643,1.0
ENSG00000287650,ENSG00000287650,0.9999999999998845
ENSG00000287673,ENSG00000287673,1.0
ENSG00000287691,ENSG00000287691,0.9999999999998384
ENSG00000287707,ENSG00000287707,0.9999999999999234
ENSG00000287720,ENSG00000287720,1.0
ENSG00000287721,ENSG00000287721,1.0
ENSG00000287733,ENSG00000287733,0.9999999999999432
ENSG00000287737,ENSG00000287737,1.0
ENSG00000287763,ENSG00000287763,0.9999999999996356
ENSG00000287787,ENSG00000287787,1.0
ENSG00000287807,ENSG00000287807,1.0
ENSG00000287809,ENSG00000287809,1.0
ENSG00000287811,ENSG00000287811,0.9999999999998709
ENSG00000287821,ENSG00000287821,0.9999999999999138
ENSG00000287822,ENSG00000287822,1.0
ENSG00000287837,ENSG00000287837,1.0
ENSG00000287839,ENSG00000287839,1.0
ENSG00000287842,ENSG00000287842,0.9999999999997519
ENSG00000287855,ENSG00000287855,1.0
ENSG00000287865,ENSG00000287865,1.0
ENSG00000287868,ENSG00000287868,0.9999999999998748
ENSG00000287872,ENSG00000287872,1.0
ENSG00000287878,ENSG00000287878,1.0
ENSG00000287907,ENSG00000287907,1.0
ENSG00000287910,ENSG00000287910,0.9999999999996722
ENSG00000287917,ENSG00000287917,1.0
ENSG00000287918,ENSG00000287918,1.0
ENSG00000287925,ENSG00000287925,1.0
ENSG00000287932,ENSG00000287932,0.9999999999996984
ENSG00000287937,ENSG00000287937,1.0
ENSG00000287946,ENSG00000287946,1.0
ENSG00000287976,ENSG00000287976,1.0
ENSG00000287989,ENSG00000287989,1.0
ENSG00000288009,ENSG00000288009,1.0
ENSG00000288011,ENSG00000288011,1.0
ENSG00000288016,ENSG00000288016,1.0
ENSG00000288018,ENSG00000288018,1.0
ENSG00000288025,ENSG00000288025,1.0
ENSG00000288033,ENSG00000288033,1.0
ENSG00000288037,ENSG00000288037,1.0
ENSG00000288044,ENSG00000288044,0.999999999999987
ENSG00000288045,ENSG00000288045,0.9999999999998468
ENSG00000288061,ENSG00000288061,1.0
ENSG00000288075,ENSG00000288075,0.9999999999997774
ENSG00000288076,ENSG00000288076,0.9999999999999375
ENSG00000288093,ENSG00000288093,0.9999999999999506
ENSG00000288095,ENSG00000288095,0.9999999999999327
ENSG00000288096,ENSG00000288096,1.0
ENSG00000288253,ENSG00000288253,0.9999999999999609
ENSG00000288528,ENSG00000288528,1.0
ENSG00000288538,ENSG00000288538,0.9999999999999571
ENSG00000288539,ENSG00000288539,1.0
ENSG00000288548,ENSG00000288548,0.9999999999998049
ENSG00000288560,ENSG00000288560,1.0
ENSG00000288573,ENSG00000288573,0.9999999999999629
ENSG00000288583,ENSG00000288583,0.9999999999999493
ENSG00000288585,ENSG00000288585,1.0
ENSG00000288586,ENSG00000288586,0.9999999999996688
ENSG00000288645,ENSG00000288645,1.0
ENSG00000288670,ENSG00000288670,0.9999999999996637
ENSG00000288700,ENSG00000288700,1.0
ENSG00000288714,ENSG00000288714,0.9999999999998076
ENSG00000288723,ENSG00000288723,1.0
ENSG00000288739,ENSG00000288739,0.999999999999995
ENSG00000288741,ENSG00000288741,1.0
ENSG00000288745,ENSG00000288745,0.9999999999995658
ENSG00000288748,ENSG00000288748,1.0
ENSG00000288752,ENSG00000288752,0.9999999999998599
ENSG00000288753,ENSG00000288753,1.0
ENSG00000288759,ENSG00000288759,1.0
ENSG00000288761,ENSG00000288761,0.9999999999999478
ENSG00000288766,ENSG00000288766,1.0
ENSG00000288772,ENSG00000288772,1.0
ENSG00000288788,ENSG00000288788,0.9999999999999879
ENSG00000288794,ENSG00000288794,1.0
ENSG00000288819,ENSG00000288819,0.999999999999715
ENSG00000288827,ENSG00000288827,1.0
ENSG00000288833,ENSG00000288833,0.9999999999997977
ENSG00000288850,ENSG00000288850,1.0
ENSG00000288853,ENSG00000288853,1.0
ENSG00000288858,ENSG00000288858,1.0
ENSG00000288863,ENSG00000288863,1.0
ENSG00000288865,ENSG00000288865,0.9999999999998778
ENSG00000288868,ENSG00000288868,1.0
ENSG00000288873,ENSG00000288873,1.0
ENSG00000288878,ENSG00000288878,1.0
ENSG00000288880,ENSG00000288880,0.9999999999997174
ENSG00000288881,ENSG00000288881,0.9999999999999544
ENSG00000288885,ENSG00000288885,0.9999999999998235
ENSG00000288891,ENSG00000288891,0.9999999999997163
ENSG00000288896,ENSG00000288896,0.9999999999999712
ENSG00000288903,ENSG00000288903,0.9999999999996798
ENSG00000288904,ENSG00000288904,1.0
ENSG00000288910,ENSG00000288910,1.0
ENSG00000288926,ENSG00000288926,0.9999999999996472
ENSG00000288927,ENSG00000288927,1.0
ENSG00000288928,ENSG00000288928,0.99999999999986
ENSG00000288935,ENSG00000288935,1.0
ENSG00000288945,ENSG00000288945,1.0
ENSG00000288948,ENSG00000288948,0.9999999999994077
ENSG00000288953,ENSG00000288953,1.0
ENSG00000288956,ENSG00000288956,1.0
ENSG00000288969,ENSG00000288969,0.9999999999998633
ENSG00000288971,ENSG00000288971,1.0
ENSG00000288979,ENSG00000288979,1.0
ENSG00000288988,ENSG00000288988,1.0
ENSG00000288992,ENSG00000288992,0.9999999999998642
ENSG00000288995,ENSG00000288995,0.9999999999996277
ENSG00000288999,ENSG00000288999,1.0
ENSG00000289000,ENSG00000289000,0.9999999999997555
ENSG00000289001,ENSG00000289001,0.9999999999998008
ENSG00000289003,ENSG00000289003,0.9999999999999049
ENSG00000289007,ENSG00000289007,0.9999999999999648
ENSG00000289013,ENSG00000289013,1.0
ENSG00000289014,ENSG00000289014,1.0
ENSG00000289017,ENSG00000289017,1.0
ENSG00000289028,ENSG00000289028,0.9999999999998004
ENSG00000289035,ENSG00000289035,1.0
ENSG00000289042,ENSG00000289042,0.9999999999997433
ENSG00000289059,ENSG00000289059,1.0
ENSG00000289060,ENSG00000289060,1.0
ENSG00000289075,ENSG00000289075,1.0
ENSG00000289077,ENSG00000289077,0.9999999999999568
ENSG00000289085,ENSG00000289085,0.9999999999997249
ENSG00000289092,ENSG00000289092,1.0
ENSG00000289094,ENSG00000289094,1.0
ENSG00000289103,ENSG00000289103,0.999999999999582
ENSG00000289106,ENSG00000289106,1.0
ENSG00000289110,ENSG00000289110,1.0
ENSG00000289126,ENSG00000289126,0.9999999999996665
ENSG00000289130,ENSG00000289130,1.0
ENSG00000289131,ENSG00000289131,1.0
ENSG00000289138,ENSG00000289138,1.0
ENSG00000289151,ENSG00000289151,1.0
ENSG00000289152,ENSG00000289152,0.9999999999999535
ENSG00000289153,ENSG00000289153,1.0
ENSG00000289155,ENSG00000289155,1.0
ENSG00000289156,ENSG00000289156,0.9999999999999107
ENSG00000289159,ENSG00000289159,1.0
ENSG00000289171,ENSG00000289171,1.0
ENSG00000289175,ENSG00000289175,0.9999999999997208
ENSG00000289177,ENSG00000289177,0.9999999999997131
ENSG00000289180,ENSG00000289180,1.0
ENSG00000289183,ENSG00000289183,1.0
ENSG00000289188,ENSG00000289188,0.999999999999329
ENSG00000289189,ENSG00000289189,1.0
NUSAP1,ENSG00000289194,0.4031176472727888
TOP2A,ENSG00000289194,0.40491074199611504
ENSG00000289194,ENSG00000289194,0.9999999999998432
ENSG00000289198,ENSG00000289198,0.9999999999999992
ENSG00000289201,ENSG00000289201,1.0
ENSG00000289206,ENSG00000289206,1.0
ENSG00000289207,ENSG00000289207,0.9999999999995388
ENSG00000289212,ENSG00000289212,1.0
ENSG00000289213,ENSG00000289213,0.9999999999999658
ENSG00000289214,ENSG00000289214,1.0
ENSG00000289221,ENSG00000289221,1.0
ENSG00000289223,ENSG00000289223,1.0
ENSG00000289224,ENSG00000289224,1.0
ENSG00000289226,ENSG00000289226,1.0
ENSG00000289227,ENSG00000289227,0.9999999999994992
ENSG00000289228,ENSG00000289228,0.9999999999995514
ENSG00000289236,ENSG00000289236,1.0
ENSG00000289241,ENSG00000289241,1.0
ENSG00000289250,ENSG00000289250,0.9999999999996768
ENSG00000289254,ENSG00000289254,0.999999999999953
ENSG00000289255,ENSG00000289255,1.0
ENSG00000289259,ENSG00000289259,0.9999999999998359
ENSG00000289267,ENSG00000289267,1.0
ENSG00000289269,ENSG00000289269,0.9999999999996058
ENSG00000289270,ENSG00000289270,0.9999999999998204
ENSG00000289272,ENSG00000289272,0.999999999999894
ENSG00000289276,ENSG00000289276,0.999999999999752
ENSG00000289277,ENSG00000289277,1.0
ENSG00000289283,ENSG00000289283,0.9999999999996917
ENSG00000289285,ENSG00000289285,1.0
ENSG00000289288,ENSG00000289288,1.0
ENSG00000289291,ENSG00000289291,0.9999999999997942
ENSG00000289293,ENSG00000289293,0.9999999999997737
ENSG00000289295,ENSG00000289295,1.0
ENSG00000289303,ENSG00000289303,0.9999999999998662
ENSG00000289311,ENSG00000289311,0.9999999999998649
ENSG00000289317,ENSG00000289317,1.0
ENSG00000289321,ENSG00000289321,1.0
ENSG00000289331,ENSG00000289331,0.9999999999999204
ENSG00000289339,ENSG00000289339,0.9999999999999069
ENSG00000289340,ENSG00000289340,1.0
ENSG00000289341,ENSG00000289341,0.9999999999999639
ENSG00000289361,ENSG00000289361,1.0
ENSG00000289375,ENSG00000289375,1.0
ENSG00000289380,ENSG00000289380,0.9999999999996232
ENSG00000289384,ENSG00000289384,1.0
ENSG00000289396,ENSG00000289396,0.999999999999725
ENSG00000289401,ENSG00000289401,1.0
ENSG00000289405,ENSG00000289405,0.9999999999999853
ENSG00000289406,ENSG00000289406,1.0
ENSG00000289410,ENSG00000289410,0.9999999999997818
ENSG00000289412,ENSG00000289412,1.0
ENSG00000289417,ENSG00000289417,1.0
ENSG00000289421,ENSG00000289421,0.9999999999999261
ENSG00000289428,ENSG00000289428,1.0
ENSG00000289429,ENSG00000289429,1.0
ENSG00000289437,ENSG00000289437,1.0
ENSG00000289438,ENSG00000289438,0.9999999999999007
ENSG00000289440,ENSG00000289440,1.0
ENSG00000289443,ENSG00000289443,1.0
ENSG00000289447,ENSG00000289447,0.9999999999998962
ENSG00000289449,ENSG00000289449,0.9999999999999011
ENSG00000289463,ENSG00000289463,1.0
ENSG00000289469,ENSG00000289469,1.0
ENSG00000289472,ENSG00000289472,0.9999999999996824
ENSG00000289474,ENSG00000289474,0.9999999999999125
ENSG00000289486,ENSG00000289486,1.0
ENSG00000289488,ENSG00000289488,1.0
ENSG00000289496,ENSG00000289496,0.9999999999998871
ENSG00000289504,ENSG00000289504,0.999999999999805
ENSG00000289519,ENSG00000289519,1.0
ENSG00000289526,ENSG00000289526,0.9999999999999742
ENSG00000289528,ENSG00000289528,0.9999999999997555
ENSG00000289530,ENSG00000289530,1.0
ENSG00000289535,ENSG00000289535,0.9999999999998328
ENSG00000289538,ENSG00000289538,0.999999999999722
ENSG00000289544,ENSG00000289544,1.0
ENSG00000289546,ENSG00000289546,0.9999999999997092
ENSG00000289550,ENSG00000289550,1.0
ENSG00000289551,ENSG00000289551,0.9999999999998279
ENSG00000289552,ENSG00000289552,1.0
ENSG00000289555,ENSG00000289555,0.9999999999997388
ENSG00000289557,ENSG00000289557,0.9999999999999637
ENSG00000289560,ENSG00000289560,0.9999999999999976
ENSG00000289561,ENSG00000289561,1.0
ENSG00000289564,ENSG00000289564,0.9999999999997644
ENSG00000289566,ENSG00000289566,1.0
ENSG00000289567,ENSG00000289567,0.999999999999819
ENSG00000289574,ENSG00000289574,0.999999999999898
ENSG00000289581,ENSG00000289581,0.999999999999995
ENSG00000289584,ENSG00000289584,0.9999999999997098
ENSG00000289586,ENSG00000289586,0.9999999999999339
ENSG00000289587,ENSG00000289587,0.9999999999996915
ENSG00000289593,ENSG00000289593,1.0
ENSG00000289606,ENSG00000289606,0.9999999999997017
ENSG00000289612,ENSG00000289612,1.0
ENSG00000289613,ENSG00000289613,1.0
ENSG00000289627,ENSG00000289627,0.9999999999996857
ENSG00000289629,ENSG00000289629,0.9999999999994705
ENSG00000289631,ENSG00000289631,0.9999999999998741
ENSG00000289727,ENSG00000289727,1.0
ENSG00000289745,ENSG00000289745,0.9999999999998318
ENSG00000289764,ENSG00000289764,1.0
ENSG00000289826,ENSG00000289826,1.0
ENSG00000289832,ENSG00000289832,0.9999999999999928
ENSG00000289842,ENSG00000289842,0.9999999999996751
ENSG00000289847,ENSG00000289847,1.0
ENSG00000289854,ENSG00000289854,0.9999999999998579
ENSG00000289865,ENSG00000289865,0.9999999999999973
ENSG00000289869,ENSG00000289869,0.9999999999997581
ENSG00000289878,ENSG00000289878,0.9999999999998211
ENSG00000289886,ENSG00000289886,0.9999999999994333
ENSG00000289891,ENSG00000289891,0.999999999999842
ENSG00000289895,ENSG00000289895,1.0
ENSG00000289915,ENSG00000289915,0.9999999999998256
ENSG00000289926,ENSG00000289926,0.9999999999999107
ENSG00000289929,ENSG00000289929,1.0
ENSG00000289931,ENSG00000289931,1.0
ENSG00000289937,ENSG00000289937,0.9999999999996542
ENSG00000289948,ENSG00000289948,1.0
ENSG00000289950,ENSG00000289950,1.0
ENSG00000289956,ENSG00000289956,1.0
ENSG00000289961,ENSG00000289961,0.9999999999998855
ENSG00000289970,ENSG00000289970,0.9999999999998577
ENSG00000289972,ENSG00000289972,1.0
ENSG00000289975,ENSG00000289975,0.9999999999999113
ENSG00000289979,ENSG00000289979,1.0
ENSG00000289985,ENSG00000289985,1.0
ENSG00000289986,ENSG00000289986,1.0
ENSG00000289987,ENSG00000289987,0.9999999999997071
ENSG00000289996,ENSG00000289996,1.0
ENSG00000289997,ENSG00000289997,1.0
ENSG00000290002,ENSG00000290002,0.9999999999997504
ENSG00000290008,ENSG00000290008,0.9999999999998316
ENSG00000290019,ENSG00000290019,0.9999999999999674
ENSG00000290028,ENSG00000290028,0.9999999999997956
MX2,ENSG00000290032,0.4156578530055369
FTL,ENSG00000290032,0.4223502535416984
XAF1,ENSG00000290032,0.4243031197070461
PLSCR1,ENSG00000290032,0.42666979461094984
IFITM1,ENSG00000290032,0.4278530547420529
SLC12A8,ENSG00000290032,0.4331074555616932
TOB1,ENSG00000290032,0.4360912175105014
IFI6,ENSG00000290032,0.4430097145325733
STAT1,ENSG00000290032,0.44737585718542044
CLU,ENSG00000290032,0.44937814027325607
KRT18,ENSG00000290032,0.45331220320287047
MGP,ENSG00000290032,0.45652387156476104
IFIT1,ENSG00000290032,0.45746251607324584
EPSTI1,ENSG00000290032,0.46025540635403844
MT-ND4L,ENSG00000290032,0.4626310795093418
IFIT3,ENSG00000290032,0.4707748666463311
IFI16,ENSG00000290032,0.47796604166589723
ISG15,ENSG00000290032,0.48701799197040196
MX1,ENSG00000290032,0.4870797364472847
MT-ATP8,ENSG00000290032,0.5022951799472928
ENSG00000290032,ENSG00000290032,0.9999999999996877
ENSG00000290039,ENSG00000290039,0.9999999999999271
ENSG00000290046,ENSG00000290046,0.999999999999864
ENSG00000290047,ENSG00000290047,0.9999999999997766
ENSG00000290049,ENSG00000290049,1.0
ENSG00000290065,ENSG00000290065,1.0
ENSG00000290073,ENSG00000290073,0.999999999999766
ENSG00000290074,ENSG00000290074,0.9999999999998291
ENSG00000290085,ENSG00000290085,0.9999999999998419
ENSG00000290091,ENSG00000290091,1.0
ENSG00000290094,ENSG00000290094,1.0
ENSG00000290110,ENSG00000290110,0.9999999999998825
ENSG00000290113,ENSG00000290113,0.999999999999638
ENSG00000290117,ENSG00000290117,0.9999999999998923
ENSG00000290122,ENSG00000290122,0.9999999999998986
ENSG00000290126,ENSG00000290126,0.9999999999998275
ENSG00000290183,ENSG00000290183,1.0
ENSG00000290192,ENSG00000290192,1.0
ENSG00000290357,ENSG00000290357,1.0
ENSG00000290368,ENSG00000290368,0.9999999999998476
ENSG00000290383,ENSG00000290383,0.9999999999997362
ENSG00000290385,ENSG00000290385,0.9999999999999681
ENSG00000290396,ENSG00000290396,0.9999999999998505
ENSG00000290399,ENSG00000290399,0.9999999999997163
ENSG00000290440,ENSG00000290440,0.9999999999998748
ENSG00000290453,ENSG00000290453,0.9999999999997443
ENSG00000290459,ENSG00000290459,0.9999999999996977
ENSG00000290476,ENSG00000290476,1.0
ENSG00000290535,ENSG00000290535,0.9999999999998637
ENSG00000290537,ENSG00000290537,0.999999999999804
ENSG00000290548,ENSG00000290548,0.9999999999999989
ENSG00000290553,ENSG00000290553,1.0
ENSG00000290559,ENSG00000290559,1.0
ENSG00000290569,ENSG00000290569,1.0
ENSG00000290578,ENSG00000290578,1.0
ENSG00000290600,ENSG00000290600,0.9999999999996946
ENSG00000290616,ENSG00000290616,1.0
ENSG00000290646,ENSG00000290646,1.0
ENSG00000290677,ENSG00000290677,0.9999999999999802
ENSG00000290680,ENSG00000290680,1.0
ENSG00000290683,ENSG00000290683,1.0
ENSG00000290689,ENSG00000290689,1.0
ENSG00000290690,ENSG00000290690,0.999999999999779
ENSG00000290705,ENSG00000290705,0.999999999999569
ENSG00000290709,ENSG00000290709,1.0
ENSG00000290717,ENSG00000290717,0.9999999999996939
ENSG00000290728,ENSG00000290728,0.9999999999999851
ENSG00000290731,ENSG00000290731,1.0
ENSG00000290732,ENSG00000290732,1.0
ENSG00000290733,ENSG00000290733,0.9999999999997504
ENSG00000290735,ENSG00000290735,0.9999999999998269
ENSG00000290737,ENSG00000290737,1.0
ENSG00000290762,ENSG00000290762,1.0
ENSG00000290784,ENSG00000290784,0.9999999999998703
ENSG00000290787,ENSG00000290787,1.0
ENSG00000290792,ENSG00000290792,0.9999999999999647
ENSG00000290793,ENSG00000290793,0.9999999999998862
ENSG00000290796,ENSG00000290796,0.999999999999838
ENSG00000290799,ENSG00000290799,1.0
ENSG00000290807,ENSG00000290807,0.9999999999998971
ENSG00000290808,ENSG00000290808,1.0
ENSG00000290832,ENSG00000290832,1.0
ENSG00000290833,ENSG00000290833,0.9999999999998891
ENSG00000290834,ENSG00000290834,1.0
ENSG00000290839,ENSG00000290839,0.9999999999996132
ENSG00000290841,ENSG00000290841,1.0
ENSG00000290846,ENSG00000290846,0.9999999999999585
ENSG00000290848,ENSG00000290848,1.0
ENSG00000290851,ENSG00000290851,0.999999999999793
ENSG00000290854,ENSG00000290854,0.9999999999996847
ENSG00000290856,ENSG00000290856,0.9999999999999166
ENSG00000290870,ENSG00000290870,1.0
ENSG00000290872,ENSG00000290872,1.0
ENSG00000290876,ENSG00000290876,0.9999999999996793
ENSG00000290884,ENSG00000290884,1.0
CIT,ENSG00000290886,0.45891734873008483
ENSG00000290886,ENSG00000290886,0.9999999999999998
ENSG00000290921,ENSG00000290921,0.9999999999997966
ENSG00000290927,ENSG00000290927,0.9999999999996717
ENSG00000290928,ENSG00000290928,0.9999999999996854
ENSG00000290931,ENSG00000290931,1.0
ENSG00000290939,ENSG00000290939,1.0
ENSG00000290940,ENSG00000290940,0.999999999999769
ENSG00000290946,ENSG00000290946,0.9999999999998956
ENSG00000290948,ENSG00000290948,1.0
ENSG00000290951,ENSG00000290951,0.9999999999998525
ENSG00000290960,ENSG00000290960,1.0
ENSG00000290968,ENSG00000290968,0.9999999999998291
ENSG00000290974,ENSG00000290974,0.999999999999814
ENSG00000290989,ENSG00000290989,0.999999999999851
ENSG00000290993,ENSG00000290993,1.0
ENSG00000290999,ENSG00000290999,1.0
ENSG00000291003,ENSG00000291003,0.9999999999998069
ENSG00000291015,ENSG00000291015,0.9999999999995194
ENSG00000291026,ENSG00000291026,1.0
ENSG00000291032,ENSG00000291032,1.0
ENSG00000291034,ENSG00000291034,1.0
ENSG00000291041,ENSG00000291041,0.9999999999998295
ENSG00000291042,ENSG00000291042,0.9999999999999138
ENSG00000291047,ENSG00000291047,1.0
ENSG00000291054,ENSG00000291054,1.0
ENSG00000291055,ENSG00000291055,1.0
ENSG00000291060,ENSG00000291060,0.9999999999997695
ENSG00000291061,ENSG00000291061,0.9999999999999709
ENSG00000291065,ENSG00000291065,0.9999999999998015
ENSG00000291066,ENSG00000291066,0.999999999999716
ENSG00000291067,ENSG00000291067,1.0
ENSG00000291068,ENSG00000291068,0.9999999999996336
ENSG00000291073,ENSG00000291073,1.0
ENSG00000291075,ENSG00000291075,0.9999999999998893
ENSG00000291081,ENSG00000291081,0.9999999999999604
ENSG00000291099,ENSG00000291099,0.9999999999998342
ENSG00000291101,ENSG00000291101,1.0
IFI16,ENSG00000291105,0.5106283894251548
GREM1,ENSG00000291105,0.5110122310245812
KRT19,ENSG00000291105,0.5115821088896857
SLC44A1,ENSG00000291105,0.5123135854697408
S100A6,ENSG00000291105,0.5213311021883335
LINC00842,ENSG00000291105,0.5224184077391909
LUM,ENSG00000291105,0.5345435689029219
SLC12A8,ENSG00000291105,0.5386299746660785
CALD1,ENSG00000291105,0.5438582486865368
PRSS3,ENSG00000291105,0.5492356383225881
TPST2,ENSG00000291105,0.5568445574309554
IFI6,ENSG00000291105,0.5663719179124351
THBS1,ENSG00000291105,0.5753993145773861
S100A10,ENSG00000291105,0.5811847704661087
FLNB,ENSG00000291105,0.5875080920149568
CLU,ENSG00000291105,0.5925793113825659
RBP1,ENSG00000291105,0.5961420077595423
KRT18,ENSG00000291105,0.609341889652412
DCN,ENSG00000291105,0.6094167345934279
MGP,ENSG00000291105,0.6196989316695224
ENSG00000291105,ENSG00000291105,0.9999999999999308
ENSG00000291107,ENSG00000291107,0.999999999999904
ENSG00000291112,ENSG00000291112,1.0
ENSG00000291117,ENSG00000291117,0.9999999999999899
ENSG00000291121,ENSG00000291121,0.9999999999999287
ENSG00000291124,ENSG00000291124,1.0
ENSG00000291130,ENSG00000291130,0.999999999999786
ENSG00000291131,ENSG00000291131,0.9999999999998427
ENSG00000291132,ENSG00000291132,1.0
ENSG00000291136,ENSG00000291136,0.9999999999997968
ENSG00000291143,ENSG00000291143,1.0
ENSG00000291147,ENSG00000291147,0.9999999999998281
ENSG00000291149,ENSG00000291149,0.9999999999997814
ENSG00000291159,ENSG00000291159,1.0
ENSG00000291171,ENSG00000291171,0.9999999999998268
ENSG00000291174,ENSG00000291174,0.9999999999999002
ENSG00000291175,ENSG00000291175,1.0
ENSG00000291176,ENSG00000291176,1.0
ENSG00000291177,ENSG00000291177,1.0
ENSG00000291181,ENSG00000291181,0.9999999999998076
ENSG00000291182,ENSG00000291182,1.0
ENSG00000291185,ENSG00000291185,0.9999999999999541
ENSG00000291186,ENSG00000291186,1.0
ENSG00000291188,ENSG00000291188,1.0
ENSG00000291194,ENSG00000291194,1.0
ENSG00000291201,ENSG00000291201,0.9999999999999172
ENSG00000291203,ENSG00000291203,0.9999999999999952
ENSG00000291207,ENSG00000291207,1.0
ENSG00000291208,ENSG00000291208,1.0
ENSG00000291209,ENSG00000291209,0.9999999999999115
ENSG00000291211,ENSG00000291211,1.0
ENSG00000291212,ENSG00000291212,0.9999999999998955
ENSG00000291215,ENSG00000291215,0.9999999999998361
ENSG00000291219,ENSG00000291219,1.0
ENSG00000291225,ENSG00000291225,1.0
ENSG00000291228,ENSG00000291228,0.9999999999998254
ENSG00000291232,ENSG00000291232,0.9999999999998315
ENSG00000291235,ENSG00000291235,1.0
ENSG00000291242,ENSG00000291242,0.9999999999997158
ENSG00000291255,ENSG00000291255,0.9999999999999711
ENSG00000291259,ENSG00000291259,0.9999999999999446
ENSG00000291260,ENSG00000291260,1.0
ENSG00000291262,ENSG00000291262,0.9999999999999097
ENSG00000291283,ENSG00000291283,1.0
ENSG00000291299,ENSG00000291299,0.9999999999997784
ENTHD1,ENTHD1,1.0
ENTPD1-AS1,ENTPD1-AS1,1.0
ENTPD5,ENTPD5,0.9999999999997808
ENTPD7,ENTPD7,0.9999999999998986
EOLA1-DT,EOLA1-DT,1.0
EOLA2-DT,EOLA2-DT,0.999999999999868
EP400,EP400,0.9999999999998341
EPAS1,EPAS1,0.9999999999999686
SLC12A8,EPB41,0.4174775564383567
ISG15,EPB41,0.4209032351947844
NEAT1,EPB41,0.4342626851183225
EPB41,EPB41,0.9999999999999791
EPB41L1,EPB41L1,0.9999999999995987
EPB41L2,EPB41L2,0.9999999999999759
EPB41L3,EPB41L3,0.9999999999999656
EPB41L4A,EPB41L4A,1.0
EPB41L4A-AS1,EPB41L4A-AS1,0.9999999999999487
EPB41L5,EPB41L5,1.0
EPC1,EPC1,0.999999999999897
EPC1-AS1,EPC1-AS1,1.0
EPC2,EPC2,0.9999999999999227
EPCAM-DT,EPCAM-DT,0.9999999999998244
EPDR1,EPDR1,0.999999999999725
EPG5,EPG5,1.0
EPHA1-AS1,EPHA1-AS1,1.0
EPHA2-AS1,EPHA2-AS1,1.0
EPHA4,EPHA4,0.9999999999997884
EPHA5,EPHA5,1.0
EPHA5-AS1,EPHA5-AS1,1.0
EPHB2,EPHB2,1.0
EPHB3,EPHB3,1.0
EPHB6,EPHB6,1.0
EPM2A,EPM2A,0.999999999999704
EPM2A-DT,EPM2A-DT,1.0
EPM2AIP1,EPM2AIP1,1.0
KRT18,EPS15,0.4005779989761409
PRUNE2,EPS15,0.40277385040992864
IFI16,EPS15,0.40625841315361044
MIAT,EPS15,0.40741422060652593
GAS7,EPS15,0.40777610229688616
NEAT1,EPS15,0.4090870531591553
AHNAK2,EPS15,0.4100403922451206
MAGI1,EPS15,0.4104285818641926
CLU,EPS15,0.41822962902892497
SLC44A1,EPS15,0.42047511382359903
HIPK2,EPS15,0.42363737894704795
IFI6,EPS15,0.4256977188260288
MGP,EPS15,0.43158617314672726
ABTB2,EPS15,0.43169925009647875
FLNB,EPS15,0.4355529961332964
TPST2,EPS15,0.43825533364601
ISG15,EPS15,0.4443257318977675
NEBL,EPS15,0.4464007672892707
SLC12A8,EPS15,0.47368382424208433
EPS15,EPS15,0.9999999999998762
EPS15-AS1,EPS15-AS1,1.0
EPS15L1,EPS15L1,1.0
EPS8,EPS8,1.0
EPS8L2,EPS8L2,1.0
SAMD9,EPSTI1,0.6376110188001664
EIF2AK2,EPSTI1,0.6414856088915716
MGP,EPSTI1,0.6444426406768583
IFIT2,EPSTI1,0.6533623779548067
RIGI,EPSTI1,0.6572397818642667
PSMB9,EPSTI1,0.6575985629293644
XAF1,EPSTI1,0.6578002904010727
GBP1,EPSTI1,0.6622111248966255
LAP3,EPSTI1,0.6787101401991146
PLSCR1,EPSTI1,0.7010034595531252
IFITM3,EPSTI1,0.7017914294332075
MX2,EPSTI1,0.7039590636823673
IFI6,EPSTI1,0.7120011556672668
IFITM1,EPSTI1,0.7268248448031289
STAT1,EPSTI1,0.7324478210309124
IFIT3,EPSTI1,0.761570122425595
IFIT1,EPSTI1,0.763645168715299
IFI16,EPSTI1,0.7717718609769081
MX1,EPSTI1,0.7921387363285481
ISG15,EPSTI1,0.8102414979590531
EPSTI1,EPSTI1,1.0
EPX,EPX,0.9999999999996382
ERAP1,ERAP1,0.9999999999998481
ERAP2,ERAP2,0.9999999999999973
ERBIN,ERBIN,0.9999999999999744
ERBIN-DT,ERBIN-DT,1.0
ERC1,ERC1,0.999999999999984
ERCC6,ERCC6,0.9999999999999127
ERCC6L2,ERCC6L2,1.0
ERCC6L2-AS1,ERCC6L2-AS1,0.999999999999715
EREG,EREG,0.9999999999999356
ERICD,ERICD,0.9999999999997496
ERICH1,ERICH1,0.9999999999998205
ERICH6-AS1,ERICH6-AS1,1.0
ERMARD,ERMARD,1.0
ERMP1,ERMP1,0.9999999999999345
ERN1,ERN1,0.9999999999998451
ERO1B,ERO1B,0.9999999999998817
ERRFI1-DT,ERRFI1-DT,0.999999999999633
ERV3-1,ERV3-1,1.0
ERVFRD-1,ERVFRD-1,0.999999999999785
ERVK13-1,ERVK13-1,1.0
ERVK9-11,ERVK9-11,0.9999999999999398
ESAM-AS1,ESAM-AS1,0.9999999999998868
PTTG1,ESCO2,0.6033814381123497
CEP55,ESCO2,0.6047716645595299
GTSE1,ESCO2,0.6072395917076802
ANLN,ESCO2,0.6087990488289422
SPC25,ESCO2,0.6134349020260559
CLSPN,ESCO2,0.6152452657526014
PBK,ESCO2,0.6177587612141302
CDK1,ESCO2,0.6256971199213874
TMPO,ESCO2,0.629248482146703
DIAPH3,ESCO2,0.631828924797232
CENPF,ESCO2,0.6364103000529883
MKI67,ESCO2,0.6406546929043179
STMN1,ESCO2,0.6408471329777427
PRC1,ESCO2,0.6410180038303758
TPX2,ESCO2,0.6410967956448645
UBE2C,ESCO2,0.6413087525573072
PCLAF,ESCO2,0.6610705954376626
HMGB2,ESCO2,0.6644344773006202
NUSAP1,ESCO2,0.6824725448029255
TOP2A,ESCO2,0.6879385125309997
ESCO2,ESCO2,0.9999999999999906
ESPL1,ESPL1,0.9999999999999526
ESPNL,ESPNL,0.9999999999997455
ESR1,ESR1,0.9999999999996965
ESR2,ESR2,0.999999999999765
ESRP2,ESRP2,1.0
ESYT3,ESYT3,0.9999999999997079
ETFDH,ETFDH,0.9999999999999026
ETHE1,ETHE1,0.9999999999999963
ETS1,ETS1,1.0
ETV1,ETV1,0.9999999999997836
ETV6,ETV6,0.9999999999997736
ETV7,ETV7,1.0
ETV7-AS1,ETV7-AS1,0.999999999999806
EVA1A,EVA1A,0.9999999999999346
EVA1A-AS,EVA1A-AS,1.0
EVA1C,EVA1C,0.999999999999893
EVC,EVC,1.0
EVC2,EVC2,1.0
EVI2B,EVI2B,1.0
CLU,EVI5,0.446783308138123
LINC00842,EVI5,0.44743585788667306
GAS7,EVI5,0.44783752933277765
MX1,EVI5,0.4478969714768349
IFIT3,EVI5,0.44951492377516455
MORC3,EVI5,0.4512113914647274
NEBL,EVI5,0.4549888252396538
NEAT1,EVI5,0.4550102209701075
MAGI1,EVI5,0.45539570156894105
KRT18,EVI5,0.45857952918517947
ABTB2,EVI5,0.45894251972229466
HIPK2,EVI5,0.4632476310766089
IFI16,EVI5,0.4660761749033866
TPST2,EVI5,0.47044413785039557
FLNB,EVI5,0.479989890805165
MGP,EVI5,0.481375767698181
IFI6,EVI5,0.48467959828852575
SLC44A1,EVI5,0.4870071892399275
ISG15,EVI5,0.4983139967977332
SLC12A8,EVI5,0.5138670568396712
EVI5,EVI5,1.0
EVI5L,EVI5L,1.0
EVL,EVL,1.0
EXD3,EXD3,0.99999999999973
EXO1,EXO1,1.0
EXO5-DT,EXO5-DT,0.9999999999998216
EXOC2,EXOC2,1.0
EXOC3-AS1,EXOC3-AS1,1.0
EXOC3L2,EXOC3L2,1.0
NEAT1,EXOC4,0.4166446388763573
ISG15,EXOC4,0.4181027315721807
EXOC4,EXOC4,1.0
IFI16,EXOC6B,0.4398744271477882
MX1,EXOC6B,0.4408981257027391
DLG1,EXOC6B,0.44119620523409375
NFAT5,EXOC6B,0.4438733685027616
NXN,EXOC6B,0.44460711963611976
NEBL,EXOC6B,0.445484074596555
IFIT3,EXOC6B,0.4475581572085486
SLC12A8,EXOC6B,0.44776943605022346
IFITM3,EXOC6B,0.44871436653423846
HSPB1,EXOC6B,0.4553103492745038
AKAP13,EXOC6B,0.46310768666260593
MRTFA,EXOC6B,0.4649317859837979
FNIP1,EXOC6B,0.46543062543146885
DOCK5,EXOC6B,0.46797692776854116
KANSL1,EXOC6B,0.47034069127015954
FTX,EXOC6B,0.47237060360487
PVT1,EXOC6B,0.47884843266764876
MAGI1,EXOC6B,0.5077811608536354
ISG15,EXOC6B,0.5205839723152224
NEAT1,EXOC6B,0.5371662486580516
EXOC6B,EXOC6B,0.999999999999937
EXOC7,EXOC7,0.9999999999998955
EXOG,EXOG,0.9999999999998384
EXOSC6,EXOSC6,0.9999999999997221
CKS1B,EXOSC8,0.4542574371490675
CEP55,EXOSC8,0.4567024869379653
GMNN,EXOSC8,0.45692055271762144
PTTG1,EXOSC8,0.45937958180785443
TPX2,EXOSC8,0.4635030139769613
PRC1,EXOSC8,0.4658253431420859
PTMA,EXOSC8,0.4660768381931491
PCLAF,EXOSC8,0.46810893378672574
CENPF,EXOSC8,0.46833498359578163
RANBP1,EXOSC8,0.4684829654950288
UBE2C,EXOSC8,0.4725915058579436
HMGB1,EXOSC8,0.4853682019352196
NUSAP1,EXOSC8,0.48697264551375347
TOP2A,EXOSC8,0.48863334398885255
ANP32B,EXOSC8,0.4948683964130804
TMPO,EXOSC8,0.4962410204068382
HMGB2,EXOSC8,0.5081020021680203
DUT,EXOSC8,0.5089174330985416
DEK,EXOSC8,0.5158625266110035
STMN1,EXOSC8,0.520794374357202
EXOSC8,EXOSC8,1.0
EXPH5,EXPH5,1.0
MIF,EXT1,0.443262158792711
FNDC3B,EXT1,0.4432696831363538
PEAK1,EXT1,0.4473469491739562
RORA,EXT1,0.44738647016955646
KIF26B,EXT1,0.4488429333479501
MT2A,EXT1,0.4502429432379525
SEMA5A,EXT1,0.45047202739695325
CEMIP,EXT1,0.4505950192130035
FMN2,EXT1,0.4577475968654863
FBXL7,EXT1,0.462979551178397
FTX,EXT1,0.46581709205679084
PDZRN3,EXT1,0.47320752015332473
CACNA1C,EXT1,0.47792144007329956
LINC-PINT,EXT1,0.482067390613226
GRIK2,EXT1,0.4828757276417148
ATXN1,EXT1,0.484024432023608
PARD3B,EXT1,0.5028164847471337
TRIO,EXT1,0.5140300930286341
MAML2,EXT1,0.5144868133723166
PRKG1,EXT1,0.5322220290590385
EXT1,EXT1,0.999999999999983
EXTL1,EXTL1,1.0
EYA1,EYA1,0.9999999999995595
EYA2,EYA2,1.0
MGP,EYA4,0.4012832362784466
IFI6,EYA4,0.40489761384428774
FLNB,EYA4,0.4096271900147497
SLC12A8,EYA4,0.4470823221136808
EYA4,EYA4,0.999999999999727
EYS,EYS,1.0
EZH1,EZH1,0.9999999999999133
RRM2,EZH2,0.44759160155153727
SMC4,EZH2,0.44854812869076377
DIAPH3,EZH2,0.45234840977104607
CEP55,EZH2,0.4541437389440238
ASPM,EZH2,0.4573475430161756
TMPO,EZH2,0.46057530592447016
GTSE1,EZH2,0.46410599619091003
STMN1,EZH2,0.46461466535753576
BIRC5,EZH2,0.4655914317713747
PBK,EZH2,0.46615737496746074
CLSPN,EZH2,0.4670053641650229
ANLN,EZH2,0.4702636247666055
CENPF,EZH2,0.47269892307658096
TPX2,EZH2,0.4791598151823355
HMGB2,EZH2,0.48619883995512553
MKI67,EZH2,0.48840021170026393
PRC1,EZH2,0.49097446990336113
PCLAF,EZH2,0.496411638365681
NUSAP1,EZH2,0.49723793652261244
TOP2A,EZH2,0.5022517948346916
EZH2,EZH2,1.0
MKI67,EZR,0.40661085316700807
NUSAP1,EZR,0.40762035822363146
ANLN,EZR,0.40868455514485363
STMN1,EZR,0.40871295628061105
PRC1,EZR,0.41313588124075673
CEP55,EZR,0.41331919704225245
HMGB2,EZR,0.41578976072614693
TMPO,EZR,0.4168065382898646
TOP2A,EZR,0.41690335418494173
CENPF,EZR,0.4178413931574406
TPX2,EZR,0.4214888039248365
EZR,EZR,0.9999999999999952
EZR-AS1,EZR-AS1,0.9999999999998439
F10,F10,0.9999999999998307
F2R,F2R,1.0
F2RL2,F2RL2,1.0
F3,F3,1.0
F8,F8,1.0
FAAH2,FAAH2,1.0
FAAP100,FAAP100,0.9999999999997398
FABP2,FABP2,1.0
FABP3,FABP3,0.9999999999998551
FABP4,FABP4,0.9999999999998729
CENPF,FABP5,0.40989601754422855
TUBA1B,FABP5,0.4099879443895386
CENPW,FABP5,0.4140596602000575
H2AZ1,FABP5,0.4143270732653073
TOP2A,FABP5,0.41563114995017547
TPX2,FABP5,0.4163909863533396
CEP55,FABP5,0.41796452297567854
TMPO,FABP5,0.420437481646261
VIM,FABP5,0.4212576218542699
NUSAP1,FABP5,0.42196835583768405
PTMA,FABP5,0.4226375579301303
PCLAF,FABP5,0.4250343575148142
UBE2C,FABP5,0.4299845423450026
PTTG1,FABP5,0.4325717667015882
DEK,FABP5,0.4336614257126298
HMGB1,FABP5,0.4367180193647941
DUT,FABP5,0.45277389268723334
HMGB2,FABP5,0.45286799590756366
RANBP1,FABP5,0.46853628124252417
STMN1,FABP5,0.4778126544185532
FABP5,FABP5,0.9999999999999314
FADS1,FADS1,0.9999999999999106
FADS2,FADS2,0.9999999999999255
FADS3,FADS3,0.9999999999998473
IFIT3,FAF1,0.4298070593553836
IFI6,FAF1,0.43037973381637673
SLC12A8,FAF1,0.4316574876643271
IFITM1,FAF1,0.43287205516426824
EXOC6B,FAF1,0.43480770899298266
SLC35F3,FAF1,0.43596474021140125
FNIP1,FAF1,0.4360538444720664
IFIT1,FAF1,0.43704152816304526
IFITM3,FAF1,0.43825719397712964
KANSL1,FAF1,0.4394199197716888
AKAP13,FAF1,0.4407130516635359
DLG1,FAF1,0.4414782342638867
MX1,FAF1,0.4436286159394566
IFI16,FAF1,0.4455543581990324
MRTFA,FAF1,0.460096667348985
NEAT1,FAF1,0.461052979496589
NXN,FAF1,0.4632584261724658
PVT1,FAF1,0.46329969002111016
MAGI1,FAF1,0.4638402910754587
ISG15,FAF1,0.5047007334631776
FAF1,FAF1,0.999999999999967
FALEC,FALEC,0.9999999999996456
FAM106A,FAM106A,0.9999999999996914
FAM107B,FAM107B,1.0
FAM110B,FAM110B,0.9999999999999402
ANLN,FAM111A,0.4681643639728664
PBK,FAM111A,0.4740563815250037
SPC25,FAM111A,0.4767086495064967
RAD51AP1,FAM111A,0.4768027593897135
SMC4,FAM111A,0.4825771576042853
CDK1,FAM111A,0.49149192965557364
PRC1,FAM111A,0.49215187911656905
ESCO2,FAM111A,0.4943817662667615
CLSPN,FAM111A,0.4949955032597194
CENPF,FAM111A,0.49503619171521457
UBE2C,FAM111A,0.4952164075622782
TPX2,FAM111A,0.4959029970341682
MKI67,FAM111A,0.4983685691939134
DIAPH3,FAM111A,0.4990587960003895
STMN1,FAM111A,0.5065993546870211
TMPO,FAM111A,0.5165867328006701
PCLAF,FAM111A,0.5177456127797181
NUSAP1,FAM111A,0.5247586113339003
HMGB2,FAM111A,0.5261769021877851
TOP2A,FAM111A,0.5402643289213556
FAM111A,FAM111A,1.0
HELLS,FAM111B,0.41659097218602503
CCNE2,FAM111B,0.4203397748826818
ATAD2,FAM111B,0.4252104480979132
CLSPN,FAM111B,0.45501909862580814
FAM111B,FAM111B,0.9999999999998016
FAM117B,FAM117B,0.9999999999999838
FAM120B,FAM120B,1.0
FAM120C,FAM120C,1.0
FAM133B,FAM133B,0.9999999999999166
FAM135A,FAM135A,1.0
FAM13A,FAM13A,0.9999999999998422
FAM13A-AS1,FAM13A-AS1,1.0
FAM13B,FAM13B,0.9999999999998829
FAM149B1,FAM149B1,0.9999999999998888
FAM151B,FAM151B,1.0
FAM156A,FAM156A,0.9999999999998243
FAM162B,FAM162B,1.0
FAM166B,FAM166B,0.9999999999994739
FAM168A,FAM168A,1.0
FAM171A1,FAM171A1,0.9999999999997273
MT-ATP8,FAM172A,0.4001208397408242
NEAT1,FAM172A,0.40093794657578574
HSPB1,FAM172A,0.4022128874664258
PLSCR1,FAM172A,0.4063501981469447
IFI6,FAM172A,0.4070481689350687
STAT1,FAM172A,0.4074615140166719
IFITM3,FAM172A,0.42022323539053497
IFITM1,FAM172A,0.4219470555188231
IFI16,FAM172A,0.43609793735763613
EPSTI1,FAM172A,0.43716462700027237
IFIT1,FAM172A,0.43783445091185347
IFIT3,FAM172A,0.45162674000337183
MX1,FAM172A,0.455438914823981
ISG15,FAM172A,0.5014950224760063
FAM172A,FAM172A,1.0
FAM174B,FAM174B,0.9999999999997342
FAM180A,FAM180A,1.0
FAM182B,FAM182B,1.0
FAM184B,FAM184B,1.0
FAM185A,FAM185A,0.9999999999997156
FAM186A,FAM186A,0.9999999999996283
FAM186B,FAM186B,1.0
PVT1,FAM193A,0.41255999986478625
ISG15,FAM193A,0.41656467986828627
NEAT1,FAM193A,0.43175490762352975
FAM193A,FAM193A,1.0
FAM193B,FAM193B,1.0
FAM200B,FAM200B,0.9999999999999014
FAM20A,FAM20A,1.0
FAM20C,FAM20C,1.0
FAM215B,FAM215B,1.0
FAM219A,FAM219A,1.0
FAM21EP,FAM21EP,0.9999999999999916
FAM222B,FAM222B,0.9999999999999722
FAM227A,FAM227A,1.0
FAM227B,FAM227B,0.9999999999997925
FAM228A,FAM228A,0.9999999999999754
FAM228B,FAM228B,1.0
FAM229A,FAM229A,1.0
FAM245A,FAM245A,0.9999999999997254
FAM24B,FAM24B,0.9999999999998043
FAM43A,FAM43A,0.9999999999998459
FAM53A,FAM53A,0.9999999999997631
FAM53C,FAM53C,0.9999999999998653
FAM66B,FAM66B,1.0
FAM66C,FAM66C,0.9999999999999504
FAM66D,FAM66D,1.0
FAM76A,FAM76A,0.9999999999998896
FAM76B,FAM76B,1.0
HMMR,FAM83D,0.47842207086388155
ARL6IP1,FAM83D,0.4800247039201344
ANLN,FAM83D,0.480501407613532
PTTG1,FAM83D,0.48138813615015913
CDKN3,FAM83D,0.4824990312759223
TPX2,FAM83D,0.4901627501147742
KPNA2,FAM83D,0.4935540062396511
PRC1,FAM83D,0.4947420264332515
MKI67,FAM83D,0.49617036220277166
AURKA,FAM83D,0.4961802739571921
GTSE1,FAM83D,0.4972160472479478
CDCA8,FAM83D,0.5004845763179292
NUSAP1,FAM83D,0.5005911350482614
TOP2A,FAM83D,0.5047393294638642
DLGAP5,FAM83D,0.5100924002813766
CENPF,FAM83D,0.5116490798880423
UBE2C,FAM83D,0.512005237453971
CENPE,FAM83D,0.5123784998076331
CCNB1,FAM83D,0.5133049014757209
ASPM,FAM83D,0.5213306244335822
FAM83D,FAM83D,1.0
FAM83H,FAM83H,1.0
FAM85B,FAM85B,1.0
FAM86B1,FAM86B1,1.0
FAM86B3P,FAM86B3P,0.9999999999998715
FAM88B,FAM88B,1.0
FAM89A,FAM89A,0.999999999999819
FAM90A1,FAM90A1,0.9999999999999759
FAN1,FAN1,1.0
FANCA,FANCA,0.9999999999998238
CEP55,FANCB,0.4274775529970459
CDK1,FANCB,0.4274813565756435
GTSE1,FANCB,0.4285005278875999
PBK,FANCB,0.43260882347888163
ANLN,FANCB,0.4357410083862589
SMC4,FANCB,0.4400643995682251
ASPM,FANCB,0.4454844871781383
MKI67,FANCB,0.4471628958617045
TMPO,FANCB,0.44910675164222774
DIAPH3,FANCB,0.4520900140213094
CENPF,FANCB,0.4543407193373817
TPX2,FANCB,0.45565541975543217
PRC1,FANCB,0.4574581471392479
STMN1,FANCB,0.45752261143497586
UBE2C,FANCB,0.45931414800300957
NUSAP1,FANCB,0.47555063256109653
CLSPN,FANCB,0.47781162947245603
PCLAF,FANCB,0.47932675099158956
HMGB2,FANCB,0.4821749967129114
TOP2A,FANCB,0.4943219096925336
FANCB,FANCB,0.9999999999998485
FANCC,FANCC,0.9999999999998819
FANCD2,FANCD2,1.0
ASPM,FANCI,0.5150751599705276
CLSPN,FANCI,0.5152055041332949
PTTG1,FANCI,0.5180830194093855
UBE2C,FANCI,0.5212708880641326
CEP55,FANCI,0.5228071219398701
PBK,FANCI,0.5237470169081065
CDK1,FANCI,0.525745757158003
SMC4,FANCI,0.5264366367895518
ANLN,FANCI,0.5348334204513026
DIAPH3,FANCI,0.5376102084199916
TMPO,FANCI,0.5383476689845745
TPX2,FANCI,0.551095841349449
STMN1,FANCI,0.5515656770403903
CENPF,FANCI,0.5558858723260756
MKI67,FANCI,0.5584888698264792
HMGB2,FANCI,0.5598046748195261
PRC1,FANCI,0.5619895348016046
PCLAF,FANCI,0.5726399287455306
NUSAP1,FANCI,0.5777864914374174
TOP2A,FANCI,0.5912101677783618
FANCI,FANCI,1.0
FANCL,FANCL,1.0
FANK1,FANK1,0.9999999999996241
GREM1,FAP,0.5026862454042997
SLC12A8,FAP,0.5036639548963326
FLNB,FAP,0.5055623236760346
IFITM3,FAP,0.5067375741515847
PLSCR1,FAP,0.5069137840309006
MT-ND4L,FAP,0.508632216493928
LY6E,FAP,0.5088290119368252
IFIT1,FAP,0.5131386901340155
MT-ATP8,FAP,0.523582817880912
MGP,FAP,0.5343080151468926
IFIT3,FAP,0.5372181189311898
KRT18,FAP,0.5411777605129859
STAT1,FAP,0.547198256404485
IFITM1,FAP,0.5474549980182257
EPSTI1,FAP,0.5511433228620375
MX1,FAP,0.5537546865076756
ISG15,FAP,0.5674734408882419
DCN,FAP,0.5844663124005691
IFI16,FAP,0.5915040534336026
IFI6,FAP,0.5981837886974808
FAP,FAP,1.0
FAR1,FAR1,1.0
FAR2,FAR2,1.0
FARP1,FARP1,0.9999999999998966
FARP2,FARP2,1.0
FARS2,FARS2,0.9999999999999968
FAS,FAS,0.9999999999999515
FASN,FASN,1.0
FASTK,FASTK,1.0
FASTKD2,FASTKD2,1.0
FAT1,FAT1,0.9999999999999121
FAT2,FAT2,1.0
FAT4,FAT4,0.9999999999998956
FAXDC2,FAXDC2,0.9999999999997646
FBF1,FBF1,1.0
DCN,FBLN1,0.4410675255541717
THBS1,FBLN1,0.4433937089777515
LUM,FBLN1,0.44787472108286913
FBLN1,FBLN1,1.0
NEAT1,FBLN2,0.45710506387120053
ABTB2,FBLN2,0.4575926791264698
CFB,FBLN2,0.4590309117875754
NEBL,FBLN2,0.4596972063522174
IFI6,FBLN2,0.4605969197981469
MORC3,FBLN2,0.4627648362471186
LINC00842,FBLN2,0.46939745754868467
IFI16,FBLN2,0.4694623646561581
GSN,FBLN2,0.47235241039584513
AHNAK2,FBLN2,0.48350387383558363
ISG15,FBLN2,0.4886121816791955
SLC44A1,FBLN2,0.5069013941123724
RBP1,FBLN2,0.5137611896273062
PSAP,FBLN2,0.5146375398928724
FLNB,FBLN2,0.5146389106673496
TPST2,FBLN2,0.5240125652453722
KRT18,FBLN2,0.5412772075423905
MGP,FBLN2,0.5436113151853313
SLC12A8,FBLN2,0.5445723828170458
CLU,FBLN2,0.5499815240705643
FBLN2,FBLN2,0.9999999999999055
FBLN5,FBLN5,1.0
FBLN7,FBLN7,1.0
FBN1,FBN1,1.0
FBN2,FBN2,1.0
FBRSL1,FBRSL1,0.999999999999848
FBXL13,FBXL13,1.0
FBXL14,FBXL14,0.9999999999997503
FBXL17,FBXL17,1.0
FBXL18,FBXL18,0.9999999999997159
FBXL19,FBXL19,1.0
FBXL19-AS1,FBXL19-AS1,1.0
FBXL2,FBXL2,1.0
NEAT1,FBXL20,0.42527263520478736
FBXL20,FBXL20,0.9999999999998125
FBXL4,FBXL4,0.9999999999999553
FBXL6,FBXL6,0.9999999999997132
PARD3B,FBXL7,0.4021729658005814
SEC61G,FBXL7,0.40630969081951673
MIF,FBXL7,0.4130415406691293
FTX,FBXL7,0.4153235910395644
MAGI2,FBXL7,0.4159757135988548
TRIO,FBXL7,0.42722883792783994
CACNA1C,FBXL7,0.4341539173403341
PRKG1,FBXL7,0.43630584792930677
S100A11,FBXL7,0.4389352250051824
EXT1,FBXL7,0.462979551178397
FBXL7,FBXL7,0.9999999999999972
FBXO10,FBXO10,0.9999999999998922
FBXO11,FBXO11,0.9999999999998853
FBXO17,FBXO17,0.9999999999999408
FBXO27,FBXO27,1.0
FBXO28,FBXO28,0.9999999999998068
FBXO30,FBXO30,0.9999999999999278
FBXO31,FBXO31,1.0
FBXO32,FBXO32,0.9999999999998366
FBXO33,FBXO33,0.9999999999998667
FBXO34,FBXO34,1.0
FBXO38-DT,FBXO38-DT,1.0
FBXO39,FBXO39,1.0
FBXO41,FBXO41,0.9999999999998529
FBXO42,FBXO42,0.9999999999998788
FBXO46,FBXO46,1.0
SMC4,FBXO5,0.5544740722065852
PBK,FBXO5,0.556095893887387
ESCO2,FBXO5,0.557376618046613
SPC25,FBXO5,0.5577757155408115
PTTG1,FBXO5,0.5577881217997804
GTSE1,FBXO5,0.5578166319681631
DIAPH3,FBXO5,0.5611202190473856
TMPO,FBXO5,0.5692134610241362
ANLN,FBXO5,0.5723530910568335
PRC1,FBXO5,0.583092377891802
STMN1,FBXO5,0.583145991475658
TPX2,FBXO5,0.5850000094075521
PCLAF,FBXO5,0.5905372711833816
MKI67,FBXO5,0.5909282714792083
CENPF,FBXO5,0.591631937804792
CDK1,FBXO5,0.596928763053467
NUSAP1,FBXO5,0.6121135974370168
HMGB2,FBXO5,0.6204035581126397
UBE2C,FBXO5,0.6291624048827307
TOP2A,FBXO5,0.6462598606190445
FBXO5,FBXO5,0.9999999999999303
FBXW10B,FBXW10B,1.0
FBXW4,FBXW4,1.0
FBXW5,FBXW5,0.9999999999998366
FBXW7,FBXW7,1.0
FBXW8,FBXW8,1.0
FBXW9,FBXW9,1.0
FCGRT,FCGRT,1.0
FCHO2,FCHO2,0.9999999999998039
FCHSD1,FCHSD1,1.0
FCHSD2,FCHSD2,1.0
FCMR,FCMR,1.0
FCSK,FCSK,0.9999999999995868
FDPS,FDPS,1.0
FDXACB1,FDXACB1,1.0
FECH,FECH,1.0
FEM1B,FEM1B,0.999999999999943
FEN1,FEN1,1.0
FENDRR,FENDRR,1.0
IFI16,FER,0.40161362793828054
IFITM1,FER,0.4027432468675104
IFI6,FER,0.4036053319064148
DLG1,FER,0.4053789285988969
SLC12A8,FER,0.4072562856320636
MRTFA,FER,0.4116726215638141
PVT1,FER,0.4276492389894167
IFITM3,FER,0.43351600468811946
ISG15,FER,0.44803355573188053
NEAT1,FER,0.4605276970374214
MAGI1,FER,0.46815356403988434
FER,FER,0.9999999999999539
TPM4,FERMT2,0.4118041257514753
CALD1,FERMT2,0.4325248565470505
TPM2,FERMT2,0.4424151864186088
TPM1,FERMT2,0.4674782242495718
FERMT2,FERMT2,0.9999999999999759
CLU,FGD4,0.4161596459912626
AKAP13,FGD4,0.4181458395221941
IFIT3,FGD4,0.4187931002639042
GAS7,FGD4,0.41935980941347845
HIPK2,FGD4,0.4201147422152799
IFI16,FGD4,0.4214394026632808
PRUNE2,FGD4,0.4214562439916238
ABTB2,FGD4,0.42391212461268624
SLC44A1,FGD4,0.4300402096067179
MRTFA,FGD4,0.4307008334010424
FLNB,FGD4,0.43665049212386986
SLC35F3,FGD4,0.43897135137410626
NEAT1,FGD4,0.43983531188566466
IFI6,FGD4,0.4409847644327204
MAGI1,FGD4,0.4432428699337679
TPST2,FGD4,0.44714481964766456
MGP,FGD4,0.447628529359958
NEBL,FGD4,0.4520200556013919
SLC12A8,FGD4,0.46664830021435455
ISG15,FGD4,0.46978225374442717
FGD4,FGD4,1.0
FGD6,FGD6,1.0
FGF1,FGF1,1.0
FGF14,FGF14,0.9999999999996467
FGF14-AS2,FGF14-AS2,0.9999999999999818
FGF2,FGF2,1.0
FGF20,FGF20,1.0
FGF5,FGF5,1.0
FGF7,FGF7,1.0
FGFR1,FGFR1,0.999999999999935
FGFR3,FGFR3,0.9999999999998971
FGGY,FGGY,1.0
FHIP1A,FHIP1A,0.9999999999998412
FHIP1B,FHIP1B,1.0
FHIP2A,FHIP2A,1.0
DCN,FHIT,0.49679544428049494
IFI16,FHIT,0.5012959052105168
GAS7,FHIT,0.5043618927034894
LINC00842,FHIT,0.5066870065141161
HIPK2,FHIT,0.5074474637362627
ABTB2,FHIT,0.5084546053978117
ISG15,FHIT,0.5086712689092441
MIAT,FHIT,0.5095555471052128
CLU,FHIT,0.5154731445177075
NEBL,FHIT,0.5170121008429082
KRT18,FHIT,0.5182079920844993
SLC35F3,FHIT,0.5245695029952846
MORC3,FHIT,0.5319082134083565
MGP,FHIT,0.5322085300167203
IFI6,FHIT,0.5350735379045816
SLC44A1,FHIT,0.5356894939710719
TPST2,FHIT,0.5454648284956749
FLNB,FHIT,0.5454648731331697
CENPT,FHIT,0.5472312762746099
SLC12A8,FHIT,0.5685676803952383
FHIT,FHIT,0.9999999999996895
CALD1,FHL1,0.40803610906583726
FHL1,FHL1,0.999999999999984
FHOD3,FHOD3,0.99999999999989
FIBIN,FIBIN,0.9999999999997261
FIG4,FIG4,1.0
FIGN,FIGN,1.0
FILIP1L,FILIP1L,0.9999999999999789
FILNC1,FILNC1,1.0
FITM1,FITM1,0.9999999999993612
IFITM1,FKBP11,0.4105722051935136
IFI16,FKBP11,0.415912268526884
ISG15,FKBP11,0.41979270756640896
DCN,FKBP11,0.4199873234726774
LY6E,FKBP11,0.4392525751931956
IFI6,FKBP11,0.47418065565171186
FKBP11,FKBP11,1.0
FKBP14-AS1,FKBP14-AS1,0.9999999999999871
FKBP6,FKBP6,1.0
FKBP9,FKBP9,0.9999999999999039
FKTN-AS1,FKTN-AS1,1.0
FLACC1,FLACC1,1.0
FLCN,FLCN,1.0
FLG,FLG,1.0
FLG-AS1,FLG-AS1,0.9999999999998413
FLI1,FLI1,1.0
FLJ40194,FLJ40194,1.0
FLJ46284,FLJ46284,0.9999999999997361
FLNA,FLNA,1.0
LUM,FLNB,0.6439548547576802
MIAT,FLNB,0.6476445649222405
ABTB2,FLNB,0.6638995016081912
MORC3,FLNB,0.6692058223031316
NEBL,FLNB,0.6692541059333109
CALD1,FLNB,0.6694946973895961
AHNAK2,FLNB,0.6731177614661086
THBS1,FLNB,0.6734266165776785
IFI16,FLNB,0.6792794344210646
CENPT,FLNB,0.6859713253077604
LINC00842,FLNB,0.7052537657188519
RBP1,FLNB,0.7093102283632442
SLC44A1,FLNB,0.7258444353993481
DCN,FLNB,0.7369760704045539
CLU,FLNB,0.7407752138053176
IFI6,FLNB,0.7428747976109439
TPST2,FLNB,0.7550582902854732
MGP,FLNB,0.7718649414348999
SLC12A8,FLNB,0.7742983104833985
KRT18,FLNB,0.7775708546919624
FLNB,FLNB,1.0
FLNC,FLNC,1.0
FLRT1,FLRT1,0.9999999999998084
FLRT2,FLRT2,0.9999999999999609
FLRT2-AS1,FLRT2-AS1,1.0
FLT1,FLT1,1.0
FLT3LG,FLT3LG,1.0
FLVCR1,FLVCR1,1.0
FLVCR2,FLVCR2,0.9999999999998209
FLYWCH1,FLYWCH1,1.0
FMC1,FMC1,0.9999999999999565
FMN1,FMN1,1.0
SEMA5A,FMN2,0.4019072636974437
PDZRN3,FMN2,0.40408042990774634
CEMIP,FMN2,0.4096730307959534
GRIK2,FMN2,0.41694111744974716
MAML2,FMN2,0.4543974948323835
EXT1,FMN2,0.4577475968654863
FMN2,FMN2,1.0
FMNL1-AS1,FMNL1-AS1,1.0
FMNL2,FMNL2,1.0
FMNL3,FMNL3,1.0
FMO3,FMO3,1.0
FMO4,FMO4,1.0
FMO5,FMO5,1.0
FMOD,FMOD,0.9999999999999607
LOX,FN1,0.4062981882646844
COL1A2,FN1,0.47300329664156393
FN1,FN1,0.9999999999999959
FNBP1L,FNBP1L,0.9999999999997067
FNBP4,FNBP4,1.0
FNDC1,FNDC1,1.0
FNDC3A,FNDC3A,1.0
PRKCA,FNDC3B,0.40524609082714813
GLIS3,FNDC3B,0.40687834089766134
MIF,FNDC3B,0.40983626336553736
CACNA1C,FNDC3B,0.41029347739730504
ZBTB20,FNDC3B,0.4115479606003934
TRIO,FNDC3B,0.41289402983457546
PRKG1,FNDC3B,0.41366142195496913
PTMA,FNDC3B,0.421879738326876
VPS13B,FNDC3B,0.4267941439782611
LINC-PINT,FNDC3B,0.4276943526950734
HSPB1,FNDC3B,0.44158719786073086
EXT1,FNDC3B,0.4432696831363538
NEAT1,FNDC3B,0.4540503818942588
FTX,FNDC3B,0.46455072517327184
ATXN1,FNDC3B,0.46485158839165486
FNDC3B,FNDC3B,0.9999999999999072
FNDC5,FNDC5,1.0
TPM1,FNIP1,0.4508664560560887
ATXN1,FNIP1,0.456155368994465
IFITM1,FNIP1,0.4561598710700447
DOCK5,FNIP1,0.461091326807654
AKAP13,FNIP1,0.4647493767397411
IFITM3,FNIP1,0.46527443769131005
EXOC6B,FNIP1,0.46543062543146885
NXN,FNIP1,0.47610880711975834
MRTFA,FNIP1,0.48250049267902356
MAGI1,FNIP1,0.48285783325222953
PVT1,FNIP1,0.48294159888146554
IFI16,FNIP1,0.4863904499366741
EPSTI1,FNIP1,0.48855155315589865
KANSL1,FNIP1,0.49133105161926005
IFIT3,FNIP1,0.49742915454329484
IFIT1,FNIP1,0.49890427230551604
MX1,FNIP1,0.5074141739912545
HSPB1,FNIP1,0.5132476726830132
NEAT1,FNIP1,0.5399072798593599
ISG15,FNIP1,0.5715631040809006
FNIP1,FNIP1,0.9999999999997442
FNIP2,FNIP2,0.9999999999999297
FOCAD,FOCAD,1.0
FOS,FOS,1.0
FOSB,FOSB,1.0
FOSL1,FOSL1,1.0
FOXE1,FOXE1,1.0
FOXF1,FOXF1,0.9999999999998087
FOXF2,FOXF2,0.9999999999999434
FOXJ3,FOXJ3,0.9999999999998241
FOXK2,FOXK2,0.9999999999999384
FOXL2,FOXL2,1.0
CENPF,FOXM1,0.40179623215684795
TPX2,FOXM1,0.40689771048424456
TOP2A,FOXM1,0.4133515905648553
NUSAP1,FOXM1,0.41591535766574866
PRC1,FOXM1,0.4180277017641586
FOXM1,FOXM1,1.0
MAGI1,FOXN3,0.421847173035553
NEAT1,FOXN3,0.44769914964014057
ISG15,FOXN3,0.4486958536986957
FOXN3,FOXN3,0.9999999999996957
FOXN3-AS2,FOXN3-AS2,1.0
FOXO1,FOXO1,1.0
FOXO3,FOXO3,1.0
FOXO4,FOXO4,0.9999999999996797
FOXP1,FOXP1,1.0
FOXP1-IT1,FOXP1-IT1,1.0
FOXP2,FOXP2,0.9999999999998211
FOXQ1,FOXQ1,1.0
FPGT,FPGT,0.9999999999999263
FRAS1,FRAS1,0.9999999999999152
FREM3,FREM3,0.9999999999998754
FRG1-DT,FRG1-DT,1.0
FRMD3,FRMD3,1.0
FRMD4A,FRMD4A,1.0
FRMD4A-AS1,FRMD4A-AS1,1.0
FRMD5,FRMD5,0.9999999999999891
CLU,FRMD6,0.40115683291182225
DKK1,FRMD6,0.40173473345455557
RBP1,FRMD6,0.4033574233425666
FLNB,FRMD6,0.40730263166407027
KRT18,FRMD6,0.41763578515970573
MGP,FRMD6,0.4224207966840135
IFI6,FRMD6,0.4289959418563742
GREM1,FRMD6,0.4381602574983945
LUM,FRMD6,0.44426496110629937
DCN,FRMD6,0.4665283329524461
CALD1,FRMD6,0.4803045911047994
THBS1,FRMD6,0.5157714786849076
FRMD6,FRMD6,1.0
FRMD6-AS2,FRMD6-AS2,0.9999999999996902
FRMPD4,FRMPD4,1.0
FRS2,FRS2,1.0
FRY,FRY,1.0
FRY-AS1,FRY-AS1,1.0
FRYL,FRYL,1.0
FSBP,FSBP,0.9999999999999494
FSD1,FSD1,0.9999999999998919
FSD1L,FSD1L,1.0
IFI16,FSIP1,0.41278449882192303
C1R,FSIP1,0.41921152160246394
COL6A3,FSIP1,0.4210889169048779
SLC12A8,FSIP1,0.42190535039819554
STAT1,FSIP1,0.42812412807257066
FLNB,FSIP1,0.431916778684505
KRT18,FSIP1,0.43412591020646213
MME,FSIP1,0.43715407913608406
S100A10,FSIP1,0.43908009208075055
APP,FSIP1,0.45582463712447646
MGP,FSIP1,0.457633420710929
TNC,FSIP1,0.463901515506044
GREM1,FSIP1,0.47133391961276383
CALD1,FSIP1,0.4739089880740358
IFI6,FSIP1,0.47681720887299056
LUM,FSIP1,0.4906071385024337
TNFRSF11B,FSIP1,0.4969000009283626
DCN,FSIP1,0.5334959474664768
THBS1-IT1,FSIP1,0.6342389069581436
THBS1,FSIP1,0.6877038917158435
FSIP1,FSIP1,1.0
FST,FST,0.9999999999998602
LINC00842,FSTL1,0.4568394809737002
STAT1,FSTL1,0.4608049045774036
COL4A2,FSTL1,0.4613425423253026
COL3A1,FSTL1,0.4641147740685534
TNFRSF11B,FSTL1,0.46754048210258087
FLNB,FSTL1,0.4723436662252473
HSP90B1,FSTL1,0.48579113157188225
TPST2,FSTL1,0.48954179569174555
SLC12A8,FSTL1,0.4895821519550274
CLU,FSTL1,0.4964876338513643
GREM1,FSTL1,0.5043062836230088
LY6E,FSTL1,0.5048629700566347
KRT18,FSTL1,0.5175321712869514
LUM,FSTL1,0.5205961815425737
RBP1,FSTL1,0.5221080700914551
CALD1,FSTL1,0.522357040957026
MGP,FSTL1,0.527647991490252
DCN,FSTL1,0.5680106544644449
IFI6,FSTL1,0.568364965101961
THBS1,FSTL1,0.5851511706714376
FSTL1,FSTL1,1.0
FSTL3,FSTL3,1.0
EPSTI1,FTH1,0.40087593846551156
IFITM1,FTH1,0.4032942156822426
SELENOM,FTH1,0.44048637405217617
RPL10,FTH1,0.4607387360351164
SQSTM1,FTH1,0.48997383394300414
IFITM3,FTH1,0.49900557503469867
FTH1,FTH1,0.9999999999999979
TOP2A,FTL,0.4658957382193614
CSTB,FTL,0.4660763497635256
PRDX5,FTL,0.4662974306789127
TPX2,FTL,0.4682477469143312
HMGB2,FTL,0.4707427641089989
LGALS3,FTL,0.4740816493206914
CENPF,FTL,0.47845818293278797
MX1,FTL,0.4806020145365799
ELOB,FTL,0.48107628129331814
S100A13,FTL,0.481709510518922
ASPM,FTL,0.4840982136635517
TMPO,FTL,0.48423063308316694
KCNQ5,FTL,0.4862042777511154
MT-ND5,FTL,0.503351367217554
TXN,FTL,0.546577804990152
S100A6,FTL,0.5573527604159741
RPS27L,FTL,0.5712329934814501
MT-ND2,FTL,0.6133878164719805
MT-ND4L,FTL,0.6382304181510958
MT-ATP8,FTL,0.6701269006587012
FTL,FTL,0.9999999999999968
FTO,FTO,0.9999999999998807
PVT1,FTX,0.4639589387861982
FNDC3B,FTX,0.46455072517327184
EXT1,FTX,0.46581709205679084
EXOC6B,FTX,0.47237060360487
SEC61G,FTX,0.4747922550454218
VPS13B,FTX,0.47797273780761634
KANSL1,FTX,0.4794925997684363
TTC28,FTX,0.48058416654009994
CACNA1C,FTX,0.48093192444270444
MAGI1,FTX,0.4829322987317811
VIM,FTX,0.48550424651744584
MIF,FTX,0.4867451933048776
MBD5,FTX,0.4907061326697533
LINC-PINT,FTX,0.4922344482821983
MAGI2,FTX,0.4926892150953247
PTMA,FTX,0.5004000692773932
ZBTB20,FTX,0.5075765373747787
HSPB1,FTX,0.514739725561825
ATXN1,FTX,0.5254528908877826
NEAT1,FTX,0.6080695215015647
FTX,FTX,0.9999999999999984
FUOM,FUOM,1.0
CENPF,FUS,0.40053341278551297
TOP2A,FUS,0.4007949263159128
HMGB2,FUS,0.4071418087982147
FTL,FUS,0.4113228138137387
FUS,FUS,1.0
FUT10,FUT10,0.9999999999995692
FUT2,FUT2,0.9999999999997359
FUT4,FUT4,0.99999999999996
FUT8,FUT8,0.9999999999998945
FXYD1,FXYD1,1.0
FXYD7,FXYD7,0.999999999999752
FYB1,FYB1,1.0
FYCO1,FYCO1,1.0
FZD2,FZD2,1.0
FZD5,FZD5,0.9999999999998551
FZD6,FZD6,1.0
FZD7,FZD7,0.9999999999998804
FZD8,FZD8,0.9999999999999997
SLC12A8,G0S2,0.4010931553353783
KRT18,G0S2,0.40276875960382025
CLU,G0S2,0.4144551060943397
RBP1,G0S2,0.4180487892690822
MGP,G0S2,0.45134388442405793
G0S2,G0S2,0.9999999999996819
G2E3,G2E3,1.0
ISG15,GAB1,0.40076712237598905
MAGI1,GAB1,0.4018083435036723
NEAT1,GAB1,0.4091806042885822
SLC12A8,GAB1,0.42008995968155577
GAB1,GAB1,1.0
GAB2,GAB2,1.0
GABARAPL1,GABARAPL1,1.0
GABBR1,GABBR1,1.0
GABBR2,GABBR2,0.9999999999999541
GABPB1,GABPB1,1.0
GABPB1-AS1,GABPB1-AS1,1.0
GABPB1-IT1,GABPB1-IT1,0.999999999999982
GABPB2,GABPB2,0.9999999999998733
GABRE,GABRE,0.9999999999999182
GADD45A,GADD45A,0.9999999999999641
GADD45B,GADD45B,1.0
GAK,GAK,0.9999999999999586
GAL,GAL,0.9999999999998809
GAL3ST4,GAL3ST4,1.0
GALK2,GALK2,0.9999999999998785
GALM,GALM,0.9999999999997877
GALNT10,GALNT10,1.0
GALNT11,GALNT11,1.0
GALNT15,GALNT15,0.999999999999833
GALNT16-AS1,GALNT16-AS1,1.0
GALNT18,GALNT18,1.0
GALNT3,GALNT3,0.999999999999952
GALNT5,GALNT5,0.9999999999999157
GALNT7,GALNT7,0.9999999999999621
GAN,GAN,0.9999999999999046
GANC,GANC,1.0
GAP43,GAP43,0.9999999999998053
GAPVD1,GAPVD1,0.9999999999998425
GAREM2,GAREM2,1.0
GARIN1A,GARIN1A,1.0
GARIN2,GARIN2,1.0
GARIN5A,GARIN5A,1.0
GARNL3,GARNL3,1.0
GARRE1,GARRE1,0.9999999999999623
GARS1,GARS1,1.0
GARS1-DT,GARS1-DT,1.0
GAS1,GAS1,0.9999999999998433
GAS1RR,GAS1RR,0.999999999999737
ARL6IP1,GAS2L3,0.4823958573696696
DEPDC1,GAS2L3,0.4827388056723584
KIF20B,GAS2L3,0.48466569610456284
KNL1,GAS2L3,0.4867267601666608
HMMR,GAS2L3,0.4890670044500787
CKAP2,GAS2L3,0.4903607999197204
GTSE1,GAS2L3,0.4920495446299976
AURKA,GAS2L3,0.49797798877515437
NUSAP1,GAS2L3,0.5007424102708207
TOP2A,GAS2L3,0.5034050305008549
CDCA8,GAS2L3,0.504039778740901
ANLN,GAS2L3,0.5050429431288251
TPX2,GAS2L3,0.5099470641677241
PRC1,GAS2L3,0.5145153125400221
DLGAP5,GAS2L3,0.5195366069656758
MKI67,GAS2L3,0.5252871721939212
CCNB1,GAS2L3,0.5272065856504912
CENPE,GAS2L3,0.5283158094960348
CENPF,GAS2L3,0.5329535938470883
ASPM,GAS2L3,0.5539363991862418
GAS2L3,GAS2L3,1.0
GAS5,GAS5,1.0
GAS6,GAS6,0.999999999999992
SLC35F3,GAS7,0.5521114827932694
HIPK2,GAS7,0.552805309130261
AHNAK2,GAS7,0.5533941829773645
RBP1,GAS7,0.5611140099867529
IFI16,GAS7,0.5697733368503344
MIAT,GAS7,0.5702235201474513
ISG15,GAS7,0.5707433701023591
DCN,GAS7,0.5713187533389535
LINC00842,GAS7,0.5719220696178459
CENPT,GAS7,0.5794364897853911
ABTB2,GAS7,0.5887348098460519
SLC44A1,GAS7,0.5950268720060059
CLU,GAS7,0.5963620326294029
NEBL,GAS7,0.5997347038042793
KRT18,GAS7,0.6079290272138798
IFI6,GAS7,0.609797963169582
MGP,GAS7,0.6176767164419512
TPST2,GAS7,0.6238693103951048
FLNB,GAS7,0.63819941865085
SLC12A8,GAS7,0.6626394656043791
GAS7,GAS7,0.9999999999996372
GAS8,GAS8,1.0
GAS8-AS1,GAS8-AS1,0.9999999999993658
GASK1A,GASK1A,1.0
GASK1B,GASK1B,1.0
GATA2,GATA2,1.0
GATA2-AS1,GATA2-AS1,1.0
GATA6,GATA6,0.9999999999998964
GATA6-AS1,GATA6-AS1,1.0
GATAD2B,GATAD2B,0.9999999999998443
GBA2,GBA2,1.0
GBAP1,GBAP1,0.9999999999997954
GBE1,GBE1,1.0
GBF1,GBF1,1.0
SAMD9,GBP1,0.5460680642804081
XAF1,GBP1,0.5468232356126365
EIF2AK2,GBP1,0.5524472404564225
IFITM3,GBP1,0.5525115136427294
SP110,GBP1,0.5552018364115716
LAP3,GBP1,0.5619345414956851
PSMB9,GBP1,0.5719851082526268
MX2,GBP1,0.5800759898551634
IFITM1,GBP1,0.582814403259864
PLSCR1,GBP1,0.5843197891119255
IFIT2,GBP1,0.5854034694971261
RIGI,GBP1,0.5946465260811105
IFI6,GBP1,0.597964208748984
STAT1,GBP1,0.613583632332291
IFI16,GBP1,0.639187282745373
IFIT1,GBP1,0.6528340461165131
EPSTI1,GBP1,0.6622111248966255
ISG15,GBP1,0.6725732280086167
IFIT3,GBP1,0.6733946873150266
MX1,GBP1,0.6742099732712415
GBP1,GBP1,0.9999999999999811
GBP1P1,GBP1P1,1.0
GBP2,GBP2,1.0
ISG20,GBP4,0.43278735036381616
GBP4,GBP4,0.9999999999999599
GCC2-AS1,GCC2-AS1,1.0
GCH1,GCH1,0.9999999999999593
GCK,GCK,0.9999999999999599
GCLC,GCLC,0.9999999999996603
GCNA,GCNA,0.9999999999997435
GCNT1,GCNT1,1.0
GCNT2,GCNT2,0.9999999999998728
GCNT4,GCNT4,1.0
GCOM1,GCOM1,1.0
GDAP1,GDAP1,0.9999999999999855
GDAP1L1,GDAP1L1,1.0
GDF11,GDF11,0.9999999999999867
GDF15,GDF15,1.0
GDF6,GDF6,0.9999999999999055
GDNF-AS1,GDNF-AS1,1.0
GDPD5,GDPD5,0.9999999999998669
GEM,GEM,0.9999999999998241
GEMIN7-AS1,GEMIN7-AS1,0.9999999999995519
GEN1,GEN1,1.0
GFM2,GFM2,0.9999999999998355
GFOD1,GFOD1,1.0
GFPT1,GFPT1,0.9999999999999674
MGP,GFPT2,0.4014091178088496
TPST2,GFPT2,0.4090496737803013
KRT18,GFPT2,0.41176505093996846
RBP1,GFPT2,0.4142979869860458
AHNAK2,GFPT2,0.4149442686807947
SLC12A8,GFPT2,0.4168917576647708
CLU,GFPT2,0.41851524815545277
FLNB,GFPT2,0.4197785625586364
GFPT2,GFPT2,0.9999999999997197
GFRA1,GFRA1,1.0
GGA1,GGA1,0.9999999999998977
GGA2,GGA2,0.9999999999998623
GGA3,GGA3,0.9999999999998738
GGN,GGN,1.0
GGT1,GGT1,1.0
GGT5,GGT5,1.0
GGT7,GGT7,1.0
GGTA1,GGTA1,1.0
GHDC,GHDC,0.9999999999999462
GHET1,GHET1,0.9999999999997932
GHR,GHR,0.9999999999997843
GHRL,GHRL,0.9999999999998167
GHRLOS,GHRLOS,0.9999999999997493
GIGYF1,GIGYF1,0.999999999999981
GIHCG,GIHCG,0.9999999999998846
GINS1,GINS1,0.9999999999998834
CLSPN,GINS2,0.4085360352182253
GINS2,GINS2,0.9999999999999919
GIPC2,GIPC2,1.0
GIPR,GIPR,1.0
IFI16,GJA1,0.4061271357080859
TNFRSF11B,GJA1,0.40848328456891536
THBS1,GJA1,0.4221293325974004
IFI6,GJA1,0.4288345626618869
LUM,GJA1,0.4323839958844565
DCN,GJA1,0.4900486314389201
GJA1,GJA1,1.0
GJA9,GJA9,1.0
GJC1,GJC1,1.0
GJC2,GJC2,1.0
GJC3,GJC3,1.0
GJD3,GJD3,1.0
GK,GK,0.9999999999998808
GK-AS1,GK-AS1,0.9999999999995884
GK5,GK5,1.0
GKAP1,GKAP1,1.0
GLB1L,GLB1L,0.9999999999997862
GLCCI1,GLCCI1,0.9999999999999045
GLDC,GLDC,1.0
GLDN,GLDN,0.9999999999999257
GLG1,GLG1,1.0
GLI2,GLI2,1.0
GLI3,GLI3,0.9999999999997364
GLIDR,GLIDR,1.0
GLIPR1,GLIPR1,1.0
GLIPR1L1,GLIPR1L1,0.9999999999997801
GLIS1,GLIS1,0.9999999999997778
GLIS2,GLIS2,1.0
NFAT5,GLIS3,0.42071634302912886
ASAP1,GLIS3,0.42146010097867936
AKAP13,GLIS3,0.4226894982397559
DLG1,GLIS3,0.42518958311408744
EXOC6B,GLIS3,0.4267870078964007
VIM,GLIS3,0.42930661722527735
NXN,GLIS3,0.4346730882679712
RASAL2,GLIS3,0.4348588316364067
APBB2,GLIS3,0.4354345398494463
ATXN1,GLIS3,0.43604015326193596
DOCK5,GLIS3,0.44104007053275757
MRTFA,GLIS3,0.4431853372470994
KANSL1,GLIS3,0.45079897187327866
FTX,GLIS3,0.4509767711390189
IFITM3,GLIS3,0.45753708200527893
HSPB1,GLIS3,0.4608666323490063
MAGI1,GLIS3,0.4702451642386224
PVT1,GLIS3,0.47379269460273915
ISG15,GLIS3,0.4793863298084329
NEAT1,GLIS3,0.4894136193677915
GLIS3,GLIS3,0.9999999999998342
GLRA1,GLRA1,1.0
GLRA2,GLRA2,0.9999999999999443
GLRX,GLRX,1.0
GLS,GLS,0.9999999999999905
GLS2,GLS2,0.9999999999999992
GLT8D2,GLT8D2,0.9999999999999265
GLUD1P3,GLUD1P3,1.0
GLYATL2,GLYATL2,0.999999999999991
GMDS,GMDS,0.9999999999997966
GMDS-DT,GMDS-DT,0.9999999999999312
GMEB1,GMEB1,0.9999999999999536
GMEB2,GMEB2,1.0
PBK,GMNN,0.5905786978108533
DIAPH3,GMNN,0.5912985614534898
BIRC5,GMNN,0.5938967363241371
SMC4,GMNN,0.5944272247305237
CKS1B,GMNN,0.5949556834572813
DUT,GMNN,0.6003613168415726
CEP55,GMNN,0.6064808577745523
CENPF,GMNN,0.6109663646237371
PTTG1,GMNN,0.6119608798995484
H2AZ1,GMNN,0.6152477254601858
TPX2,GMNN,0.6171548833833321
UBE2C,GMNN,0.6195751975997446
PRC1,GMNN,0.6243398049015022
CLSPN,GMNN,0.6331575986683908
NUSAP1,GMNN,0.6437873313954184
TMPO,GMNN,0.6504504175086788
PCLAF,GMNN,0.655206593183115
TOP2A,GMNN,0.6555094804812961
STMN1,GMNN,0.6665447564920827
HMGB2,GMNN,0.6768189163427549
GMNN,GMNN,1.0
GMPR,GMPR,0.9999999999999292
GNA14,GNA14,0.9999999999995112
GNA14-AS1,GNA14-AS1,1.0
GNAI1,GNAI1,0.9999999999998513
GNAL,GNAL,0.9999999999999185
GNAO1,GNAO1,0.9999999999999608
GNAO1-AS1,GNAO1-AS1,1.0
GNAQ,GNAQ,1.0
GNAS-AS1,GNAS-AS1,0.9999999999999653
GNAT2,GNAT2,0.9999999999996652
GNB1-DT,GNB1-DT,1.0
GNB1L,GNB1L,1.0
GNB3,GNB3,1.0
GNE,GNE,1.0
RPL10,GNG11,0.4015185707598551
IFIT3,GNG11,0.40417863935899745
TMSB4X,GNG11,0.4248694624332309
DCN,GNG11,0.4321553037531901
IFI16,GNG11,0.4441943248879804
ISG15,GNG11,0.44569666364468735
LY6E,GNG11,0.4460349767042799
IFITM1,GNG11,0.45375406045912614
IFITM3,GNG11,0.4670161822930981
IFI6,GNG11,0.47585389857337873
GNG11,GNG11,1.0
GNG12-AS1,GNG12-AS1,0.999999999999579
GNG2,GNG2,0.999999999999901
GNG3,GNG3,0.9999999999996954
GNG7,GNG7,0.999999999999925
GNG8,GNG8,0.9999999999998448
GNGT1,GNGT1,0.9999999999999495
GNL1,GNL1,0.9999999999999716
GNPTAB,GNPTAB,0.999999999999863
GNRH1,GNRH1,0.9999999999999115
GNRHR,GNRHR,1.0
GOLGA2P5,GOLGA2P5,1.0
GOLGA4-AS1,GOLGA4-AS1,1.0
GOLGA8A,GOLGA8A,0.9999999999999513
GOLGA8B,GOLGA8B,1.0
GOLGA8M,GOLGA8M,0.999999999999854
GOLGA8N,GOLGA8N,1.0
GOLIM4,GOLIM4,1.0
GOLPH3-DT,GOLPH3-DT,0.9999999999998184
GON4L,GON4L,1.0
GOPC,GOPC,1.0
GORAB,GORAB,0.9999999999998244
GORAB-AS1,GORAB-AS1,1.0
GOSR2-DT,GOSR2-DT,0.9999999999998143
GOT1-DT,GOT1-DT,0.9999999999995381
GP1BA,GP1BA,0.9999999999998954
GP1BB,GP1BB,1.0
GPAA1,GPAA1,1.0
GPAT4-AS1,GPAT4-AS1,1.0
GPATCH11,GPATCH11,1.0
GPATCH2,GPATCH2,0.9999999999997701
GPATCH2L,GPATCH2L,1.0
GPATCH3,GPATCH3,0.9999999999998089
GPATCH8,GPATCH8,0.9999999999999117
GPC1,GPC1,1.0
GPC2,GPC2,1.0
GPC4,GPC4,0.9999999999997053
GPC6,GPC6,1.0
GPC6-AS1,GPC6-AS1,1.0
GPCPD1,GPCPD1,0.9999999999999011
GPD1L,GPD1L,0.9999999999996902
GPD2,GPD2,1.0
GPHA2,GPHA2,1.0
GPHN,GPHN,1.0
GPM6B,GPM6B,1.0
GPNMB,GPNMB,0.9999999999999765
GPR107,GPR107,1.0
GPR135,GPR135,0.9999999999998003
GPR137B,GPR137B,0.9999999999997231
GPR137C,GPR137C,1.0
GPR143,GPR143,1.0
GPR155,GPR155,0.9999999999999151
GPR160,GPR160,0.9999999999999071
GPR161,GPR161,1.0
GPR162,GPR162,1.0
GPR173,GPR173,1.0
GPR176,GPR176,0.9999999999999635
GPR18,GPR18,0.9999999999999418
GPR183,GPR183,0.9999999999996289
GPR3,GPR3,0.9999999999998823
GPR35,GPR35,1.0
GPR39,GPR39,0.9999999999999878
GPR52,GPR52,0.9999999999998619
GPR55,GPR55,1.0
GPR63,GPR63,0.9999999999998618
GPR68,GPR68,0.9999999999995798
GPR75,GPR75,1.0
GPR82,GPR82,1.0
GPR84-AS1,GPR84-AS1,0.9999999999998689
GPR85,GPR85,1.0
GPR89B,GPR89B,0.9999999999997565
GPRASP1,GPRASP1,0.9999999999998745
GPRASP2,GPRASP2,0.9999999999998861
GPRASP3,GPRASP3,1.0
GPRC5A,GPRC5A,1.0
GPRC5D-AS1,GPRC5D-AS1,0.9999999999999161
GPSM1,GPSM1,1.0
GAS7,GPSM2,0.4075865995505011
KRT18,GPSM2,0.40912353302175425
CALD1,GPSM2,0.40938542816560197
HIP1,GPSM2,0.4095332675336131
ZFHX3,GPSM2,0.41238075262424295
ABTB2,GPSM2,0.41537522105874275
IFI16,GPSM2,0.41609301701686396
ISG15,GPSM2,0.41718369744823675
MIAT,GPSM2,0.420326371173832
DCN,GPSM2,0.4326472818931877
MGP,GPSM2,0.43386093669572046
SLC44A1,GPSM2,0.436128716138005
CENPT,GPSM2,0.43860821026115454
NEBL,GPSM2,0.44118097901645675
IFI6,GPSM2,0.44578622267201184
SLC35F3,GPSM2,0.45376394467359193
SLC12A8,GPSM2,0.46041821039214986
MORC3,GPSM2,0.46167660165124585
FLNB,GPSM2,0.4681403043274366
TPST2,GPSM2,0.47436981219268304
GPSM2,GPSM2,1.0
GPSM3,GPSM3,1.0
GPX3,GPX3,0.9999999999998864
GRAMD1B,GRAMD1B,1.0
GRAMD1C,GRAMD1C,0.9999999999997874
CALD1,GRAMD2B,0.412072261054036
GRAMD2B,GRAMD2B,1.0
GRAMD4,GRAMD4,0.9999999999996195
GRAPL,GRAPL,1.0
GRB10,GRB10,1.0
GRB14,GRB14,1.0
GREB1L,GREB1L,1.0
ISG15,GREM1,0.5483610275273254
CTSK,GREM1,0.5489532241203763
LINC00842,GREM1,0.561951110518492
TNFRSF11B,GREM1,0.5666107208678469
SLC44A1,GREM1,0.5701095309802927
LY6E,GREM1,0.5742346438168349
RBP1,GREM1,0.5776312172727571
TPST2,GREM1,0.587200604318786
LUM,GREM1,0.5882214614912883
STAT1,GREM1,0.5921062673950463
IFI16,GREM1,0.5946465156140911
CLU,GREM1,0.59771424095411
SLC12A8,GREM1,0.6161419760015874
KRT18,GREM1,0.631810114770282
FLNB,GREM1,0.6326424571269315
CALD1,GREM1,0.6478477008116713
MGP,GREM1,0.6487120168326902
THBS1,GREM1,0.6683530305465882
IFI6,GREM1,0.678596540676269
DCN,GREM1,0.688307298323565
GREM1,GREM1,1.0
GREM2,GREM2,1.0
GRHL1,GRHL1,1.0
GRIA1,GRIA1,0.999999999999892
GRIA3,GRIA3,1.0
GRID1,GRID1,0.9999999999998047
GRIK1,GRIK1,0.9999999999997596
CEMIP,GRIK2,0.40126238619303545
MKX,GRIK2,0.40422269957820245
S100A6,GRIK2,0.406201980005436
INPP4B,GRIK2,0.4094323780569132
MYLK,GRIK2,0.4119204783029244
SEMA5A,GRIK2,0.4153687646075074
FMN2,GRIK2,0.41694111744974716
RORA,GRIK2,0.42004753953086366
MT2A,GRIK2,0.4277845375824073
PARD3B,GRIK2,0.4301664954936209
PDZRN3,GRIK2,0.4308645922889763
S100A10,GRIK2,0.4329623904099648
KIF26B,GRIK2,0.4634298467454575
PRKG1,GRIK2,0.47963270497393523
EXT1,GRIK2,0.4828757276417148
MAML2,GRIK2,0.5025232925185357
GRIK2,GRIK2,1.0
GRIN2A,GRIN2A,0.9999999999999492
GRIN2B,GRIN2B,1.0
GRIN2C,GRIN2C,1.0
GRIN2D,GRIN2D,0.999999999999796
GRIN3A,GRIN3A,1.0
GRIP1,GRIP1,1.0
GRIP2,GRIP2,1.0
GRK3,GRK3,1.0
GRK4,GRK4,1.0
GRK5,GRK5,1.0
GRN,GRN,1.0
GRPEL2-AS1,GRPEL2-AS1,1.0
GRTP1,GRTP1,1.0
GSAP,GSAP,0.999999999999896
GSDMB,GSDMB,0.9999999999998658
GSDMD,GSDMD,0.9999999999998416
NEAT1,GSE1,0.4118897816127668
GSE1,GSE1,0.9999999999999118
GSG1,GSG1,1.0
ISG15,GSK3B,0.41050259537681993
NEAT1,GSK3B,0.4162372824715418
GSK3B,GSK3B,1.0
GSK3B-DT,GSK3B-DT,1.0
ABTB2,GSN,0.5253521348007569
PRSS3,GSN,0.5311884723266119
ISG15,GSN,0.534013083122364
DCN,GSN,0.5345378798076708
LINC00842,GSN,0.537414871175255
NEBL,GSN,0.5385158947433485
IFI16,GSN,0.5413109381952859
MIAT,GSN,0.5457816040457563
KRT19,GSN,0.5515945222878016
CFB,GSN,0.5617364037742991
SLC44A1,GSN,0.5623718866164988
IFI6,GSN,0.566256526551086
AHNAK2,GSN,0.5666659021171996
TPST2,GSN,0.5945754981979305
FLNB,GSN,0.5988065796476223
SLC12A8,GSN,0.6060391563614365
RBP1,GSN,0.6303462767905188
MGP,GSN,0.6426160330762409
KRT18,GSN,0.6436768972599495
CLU,GSN,0.6462336603185785
GSN,GSN,1.0
GSN-AS1,GSN-AS1,0.9999999999998023
GSTCD,GSTCD,0.9999999999999493
GSTM2,GSTM2,0.9999999999999098
GSTM3,GSTM3,1.0
GSTM5,GSTM5,1.0
GTDC1,GTDC1,0.9999999999997874
GTF2I-AS1,GTF2I-AS1,0.9999999999995415
ISG15,GTF2IRD1,0.40469381162855717
NEAT1,GTF2IRD1,0.4071740274869981
GTF2IRD1,GTF2IRD1,1.0
GTF2IRD1P1,GTF2IRD1P1,0.9999999999996835
GTF2IRD2,GTF2IRD2,1.0
GTF2IRD2B,GTF2IRD2B,0.9999999999998632
GTF3C2,GTF3C2,1.0
GTF3C2-AS1,GTF3C2-AS1,0.9999999999999563
GTPBP2,GTPBP2,0.9999999999999983
GTPBP3,GTPBP3,0.9999999999998211
KIF20B,GTSE1,0.7397419857536857
STMN1,GTSE1,0.7397642062634072
PBK,GTSE1,0.7428380633843096
PRR11,GTSE1,0.7457161348809155
CENPE,GTSE1,0.7468054963758904
ANLN,GTSE1,0.7502758759771369
CEP55,GTSE1,0.7568723560123066
HMMR,GTSE1,0.7665144274056691
BIRC5,GTSE1,0.7708903544246956
DLGAP5,GTSE1,0.7782002102635059
HMGB2,GTSE1,0.7842070425580613
MKI67,GTSE1,0.7858245389396623
PTTG1,GTSE1,0.7872137474847298
ASPM,GTSE1,0.7880803173636439
TPX2,GTSE1,0.7957974809771982
UBE2C,GTSE1,0.797910225192306
PRC1,GTSE1,0.8089574799973641
CENPF,GTSE1,0.8194214569253038
TOP2A,GTSE1,0.8236947027368149
NUSAP1,GTSE1,0.8257040230911505
GTSE1,GTSE1,0.9999999999999143
GTSE1-DT,GTSE1-DT,0.9999999999999529
GUCA1A,GUCA1A,1.0
GUCA1B,GUCA1B,1.0
GUCY1A2,GUCY1A2,0.9999999999997228
GUCY1B1,GUCY1B1,0.999999999999827
GUCY2C-AS1,GUCY2C-AS1,1.0
GUSBP1,GUSBP1,1.0
GUSBP2,GUSBP2,1.0
GVQW3,GVQW3,0.9999999999998619
GXYLT2,GXYLT2,0.999999999999929
GYG2,GYG2,1.0
GYPC,GYPC,0.9999999999999907
GYPE,GYPE,1.0
GYS1,GYS1,1.0
PLSCR1,H1-0,0.4010546388384876
IFIT1,H1-0,0.40960692893595707
EPSTI1,H1-0,0.41065227935224435
IFI16,H1-0,0.4110326965839632
IFIT3,H1-0,0.42155967961096585
STAT1,H1-0,0.4227743882538888
MX1,H1-0,0.4465754304213452
ISG15,H1-0,0.45607097828447823
H1-0,H1-0,1.0
PCLAF,H1-1,0.4054894957895222
ESCO2,H1-1,0.4100761156420793
H1-3,H1-1,0.4766644911339611
H1-5,H1-1,0.4777307337521464
H2AC14,H1-1,0.4822207339429416
H4C3,H1-1,0.533781284346935
H1-1,H1-1,0.9999999999999447
H1-10,H1-10,1.0
H1-10-AS1,H1-10-AS1,0.9999999999997851
H1-2,H1-2,1.0
H2AC17,H1-3,0.40057345325313787
H2AC12,H1-3,0.4014184451590757
H4C3,H1-3,0.40212001073385567
H1-5,H1-3,0.4591590357494223
H1-1,H1-3,0.4766644911339611
H1-3,H1-3,0.9999999999998365
H1-4,H1-4,1.0
H2AC14,H1-5,0.4330971893766909
H4C3,H1-5,0.4545389189734571
H1-3,H1-5,0.4591590357494223
H1-1,H1-5,0.4777307337521464
H1-5,H1-5,1.0
H2AC11,H2AC11,0.9999999999997626
H1-3,H2AC12,0.4014184451590757
H2AC12,H2AC12,0.9999999999997345
TOP2A,H2AC14,0.40075659674993774
PCLAF,H2AC14,0.4031603600202007
H1-5,H2AC14,0.4330971893766909
H4C3,H2AC14,0.4706238388589362
H1-1,H2AC14,0.4822207339429416
H2AC14,H2AC14,0.9999999999999356
H2AC15,H2AC15,1.0
H2AC16,H2AC16,1.0
H1-3,H2AC17,0.40057345325313787
H2AC17,H2AC17,1.0
H2AC20,H2AC20,1.0
H2AC21,H2AC21,1.0
H2AC25,H2AC25,1.0
H2AC4,H2AC4,0.9999999999998512
H2AC6,H2AC6,0.9999999999998072
H2AJ,H2AJ,0.9999999999999575
SMC4,H2AX,0.488638090314864
DLGAP5,H2AX,0.48894891530637313
BIRC5,H2AX,0.4915535079550816
CEP55,H2AX,0.4930749762504581
PRR11,H2AX,0.4945579920715655
HMMR,H2AX,0.4998078887709925
STMN1,H2AX,0.5006212218354075
PTTG1,H2AX,0.5032079574681423
ASPM,H2AX,0.5047529008299488
GTSE1,H2AX,0.5101153386517354
ANLN,H2AX,0.5124252649045444
CDK1,H2AX,0.5142955101982399
TPX2,H2AX,0.5175765292022858
PRC1,H2AX,0.5218593256563655
MKI67,H2AX,0.5229144701175631
HMGB2,H2AX,0.5304144768965383
CENPF,H2AX,0.5331697445184427
NUSAP1,H2AX,0.5422823977846736
UBE2C,H2AX,0.5459121181735633
TOP2A,H2AX,0.5540026031852291
H2AX,H2AX,1.0
CEP55,H2AZ1,0.679706578986506
ANLN,H2AZ1,0.6821823231247535
HMMR,H2AZ1,0.6835842115452894
TUBA1B,H2AZ1,0.683941960191472
GTSE1,H2AZ1,0.6863616682671659
MKI67,H2AZ1,0.6891856201099875
PBK,H2AZ1,0.6943411108994261
CKS1B,H2AZ1,0.7036210802079735
CENPW,H2AZ1,0.7102519036778416
BIRC5,H2AZ1,0.7105626985641491
TPX2,H2AZ1,0.7165262444372786
CENPF,H2AZ1,0.7283700170992042
UBE2C,H2AZ1,0.7396308595162264
PRC1,H2AZ1,0.7398960896156112
HMGB2,H2AZ1,0.7460821022214824
PTTG1,H2AZ1,0.747969174486633
PCLAF,H2AZ1,0.7494823266224337
TOP2A,H2AZ1,0.7573407470287681
STMN1,H2AZ1,0.7636112443635669
NUSAP1,H2AZ1,0.7660315737817415
H2AZ1,H2AZ1,0.9999999999999991
H2AZ1-DT,H2AZ1-DT,0.9999999999997834
H2AZ1,H2AZ2,0.5116296426026711
CEP55,H2AZ2,0.513507817379717
CENPW,H2AZ2,0.5160313168526524
HMMR,H2AZ2,0.5163517205277133
PBK,H2AZ2,0.5167462370950282
DLGAP5,H2AZ2,0.518259043352578
PCLAF,H2AZ2,0.5184641039511398
ASPM,H2AZ2,0.5224751639385813
MKI67,H2AZ2,0.5235461807141955
STMN1,H2AZ2,0.526092107502913
GTSE1,H2AZ2,0.5303014302600056
BIRC5,H2AZ2,0.5358621753894413
TPX2,H2AZ2,0.5393279835568142
HMGB2,H2AZ2,0.5446490022822229
UBE2C,H2AZ2,0.5482944451844464
CENPF,H2AZ2,0.551194879381772
PRC1,H2AZ2,0.5542367405382752
PTTG1,H2AZ2,0.5681313188939983
TOP2A,H2AZ2,0.5689504702608247
NUSAP1,H2AZ2,0.571713415053169
H2AZ2,H2AZ2,1.0
H2BC11,H2BC11,0.9999999999999872
H2BC12,H2BC12,1.0
H2BC13,H2BC13,1.0
H2BC26,H2BC26,1.0
H2BC4,H2BC4,0.999999999999903
H2BC5,H2BC5,0.9999999999999545
H2BC6,H2BC6,1.0
H2BC8,H2BC8,1.0
H2BP1,H2BP1,1.0
H3-7,H3-7,0.9999999999998392
H3C2,H3C2,1.0
H3C4,H3C4,1.0
H3C8,H3C8,1.0
H4C11,H4C11,1.0
H4C16,H4C16,0.9999999999998322
UBE2T,H4C3,0.4592036905292488
SPC25,H4C3,0.45933752786333193
DIAPH3,H4C3,0.45970826886698357
CENPK,H4C3,0.4630698916424502
STMN1,H4C3,0.463216563400963
HMGB2,H4C3,0.4644017980616833
PRC1,H4C3,0.465026858309064
UBE2C,H4C3,0.4666736546300519
H2AC14,H4C3,0.4706238388589362
ATAD2,H4C3,0.47072482239553204
PBK,H4C3,0.4724465549910515
CDK1,H4C3,0.47891589940552354
CLSPN,H4C3,0.48909922224468133
ESCO2,H4C3,0.4953482950320997
RRM2,H4C3,0.49599176351684043
NUSAP1,H4C3,0.5032343694559004
TOP2A,H4C3,0.5043619418710409
H2AZ1,H4C3,0.5056723358749583
H1-1,H4C3,0.533781284346935
PCLAF,H4C3,0.5619042286676391
H4C3,H4C3,1.0
H4C8,H4C8,0.9999999999999077
H4C9,H4C9,0.999999999999861
H6PD,H6PD,0.9999999999998435
HACE1,HACE1,1.0
HACL1,HACL1,0.9999999999999803
HAND2,HAND2,0.9999999999999022
HAND2-AS1,HAND2-AS1,1.0
HAPSTR1,HAPSTR1,1.0
HAR1B,HAR1B,1.0
HARS2,HARS2,0.9999999999996884
HAS2,HAS2,1.0
HAS2-AS1,HAS2-AS1,0.9999999999999388
HAS3,HAS3,0.9999999999998593
HAVCR2,HAVCR2,1.0
HBA1,HBA1,1.0
HBD,HBD,0.9999999999998538
HBP1,HBP1,0.9999999999998588
HBZ,HBZ,0.9999999999995126
HCCS-DT,HCCS-DT,0.9999999999998945
HCFC1R1,HCFC1R1,1.0
HCG17,HCG17,1.0
HCG18,HCG18,0.9999999999998939
HCG20,HCG20,1.0
HCG27,HCG27,0.9999999999998523
HCLS1,HCLS1,0.9999999999998412
HCP5,HCP5,0.9999999999996773
HDAC10,HDAC10,1.0
HDAC11,HDAC11,0.999999999999879
HDAC4,HDAC4,0.9999999999998069
HDAC5,HDAC5,1.0
HDAC6,HDAC6,0.999999999999854
HDAC8,HDAC8,1.0
HDAC9,HDAC9,1.0
HDHD3,HDHD3,0.9999999999999379
HDX,HDX,1.0
HEATR1,HEATR1,1.0
HEATR3-AS1,HEATR3-AS1,1.0
HEATR4,HEATR4,0.9999999999997663
HEATR5A-DT,HEATR5A-DT,1.0
HEATR5B,HEATR5B,1.0
HEATR6,HEATR6,1.0
HEATR6-DT,HEATR6-DT,1.0
HECTD2,HECTD2,1.0
HECTD3,HECTD3,1.0
HECTD4,HECTD4,1.0
HECW1,HECW1,1.0
HECW2,HECW2,0.9999999999999196
HECW2-AS1,HECW2-AS1,1.0
CLU,HEG1,0.4001466076287825
ABTB2,HEG1,0.40203529207021
IFITM1,HEG1,0.40398740620182527
LINC00842,HEG1,0.4045330214272446
MX1,HEG1,0.41275751473963207
MAGI1,HEG1,0.4138066323766737
IFI6,HEG1,0.41701338924094505
KRT18,HEG1,0.41955917321287445
TPST2,HEG1,0.4198204703043818
MGP,HEG1,0.4236534243486627
SLC44A1,HEG1,0.431482463650712
IFI16,HEG1,0.4324213867674312
FLNB,HEG1,0.4372896088988876
ISG15,HEG1,0.4492192088599232
SLC12A8,HEG1,0.45036315592393933
HEG1,HEG1,0.9999999999997881
HELB,HELB,0.9999999999999201
HELLPAR,HELLPAR,0.9999999999999637
PBK,HELLS,0.4724423982304052
TPX2,HELLS,0.47748118648394483
RAD51AP1,HELLS,0.47969684603905116
CENPU,HELLS,0.47976759265412866
GMNN,HELLS,0.48586847703034564
PRC1,HELLS,0.49563688465020933
CENPK,HELLS,0.501086375983723
TMPO,HELLS,0.5012486553337844
NUSAP1,HELLS,0.5012702115424357
ESCO2,HELLS,0.5036827312014795
H2AZ1,HELLS,0.5048187944988007
HMGB2,HELLS,0.504942294736054
RRM1,HELLS,0.5108051389873927
RRM2,HELLS,0.5112988401064509
TOP2A,HELLS,0.517963016433345
STMN1,HELLS,0.5241714696321712
DIAPH3,HELLS,0.5269227821391849
ATAD2,HELLS,0.5620105751250836
PCLAF,HELLS,0.5975784859585546
CLSPN,HELLS,0.6031674833174967
HELLS,HELLS,0.9999999999999861
HELZ,HELZ,0.9999999999998499
IFIT3,HELZ2,0.40047150736222453
MX1,HELZ2,0.4109946620469375
HELZ2,HELZ2,0.9999999999999043
HEMK1,HEMK1,1.0
HEPACAM,HEPACAM,1.0
HEPFAL,HEPFAL,1.0
HEPH,HEPH,0.9999999999999245
HEPHL1,HEPHL1,0.9999999999999419
HERC1,HERC1,0.9999999999997805
HERC2,HERC2,1.0
HERC2P9,HERC2P9,0.9999999999996384
SLC44A1,HERC3,0.40267074471578107
PRUNE2,HERC3,0.4035534124700993
MGP,HERC3,0.4064005747150531
ISG15,HERC3,0.40775403103612673
HIPK2,HERC3,0.4080555490470236
IFI6,HERC3,0.4107406664645984
NEBL,HERC3,0.416296120781072
FLNB,HERC3,0.42231029955207
SLC12A8,HERC3,0.4413606539227735
HERC3,HERC3,1.0
HERC4,HERC4,0.9999999999999741
RSAD2,HERC5,0.49525393286090647
SP110,HERC5,0.4989894313344766
IFITM2,HERC5,0.5214181842711176
IFITM3,HERC5,0.5293437468778415
IFIH1,HERC5,0.5315376221976742
PSMB9,HERC5,0.5356017637131639
PLSCR1,HERC5,0.5422928284419052
STAT1,HERC5,0.5466979226061905
RIGI,HERC5,0.5490178286347003
ISG20,HERC5,0.5533858301471002
IFITM1,HERC5,0.5617089842129284
IFIT3,HERC5,0.5649997666199956
IFI16,HERC5,0.5759045812658645
MX2,HERC5,0.588984403727239
IFIT1,HERC5,0.5890253341618943
LAP3,HERC5,0.5947103465849417
ISG15,HERC5,0.6095926727032109
IFIT2,HERC5,0.6130023908582228
MX1,HERC5,0.6144785330221137
EPSTI1,HERC5,0.6166394152808468
HERC5,HERC5,0.9999999999999556
PLSCR1,HERC6,0.40910856486892533
MX2,HERC6,0.4093474404648573
IFI16,HERC6,0.42145662564070163
STAT1,HERC6,0.42859609694201506
EPSTI1,HERC6,0.43341306061505636
IFIT1,HERC6,0.43801200619488817
ISG15,HERC6,0.44064850126683847
IFIT3,HERC6,0.4426007258427083
MX1,HERC6,0.47537918076856334
HERC6,HERC6,1.0
ISG15,HES1,0.4099138869811361
HES1,HES1,0.9999999999999478
HESX1,HESX1,1.0
HEXD,HEXD,1.0
HEXD-IT1,HEXD-IT1,0.9999999999998713
HEXIM2-AS1,HEXIM2-AS1,1.0
HFM1,HFM1,1.0
HGF,HGF,1.0
HHAT,HHAT,0.9999999999998636
HHEX,HHEX,0.9999999999997754
HHIP,HHIP,1.0
HHIPL1,HHIPL1,1.0
HIBCH,HIBCH,1.0
TPM1,HIF1A,0.4068738963367941
MX1,HIF1A,0.40845654360358563
IFIT3,HIF1A,0.41455101193082766
RBP1,HIF1A,0.42249523675609707
EPSTI1,HIF1A,0.42274237633517503
TPM2,HIF1A,0.42425912243722724
KRT18,HIF1A,0.4265979386536579
MGP,HIF1A,0.4318540403914682
IFI16,HIF1A,0.43491047650606146
TPM4,HIF1A,0.43890973234330494
GREM1,HIF1A,0.44575016371725285
THBS1,HIF1A,0.4509483534263887
IFI6,HIF1A,0.45096222171103895
STAT1,HIF1A,0.457421259323373
DCN,HIF1A,0.46512624242822986
CALD1,HIF1A,0.48350131428018606
HIF1A,HIF1A,1.0
HIF1A-AS3,HIF1A-AS3,0.9999999999996209
HIGD1C,HIGD1C,1.0
HINFP,HINFP,0.9999999999997865
UBE2C,HINT1,0.40992355787677315
CENPW,HINT1,0.41419561097458124
PTTG1,HINT1,0.4151412105971356
FTX,HINT1,0.41642414776313935
ANP32B,HINT1,0.41831428232505236
RANBP1,HINT1,0.41990752350363525
DEK,HINT1,0.4226352280974069
TUBA1B,HINT1,0.4236410184849173
PCLAF,HINT1,0.42622957663978756
DUT,HINT1,0.4550474307732702
TMSB4X,HINT1,0.45843708494514834
STMN1,HINT1,0.4757142314611178
HMGB1,HINT1,0.4774680936214386
SEC61G,HINT1,0.4783184169579462
RPL10,HINT1,0.479288453778085
MIF,HINT1,0.4838359207798328
VIM,HINT1,0.4899414707544462
H2AZ1,HINT1,0.4918587434744041
NEAT1,HINT1,0.4988584193037146
PTMA,HINT1,0.5301892108356365
HINT1,HINT1,1.0
CALD1,HIP1,0.5587839645268589
ISG15,HIP1,0.5622292290879549
THBS1,HIP1,0.5636303869018185
IFI16,HIP1,0.5702970648912746
MORC3,HIP1,0.5821174954312044
LINC00842,HIP1,0.5847593134724567
HIPK2,HIP1,0.5853465806919786
ABTB2,HIP1,0.5863271375326535
CENPT,HIP1,0.5867329263584276
NEBL,HIP1,0.5900399726767341
KCNMA1,HIP1,0.5904254845269248
CLU,HIP1,0.592414950603824
KRT18,HIP1,0.6055867825519805
SLC44A1,HIP1,0.6090263093492508
TPST2,HIP1,0.6161148488749112
DCN,HIP1,0.6191632745500274
MGP,HIP1,0.6312733050082732
SLC12A8,HIP1,0.632290297088058
FLNB,HIP1,0.6387681429375124
IFI6,HIP1,0.6393651962127777
HIP1,HIP1,1.0
HIP1R,HIP1R,1.0
HIPK1,HIPK1,0.999999999999933
AHNAK2,HIPK2,0.567890458603594
RBP1,HIPK2,0.5718001885973982
KCNMA1,HIPK2,0.5719369759477521
PRUNE2,HIPK2,0.5745707601664545
LY6E,HIPK2,0.5800717392744337
ABTB2,HIPK2,0.5800995062909495
HIP1,HIPK2,0.5853465806919786
LINC00842,HIPK2,0.5903525885142806
IFI16,HIPK2,0.5921329849569651
DCN,HIPK2,0.6011991374813082
SLC44A1,HIPK2,0.6040546346949989
NEBL,HIPK2,0.6081140145584724
ISG15,HIPK2,0.6083409525805996
CLU,HIPK2,0.6128777372606115
KRT18,HIPK2,0.6165936748291774
TPST2,HIPK2,0.6266430046676769
FLNB,HIPK2,0.6343928926723956
IFI6,HIPK2,0.6595104744479909
MGP,HIPK2,0.6629878835517663
SLC12A8,HIPK2,0.6659240299160484
HIPK2,HIPK2,1.0
HIPK3,HIPK3,1.0
HIRA,HIRA,0.9999999999998562
HIVEP1,HIVEP1,1.0
HIVEP2,HIVEP2,1.0
HIVEP3,HIVEP3,0.9999999999998038
CCNA2,HJURP,0.5856898019060709
KIF20B,HJURP,0.5872939241598528
CEP55,HJURP,0.5893924823204536
HMMR,HJURP,0.5909019865646771
PTTG1,HJURP,0.5990049114458695
CDK1,HJURP,0.6023695485434817
ANLN,HJURP,0.6036358966864698
GTSE1,HJURP,0.6075052508010872
CENPE,HJURP,0.6082001612401682
CDCA8,HJURP,0.6151950861391207
DLGAP5,HJURP,0.6212046026826947
TPX2,HJURP,0.6261039722331542
HMGB2,HJURP,0.628432159061296
MKI67,HJURP,0.6298299420597718
ASPM,HJURP,0.6327165411279305
PRC1,HJURP,0.6361206760650866
UBE2C,HJURP,0.6407796105753469
CENPF,HJURP,0.6436016422548005
NUSAP1,HJURP,0.6442430568356792
TOP2A,HJURP,0.6573045469608298
HJURP,HJURP,1.0
HK2,HK2,1.0
HLA-C,HLA-A,0.41242651806076003
HLA-B,HLA-A,0.4689973697037497
B2M,HLA-A,0.49937122242944076
HLA-A,HLA-A,0.9999999999999967
APP,HLA-B,0.45020332434945953
IFI16,HLA-B,0.4542476126825057
GREM1,HLA-B,0.456078785589288
KRT18,HLA-B,0.4563135433945372
HLA-A,HLA-B,0.4689973697037497
TNC,HLA-B,0.47604995636284114
MGP,HLA-B,0.478081476628896
PTN,HLA-B,0.5036555569454467
TNFRSF11B,HLA-B,0.517683182915869
IFITM3,HLA-B,0.5193432685635608
CTSK,HLA-B,0.5238673436213149
C1R,HLA-B,0.524786888828138
IFITM1,HLA-B,0.5269650895075217
THBS1,HLA-B,0.5541395277687586
HLA-C,HLA-B,0.5837451377737228
LY6E,HLA-B,0.591077168189665
DCN,HLA-B,0.6179765608993543
LUM,HLA-B,0.640077455858839
IFI6,HLA-B,0.6560486261606798
B2M,HLA-B,0.6906678424474924
HLA-B,HLA-B,0.9999999999999896
PTN,HLA-C,0.40292374043378393
THBS1,HLA-C,0.40557476780943097
HLA-A,HLA-C,0.41242651806076003
CTSK,HLA-C,0.4142770400254242
C1R,HLA-C,0.4209588196515853
IFITM3,HLA-C,0.4392734781530764
IFITM1,HLA-C,0.4430984272309609
DCN,HLA-C,0.4615699779234808
LUM,HLA-C,0.48591461707257566
LY6E,HLA-C,0.4967314924711342
IFI6,HLA-C,0.523712240761938
HLA-B,HLA-C,0.5837451377737228
B2M,HLA-C,0.5977508626377377
HLA-C,HLA-C,1.0
HLA-E,HLA-E,1.0
HLA-F,HLA-F,1.0
HLA-F-AS1,HLA-F-AS1,0.9999999999998339
HLA-L,HLA-L,1.0
HLCS,HLCS,0.999999999999998
HLCS-AS1,HLCS-AS1,1.0
HLX-AS1,HLX-AS1,0.9999999999998141
HMBOX1,HMBOX1,0.9999999999996795
HMBOX1-IT1,HMBOX1-IT1,0.9999999999998691
HMCN1,HMCN1,1.0
HMG20A,HMG20A,0.9999999999999395
HMGA1,HMGA1,1.0
HMGA1P4,HMGA1P4,1.0
HMGA2,HMGA2,1.0
HMGA2-AS1,HMGA2-AS1,1.0
MKI67,HMGB1,0.632151394109247
CKS1B,HMGB1,0.646769093700315
CEP55,HMGB1,0.6477609726214114
CENPW,HMGB1,0.6478687067756248
DEK,HMGB1,0.649137996621786
DUT,HMGB1,0.649926614173099
H2AZ1,HMGB1,0.6533361277034802
TMPO,HMGB1,0.6540322504590615
BIRC5,HMGB1,0.6551407915826918
PCLAF,HMGB1,0.6578911127944791
TPX2,HMGB1,0.6694288219138422
UBE2C,HMGB1,0.673409087250681
CENPF,HMGB1,0.6760142730975905
PRC1,HMGB1,0.6775753369469776
TOP2A,HMGB1,0.6833225581574078
PTMA,HMGB1,0.6857144346854347
PTTG1,HMGB1,0.6961232063154366
NUSAP1,HMGB1,0.6976762972674778
HMGB2,HMGB1,0.7026755151261875
STMN1,HMGB1,0.7309999595998867
HMGB1,HMGB1,0.9999999999999976
PCLAF,HMGB2,0.7667097853058227
PBK,HMGB2,0.7728683865301565
HMMR,HMGB2,0.7732227795400963
SMC4,HMGB2,0.7737014526976493
DLGAP5,HMGB2,0.7738709251958144
ANLN,HMGB2,0.7759382696464368
GTSE1,HMGB2,0.7842070425580613
BIRC5,HMGB2,0.7878331997129832
CEP55,HMGB2,0.7960445169173496
TMPO,HMGB2,0.7967913833445096
ASPM,HMGB2,0.797893677818371
MKI67,HMGB2,0.8073621941372484
PTTG1,HMGB2,0.8166320493227978
STMN1,HMGB2,0.8186178570028565
TPX2,HMGB2,0.8241640983327297
PRC1,HMGB2,0.8309511735655659
UBE2C,HMGB2,0.8373499463675423
CENPF,HMGB2,0.8414427193814742
NUSAP1,HMGB2,0.8604023760974598
TOP2A,HMGB2,0.8673251983148711
HMGB2,HMGB2,1.0
GTSE1,HMGB3,0.5406686080999121
CDCA8,HMGB3,0.5408318136538172
CKAP2,HMGB3,0.5427713573129008
CDKN3,HMGB3,0.5429695018088149
HMMR,HMGB3,0.54368795680104
STMN1,HMGB3,0.5480663049410313
BIRC5,HMGB3,0.5522089018966829
MKI67,HMGB3,0.5527562829378606
UBE2C,HMGB3,0.5567470269066005
CEP55,HMGB3,0.5585065339657669
CCNB1,HMGB3,0.5621541719348957
HMGB2,HMGB3,0.5636524862073523
TOP2A,HMGB3,0.5645193089263992
NUSAP1,HMGB3,0.5758118146257771
ASPM,HMGB3,0.5762956871266917
PRC1,HMGB3,0.5774929270751846
TPX2,HMGB3,0.5776294178259714
DLGAP5,HMGB3,0.5788258358996279
PTTG1,HMGB3,0.5895268539577322
CENPF,HMGB3,0.5898907775531627
HMGB3,HMGB3,1.0
HMGCS1,HMGCS1,1.0
DLGAP5,HMGN2,0.6129611848068535
PBK,HMGN2,0.6129701267460783
GTSE1,HMGN2,0.6137399801299942
SMC4,HMGN2,0.6147522761125138
TMPO,HMGN2,0.618853600192471
PCLAF,HMGN2,0.6192756235427507
CKS1B,HMGN2,0.62251239441548
CENPW,HMGN2,0.6243046721850402
H2AZ1,HMGN2,0.6260114478804456
CEP55,HMGN2,0.6284666909310671
BIRC5,HMGN2,0.6316629097461431
TPX2,HMGN2,0.6479131221409359
PRC1,HMGN2,0.6521473929993675
CENPF,HMGN2,0.6557769856711899
UBE2C,HMGN2,0.6588831335626786
TOP2A,HMGN2,0.6680823797271181
HMGB2,HMGN2,0.67417736404447
PTTG1,HMGN2,0.675023061012832
NUSAP1,HMGN2,0.6794812183589396
STMN1,HMGN2,0.684543811979734
HMGN2,HMGN2,0.9999999999999829
HMGN3-AS1,HMGN3-AS1,0.9999999999997964
HMGN5,HMGN5,1.0
PBK,HMMR,0.732730962412545
STMN1,HMMR,0.7365543006151081
KIF20B,HMMR,0.7380535796768171
PRR11,HMMR,0.7412934876870712
CENPE,HMMR,0.7425782833943653
ANLN,HMMR,0.7502342196173469
BIRC5,HMMR,0.7611978287942069
CEP55,HMMR,0.7613890035017779
GTSE1,HMMR,0.7665144274056691
HMGB2,HMMR,0.7732227795400963
UBE2C,HMMR,0.7772743771236983
MKI67,HMMR,0.7798650660359708
DLGAP5,HMMR,0.7860392119029009
ASPM,HMMR,0.7881903913337703
TPX2,HMMR,0.7931897831540008
PTTG1,HMMR,0.7935688994206999
PRC1,HMMR,0.8072852075230592
TOP2A,HMMR,0.8084123979283421
NUSAP1,HMMR,0.814191293655218
CENPF,HMMR,0.8194403925148774
HMMR,HMMR,0.9999999999998572
HMOX1,HMOX1,1.0
HMSD,HMSD,1.0
HNMT,HNMT,1.0
DLGAP5,HNRNPA2B1,0.4591914687239043
BIRC5,HNRNPA2B1,0.46119068032379984
PTMA,HNRNPA2B1,0.4626184989377363
ANLN,HNRNPA2B1,0.46335411334905474
SMC4,HNRNPA2B1,0.46496467122928126
HMGB1,HNRNPA2B1,0.46893703902850664
DEK,HNRNPA2B1,0.4692698675700285
PTTG1,HNRNPA2B1,0.4734187934165354
TOP2A,HNRNPA2B1,0.47346049626739356
ASPM,HNRNPA2B1,0.47828332285638586
NUSAP1,HNRNPA2B1,0.48123668012233856
NCL,HNRNPA2B1,0.4886786323079173
MKI67,HNRNPA2B1,0.49034775332965297
CEP55,HNRNPA2B1,0.49421152231015913
HMGB2,HNRNPA2B1,0.49528871990134365
CENPF,HNRNPA2B1,0.49805815967245504
TMPO,HNRNPA2B1,0.4989365233031739
TPX2,HNRNPA2B1,0.49999387461957323
PRC1,HNRNPA2B1,0.5042459301259041
STMN1,HNRNPA2B1,0.5095178515157142
HNRNPA2B1,HNRNPA2B1,1.0
ASPM,HNRNPD,0.4608999079098253
ANLN,HNRNPD,0.46390023953682946
PCLAF,HNRNPD,0.46441759884080624
DUT,HNRNPD,0.4726599040346722
PTMA,HNRNPD,0.476342027267257
NUSAP1,HNRNPD,0.47680834978240566
SMC4,HNRNPD,0.47758409352260656
HMGB1,HNRNPD,0.4786837330516455
CEP55,HNRNPD,0.4846158882072096
RANBP1,HNRNPD,0.48485108457027043
TOP2A,HNRNPD,0.4871230121200587
ANP32B,HNRNPD,0.48980267502522085
MKI67,HNRNPD,0.4911395838201908
CENPF,HNRNPD,0.49343224504056293
PRC1,HNRNPD,0.49409966460823446
DEK,HNRNPD,0.4964838644371979
TPX2,HNRNPD,0.4995645598013627
HMGB2,HNRNPD,0.5169114981067543
STMN1,HNRNPD,0.5209913639183847
TMPO,HNRNPD,0.5292456903274876
HNRNPD,HNRNPD,1.0
MKI67,HNRNPDL,0.47122367147406546
VIM,HNRNPDL,0.4752331541673488
PTTG1,HNRNPDL,0.47707022829160906
PRC1,HNRNPDL,0.48041778335467217
TPM4,HNRNPDL,0.4805684601836793
UBE2C,HNRNPDL,0.48137228868506493
NCL,HNRNPDL,0.48145960031476454
NUSAP1,HNRNPDL,0.48215171285236924
CENPF,HNRNPDL,0.48410741068662455
CEP55,HNRNPDL,0.4875192397518414
TOP2A,HNRNPDL,0.4879245196272974
TPX2,HNRNPDL,0.4913961331499563
RANBP1,HNRNPDL,0.49329520462842824
PTMA,HNRNPDL,0.5086360197550609
HMGB1,HNRNPDL,0.5156423512890018
TMPO,HNRNPDL,0.5158398643013888
HMGB2,HNRNPDL,0.5201721632739215
DEK,HNRNPDL,0.5250645093163153
STMN1,HNRNPDL,0.528711194622635
ANP32B,HNRNPDL,0.5386063231517252
HNRNPDL,HNRNPDL,0.999999999999992
HNRNPH3,HNRNPH3,1.0
HOATZ,HOATZ,0.999999999999862
HOMER1,HOMER1,0.9999999999997813
HOMER2,HOMER2,0.9999999999998241
HOOK2,HOOK2,1.0
HOOK3,HOOK3,1.0
HORMAD2-AS1,HORMAD2-AS1,0.9999999999999138
HOTAIR,HOTAIR,1.0
HOXA-AS2,HOXA-AS2,1.0
HOXA-AS3,HOXA-AS3,0.9999999999997444
HOXA11-AS,HOXA11-AS,0.9999999999999888
HOXA13,HOXA13,1.0
HOXA3,HOXA3,0.9999999999999997
HOXA6,HOXA6,1.0
HOXA9,HOXA9,1.0
HOXC-AS1,HOXC-AS1,1.0
HOXC10,HOXC10,1.0
HOXC11,HOXC11,1.0
HOXC13,HOXC13,1.0
HOXC4,HOXC4,0.9999999999997604
HOXC5,HOXC5,0.9999999999998447
HOXC6,HOXC6,1.0
HOXC8,HOXC8,0.999999999999836
HOXC9,HOXC9,0.9999999999999173
HOXD10,HOXD10,1.0
HOXD11,HOXD11,1.0
HOXD13,HOXD13,1.0
HOXD9,HOXD9,1.0
HPDL,HPDL,0.9999999999999901
HPS1-AS1,HPS1-AS1,0.9999999999998656
HPS4,HPS4,0.9999999999999546
HPSE2,HPSE2,0.9999999999998788
HPX,HPX,0.9999999999997309
HRH1,HRH1,1.0
HRNR,HRNR,0.9999999999998809
HROB,HROB,0.9999999999998901
HS1BP3,HS1BP3,0.9999999999998541
HS2ST1,HS2ST1,0.9999999999998641
HS3ST3A1,HS3ST3A1,0.9999999999997882
HS3ST3B1,HS3ST3B1,0.9999999999998497
HS6ST1,HS6ST1,0.9999999999997425
HSD11B1,HSD11B1,1.0
HSD11B1L,HSD11B1L,1.0
HSD17B1,HSD17B1,0.9999999999998446
HSD17B14,HSD17B14,1.0
HSD17B2,HSD17B2,0.9999999999997731
HSD17B2-AS1,HSD17B2-AS1,1.0
HSD17B7P2,HSD17B7P2,1.0
HSD17B8,HSD17B8,0.9999999999997892
HSDL2-AS1,HSDL2-AS1,1.0
HSF4,HSF4,1.0
PCLAF,HSP90AA1,0.49992633534980213
H2AZ1,HSP90AA1,0.5009027080801713
CEP55,HSP90AA1,0.5078492432290991
UBE2C,HSP90AA1,0.5098355782443892
PRC1,HSP90AA1,0.5116753492928753
TPX2,HSP90AA1,0.5139961472576178
TOP2A,HSP90AA1,0.5179841650657804
NUSAP1,HSP90AA1,0.52054407367877
PTTG1,HSP90AA1,0.5206196089433788
CENPF,HSP90AA1,0.5220895582694113
TMPO,HSP90AA1,0.527787649209799
HMGB2,HSP90AA1,0.5445405502577192
ANP32B,HSP90AA1,0.5446248141643016
DUT,HSP90AA1,0.5539112583628382
VIM,HSP90AA1,0.5565502185260515
DEK,HSP90AA1,0.5579329782776424
HMGB1,HSP90AA1,0.5600007815224772
RANBP1,HSP90AA1,0.5609149509624158
STMN1,HSP90AA1,0.5853877869995904
PTMA,HSP90AA1,0.5905842669763612
HSP90AA1,HSP90AA1,0.9999999999999992
GBP1,HSP90B1,0.49375917652529605
AEBP1,HSP90B1,0.49716221499856633
MGP,HSP90B1,0.49804041318778536
PLSCR1,HSP90B1,0.5051791885556715
CKAP4,HSP90B1,0.5098728869608311
TPM4,HSP90B1,0.5128426300208951
IFITM3,HSP90B1,0.5244975934131861
EPSTI1,HSP90B1,0.5321703736435971
IFIT1,HSP90B1,0.5338335138928391
DCN,HSP90B1,0.534498640153358
STAT1,HSP90B1,0.541572022741522
IFITM1,HSP90B1,0.5579018072689637
MX1,HSP90B1,0.568467066163006
LY6E,HSP90B1,0.5686995217571472
ISG15,HSP90B1,0.5689307320437429
IFI16,HSP90B1,0.5826552749304236
IFIT3,HSP90B1,0.5882013990921892
VIM,HSP90B1,0.5889985217598465
HSPA5,HSP90B1,0.5925251324058909
IFI6,HSP90B1,0.6152960500210445
HSP90B1,HSP90B1,0.9999999999999996
HSPA12A,HSPA12A,1.0
HSPA1L,HSPA1L,0.9999999999996997
HSPA2,HSPA2,1.0
HSPA2-AS1,HSPA2-AS1,0.9999999999999019
HSPA4L,HSPA4L,0.9999999999998045
TPM1,HSPA5,0.4482484087092734
IFITM1,HSPA5,0.44825032472867476
MX2,HSPA5,0.44907910086029085
THBS1-IT1,HSPA5,0.4575127010339635
GBP1,HSPA5,0.4576949678485156
COL4A1,HSPA5,0.46060266174898606
VIM,HSPA5,0.4617661577249539
PLSCR1,HSPA5,0.4619464451689971
MT-ATP8,HSPA5,0.4679665774925447
TPM4,HSPA5,0.4681431486707212
MT-ND4L,HSPA5,0.47180165465636176
IFI6,HSPA5,0.481214382400196
EPSTI1,HSPA5,0.49580192866716216
STAT1,HSPA5,0.4982191262338923
IFI16,HSPA5,0.5000223533220329
ISG15,HSPA5,0.5011029732342998
IFIT1,HSPA5,0.503830650588581
IFIT3,HSPA5,0.5191042194053787
MX1,HSPA5,0.5389103014158215
HSP90B1,HSPA5,0.5925251324058909
HSPA5,HSPA5,0.9999999999999853
HSPA8,HSPA8,0.9999999999999921
ATXN1,HSPB1,0.49932944273915414
PVT1,HSPB1,0.5008643904157754
GBP1,HSPB1,0.5026159675593349
FNIP1,HSPB1,0.5132476726830132
FTX,HSPB1,0.514739725561825
TPM4,HSPB1,0.5176095928935112
PSMB9,HSPB1,0.5180585797720472
IFITM1,HSPB1,0.5224038804647102
IFI16,HSPB1,0.527286440828758
IFITM2,HSPB1,0.5311834515459479
MX1,HSPB1,0.541906259502974
NEAT1,HSPB1,0.5421887184845704
EPSTI1,HSPB1,0.5424135564196664
IFIT1,HSPB1,0.5609129534177958
IFIT3,HSPB1,0.5659261289252114
IFITM3,HSPB1,0.566920534951456
TPM2,HSPB1,0.5791089611436572
VIM,HSPB1,0.5815716891866466
TPM1,HSPB1,0.6055301447814013
ISG15,HSPB1,0.639493849729877
HSPB1,HSPB1,0.9999999999999939
HSPB2,HSPB2,0.9999999999998243
HSPB3,HSPB3,0.9999999999998854
HSPB6,HSPB6,0.9999999999999097
HSPB7,HSPB7,0.9999999999999182
HSPB9,HSPB9,1.0
HSPBAP1,HSPBAP1,0.9999999999997102
H2AZ1,HSPD1,0.4053743507434815
NUSAP1,HSPD1,0.40585493204739326
DUT,HSPD1,0.4058747603197825
TOP2A,HSPD1,0.4062457737378064
MKI67,HSPD1,0.40928155367891106
ANLN,HSPD1,0.41206952071583575
CENPF,HSPD1,0.41217177029810703
PCLAF,HSPD1,0.41352735134048685
ANP32B,HSPD1,0.4151607835617385
HMGB1,HSPD1,0.4201613584896136
PRC1,HSPD1,0.4202040781618312
TMPO,HSPD1,0.42205663212095235
CEP55,HSPD1,0.4222269838987149
TPX2,HSPD1,0.4248182666883692
HMGB2,HSPD1,0.42688775531294965
HSP90AA1,HSPD1,0.4291009720717627
PTMA,HSPD1,0.4398826011375195
RANBP1,HSPD1,0.4425122676474684
STMN1,HSPD1,0.4445009288473253
NCL,HSPD1,0.4614910403135031
HSPD1,HSPD1,1.0
MIF,HSPE1,0.43078345530857637
HSPE1,HSPE1,0.9999999999999942
HSPG2,HSPG2,0.9999999999999394
HTR2B,HTR2B,0.9999999999996279
HTRA1,HTRA1,1.0
HTRA4,HTRA4,1.0
HTT,HTT,1.0
HULC,HULC,1.0
HUNK,HUNK,0.999999999999953
HYCC2,HYCC2,1.0
HYDIN,HYDIN,1.0
HYI-AS1,HYI-AS1,1.0
HYMAI,HYMAI,1.0
IBA57,IBA57,0.9999999999999793
IBA57-DT,IBA57-DT,1.0
ICA1L,ICA1L,1.0
ICAM1,ICAM1,1.0
ICAM2,ICAM2,0.9999999999996801
ICAM4,ICAM4,1.0
ICAM5,ICAM5,0.9999999999998938
ICE1,ICE1,0.9999999999999384
ID3,ID1,0.4975758078500268
ID1,ID1,1.0
FLNB,ID2,0.4080723087769211
SLC12A8,ID2,0.40866824084360326
CALD1,ID2,0.4095577739446785
GREM1,ID2,0.41796679713716106
MGP,ID2,0.4250457767671786
LY6E,ID2,0.43175283923680846
MX1,ID2,0.43502317160336823
STAT1,ID2,0.43871133430947234
IFIT1,ID2,0.4458936845214019
DCN,ID2,0.4473563697723232
EPSTI1,ID2,0.4526152209330749
ID3,ID2,0.4526333173615742
IFIT3,ID2,0.4566473512846803
IFITM1,ID2,0.45954159876295053
IFITM3,ID2,0.46023862699242823
IFI16,ID2,0.4841357905400683
ISG15,ID2,0.49123229923910283
IFI6,ID2,0.4955942578889465
ID2,ID2,0.9999999999999553
ID2-AS1,ID2-AS1,1.0
ID2,ID3,0.4526333173615742
ID1,ID3,0.4975758078500268
ID3,ID3,1.0
ID4,ID4,0.999999999999866
IDE,IDE,1.0
IDH1-AS1,IDH1-AS1,0.9999999999997827
IDH3B-DT,IDH3B-DT,0.9999999999996548
IDI1,IDI1,0.9999999999998912
IDI2,IDI2,0.9999999999999758
IDNK,IDNK,1.0
IDO1,IDO1,0.9999999999999033
IDS,IDS,0.9999999999999984
IDUA,IDUA,0.9999999999998898
RIGI,IER2,0.419708989843487
MGP,IER2,0.4210322965596003
MT-ND2,IER2,0.42148901126537663
IFI6,IER2,0.4269122647509006
SP110,IER2,0.42870128700854826
LAP3,IER2,0.43008391325129613
IFITM1,IER2,0.43142866694602006
EIF2AK2,IER2,0.4330494540455487
XAF1,IER2,0.4577281425818645
MX2,IER2,0.4629901907287052
STAT1,IER2,0.4632368220643212
PLSCR1,IER2,0.46651885734720927
IFI16,IER2,0.48139192339037035
IFIT1,IER2,0.4848337218910752
EPSTI1,IER2,0.487083378259879
MT-ND4L,IER2,0.5013622080610654
IFIT3,IER2,0.5082146624709256
ISG15,IER2,0.5165473073918778
MT-ATP8,IER2,0.5244900650695247
MX1,IER2,0.5299016266845397
IER2,IER2,1.0
IER3,IER3,0.9999999999999932
IER3-AS1,IER3-AS1,0.9999999999999959
IER5,IER5,1.0
IFFO1,IFFO1,1.0
CLU,IFI16,0.6468701116573436
XAF1,IFI16,0.6497466125258615
TPST2,IFI16,0.6606122178028401
FLNB,IFI16,0.6792794344210646
SLC12A8,IFI16,0.6819654297737777
MX2,IFI16,0.6873875527892442
KRT18,IFI16,0.6902840831510615
PLSCR1,IFI16,0.6956084717631189
LY6E,IFI16,0.7072843571183669
DCN,IFI16,0.711806445693229
MGP,IFI16,0.7335506489897624
IFITM3,IFI16,0.7463018547997129
STAT1,IFI16,0.750300988060277
IFIT1,IFI16,0.752936812583513
IFITM1,IFI16,0.7684919593662086
EPSTI1,IFI16,0.7717718609769081
MX1,IFI16,0.7732831178220803
IFIT3,IFI16,0.7767381310912624
IFI6,IFI16,0.8023609988969538
ISG15,IFI16,0.8223354516663605
IFI16,IFI16,0.9999999999999647
PLSCR1,IFI27,0.41580043495714464
MDK,IFI27,0.4165242635777498
MGP,IFI27,0.42044570404132786
MX2,IFI27,0.4251925946225238
DCN,IFI27,0.42772497449801833
IFITM2,IFI27,0.431180835962663
LAP3,IFI27,0.43508681685499523
PSMB9,IFI27,0.44246512565241525
BST2,IFI27,0.4473967023825318
IFIT1,IFI27,0.44766632518417826
STAT1,IFI27,0.4502577108031121
IFIT3,IFI27,0.45067623418999087
MX1,IFI27,0.46297360498560824
LY6E,IFI27,0.4686918932896622
IFI16,IFI27,0.48567608829881564
IFITM3,IFI27,0.4941744506665647
EPSTI1,IFI27,0.4999742440021378
IFITM1,IFI27,0.5126280939852317
IFI6,IFI27,0.5160446996314457
ISG15,IFI27,0.5386488120831248
IFI27,IFI27,1.0
IFI30,IFI30,1.0
RIGI,IFI35,0.44169960659141794
SP110,IFI35,0.4424860962498061
HERC5,IFI35,0.4480244763863438
GBP1,IFI35,0.44965692541745145
IFITM2,IFI35,0.4573681379938732
IFIT2,IFI35,0.4642091027216828
LAP3,IFI35,0.4644992985746627
PLSCR1,IFI35,0.47092069000770115
PSMB9,IFI35,0.4816424659027963
IFI6,IFI35,0.4827971847689131
STAT1,IFI35,0.48379486179680553
MX2,IFI35,0.48961464338566907
IFITM3,IFI35,0.4931175260227154
IFITM1,IFI35,0.507625243210602
IFIT1,IFI35,0.5135489704696645
IFI16,IFI35,0.5136339782820765
IFIT3,IFI35,0.5141477577177426
MX1,IFI35,0.5317559166185921
EPSTI1,IFI35,0.5433401782308597
ISG15,IFI35,0.5657674863341544
IFI35,IFI35,0.9999999999999586
IFI6,IFI44,0.40628186754699414
PLSCR1,IFI44,0.4100412909097758
XAF1,IFI44,0.41064349352445023
MX2,IFI44,0.4187006922263609
STAT1,IFI44,0.4234227986440347
MT-ATP8,IFI44,0.4285437906923532
EPSTI1,IFI44,0.4396796969405722
IFI16,IFI44,0.44661280603354164
IFIT1,IFI44,0.451320747088383
ISG15,IFI44,0.4651156899520957
IFIT3,IFI44,0.47006329180217427
MX1,IFI44,0.47302291282286785
IFI44,IFI44,1.0
SAMD9,IFI44L,0.49528288201579257
LAP3,IFI44L,0.4958538793578019
SP110,IFI44L,0.49829799959335236
IFI6,IFI44L,0.49968799240055667
EIF2AK2,IFI44L,0.5094125578373714
IFITM1,IFI44L,0.5111105178652968
PARP14,IFI44L,0.5249838315983703
RIGI,IFI44L,0.5262705279248602
XAF1,IFI44L,0.5371566923956622
PLSCR1,IFI44L,0.5474466984280846
MT-ND4L,IFI44L,0.5527533580207624
IFI16,IFI44L,0.5544039709646233
MX2,IFI44L,0.5557852378031458
STAT1,IFI44L,0.5609490168015502
EPSTI1,IFI44L,0.5765637018377863
IFIT3,IFI44L,0.576919565511403
IFIT1,IFI44L,0.5810925769937332
MT-ATP8,IFI44L,0.5852158089086434
ISG15,IFI44L,0.6105334826446674
MX1,IFI44L,0.6348894274067541
IFI44L,IFI44L,1.0
SLC44A1,IFI6,0.6988739092180614
MX1,IFI6,0.7006467921535526
CALD1,IFI6,0.7046433741169638
CLU,IFI6,0.708495457190822
EPSTI1,IFI6,0.7120011556672668
TPST2,IFI6,0.7158494193150926
IFIT3,IFI6,0.7309761293576335
THBS1,IFI6,0.7388841928800475
STAT1,IFI6,0.7399719072176112
FLNB,IFI6,0.7428747976109439
SLC12A8,IFI6,0.7457167370802477
LUM,IFI6,0.7481603169674236
KRT18,IFI6,0.7641919840691269
IFITM3,IFI6,0.79194672125544
ISG15,IFI6,0.7936709761130136
IFI16,IFI6,0.8023609988969538
MGP,IFI6,0.8087838404159288
IFITM1,IFI6,0.8196139514991491
LY6E,IFI6,0.8361362438465929
DCN,IFI6,0.8420848557812296
IFI6,IFI6,0.9999999999999903
IFITM3,IFIH1,0.5060972579612155
PSMB9,IFIH1,0.5074578949518458
SAMD9,IFIH1,0.5127212893744512
IFIT2,IFIH1,0.5225847341751412
HERC5,IFIH1,0.5315376221976742
IFI6,IFIH1,0.5341072019451029
LAP3,IFIH1,0.5351223056055645
SP110,IFIH1,0.5394648032013928
GBP1,IFIH1,0.540857168138489
RIGI,IFIH1,0.5429507618188254
IFITM1,IFIH1,0.5447752469528201
PLSCR1,IFIH1,0.545228597998683
MX2,IFIH1,0.5504272127047551
STAT1,IFIH1,0.5522419163234416
IFI16,IFIH1,0.5817957974750335
EPSTI1,IFIH1,0.5944678192850279
IFIT1,IFIH1,0.5986337625501502
IFIT3,IFIH1,0.6047611892438903
ISG15,IFIH1,0.6060988985599312
MX1,IFIH1,0.620040490075811
IFIH1,IFIH1,1.0
PSMB9,IFIT1,0.6340994372875539
SP110,IFIT1,0.6410431900421821
XAF1,IFIT1,0.6422238460136416
EIF2AK2,IFIT1,0.6452660788240325
SAMD9,IFIT1,0.6503308097781351
GBP1,IFIT1,0.6528340461165131
RIGI,IFIT1,0.6657533566268135
LAP3,IFIT1,0.6715270544719771
IFITM3,IFIT1,0.6722497703934899
IFI6,IFIT1,0.6754922425083295
IFITM1,IFIT1,0.6920516254905896
IFIT2,IFIT1,0.6934572045884092
MX2,IFIT1,0.6940503842090995
PLSCR1,IFIT1,0.6988140924789719
STAT1,IFIT1,0.7278657549887847
IFI16,IFIT1,0.752936812583513
EPSTI1,IFIT1,0.763645168715299
MX1,IFIT1,0.8068482280917586
ISG15,IFIT1,0.8089835884693438
IFIT3,IFIT1,0.8121550019096475
IFIT1,IFIT1,0.9999999999999868
IFI6,IFIT2,0.5248705681106243
SP110,IFIT2,0.5340278564307273
PSMB9,IFIT2,0.5392893078922963
IFITM3,IFIT2,0.5500101056047629
IFITM2,IFIT2,0.555696261336932
PLSCR1,IFIT2,0.563132384219325
IFITM1,IFIT2,0.5709137140480879
SAMD9,IFIT2,0.5724289038329062
LAP3,IFIT2,0.5792191868326634
STAT1,IFIT2,0.5851474037265267
GBP1,IFIT2,0.5854034694971261
MX2,IFIT2,0.5942393809776937
RIGI,IFIT2,0.597020941598377
HERC5,IFIT2,0.6130023908582228
IFI16,IFIT2,0.6255911038426057
ISG15,IFIT2,0.6403948934210599
MX1,IFIT2,0.646904480028096
EPSTI1,IFIT2,0.6533623779548067
IFIT3,IFIT2,0.6574352046499474
IFIT1,IFIT2,0.6934572045884092
IFIT2,IFIT2,1.0
XAF1,IFIT3,0.6548001630755295
LAP3,IFIT3,0.6571115099191883
IFIT2,IFIT3,0.6574352046499474
SP110,IFIT3,0.6575774297991634
SAMD9,IFIT3,0.6585879871054154
EIF2AK2,IFIT3,0.6606251370067296
RIGI,IFIT3,0.670024237497779
GBP1,IFIT3,0.6733946873150266
MGP,IFIT3,0.6738143934770375
MX2,IFIT3,0.6910504122275415
IFITM3,IFIT3,0.6958408054291573
PLSCR1,IFIT3,0.7086995530265462
IFITM1,IFIT3,0.7167833330585491
IFI6,IFIT3,0.7309761293576335
STAT1,IFIT3,0.7377063901858028
EPSTI1,IFIT3,0.761570122425595
IFI16,IFIT3,0.7767381310912624
MX1,IFIT3,0.8033991558322775
IFIT1,IFIT3,0.8121550019096475
ISG15,IFIT3,0.826848929023548
IFIT3,IFIT3,1.0
MX1,IFIT5,0.40643288669316247
IFIT3,IFIT5,0.41092327791851124
IFIT5,IFIT5,0.9999999999999488
FLNB,IFITM1,0.5916899837959166
MAGI1,IFITM1,0.5959779308744685
SLC12A8,IFITM1,0.599715195716868
LAP3,IFITM1,0.6131049384620127
PSMB9,IFITM1,0.6242509548617702
PLSCR1,IFITM1,0.6391545791651209
MGP,IFITM1,0.6416993768244837
MX2,IFITM1,0.6470790766532186
STAT1,IFITM1,0.6865826122665762
DCN,IFITM1,0.6873260372281592
IFIT1,IFITM1,0.6920516254905896
IFITM2,IFITM1,0.7089242493362569
MX1,IFITM1,0.7125241713344261
IFIT3,IFITM1,0.7167833330585491
EPSTI1,IFITM1,0.7268248448031289
LY6E,IFITM1,0.7494370749680511
IFI16,IFITM1,0.7684919593662086
ISG15,IFITM1,0.801614035789646
IFI6,IFITM1,0.8196139514991491
IFITM3,IFITM1,0.8523340381600473
IFITM1,IFITM1,0.9999999999999994
IFITM10,IFITM10,0.9999999999999089
GBP1,IFITM2,0.49839551115992586
RPL10,IFITM2,0.5086516413302105
STAT1,IFITM2,0.5129134583957813
HERC5,IFITM2,0.5214181842711176
PLSCR1,IFITM2,0.5244085661347611
MX2,IFITM2,0.5292095573767075
HSPB1,IFITM2,0.5311834515459479
LY6E,IFITM2,0.5465779960929571
LAP3,IFITM2,0.5551849629890729
IFIT2,IFITM2,0.555696261336932
IFI6,IFITM2,0.5601891040221779
MX1,IFITM2,0.567085019929313
PSMB9,IFITM2,0.572570645320201
IFIT3,IFITM2,0.5767012456345947
IFIT1,IFITM2,0.5870152375933005
IFI16,IFITM2,0.5970756331242515
EPSTI1,IFITM2,0.6186502835317289
ISG15,IFITM2,0.6515930241354757
IFITM1,IFITM2,0.7089242493362569
IFITM3,IFITM2,0.7522011288706634
IFITM2,IFITM2,1.0
MGP,IFITM3,0.5945582693393472
LAP3,IFITM3,0.5996066751333673
MX2,IFITM3,0.599743853201628
B2M,IFITM3,0.6058076611047561
PLSCR1,IFITM3,0.6089513245159408
PSMB9,IFITM3,0.6149021122069054
MAGI1,IFITM3,0.6180452864902718
RPL10,IFITM3,0.6203564564548134
STAT1,IFITM3,0.6550717790061182
MX1,IFITM3,0.6612690991367687
DCN,IFITM3,0.669063098670474
IFIT1,IFITM3,0.6722497703934899
IFIT3,IFITM3,0.6958408054291573
EPSTI1,IFITM3,0.7017914294332075
LY6E,IFITM3,0.7282437081664717
IFI16,IFITM3,0.7463018547997129
IFITM2,IFITM3,0.7522011288706634
ISG15,IFITM3,0.7856109815658704
IFI6,IFITM3,0.79194672125544
IFITM1,IFITM3,0.8523340381600473
IFITM3,IFITM3,1.0
IFNE,IFNE,0.999999999999967
IFRD1,IFRD1,0.9999999999998966
IFT122,IFT122,0.999999999999779
IFT140,IFT140,0.9999999999998466
IFT172,IFT172,1.0
IFT80,IFT80,0.9999999999998783
IFT81,IFT81,0.9999999999998
IFT88,IFT88,0.9999999999998379
IGDCC4,IGDCC4,1.0
IGF1,IGF1,0.999999999999887
PRKCA,IGF1R,0.4033406796250451
VPS13B,IGF1R,0.4057989898630572
HSPB1,IGF1R,0.41687313150371264
ATXN1,IGF1R,0.43705567101731774
FTX,IGF1R,0.43809078232192583
NEAT1,IGF1R,0.4417582660128147
IGF1R,IGF1R,0.9999999999999769
IGF2,IGF2,1.0
IGF2BP1,IGF2BP1,0.9999999999999453
IGF2BP2,IGF2BP2,0.9999999999999826
IGF2BP3,IGF2BP3,0.9999999999998251
IGF2R,IGF2R,0.9999999999998606
IGFBP2,IGFBP2,0.9999999999998161
KRT18,IGFBP3,0.401477426614073
FSTL1,IGFBP3,0.40276862282939885
CEMIP,IGFBP3,0.4157172877936472
SULF1,IGFBP3,0.41603879368248237
DKK1,IGFBP3,0.41768976508801636
GREM1,IGFBP3,0.4178649145638973
CALD1,IGFBP3,0.42299579107320107
IFI6,IGFBP3,0.42304094392540964
THBS1,IGFBP3,0.45618025294779047
ELN,IGFBP3,0.46514306990307597
DCN,IGFBP3,0.47869823145277085
LUM,IGFBP3,0.48423218842025284
IGFBP3,IGFBP3,1.0
IGFBP4,IGFBP4,0.9999999999999949
TAGLN,IGFBP5,0.4033604729899115
SULF1,IGFBP5,0.40677914489102324
MGP,IGFBP5,0.41318110970015376
IFI6,IGFBP5,0.46084189801377146
THBS1,IGFBP5,0.46726744378270574
DCN,IGFBP5,0.47485852162340797
LUM,IGFBP5,0.4813812153230705
CALD1,IGFBP5,0.4974594274159306
TNFRSF11B,IGFBP5,0.5036942993768696
IGFBP5,IGFBP5,0.9999999999999349
LINC00842,IGFBP6,0.40972707555663646
SLC12A8,IGFBP6,0.4114595714843656
GSN,IGFBP6,0.420347900128555
CFB,IGFBP6,0.4209576971636054
S100A13,IGFBP6,0.4242587561978225
ELOB,IGFBP6,0.42759831895719475
SPARC,IGFBP6,0.4327495254993065
CSTB,IGFBP6,0.43989828751426663
KRT19,IGFBP6,0.44378892529444125
RBP1,IGFBP6,0.45292873729799005
SH3BGRL3,IGFBP6,0.4602193143048188
PRDX5,IGFBP6,0.4758383799749417
TIMP1,IGFBP6,0.4812060437727698
MGP,IGFBP6,0.49562139073155276
KRT18,IGFBP6,0.49844730264944004
CLU,IGFBP6,0.5041093130837778
S100A10,IGFBP6,0.5070507397600529
CD59,IGFBP6,0.5293971289594678
S100A4,IGFBP6,0.5437110350592348
S100A6,IGFBP6,0.6130804364671447
IGFBP6,IGFBP6,0.9999999999999849
IGFBP7,IGFBP7,0.9999999999999575
IGFL2,IGFL2,0.9999999999995813
IGFL4,IGFL4,0.9999999999998027
IGIP,IGIP,0.9999999999998697
IGLON5,IGLON5,0.9999999999999502
IGSF11,IGSF11,1.0
IGSF23,IGSF23,1.0
IHO1,IHO1,0.9999999999999951
IKBKB,IKBKB,0.9999999999998483
IKBKE,IKBKE,0.9999999999998164
IKZF2,IKZF2,1.0
IL11,IL11,0.9999999999998741
IL11RA,IL11RA,1.0
IL12RB1,IL12RB1,0.9999999999997918
IL12RB2,IL12RB2,1.0
IL13RA1,IL13RA1,1.0
IL13RA2,IL13RA2,1.0
IL15,IL15,0.999999999999866
IL17B,IL17B,0.9999999999997617
IL17RB,IL17RB,0.9999999999999564
IL17RC,IL17RC,1.0
IL17RD,IL17RD,0.999999999999793
IL17RE,IL17RE,1.0
IL18,IL18,1.0
IL1A,IL1A,1.0
IL1B,IL1B,0.9999999999999919
IL1R1,IL1R1,1.0
IL1R2,IL1R2,0.9999999999997091
IL1RAPL1,IL1RAPL1,0.9999999999999757
IL20RB,IL20RB,0.9999999999999175
IL20RB-AS1,IL20RB-AS1,1.0
IL22RA1,IL22RA1,1.0
IL23A,IL23A,1.0
IL24,IL24,1.0
IL32,IL32,0.9999999999998493
IL33,IL33,1.0
IL34,IL34,0.999999999999792
IL3RA,IL3RA,0.9999999999999071
IL4I1,IL4I1,0.9999999999998974
IL4R,IL4R,0.9999999999998569
IL5,IL5,0.9999999999998784
CXCL3,IL6,0.4664083540293035
CXCL1,IL6,0.4827251091378044
CCL2,IL6,0.5117933046653618
CXCL8,IL6,0.5225334740952896
IL6,IL6,1.0
IL6R,IL6R,1.0
IL6ST,IL6ST,0.9999999999999925
IL7,IL7,0.9999999999998664
STMN1,IL7R,0.4044527293414631
IL7R,IL7R,0.9999999999999429
ILKAP,ILKAP,1.0
ILRUN-AS1,ILRUN-AS1,1.0
IMMP2L,IMMP2L,0.9999999999999163
IMPG1,IMPG1,0.9999999999997985
IMPG2,IMPG2,1.0
INAFM1,INAFM1,1.0
ING2-DT,ING2-DT,0.9999999999997818
ING4,ING4,0.9999999999999124
INHA,INHA,0.9999999999999444
INHBA,INHBA,0.9999999999999116
INKA2,INKA2,0.9999999999997224
INMT,INMT,1.0
INO80,INO80,1.0
INO80D,INO80D,1.0
INPP1,INPP1,1.0
INPP4A,INPP4A,1.0
PDZRN3,INPP4B,0.40387708936475036
SEMA5A,INPP4B,0.4047401050227126
GRIK2,INPP4B,0.4094323780569132
EXT1,INPP4B,0.43075138837110644
MAML2,INPP4B,0.4334816471016265
INPP4B,INPP4B,0.999999999999967
INPP5B,INPP5B,1.0
INPPL1,INPPL1,0.9999999999999094
INSIG1,INSIG1,1.0
INSIG1-DT,INSIG1-DT,0.999999999999797
INSL6,INSL6,1.0
INSR,INSR,1.0
INSYN2A,INSYN2A,0.9999999999997071
INSYN2B,INSYN2B,1.0
INTS1,INTS1,0.9999999999997583
INTS2,INTS2,1.0
INTS4,INTS4,0.9999999999997824
INTS6,INTS6,0.9999999999999084
INTS6-AS1,INTS6-AS1,1.0
INTS6L,INTS6L,1.0
INTS7,INTS7,0.9999999999996864
INTS9,INTS9,0.9999999999999193
INTU,INTU,0.9999999999998648
INVS,INVS,1.0
IP6K1,IP6K1,0.9999999999997418
IP6K3,IP6K3,0.9999999999994956
IPCEF1,IPCEF1,0.9999999999998707
IPO11,IPO11,0.999999999999921
IPO13,IPO13,1.0
IPO9,IPO9,0.9999999999998525
IPO9-AS1,IPO9-AS1,0.9999999999998471
IPPK,IPPK,0.9999999999998135
IQCB1,IQCB1,1.0
IQCD,IQCD,1.0
IQCG,IQCG,1.0
IQCH,IQCH,0.9999999999997538
IQCH-AS1,IQCH-AS1,0.999999999999918
IQCJ-SCHIP1-AS1,IQCJ-SCHIP1-AS1,0.9999999999998814
IQCK,IQCK,1.0
IQCM,IQCM,0.9999999999998261
IQCN,IQCN,0.9999999999997797
SMC4,IQGAP3,0.5725290691419928
PRR11,IQGAP3,0.5780606175489817
BIRC5,IQGAP3,0.5814689122178497
HMMR,IQGAP3,0.5831591962214343
KIF20B,IQGAP3,0.5831786576684175
CENPE,IQGAP3,0.5846066904664481
UBE2C,IQGAP3,0.5851738872696535
GTSE1,IQGAP3,0.5851930851472416
PTTG1,IQGAP3,0.5915280010163362
DLGAP5,IQGAP3,0.5948671916717384
CEP55,IQGAP3,0.5951303637026928
HMGB2,IQGAP3,0.5974848346819512
ANLN,IQGAP3,0.5980168807413592
TPX2,IQGAP3,0.6220699631802781
ASPM,IQGAP3,0.6225052938215523
MKI67,IQGAP3,0.6266076188928951
PRC1,IQGAP3,0.6287833741731435
NUSAP1,IQGAP3,0.6342364137632321
TOP2A,IQGAP3,0.6387044435462399
CENPF,IQGAP3,0.6545849649912465
IQGAP3,IQGAP3,0.9999999999999002
IQSEC2,IQSEC2,0.9999999999999105
IQUB,IQUB,0.9999999999998191
IRAG1,IRAG1,0.9999999999998694
IRAG1-AS1,IRAG1-AS1,0.999999999999983
IRAIN,IRAIN,0.999999999999839
IRAK1BP1,IRAK1BP1,1.0
IRAK2,IRAK2,1.0
GAS7,IRAK3,0.40065919716982673
RBP1,IRAK3,0.40252289338964736
SLC44A1,IRAK3,0.4139670318715365
ISG15,IRAK3,0.4149366914263345
FLNB,IRAK3,0.416190882246273
IFI6,IRAK3,0.4183334676015436
TPST2,IRAK3,0.4186096742449304
ABTB2,IRAK3,0.4193661365709244
CLU,IRAK3,0.42075340389308613
PRUNE2,IRAK3,0.43645509485921075
HIPK2,IRAK3,0.4372029411611368
MGP,IRAK3,0.44438903061033724
NEBL,IRAK3,0.4526176972196945
SLC12A8,IRAK3,0.47665875833088023
IRAK3,IRAK3,0.9999999999997955
IFIT3,IRF1,0.4022997465192502
IRF1,IRF1,1.0
IRF1-AS1,IRF1-AS1,1.0
IRF5,IRF5,1.0
IRF7,IRF7,1.0
IRF9,IRF9,1.0
IRGQ,IRGQ,1.0
IRS1,IRS1,0.9999999999999079
IRS2,IRS2,0.9999999999999293
IRX3,IRX3,1.0
IRX5,IRX5,1.0
SLC12A8,ISG15,0.6665200365631971
EIF2AK2,ISG15,0.6714941806396975
GBP1,ISG15,0.6725732280086167
SP110,ISG15,0.6770215493996856
XAF1,ISG15,0.6901879780101953
LAP3,ISG15,0.6953878143065265
PSMB9,ISG15,0.7002321268804023
LY6E,ISG15,0.717633250011996
MGP,ISG15,0.7182631117350206
MX2,ISG15,0.7267149847555148
PLSCR1,ISG15,0.7346129767388335
STAT1,ISG15,0.7678303135433833
IFITM3,ISG15,0.7856109815658704
IFI6,ISG15,0.7936709761130136
IFITM1,ISG15,0.801614035789646
IFIT1,ISG15,0.8089835884693438
EPSTI1,ISG15,0.8102414979590531
IFI16,ISG15,0.8223354516663605
IFIT3,ISG15,0.826848929023548
MX1,ISG15,0.8302238521793235
ISG15,ISG15,0.999999999999995
IFIT3,ISG20,0.4104290321707204
MX1,ISG20,0.41150084643072
RIGI,ISG20,0.42209511526728904
MX2,ISG20,0.42240395453474194
IFIH1,ISG20,0.4292918012211053
GBP4,ISG20,0.43278735036381616
IFIT1,ISG20,0.4330442551033376
ISG15,ISG20,0.43346759915708716
IFITM2,ISG20,0.4344875659680855
TNFSF13B,ISG20,0.4387766870448016
PSMB9,ISG20,0.4496823057592437
EPSTI1,ISG20,0.4538647459063059
LAP3,ISG20,0.46309530036965585
BST2,ISG20,0.466767057913146
RSAD2,ISG20,0.4781934264405572
IFIT2,ISG20,0.4854834529511416
TNFSF10,ISG20,0.48645166495841624
HERC5,ISG20,0.5533858301471002
ISG20,ISG20,1.0
ISL2,ISL2,1.0
ISLR,ISLR,1.0
ISM1,ISM1,1.0
ISOC1,ISOC1,0.9999999999999265
ISY1,ISY1,0.9999999999999355
ISYNA1,ISYNA1,0.9999999999998801
ISG15,ITCH,0.4158666244404041
ITCH,ITCH,1.0
ITFG1,ITFG1,0.9999999999998402
ITFG2-AS1,ITFG2-AS1,0.9999999999997242
ITGA1,ITGA1,1.0
ITGA11,ITGA11,1.0
ITGA2,ITGA2,1.0
ITGA2-AS1,ITGA2-AS1,0.9999999999999041
ITGA2B,ITGA2B,1.0
ITGA3,ITGA3,1.0
ITGA4,ITGA4,1.0
ITGA5,ITGA5,0.9999999999999077
FLNB,ITGA6,0.40489996329971645
ITGA6,ITGA6,0.9999999999999292
ITGA7,ITGA7,1.0
ITGA8,ITGA8,0.9999999999999732
ITGA9,ITGA9,1.0
ITGA9-AS1,ITGA9-AS1,1.0
SMC4,ITGB3BP,0.5452304150794295
MKI67,ITGB3BP,0.5461240275113848
CEP55,ITGB3BP,0.5485394521977325
SPC25,ITGB3BP,0.5505473070972092
CENPW,ITGB3BP,0.5550218157199793
BIRC5,ITGB3BP,0.5580459364710478
H2AZ1,ITGB3BP,0.5584187567247533
TMPO,ITGB3BP,0.5600070165384528
CKS1B,ITGB3BP,0.560582628867961
PBK,ITGB3BP,0.5645534137033421
TPX2,ITGB3BP,0.570938595382486
CENPF,ITGB3BP,0.5853376604133678
PTTG1,ITGB3BP,0.5867276186583555
PRC1,ITGB3BP,0.5878243060336454
UBE2C,ITGB3BP,0.5911764746999855
STMN1,ITGB3BP,0.5959448318308996
PCLAF,ITGB3BP,0.5982796455885696
HMGB2,ITGB3BP,0.6035457490512789
TOP2A,ITGB3BP,0.6174849629403075
NUSAP1,ITGB3BP,0.6176303826814006
ITGB3BP,ITGB3BP,0.9999999999999748
ITGB7,ITGB7,1.0
ITGB8,ITGB8,0.9999999999995911
ITGB8-AS1,ITGB8-AS1,0.9999999999996972
IFITM1,ITGBL1,0.4004149342983193
ITGBL1,ITGBL1,0.9999999999998263
ITIH2,ITIH2,1.0
ITIH4,ITIH4,0.9999999999999226
ITIH5,ITIH5,1.0
LAP3,ITM2B,0.4004895842990049
IFIT1,ITM2B,0.4076209290344985
IFIT2,ITM2B,0.40951682735909023
IFIT3,ITM2B,0.41181580188290634
LY6E,ITM2B,0.4124957281935509
IFI16,ITM2B,0.42465934905323377
HSP90B1,ITM2B,0.4256707569234121
MX1,ITM2B,0.42821320435223087
IFI6,ITM2B,0.4291703747484385
ISG15,ITM2B,0.43266345827944525
EPSTI1,ITM2B,0.43592017577140346
IFITM2,ITM2B,0.440846625147955
B2M,ITM2B,0.4508576640434267
IFITM3,ITM2B,0.47453299893504625
IFITM1,ITM2B,0.4783964135426658
ITM2B,ITM2B,1.0
ITM2C,ITM2C,1.0
ITPK1,ITPK1,1.0
ITPKA,ITPKA,1.0
ITPKB,ITPKB,0.9999999999999404
ITPKC,ITPKC,0.9999999999999367
ITPR1,ITPR1,0.9999999999997193
ITPR2,ITPR2,1.0
ITPR3,ITPR3,0.9999999999998307
ITPRID1,ITPRID1,0.9999999999998606
ITSN1,ITSN1,0.9999999999997906
IVNS1ABP,IVNS1ABP,1.0
JADE1,JADE1,0.9999999999998112
JADE3,JADE3,0.9999999999997434
JAG1,JAG1,0.9999999999996652
JAG2,JAG2,0.9999999999993985
JAK2,JAK2,0.9999999999999251
JAK3,JAK3,0.9999999999998057
JAM2,JAM2,1.0
JAM3,JAM3,0.9999999999999395
JARID2,JARID2,0.9999999999996871
JAZF1,JAZF1,0.9999999999997726
JAZF1-AS1,JAZF1-AS1,0.9999999999997495
NEAT1,JMJD1C,0.4093092425999909
JMJD1C,JMJD1C,0.9999999999999948
JMJD7,JMJD7,0.9999999999997469
JMY,JMY,0.9999999999996111
JOSD1,JOSD1,0.999999999999913
JPH2,JPH2,1.0
CENPF,JPT1,0.4309675461026263
TPX2,JPT1,0.43204596324998856
HMMR,JPT1,0.4351102087623118
TOP2A,JPT1,0.43612811747717717
MT2A,JPT1,0.4362347346631306
UBE2C,JPT1,0.43653348098642436
KPNA2,JPT1,0.4372112667814865
BIRC5,JPT1,0.43957644084207376
CDKN3,JPT1,0.4417575725625891
TUBA1B,JPT1,0.44188577875328316
ENSG00000291105,JPT1,0.4429531931556827
NUSAP1,JPT1,0.4445765370043729
DLGAP5,JPT1,0.4490058260284213
CKAP2,JPT1,0.45031422199389726
PRC1,JPT1,0.4517053588806588
CCNB1,JPT1,0.4521964141492214
ENO1,JPT1,0.4524139364701929
CKS2,JPT1,0.4537603586480206
PTTG1,JPT1,0.4758724306568924
S100A10,JPT1,0.5027173567599205
JPT1,JPT1,1.0
JPX,JPX,0.9999999999998972
JTB-DT,JTB-DT,0.9999999999999533
JUN,JUN,0.9999999999998896
JUNB,JUNB,0.9999999999999727
JUND,JUND,0.9999999999999575
LINC00842,JUP,0.48882423737173514
NEBL,JUP,0.4927114933220393
ABTB2,JUP,0.49482476114431484
IFI16,JUP,0.4976881476444777
CENPT,JUP,0.4992540028337355
CALD1,JUP,0.5064722030353958
KRT19,JUP,0.5090132786959737
SLC44A1,JUP,0.5122728010104523
DCN,JUP,0.5145729358550223
GSN,JUP,0.5166795892335293
IFI6,JUP,0.52411444211691
CFB,JUP,0.5367555502546054
TPST2,JUP,0.5492399882200377
AHNAK2,JUP,0.5494382909820986
MGP,JUP,0.5599373057253866
RBP1,JUP,0.5626388631303142
SLC12A8,JUP,0.5643268876673475
FLNB,JUP,0.5646158790434015
KRT18,JUP,0.5786693597482101
CLU,JUP,0.5802880609263513
JUP,JUP,0.9999999999999737
KALRN,KALRN,1.0
KANK1,KANK1,1.0
KANK3,KANK3,0.9999999999998215
KANK4,KANK4,0.9999999999997201
NFAT5,KANSL1,0.4514800358832133
TTC28,KANSL1,0.45169776885238094
AKAP13,KANSL1,0.45440809782033414
IFITM3,KANSL1,0.4549344188424416
IFI16,KANSL1,0.45811893488844896
IFIT1,KANSL1,0.46311704425111316
MX1,KANSL1,0.4690225265463919
EXOC6B,KANSL1,0.47034069127015954
DOCK5,KANSL1,0.47267613248781293
ATXN1,KANSL1,0.47630541371114327
IFIT3,KANSL1,0.47799585789641025
FTX,KANSL1,0.4794925997684363
HSPB1,KANSL1,0.4824153714450651
MRTFA,KANSL1,0.48660165394009475
NXN,KANSL1,0.4871806559046441
FNIP1,KANSL1,0.49133105161926005
MAGI1,KANSL1,0.495893147591869
PVT1,KANSL1,0.4965254597299714
ISG15,KANSL1,0.5357406772000448
NEAT1,KANSL1,0.5427914485371527
KANSL1,KANSL1,1.0
KANSL1L,KANSL1L,1.0
KANSL1L-AS1,KANSL1L-AS1,0.9999999999996303
KANSL2,KANSL2,1.0
KANSL3,KANSL3,1.0
KANTR,KANTR,0.999999999999953
KAT2A,KAT2A,1.0
KAT2B,KAT2B,0.99999999999978
KAT5,KAT5,0.9999999999998261
KAT6A,KAT6A,1.0
KAT6B,KAT6B,1.0
KATNAL1,KATNAL1,0.9999999999999672
KATNAL2,KATNAL2,1.0
KATNIP,KATNIP,1.0
KAZN,KAZN,1.0
KBTBD2,KBTBD2,0.9999999999999442
KBTBD3,KBTBD3,0.9999999999998155
KCNAB1,KCNAB1,0.9999999999994882
KCNAB2,KCNAB2,0.9999999999996035
KCNB2,KCNB2,1.0
KCNC1,KCNC1,0.999999999999494
KCNC4,KCNC4,1.0
KCND1,KCND1,0.999999999999648
KCNE4,KCNE4,1.0
KCNG2,KCNG2,0.9999999999999228
KCNH1,KCNH1,1.0
KCNIP2,KCNIP2,1.0
KCNIP2-AS1,KCNIP2-AS1,0.9999999999995842
KCNIP3,KCNIP3,0.9999999999997071
KCNIP4,KCNIP4,1.0
KCNJ12,KCNJ12,1.0
KCNJ15,KCNJ15,0.9999999999998245
KCNJ2,KCNJ2,1.0
KCNJ2-AS1,KCNJ2-AS1,1.0
KCNJ3,KCNJ3,1.0
KCNJ6,KCNJ6,1.0
KCNK1,KCNK1,1.0
KCNK15,KCNK15,1.0
KCNK15-AS1,KCNK15-AS1,1.0
KCNK2,KCNK2,1.0
KCNK4,KCNK4,1.0
KCNK6,KCNK6,1.0
KCNK7,KCNK7,0.9999999999999057
IFITM3,KCNMA1,0.554111335897987
CENPT,KCNMA1,0.556522045971855
LY6E,KCNMA1,0.5587386816594976
THBS1,KCNMA1,0.5594465312924101
LINC00842,KCNMA1,0.5672411400071576
ABTB2,KCNMA1,0.5713696993594554
HIPK2,KCNMA1,0.5719369759477521
ISG15,KCNMA1,0.5757580371637108
CLU,KCNMA1,0.576388459180317
IFI16,KCNMA1,0.5800732136002122
NEBL,KCNMA1,0.5810361016352553
SLC44A1,KCNMA1,0.581215483597832
KRT18,KCNMA1,0.5848103030866117
HIP1,KCNMA1,0.5904254845269248
TPST2,KCNMA1,0.5937303698425932
DCN,KCNMA1,0.6079001864465219
MGP,KCNMA1,0.6139010106377238
FLNB,KCNMA1,0.613928656576962
IFI6,KCNMA1,0.6281491627915923
SLC12A8,KCNMA1,0.6384622881388021
KCNMA1,KCNMA1,0.9999999999997401
KCNMA1-AS1,KCNMA1-AS1,1.0
KCNMA1-AS3,KCNMA1-AS3,0.9999999999999192
KCNMB2,KCNMB2,1.0
KCNMB2-AS1,KCNMB2-AS1,1.0
KCNMB3,KCNMB3,1.0
KCNMB4,KCNMB4,0.9999999999997375
KCNN2,KCNN2,1.0
KCNQ1OT1,KCNQ1OT1,0.9999999999999976
MT-ATP8,KCNQ5,0.4006715617677882
FTL,KCNQ5,0.4862042777511154
KCNQ5,KCNQ5,0.9999999999999712
KCNQ5-AS1,KCNQ5-AS1,1.0
KCNRG,KCNRG,0.9999999999997319
KCNS2,KCNS2,1.0
KCNT2,KCNT2,0.9999999999999023
KCNV2,KCNV2,1.0
KCP,KCP,1.0
SLC12A8,KCTD12,0.40597447176576595
MGP,KCTD12,0.41697377289067006
KCTD12,KCTD12,1.0
KCTD13,KCTD13,0.9999999999997947
KCTD13-DT,KCTD13-DT,1.0
KCTD15,KCTD15,0.9999999999998886
KCTD16,KCTD16,0.99999999999999
KCTD18,KCTD18,1.0
KCTD19,KCTD19,1.0
KCTD21-AS1,KCTD21-AS1,0.9999999999998804
KCTD6,KCTD6,0.9999999999998125
KCTD7,KCTD7,0.9999999999997663
KDF1,KDF1,0.9999999999999907
KDM1A,KDM1A,1.0
KDM1B,KDM1B,0.9999999999995477
KDM2A,KDM2A,0.9999999999998762
KDM2B,KDM2B,1.0
KDM2B-DT,KDM2B-DT,0.9999999999995954
KDM3A,KDM3A,1.0
KDM3B,KDM3B,1.0
KDM4A-AS1,KDM4A-AS1,0.999999999999806
KDM4B,KDM4B,0.9999999999996626
MAGI1,KDM4C,0.41645044314032204
SLC12A8,KDM4C,0.42607443530449923
ISG15,KDM4C,0.4320133823540159
NEAT1,KDM4C,0.4390423096581872
KDM4C,KDM4C,1.0
KDM5C,KDM5C,0.9999999999998366
KDM5D,KDM5D,1.0
KDM6A,KDM6A,0.9999999999995858
KDM6B,KDM6B,1.0
KDM7A,KDM7A,0.9999999999998102
KDSR-DT,KDSR-DT,0.9999999999998996
KHDC1,KHDC1,0.9999999999998382
KHDC1-AS1,KHDC1-AS1,1.0
KHDC4,KHDC4,0.9999999999998256
KHDRBS3,KHDRBS3,0.9999999999999332
KIAA0040,KIAA0040,0.9999999999996961
KIAA0232,KIAA0232,1.0
KIAA0319L,KIAA0319L,1.0
KIAA0408,KIAA0408,1.0
KIAA0753,KIAA0753,0.9999999999998145
KIAA0825,KIAA0825,0.9999999999999888
KIAA0930,KIAA0930,0.9999999999998944
KIAA1217,KIAA1217,0.999999999999863
KIAA1328,KIAA1328,1.0
KIAA1522,KIAA1522,1.0
KIAA1549,KIAA1549,1.0
KIAA1549L,KIAA1549L,1.0
KIAA1586,KIAA1586,1.0
KIAA1614,KIAA1614,1.0
KIAA1614-AS1,KIAA1614-AS1,1.0
IFI16,KIAA1671,0.4843395843919061
DCN,KIAA1671,0.48752455631010094
HIP1,KIAA1671,0.4879067496676488
LINC00842,KIAA1671,0.4956840666330198
RBP1,KIAA1671,0.49847209851721613
AHNAK2,KIAA1671,0.5075722723639725
CLU,KIAA1671,0.5149247928651729
GAS7,KIAA1671,0.5149538856434632
IFI6,KIAA1671,0.517299855892198
ABTB2,KIAA1671,0.5181193642907922
MIAT,KIAA1671,0.5205032250393309
MORC3,KIAA1671,0.5243090482476302
SLC44A1,KIAA1671,0.5258862823423253
MGP,KIAA1671,0.5261140626124309
KRT18,KIAA1671,0.530239724535225
NEBL,KIAA1671,0.5317869038859264
CENPT,KIAA1671,0.5381129271981003
TPST2,KIAA1671,0.5509585589827016
FLNB,KIAA1671,0.5575952853185573
SLC12A8,KIAA1671,0.5725870378523906
KIAA1671,KIAA1671,1.0
KIAA1755,KIAA1755,0.9999999999997984
KIAA1958,KIAA1958,1.0
KIAA2012-AS1,KIAA2012-AS1,1.0
KIAA2026,KIAA2026,1.0
KIDINS220,KIDINS220,0.9999999999999752
CDCA8,KIF11,0.604277307362783
BIRC5,KIF11,0.6068887266916487
PTTG1,KIF11,0.6074020755654697
CDK1,KIF11,0.6110091123990552
PBK,KIF11,0.6111310813557665
CENPE,KIF11,0.6154312159102265
HMMR,KIF11,0.619520510377308
CEP55,KIF11,0.6205410972857106
GTSE1,KIF11,0.6271787760485132
UBE2C,KIF11,0.6272248145701685
DLGAP5,KIF11,0.6291615622969005
HMGB2,KIF11,0.6354267143234259
ASPM,KIF11,0.6468552467956503
ANLN,KIF11,0.6491569844731547
NUSAP1,KIF11,0.666963047757521
TPX2,KIF11,0.6721124469306458
PRC1,KIF11,0.6725149399257077
TOP2A,KIF11,0.6780705951768469
CENPF,KIF11,0.6816478031022046
MKI67,KIF11,0.6825922187390947
KIF11,KIF11,1.0
NEAT1,KIF13A,0.4180344946416041
KIF13A,KIF13A,1.0
KIF13B,KIF13B,0.9999999999998413
PRR11,KIF14,0.6156443549870084
CDCA8,KIF14,0.6164522754774272
HMMR,KIF14,0.621467937761621
CEP55,KIF14,0.624850776669029
HMGB2,KIF14,0.6250826201780152
PTTG1,KIF14,0.6258226592858417
KIF20B,KIF14,0.6265580498764616
GTSE1,KIF14,0.6298766872539662
CCNB1,KIF14,0.6303390640059255
UBE2C,KIF14,0.6354276515048692
ANLN,KIF14,0.6368754434719325
CENPE,KIF14,0.6429670689629141
DLGAP5,KIF14,0.6581174922451701
NUSAP1,KIF14,0.6589322678677535
TPX2,KIF14,0.659696098498941
PRC1,KIF14,0.6632386927655872
MKI67,KIF14,0.6681705664084757
TOP2A,KIF14,0.6703278548141687
ASPM,KIF14,0.6842555906997786
CENPF,KIF14,0.6918930287950268
KIF14,KIF14,0.9999999999998649
PTTG1,KIF15,0.4845942578066212
BIRC5,KIF15,0.48558385555108463
CEP55,KIF15,0.4875507858745152
STMN1,KIF15,0.4889678713039131
CENPE,KIF15,0.49342241249994345
CDK1,KIF15,0.49484581754145085
DLGAP5,KIF15,0.4949363497399213
GTSE1,KIF15,0.4965878749678188
TMPO,KIF15,0.49848494582527586
PBK,KIF15,0.49922025007971416
UBE2C,KIF15,0.5071588211654361
ANLN,KIF15,0.5104673064465625
ASPM,KIF15,0.5117716154660277
HMGB2,KIF15,0.5260308892635606
TPX2,KIF15,0.5289582588870703
PRC1,KIF15,0.533416468085842
NUSAP1,KIF15,0.5417739589893682
CENPF,KIF15,0.5418613141843833
MKI67,KIF15,0.5453945608914753
TOP2A,KIF15,0.5585375269750764
KIF15,KIF15,0.9999999999999122
KIF16B,KIF16B,1.0
CCNA2,KIF18A,0.5311726202682899
CDCA8,KIF18A,0.5332085142030234
CEP55,KIF18A,0.5348168912711843
GTSE1,KIF18A,0.5350166410182514
ANLN,KIF18A,0.5366734130933973
HMMR,KIF18A,0.5368230695308045
CCNB1,KIF18A,0.5385422996729132
PTTG1,KIF18A,0.5415362847980824
KIF20B,KIF18A,0.5420326811440478
CENPE,KIF18A,0.5504638981287179
HMGB2,KIF18A,0.5526895684352633
MKI67,KIF18A,0.564412441369917
UBE2C,KIF18A,0.5651212764962946
PRC1,KIF18A,0.5661193690078952
NUSAP1,KIF18A,0.5665167289356737
DLGAP5,KIF18A,0.5724002755202771
TPX2,KIF18A,0.5740401542309846
ASPM,KIF18A,0.5775839226963978
TOP2A,KIF18A,0.5884068074601344
CENPF,KIF18A,0.5911843156761533
KIF18A,KIF18A,0.999999999999942
KIF20B,KIF18B,0.4110140453447984
BIRC5,KIF18B,0.4111533016832678
NCAPG,KIF18B,0.4116284113885693
CDK1,KIF18B,0.4146411382421735
CIT,KIF18B,0.41583493715625774
KIF23,KIF18B,0.41585250419333175
RRM2,KIF18B,0.4191174206817344
HMGB2,KIF18B,0.4224064621506213
GTSE1,KIF18B,0.4272210370232337
UBE2C,KIF18B,0.42786825224172287
CENPE,KIF18B,0.4335117889693863
TPX2,KIF18B,0.4397116374854798
KNL1,KIF18B,0.4439870033559348
ANLN,KIF18B,0.4500558697817196
NUSAP1,KIF18B,0.4535371626596238
PRC1,KIF18B,0.45620750789907577
CENPF,KIF18B,0.4584639448363048
ASPM,KIF18B,0.4612782565689788
MKI67,KIF18B,0.47237332258637627
TOP2A,KIF18B,0.47920748357991866
KIF18B,KIF18B,0.9999999999998653
KIF1B,KIF1B,0.9999999999998047
CKAP2,KIF20A,0.526751847386625
ANLN,KIF20A,0.5278273926344949
DEPDC1,KIF20A,0.5281234301617007
NUSAP1,KIF20A,0.528459002697636
BIRC5,KIF20A,0.5306891440124674
KIF20B,KIF20A,0.5315813428051347
CDCA8,KIF20A,0.531887212772104
ARL6IP1,KIF20A,0.5330544887670897
HMMR,KIF20A,0.5369839346994227
CDKN3,KIF20A,0.545503095868759
PTTG1,KIF20A,0.5457190124829101
AURKA,KIF20A,0.5471412097008261
TPX2,KIF20A,0.5498711665285572
MKI67,KIF20A,0.5518754371311341
PRC1,KIF20A,0.5568098947450485
CENPE,KIF20A,0.5597090714393328
CENPF,KIF20A,0.5732487931632532
DLGAP5,KIF20A,0.5845976198464441
ASPM,KIF20A,0.5904481129171694
CCNB1,KIF20A,0.5913565912267563
KIF20A,KIF20A,0.9999999999999453
STMN1,KIF20B,0.7142993644434502
SMC4,KIF20B,0.7157356086820664
PRR11,KIF20B,0.721054836270576
BIRC5,KIF20B,0.7274227165185346
ANLN,KIF20B,0.7357215668932137
HMMR,KIF20B,0.7380535796768171
CEP55,KIF20B,0.738502540166332
GTSE1,KIF20B,0.7397419857536857
CENPE,KIF20B,0.7400315859139456
UBE2C,KIF20B,0.7523305987541063
HMGB2,KIF20B,0.7577509310263313
DLGAP5,KIF20B,0.7585403866785032
PTTG1,KIF20B,0.7600966418001437
MKI67,KIF20B,0.7723765951591222
TPX2,KIF20B,0.7769441407671726
PRC1,KIF20B,0.7777135088166155
NUSAP1,KIF20B,0.7863304257193021
TOP2A,KIF20B,0.7914513805595569
ASPM,KIF20B,0.7929893911849496
CENPF,KIF20B,0.8120658085914944
KIF20B,KIF20B,1.0
KIF22,KIF22,0.9999999999999031
STMN1,KIF23,0.6767507850392923
KIF20B,KIF23,0.6788391717742245
PRR11,KIF23,0.6858373808703406
BIRC5,KIF23,0.6873695045486962
CENPE,KIF23,0.6895894261965609
HMMR,KIF23,0.6964140538006032
CEP55,KIF23,0.6970359394278076
GTSE1,KIF23,0.6996700207980336
PTTG1,KIF23,0.7035090343790372
ANLN,KIF23,0.7075724614563669
UBE2C,KIF23,0.7125918661019554
HMGB2,KIF23,0.7135154239851295
DLGAP5,KIF23,0.71701447866369
ASPM,KIF23,0.7294430941260768
TPX2,KIF23,0.7406354316865138
NUSAP1,KIF23,0.741030974134507
PRC1,KIF23,0.7411755662253386
MKI67,KIF23,0.7492633819653024
CENPF,KIF23,0.757336594462797
TOP2A,KIF23,0.7578011197843432
KIF23,KIF23,0.999999999999957
KIF23-AS1,KIF23-AS1,0.9999999999998919
KIF24,KIF24,0.9999999999997664
MYLK,KIF26B,0.40674361451007296
CEMIP,KIF26B,0.41970002148662205
PBX1,KIF26B,0.4226063334185304
AFF3,KIF26B,0.4306067337095928
S100A10,KIF26B,0.43954709298956474
PRKG1,KIF26B,0.4445948506629066
EXT1,KIF26B,0.4488429333479501
GRIK2,KIF26B,0.4634298467454575
MT2A,KIF26B,0.4658404552158111
MAML2,KIF26B,0.4678332952860078
KIF26B-AS1,KIF26B,0.5143660024721834
KIF26B,KIF26B,1.0
KIF26B,KIF26B-AS1,0.5143660024721834
KIF26B-AS1,KIF26B-AS1,0.999999999999938
CDCA8,KIF2C,0.668408217780753
CCNB1,KIF2C,0.6741038612702368
HMMR,KIF2C,0.6744084682065314
KIF20B,KIF2C,0.6762240275066893
CENPE,KIF2C,0.6772888486593261
ANLN,KIF2C,0.6791516313651785
BIRC5,KIF2C,0.6847592894898543
GTSE1,KIF2C,0.6857639581897578
CEP55,KIF2C,0.6940516071211354
UBE2C,KIF2C,0.7055081116865737
PTTG1,KIF2C,0.7077450290198828
HMGB2,KIF2C,0.7093862052782757
DLGAP5,KIF2C,0.712659784552349
MKI67,KIF2C,0.7144924197299087
ASPM,KIF2C,0.719054669965277
PRC1,KIF2C,0.7263026760708566
TPX2,KIF2C,0.7268994976991913
NUSAP1,KIF2C,0.7327706696537305
TOP2A,KIF2C,0.7376531821807388
CENPF,KIF2C,0.7468523675137071
KIF2C,KIF2C,1.0
KIF3C,KIF3C,1.0
CDCA8,KIF4A,0.5980311585339553
PRR11,KIF4A,0.6014660613958821
BIRC5,KIF4A,0.605564659332716
KIF20B,KIF4A,0.6064668783300247
CEP55,KIF4A,0.6084938210241709
UBE2C,KIF4A,0.6106692499013129
HMMR,KIF4A,0.611662486675379
GTSE1,KIF4A,0.6181025691248448
PTTG1,KIF4A,0.619109141814844
HMGB2,KIF4A,0.6211382175385357
CENPE,KIF4A,0.6223400680900054
ANLN,KIF4A,0.6347763292196309
DLGAP5,KIF4A,0.6391223617268826
NUSAP1,KIF4A,0.6513606282486403
ASPM,KIF4A,0.6575609658906175
TPX2,KIF4A,0.6591780082083464
PRC1,KIF4A,0.6633467444219234
TOP2A,KIF4A,0.6634712552716087
MKI67,KIF4A,0.666064137710078
CENPF,KIF4A,0.683210367292141
KIF4A,KIF4A,1.0
KIF5A,KIF5A,0.9999999999998419
KIF5C,KIF5C,1.0
KIF6,KIF6,0.9999999999999251
KIF7,KIF7,0.9999999999998485
KIF9-AS1,KIF9-AS1,0.9999999999997979
KIFBP,KIFBP,1.0
PRR11,KIFC1,0.5979352578296807
SMC4,KIFC1,0.5986948090429677
CDK1,KIFC1,0.6012087617789543
BIRC5,KIFC1,0.6014592045412366
TMPO,KIFC1,0.6018027283769205
STMN1,KIFC1,0.6019810433317
DLGAP5,KIFC1,0.6027224886273016
PTTG1,KIFC1,0.6077592852428055
GTSE1,KIFC1,0.6143601225085382
CEP55,KIFC1,0.6209521451112854
ANLN,KIFC1,0.6222296829427831
ASPM,KIFC1,0.6254478415092063
UBE2C,KIFC1,0.6367923220996852
TPX2,KIFC1,0.6391874770990826
HMGB2,KIFC1,0.6414987482709886
PRC1,KIFC1,0.6516391269316728
MKI67,KIFC1,0.6567943327481544
NUSAP1,KIFC1,0.6576592795418237
CENPF,KIFC1,0.6628244471842772
TOP2A,KIFC1,0.6781106955554603
KIFC1,KIFC1,0.9999999999999876
KIFC2,KIFC2,0.9999999999998146
KIFC3,KIFC3,1.0
KIRREL1,KIRREL1,1.0
ELOB,KIRREL3,0.4019133565180774
ADAMTS6,KIRREL3,0.40990800608064265
S100A11,KIRREL3,0.41783404791012113
EXT1,KIRREL3,0.4299535554026978
TXN,KIRREL3,0.4507914258239908
MAML2,KIRREL3,0.4556300835108259
S100A6,KIRREL3,0.5052094072951058
KIRREL3,KIRREL3,1.0
KIRREL3-AS1,KIRREL3-AS1,1.0
KISS1,KISS1,1.0
KIT,KIT,1.0
KITLG,KITLG,0.9999999999999226
KLC3,KLC3,1.0
KLF10,KLF10,1.0
KLF11,KLF11,0.9999999999998217
KLF12,KLF12,1.0
KLF15,KLF15,0.9999999999994763
KLF2,KLF2,0.9999999999999648
KLF3-AS1,KLF3-AS1,0.9999999999999668
KLF6,KLF6,0.9999999999999539
KLF7,KLF7,1.0
KLF7-IT1,KLF7-IT1,1.0
KLF9,KLF9,0.9999999999998506
KLHDC1,KLHDC1,0.9999999999998282
KLHDC10,KLHDC10,0.9999999999999397
KLHDC3,KLHDC3,1.0
KLHDC4,KLHDC4,0.9999999999997323
KLHDC7B,KLHDC7B,1.0
KLHL11,KLHL11,0.9999999999998436
KLHL12,KLHL12,0.9999999999997704
KLHL15,KLHL15,0.9999999999999426
KLHL17,KLHL17,0.9999999999998817
KLHL2,KLHL2,0.9999999999998727
KLHL21,KLHL21,0.9999999999996647
KLHL22,KLHL22,0.9999999999999201
KLHL24,KLHL24,1.0
KLHL25,KLHL25,1.0
KLHL26,KLHL26,0.9999999999998498
KLHL28,KLHL28,1.0
KLHL29,KLHL29,0.9999999999999961
KLHL5,KLHL5,1.0
KLHL8,KLHL8,0.9999999999999056
KLLN,KLLN,1.0
KLRD1,KLRD1,1.0
KLRK1-AS1,KLRK1-AS1,0.9999999999999064
KMT2A,KMT2A,0.9999999999998779
KMT2B,KMT2B,0.9999999999997087
KMT2C,KMT2C,0.9999999999998821
KMT2D,KMT2D,0.9999999999998788
KMT2E,KMT2E,1.0
KMT2E-AS1,KMT2E-AS1,0.99999999999969
CDCA8,KMT5A,0.42525000785634015
CKAP2,KMT5A,0.42757059043381795
HMMR,KMT5A,0.42759960868359526
BIRC5,KMT5A,0.4291143447866273
GTSE1,KMT5A,0.43017765842532746
CENPE,KMT5A,0.430248732877448
TMPO,KMT5A,0.43178683133285367
STMN1,KMT5A,0.4321706053006466
PTTG1,KMT5A,0.4430080286638714
MKI67,KMT5A,0.44477634869605875
DLGAP5,KMT5A,0.4454326324226548
CEP55,KMT5A,0.44793022484818096
UBE2C,KMT5A,0.4490265655112433
ASPM,KMT5A,0.45084646153856406
HMGB2,KMT5A,0.4568689176542213
TPX2,KMT5A,0.46193566690836785
PRC1,KMT5A,0.46222398620849625
NUSAP1,KMT5A,0.4667763478965986
CENPF,KMT5A,0.4721347145820936
TOP2A,KMT5A,0.47761502066845685
KMT5A,KMT5A,0.9999999999999654
KMT5C,KMT5C,1.0
KNDC1,KNDC1,1.0
SMC4,KNL1,0.6689867315111412
PRR11,KNL1,0.6790401176461487
BIRC5,KNL1,0.6791804392374003
HMMR,KNL1,0.6828378217123792
KIF20B,KNL1,0.6884222208937092
PTTG1,KNL1,0.6897916910100703
GTSE1,KNL1,0.6920102471099955
CEP55,KNL1,0.693822011192674
UBE2C,KNL1,0.6965894427968362
CENPE,KNL1,0.6988218634926849
HMGB2,KNL1,0.7018688906519417
DLGAP5,KNL1,0.7097275557952261
ANLN,KNL1,0.7105169713742607
TPX2,KNL1,0.7366340960895021
NUSAP1,KNL1,0.7390516428534699
PRC1,KNL1,0.744173629341464
ASPM,KNL1,0.7515917734064265
TOP2A,KNL1,0.7517035689815822
MKI67,KNL1,0.7528233103414639
CENPF,KNL1,0.7682870876463267
KNL1,KNL1,0.9999999999999089
KNOP1,KNOP1,0.9999999999999403
CKAP2,KNSTRN,0.4499872981621752
HMMR,KNSTRN,0.4532331166714154
CENPE,KNSTRN,0.45656734952125544
UBE2C,KNSTRN,0.45687560908274977
ANLN,KNSTRN,0.45717367440347967
CEP55,KNSTRN,0.45904517233801734
BIRC5,KNSTRN,0.46065897987701515
GTSE1,KNSTRN,0.4620138461046319
AURKA,KNSTRN,0.46428119119928546
MKI67,KNSTRN,0.465547051098533
CDCA8,KNSTRN,0.4685565065043786
PTTG1,KNSTRN,0.4700261314480016
NUSAP1,KNSTRN,0.47077653069491526
TOP2A,KNSTRN,0.4720555442293686
TPX2,KNSTRN,0.4774230380702851
PRC1,KNSTRN,0.480996392005546
CCNB1,KNSTRN,0.4826834621624617
ASPM,KNSTRN,0.4830793900078974
DLGAP5,KNSTRN,0.4837332995364683
CENPF,KNSTRN,0.4863379230338614
KNSTRN,KNSTRN,0.9999999999999227
KNTC1,KNTC1,0.9999999999998636
CDCA8,KPNA2,0.6496334033474311
ARL6IP1,KPNA2,0.651087243401324
PRR11,KPNA2,0.6523536251211017
HMMR,KPNA2,0.6610705339919238
BIRC5,KPNA2,0.6625200979197239
HMGB2,KPNA2,0.6626636228064187
CENPE,KPNA2,0.6677116375996426
ANLN,KPNA2,0.6699848707505103
GTSE1,KPNA2,0.671910574437181
CCNB1,KPNA2,0.6802208744353517
PTTG1,KPNA2,0.6823467090062176
MKI67,KPNA2,0.6856867227956491
TPX2,KPNA2,0.6895262613936382
DLGAP5,KPNA2,0.6985371543032636
PRC1,KPNA2,0.6994359541972255
NUSAP1,KPNA2,0.7042738177331179
ASPM,KPNA2,0.7081483495120223
CENPF,KPNA2,0.7133159909299092
UBE2C,KPNA2,0.7161057379272935
TOP2A,KPNA2,0.7179467082532258
KPNA2,KPNA2,0.9999999999999076
KPNA5,KPNA5,0.9999999999998439
KPNB1-DT,KPNB1-DT,1.0
KRBA1,KRBA1,1.0
KRBA2,KRBA2,0.9999999999998451
KRBOX1,KRBOX1,0.9999999999999354
SLC12A8,KREMEN1,0.406149495228408
KREMEN1,KREMEN1,1.0
KRIT1,KRIT1,1.0
KRT14,KRT14,0.999999999999606
KRT17,KRT17,1.0
ISG15,KRT18,0.6485146212488189
CALD1,KRT18,0.6498363845061076
CENPT,KRT18,0.6540386660017423
MORC3,KRT18,0.6580278947293475
STAT1,KRT18,0.659047795166446
PRSS3,KRT18,0.6628379071403155
AHNAK2,KRT18,0.68324582978523
IFI16,KRT18,0.6902840831510615
THBS1,KRT18,0.6947889248042544
KRT19,KRT18,0.7101157065915704
SLC44A1,KRT18,0.7246736504142723
LINC00842,KRT18,0.7398341015106094
DCN,KRT18,0.7405297700143028
RBP1,KRT18,0.7470635266797989
TPST2,KRT18,0.7471079252498458
IFI6,KRT18,0.7641919840691269
SLC12A8,KRT18,0.7706998591880309
FLNB,KRT18,0.7775708546919624
CLU,KRT18,0.7949562592008564
MGP,KRT18,0.8331902404494146
KRT18,KRT18,0.9999999999997434
ISG15,KRT19,0.542052010451162
S100A10,KRT19,0.5432712343714291
S100A6,KRT19,0.5461580643704785
STAT1,KRT19,0.5472581131312244
THBS1,KRT19,0.5508802240154596
GSN,KRT19,0.5515945222878016
CFB,KRT19,0.5618352067210531
IFI16,KRT19,0.5715382540987415
SLC44A1,KRT19,0.5785883576783435
TPST2,KRT19,0.5860967537340842
AHNAK2,KRT19,0.5903392670492374
DCN,KRT19,0.5903552281933608
LINC00842,KRT19,0.5949222704609233
IFI6,KRT19,0.6117635998471906
FLNB,KRT19,0.6152226611177465
RBP1,KRT19,0.6302316649645034
SLC12A8,KRT19,0.637741265901071
CLU,KRT19,0.6652965646966718
MGP,KRT19,0.6875768746196455
KRT18,KRT19,0.7101157065915704
KRT19,KRT19,0.9999999999997856
KRT34,KRT34,1.0
KRT7,KRT7,0.9999999999999913
KRT8,KRT8,0.999999999999751
KRT81,KRT81,0.999999999999939
KRT86,KRT86,0.9999999999997857
KRTAP1-5,KRTAP1-5,1.0
KRTAP2-3,KRTAP2-3,0.9999999999998507
KRTAP3-1,KRTAP3-1,0.999999999999818
KSR1,KSR1,1.0
KTN1-AS1,KTN1-AS1,1.0
KY,KY,0.9999999999998403
KYAT1,KYAT1,1.0
KYAT3,KYAT3,1.0
KYNU,KYNU,0.999999999999963
L1CAM,L1CAM,0.9999999999995643
L1TD1,L1TD1,0.9999999999998037
L2HGDH,L2HGDH,0.9999999999999126
L3HYPDH,L3HYPDH,0.9999999999998381
L3MBTL1,L3MBTL1,1.0
L3MBTL3,L3MBTL3,0.9999999999999538
LACC1,LACC1,0.9999999999998281
LACTB2-AS1,LACTB2-AS1,1.0
LAG3,LAG3,1.0
LAGE3,LAGE3,1.0
LAMA1,LAMA1,0.9999999999999393
LAMA2,LAMA2,0.9999999999999375
IFIT3,LAMA3,0.4004660430684117
ABTB2,LAMA3,0.4014313876780114
MX1,LAMA3,0.4024745496850518
MGP,LAMA3,0.40365031161920756
SLC12A8,LAMA3,0.405543827120852
NEBL,LAMA3,0.41355393496072884
NEAT1,LAMA3,0.4417474891551684
ISG15,LAMA3,0.458471980586229
LAMA3,LAMA3,0.9999999999997047
DCN,LAMA4,0.41128984800215135
TNC,LAMA4,0.411389577889227
THBS1,LAMA4,0.4143249259471154
LAMA4,LAMA4,0.9999999999999392
LAMA4-AS1,LAMA4-AS1,1.0
NEBL,LAMA5,0.40594395832880104
CENPT,LAMA5,0.4069296404385306
AHNAK2,LAMA5,0.4088257823219495
MORC3,LAMA5,0.409374850308336
ABTB2,LAMA5,0.4096754210934318
LINC00842,LAMA5,0.41566876747563386
IFI6,LAMA5,0.42476404505171206
CLU,LAMA5,0.43529054192666955
SLC44A1,LAMA5,0.43587546288536433
KRT18,LAMA5,0.4420725056165508
FLNB,LAMA5,0.44993631426406444
TPST2,LAMA5,0.4512209094179906
MGP,LAMA5,0.4527020145117317
SLC12A8,LAMA5,0.45938672837173744
LAMA5,LAMA5,1.0
LAMB1,LAMB1,1.0
LAMB2,LAMB2,1.0
LAMC1,LAMC1,1.0
LAMTOR5-AS1,LAMTOR5-AS1,0.9999999999994982
LANCL1-AS1,LANCL1-AS1,1.0
LANCL2,LANCL2,0.9999999999997559
SAMD9,LAP3,0.5521880762481823
EIF2AK2,LAP3,0.5524683106220104
IFITM2,LAP3,0.5551849629890729
GBP1,LAP3,0.5619345414956851
IFI6,LAP3,0.5694389025325967
PSMB9,LAP3,0.5749021002236884
IFIT2,LAP3,0.5792191868326634
RIGI,LAP3,0.5840124102259625
HERC5,LAP3,0.5947103465849417
IFITM3,LAP3,0.5996066751333673
IFITM1,LAP3,0.6131049384620127
PLSCR1,LAP3,0.616568403646124
STAT1,LAP3,0.621992049958368
MX2,LAP3,0.622558171926368
IFI16,LAP3,0.6425960299660661
IFIT3,LAP3,0.6571115099191883
IFIT1,LAP3,0.6715270544719771
EPSTI1,LAP3,0.6787101401991146
MX1,LAP3,0.6939144924741291
ISG15,LAP3,0.6953878143065265
LAP3,LAP3,1.0
LARGE-AS1,LARGE-AS1,0.9999999999998103
IFIT3,LARGE1,0.402778948888718
MRTFA,LARGE1,0.40434413699086363
DOCK5,LARGE1,0.4061164254557424
IFI6,LARGE1,0.41157944881265224
SLC12A8,LARGE1,0.412667773402446
ABTB2,LARGE1,0.4162074882213026
IFITM3,LARGE1,0.41765197776318214
IFI16,LARGE1,0.4202608433483851
PVT1,LARGE1,0.4393000758817606
MAGI1,LARGE1,0.45140924265118604
ISG15,LARGE1,0.45639456635112097
NEAT1,LARGE1,0.47156596955583635
LARGE1,LARGE1,1.0
LARP1B,LARP1B,0.9999999999999926
LARP4B,LARP4B,1.0
LARRPM,LARRPM,1.0
LARS2,LARS2,0.9999999999998657
LASP1NB,LASP1NB,1.0
LAT,LAT,1.0
LAT2,LAT2,0.9999999999995197
LATS1,LATS1,0.9999999999997989
LATS2,LATS2,0.999999999999917
LATS2-AS1,LATS2-AS1,1.0
GBP1,LAYN,0.4471114003667128
CLU,LAYN,0.4472470311433786
HSP90B1,LAYN,0.45067756462432573
TPM1,LAYN,0.4536032559539085
FLNB,LAYN,0.45578116495231263
LY6E,LAYN,0.4574691287861263
IFITM3,LAYN,0.4603396631417167
SLC12A8,LAYN,0.46673113659584387
DCN,LAYN,0.4746984202243338
IFITM1,LAYN,0.48296339337023175
STAT1,LAYN,0.4839709406216657
CALD1,LAYN,0.4894398676280854
IFIT1,LAYN,0.48998818679869366
EPSTI1,LAYN,0.49627043690320094
MX1,LAYN,0.5021642970507998
MGP,LAYN,0.5025777290967248
IFIT3,LAYN,0.5054657464672596
ISG15,LAYN,0.5211276619111835
IFI6,LAYN,0.5294682251970237
IFI16,LAYN,0.5367294727305357
LAYN,LAYN,0.9999999999999873
LBH,LBH,0.999999999999905
LBR,LBR,1.0
LBX2,LBX2,1.0
LBX2-AS1,LBX2-AS1,0.9999999999994817
LCA5,LCA5,0.9999999999997659
LCA5L,LCA5L,1.0
LCAT,LCAT,1.0
LCMT1-AS1,LCMT1-AS1,0.9999999999996928
LCOR,LCOR,1.0
LCORL,LCORL,0.9999999999998831
LCP1,LCP1,0.999999999999804
LCT,LCT,1.0
LDAH,LDAH,1.0
LDB1,LDB1,0.9999999999997258
LDB2,LDB2,0.9999999999998909
LDB3,LDB3,1.0
LDHAL6A,LDHAL6A,0.9999999999996735
LDLR,LDLR,1.0
LDLRAD2,LDLRAD2,1.0
LDLRAD3,LDLRAD3,0.9999999999999024
LEAP2,LEAP2,1.0
LEKR1,LEKR1,1.0
LENG8,LENG8,1.0
LENG8-AS1,LENG8-AS1,0.9999999999997734
LENG9,LENG9,1.0
LEPR,LEPR,1.0
LETM2,LETM2,1.0
LETMD1,LETMD1,0.9999999999997389
LGALS2,LGALS2,1.0
RPS27L,LGALS3,0.4062608337953069
TXN,LGALS3,0.4343041022805823
S100A6,LGALS3,0.44260011918760994
FTL,LGALS3,0.4740816493206914
LGALS3,LGALS3,0.9999999999999911
LGALS3BP,LGALS3BP,0.9999999999998755
LGALS7B,LGALS7B,0.9999999999996219
LGALS9,LGALS9,0.9999999999999148
LGALSL,LGALSL,1.0
LGMN,LGMN,0.9999999999999377
LGR4,LGR4,0.9999999999998013
LHFPL2,LHFPL2,0.9999999999999403
LHFPL4,LHFPL4,1.0
LHFPL5,LHFPL5,0.9999999999998409
LHFPL6,LHFPL6,0.999999999999994
LHX4,LHX4,0.9999999999999026
LHX9,LHX9,0.9999999999999579
LIF,LIF,1.0
LIFR,LIFR,0.9999999999999164
PCLAF,LIG1,0.4044692838342167
LIG1,LIG1,0.9999999999999585
LIG3,LIG3,1.0
LIMA1,LIMA1,0.9999999999999992
LIMCH1,LIMCH1,0.9999999999999629
LIMD1,LIMD1,1.0
LIMD1-AS1,LIMD1-AS1,0.999999999999986
LIME1,LIME1,1.0
LIMK2,LIMK2,1.0
LIMS2,LIMS2,0.9999999999999849
LIMS3,LIMS3,0.9999999999998824
LIN54,LIN54,0.9999999999998966
LIN7A,LIN7A,1.0
LIN7B,LIN7B,0.9999999999998125
LIN9,LIN9,1.0
MIF,LINC-PINT,0.40034343563185343
MBD5,LINC-PINT,0.41095660263413336
KANSL1,LINC-PINT,0.4145066484166655
PRKCA,LINC-PINT,0.41672946764508806
TTC28,LINC-PINT,0.42575314208075465
FNDC3B,LINC-PINT,0.4276943526950734
TRIO,LINC-PINT,0.4277456468239219
PRKG1,LINC-PINT,0.4283288202232796
CACNA1C,LINC-PINT,0.43278521781115586
ZBTB20,LINC-PINT,0.437650962781353
VPS13B,LINC-PINT,0.43856268147508
MAGI2,LINC-PINT,0.44201540766790076
NEAT1,LINC-PINT,0.4699346676788781
HSPB1,LINC-PINT,0.47030686339966676
ATXN1,LINC-PINT,0.47637494533137087
EXT1,LINC-PINT,0.482067390613226
FTX,LINC-PINT,0.4922344482821983
LINC-PINT,LINC-PINT,0.9999999999999435
LINC00106,LINC00106,0.9999999999995834
LINC00113,LINC00113,0.9999999999996388
LINC00115,LINC00115,0.9999999999998709
LINC00159,LINC00159,1.0
LINC00161,LINC00161,1.0
LINC00174,LINC00174,0.9999999999995512
LINC00222,LINC00222,1.0
LINC00265,LINC00265,0.9999999999997726
LINC00278,LINC00278,0.9999999999999194
LINC00299,LINC00299,0.9999999999998149
LINC00310,LINC00310,1.0
LINC00311,LINC00311,1.0
LINC00314,LINC00314,1.0
LINC00324,LINC00324,1.0
LINC00327,LINC00327,1.0
LINC00342,LINC00342,1.0
LINC00407,LINC00407,0.9999999999997808
LINC00427,LINC00427,0.99999999999985
LINC00467,LINC00467,0.9999999999999903
LINC00472,LINC00472,1.0
LINC00482,LINC00482,1.0
LINC00484,LINC00484,1.0
LINC00486,LINC00486,0.9999999999998205
LINC00506,LINC00506,0.9999999999998418
MIAT,LINC00511,0.45909821494414654
KRT18,LINC00511,0.46092674910365755
MAGI1,LINC00511,0.4632751982200869
SLC44A1,LINC00511,0.4666096851411041
CLU,LINC00511,0.46947370532204485
IFITM3,LINC00511,0.469585528449879
NEAT1,LINC00511,0.4719542955309091
PRUNE2,LINC00511,0.47237680528465875
IFI16,LINC00511,0.4744018129401041
KCNMA1,LINC00511,0.47995872769051
HIP1,LINC00511,0.4804359817682342
ABTB2,LINC00511,0.4886341313310722
FLNB,LINC00511,0.49216182442266837
ISG15,LINC00511,0.49486717551429166
MGP,LINC00511,0.4995907999110907
TPST2,LINC00511,0.5018926146701262
HIPK2,LINC00511,0.5028420566721945
IFI6,LINC00511,0.5035523821695642
NEBL,LINC00511,0.5112730749504624
SLC12A8,LINC00511,0.5294487052143332
LINC00511,LINC00511,1.0
LINC00513,LINC00513,0.9999999999996417
LINC00520,LINC00520,0.9999999999998365
LINC00534,LINC00534,1.0
LINC00536,LINC00536,1.0
LINC00545,LINC00545,1.0
LINC00551,LINC00551,1.0
LINC00562,LINC00562,1.0
LINC00571,LINC00571,1.0
LINC00578,LINC00578,0.9999999999998747
LINC00595,LINC00595,0.9999999999997863
LINC00601,LINC00601,0.9999999999997989
LINC00607,LINC00607,0.9999999999997563
LINC00622,LINC00622,0.9999999999998328
LINC00623,LINC00623,0.9999999999997471
LINC00624,LINC00624,1.0
LINC00629,LINC00629,0.999999999999978
LINC00630,LINC00630,0.9999999999997518
LINC00632,LINC00632,0.999999999999809
LINC00641,LINC00641,0.9999999999998427
LINC00649,LINC00649,1.0
LINC00662,LINC00662,0.9999999999998822
LINC00667,LINC00667,0.9999999999999173
LINC00670,LINC00670,1.0
LINC00678,LINC00678,1.0
LINC00680,LINC00680,1.0
LINC00683,LINC00683,1.0
LINC00685,LINC00685,1.0
LINC00824,LINC00824,1.0
MORC3,LINC00839,0.40423256830461174
PRUNE2,LINC00839,0.40444995783036486
ENSG00000276850,LINC00839,0.40617337836113304
CENPT,LINC00839,0.4091100539803161
KRT19,LINC00839,0.4094447505342712
THBS1,LINC00839,0.4158858501520185
ABTB2,LINC00839,0.4259086501356923
AHNAK2,LINC00839,0.42610883782408293
IFI16,LINC00839,0.42711533181522116
RBP1,LINC00839,0.4429388909948407
DCN,LINC00839,0.4457459045907899
CLU,LINC00839,0.45730886462464804
LINC00842,LINC00839,0.46343830034035494
TPST2,LINC00839,0.4646932708978416
IFI6,LINC00839,0.4667538921113397
SLC44A1,LINC00839,0.47670355374303763
FLNB,LINC00839,0.490609637792472
MGP,LINC00839,0.4942485073352328
KRT18,LINC00839,0.4968771346513778
SLC12A8,LINC00839,0.5064211828589277
LINC00839,LINC00839,1.0
LINC00840,LINC00840,1.0
CALD1,LINC00842,0.5903907110522291
ABTB2,LINC00842,0.5933797223198094
KRT19,LINC00842,0.5949222704609233
ENSG00000276850,LINC00842,0.5959224048036502
CENPT,LINC00842,0.6024624356372342
NEBL,LINC00842,0.603876274911519
MORC3,LINC00842,0.6093783148551113
AHNAK2,LINC00842,0.6150767213422523
IFI16,LINC00842,0.616586054473665
THBS1,LINC00842,0.6339803181054049
RBP1,LINC00842,0.6486144070942172
DCN,LINC00842,0.663711544024251
SLC44A1,LINC00842,0.6734668985474515
TPST2,LINC00842,0.6765489621852191
IFI6,LINC00842,0.6868229294232295
CLU,LINC00842,0.6917886976271245
FLNB,LINC00842,0.7052537657188519
SLC12A8,LINC00842,0.7197029051859087
MGP,LINC00842,0.7387343801736037
KRT18,LINC00842,0.7398341015106094
LINC00842,LINC00842,1.0
LINC00853,LINC00853,0.9999999999997583
LINC00862,LINC00862,1.0
LINC00865,LINC00865,1.0
LINC00877,LINC00877,0.9999999999996746
LINC00882,LINC00882,0.9999999999998237
LINC00886,LINC00886,0.9999999999997004
LINC00887,LINC00887,1.0
LINC00896,LINC00896,0.999999999999855
LINC00907,LINC00907,1.0
LINC00910,LINC00910,0.9999999999999222
LINC00921,LINC00921,0.9999999999998167
LINC00926,LINC00926,1.0
LINC00937,LINC00937,0.9999999999999064
LINC00938,LINC00938,1.0
LINC00954,LINC00954,0.9999999999999611
LINC00960,LINC00960,1.0
LINC00963,LINC00963,1.0
LINC00968,LINC00968,1.0
LINC00987,LINC00987,0.9999999999994802
LINC01004,LINC01004,0.9999999999998658
LINC01013,LINC01013,0.999999999999886
LINC01023,LINC01023,0.999999999999814
LINC01030,LINC01030,0.9999999999998622
LINC01031,LINC01031,1.0
LINC01036,LINC01036,0.9999999999999601
LINC01060,LINC01060,1.0
LINC01065,LINC01065,0.9999999999997339
LINC01068,LINC01068,1.0
LINC01081,LINC01081,1.0
LINC01088,LINC01088,0.999999999999933
LINC01089,LINC01089,1.0
LINC01094,LINC01094,0.9999999999998768
LINC01106,LINC01106,0.9999999999999147
LINC01118,LINC01118,1.0
LINC01119,LINC01119,1.0
LINC01128,LINC01128,0.9999999999999049
LINC01133,LINC01133,1.0
LINC01135,LINC01135,1.0
LINC01138,LINC01138,1.0
LINC01145,LINC01145,1.0
LINC01151,LINC01151,0.9999999999993749
LINC01170,LINC01170,1.0
LINC01176,LINC01176,1.0
LINC01182,LINC01182,1.0
LINC01191,LINC01191,0.9999999999999029
LINC01220,LINC01220,1.0
LINC01226,LINC01226,0.9999999999995828
LINC01238,LINC01238,1.0
LINC01239,LINC01239,1.0
LINC01250,LINC01250,1.0
LINC01252,LINC01252,1.0
LINC01271,LINC01271,1.0
LINC01273,LINC01273,0.999999999999593
LINC01277,LINC01277,1.0
LINC01278,LINC01278,0.9999999999998472
LINC01290,LINC01290,0.9999999999997645
LINC01291,LINC01291,0.9999999999997682
LINC01301,LINC01301,0.9999999999999121
LINC01315,LINC01315,0.9999999999997105
LINC01340,LINC01340,0.9999999999998826
LINC01341,LINC01341,0.9999999999998903
LINC01355,LINC01355,0.9999999999997216
LINC01356,LINC01356,1.0
LINC01359,LINC01359,0.9999999999996543
LINC01376,LINC01376,1.0
LINC01389,LINC01389,1.0
LINC01393,LINC01393,1.0
LINC01394,LINC01394,1.0
LINC01397,LINC01397,1.0
LINC01409,LINC01409,1.0
LINC01410,LINC01410,0.9999999999998725
LINC01411,LINC01411,1.0
LINC01422,LINC01422,1.0
LINC01426,LINC01426,1.0
LINC01444,LINC01444,0.9999999999999621
LINC01446,LINC01446,1.0
LINC01470,LINC01470,1.0
LINC01473,LINC01473,0.9999999999999107
LINC01474,LINC01474,1.0
LINC01482,LINC01482,1.0
LINC01483,LINC01483,0.9999999999999336
LINC01503,LINC01503,1.0
LINC01504,LINC01504,1.0
LINC01505,LINC01505,1.0
LINC01509,LINC01509,0.9999999999995118
LINC01515,LINC01515,1.0
LINC01521,LINC01521,0.99999999999992
LINC01524,LINC01524,0.9999999999998277
LINC01535,LINC01535,0.9999999999998913
LINC01554,LINC01554,1.0
LINC01563,LINC01563,0.9999999999997697
LINC01569,LINC01569,1.0
LINC01572,LINC01572,1.0
LINC01585,LINC01585,1.0
LINC01586,LINC01586,0.9999999999997607
LINC01587,LINC01587,0.9999999999997289
LINC01588,LINC01588,1.0
LINC01589,LINC01589,0.9999999999999166
LINC01592,LINC01592,1.0
LINC01605,LINC01605,1.0
LINC01607,LINC01607,1.0
LINC01615,LINC01615,0.9999999999999489
LINC01619,LINC01619,1.0
LINC01622,LINC01622,1.0
LINC01629,LINC01629,0.9999999999998656
LINC01635,LINC01635,1.0
LINC01638,LINC01638,0.9999999999995594
LINC01655,LINC01655,1.0
LINC01673,LINC01673,0.9999999999997725
LINC01695,LINC01695,1.0
LINC01697,LINC01697,1.0
LINC01705,LINC01705,1.0
LINC01730,LINC01730,0.9999999999998148
LINC01772,LINC01772,1.0
LINC01776,LINC01776,0.9999999999998901
LINC01798,LINC01798,1.0
LINC01807,LINC01807,1.0
LINC01808,LINC01808,0.9999999999997435
LINC01816,LINC01816,1.0
LINC01819,LINC01819,1.0
LINC01828,LINC01828,1.0
LINC01829,LINC01829,0.9999999999999436
LINC01842,LINC01842,1.0
LINC01909,LINC01909,0.9999999999999472
LINC01912,LINC01912,1.0
LINC01919,LINC01919,1.0
LINC01920,LINC01920,1.0
LINC01931,LINC01931,1.0
LINC01933,LINC01933,0.9999999999998134
LINC01937,LINC01937,0.9999999999999156
LINC01940,LINC01940,1.0
LINC01943,LINC01943,1.0
LINC01948,LINC01948,0.9999999999997925
LINC01963,LINC01963,0.9999999999998809
LINC01990,LINC01990,1.0
LINC02004,LINC02004,1.0
LINC02015,LINC02015,0.9999999999997478
LINC02018,LINC02018,0.999999999999956
LINC02021,LINC02021,1.0
LINC02030,LINC02030,1.0
LINC02055,LINC02055,0.9999999999997325
LINC02076,LINC02076,1.0
LINC02080,LINC02080,0.9999999999997761
LINC02102,LINC02102,0.9999999999999967
LINC02109,LINC02109,1.0
LINC02133,LINC02133,0.9999999999997764
LINC02175,LINC02175,1.0
LINC02185,LINC02185,1.0
LINC02202,LINC02202,1.0
LINC02204,LINC02204,1.0
LINC02206,LINC02206,1.0
LINC02211,LINC02211,0.9999999999998528
LINC02228,LINC02228,0.9999999999999959
LINC02234,LINC02234,1.0
LINC02235,LINC02235,1.0
LINC02243,LINC02243,1.0
LINC02246,LINC02246,1.0
LINC02250,LINC02250,0.9999999999999342
LINC02256,LINC02256,0.9999999999998441
LINC02257,LINC02257,1.0
LINC02288,LINC02288,0.9999999999999253
LINC02323,LINC02323,0.9999999999997705
LINC02334,LINC02334,0.9999999999999954
LINC02340,LINC02340,0.9999999999999639
LINC02362,LINC02362,1.0
LINC02371,LINC02371,1.0
LINC02381,LINC02381,1.0
LINC02391,LINC02391,1.0
LINC02422,LINC02422,0.99999999999988
LINC02427,LINC02427,1.0
LINC02432,LINC02432,1.0
LINC02446,LINC02446,0.9999999999998501
LINC02447,LINC02447,0.9999999999998079
LINC02449,LINC02449,1.0
LINC02456,LINC02456,0.999999999999866
LINC02464,LINC02464,1.0
LINC02478,LINC02478,0.9999999999997802
LINC02482,LINC02482,0.9999999999999747
LINC02511,LINC02511,0.9999999999999193
LINC02516,LINC02516,1.0
LINC02518,LINC02518,1.0
LINC02519,LINC02519,0.9999999999998592
LINC02521,LINC02521,0.9999999999998962
LINC02531,LINC02531,0.9999999999998793
LINC02544,LINC02544,1.0
LINC02550,LINC02550,0.9999999999999999
LINC02560,LINC02560,1.0
LINC02580,LINC02580,1.0
LINC02582,LINC02582,1.0
LINC02593,LINC02593,1.0
LINC02595,LINC02595,1.0
LINC02603,LINC02603,0.9999999999998521
LINC02604,LINC02604,1.0
LINC02605,LINC02605,0.9999999999999019
LINC02606,LINC02606,0.9999999999998654
LINC02612,LINC02612,1.0
LINC02614,LINC02614,1.0
LINC02615,LINC02615,0.9999999999999283
LINC02649,LINC02649,1.0
LINC02652,LINC02652,0.9999999999996126
LINC02653,LINC02653,1.0
LINC02664,LINC02664,1.0
LINC02666,LINC02666,1.0
LINC02669,LINC02669,1.0
LINC02680,LINC02680,0.9999999999999052
LINC02693,LINC02693,0.9999999999998102
LINC02694,LINC02694,1.0
LINC02697,LINC02697,0.9999999999997767
LINC02701,LINC02701,1.0
LINC02709,LINC02709,1.0
LINC02714,LINC02714,0.9999999999998829
LINC02716,LINC02716,1.0
LINC02728,LINC02728,1.0
LINC02731,LINC02731,0.999999999999963
LINC02732,LINC02732,0.999999999999933
LINC02742,LINC02742,1.0
LINC02749,LINC02749,1.0
LINC02768,LINC02768,0.9999999999999912
LINC02795,LINC02795,1.0
LINC02798,LINC02798,0.9999999999998571
LINC02818,LINC02818,0.9999999999999462
LINC02821,LINC02821,0.9999999999999744
LINC02832,LINC02832,1.0
LINC02843,LINC02843,1.0
LINC02847,LINC02847,0.9999999999999049
LINC02861,LINC02861,0.9999999999997903
LINC02875,LINC02875,1.0
LINC02880,LINC02880,1.0
LINC02896,LINC02896,1.0
LINC02899,LINC02899,1.0
LINC02904,LINC02904,1.0
LINC02908,LINC02908,0.9999999999999375
LINC02912,LINC02912,1.0
LINC02915,LINC02915,1.0
LINC02916,LINC02916,1.0
LINC02918,LINC02918,0.9999999999999629
LINC02925,LINC02925,0.9999999999998082
LINC02928,LINC02928,0.9999999999995316
LINC02929,LINC02929,1.0
LINC02930,LINC02930,1.0
LINC02934,LINC02934,0.9999999999999075
LINC02936,LINC02936,0.9999999999995065
LINC02937,LINC02937,0.999999999999655
LINC02939,LINC02939,1.0
LINC02947,LINC02947,0.9999999999999358
LINC02951,LINC02951,1.0
LINC02958,LINC02958,1.0
LINC02964,LINC02964,1.0
LINC02966,LINC02966,1.0
LINC02968,LINC02968,0.9999999999997663
LINC02976,LINC02976,1.0
LINC02977,LINC02977,0.9999999999999343
LINC02987,LINC02987,0.9999999999999939
LINC02989,LINC02989,1.0
LINC02993,LINC02993,0.9999999999998987
LINC03002,LINC03002,1.0
LINC03006,LINC03006,0.9999999999998904
NEAT1,LINC03009,0.4111373950336751
LINC03009,LINC03009,1.0
LINC03014,LINC03014,1.0
LINC03021,LINC03021,1.0
LINC03022,LINC03022,0.9999999999994983
LINC03033,LINC03033,1.0
LINC03036,LINC03036,1.0
LINC03041,LINC03041,1.0
LINC03046,LINC03046,1.0
LINC03048,LINC03048,1.0
LINC03051,LINC03051,1.0
LINC03061,LINC03061,0.9999999999999803
LINC03067,LINC03067,1.0
LINC03072,LINC03072,0.999999999999846
LINC03073,LINC03073,1.0
LINC03076,LINC03076,1.0
LINC03078,LINC03078,1.0
LINC03079,LINC03079,1.0
LINGO3,LINGO3,0.9999999999998759
LINS1,LINS1,1.0
LIPA,LIPA,0.9999999999999393
LIPC,LIPC,1.0
LIPE,LIPE,0.999999999999859
LIPI,LIPI,1.0
LIVAR,LIVAR,0.9999999999997995
LIX1-AS1,LIX1-AS1,1.0
LIX1L-AS1,LIX1L-AS1,0.9999999999998519
LLPH-DT,LLPH-DT,0.9999999999999776
LMBR1,LMBR1,0.9999999999999806
LMBR1L,LMBR1L,0.9999999999998177
LMBRD1,LMBRD1,0.9999999999999559
LMCD1,LMCD1,0.9999999999999902
LMCD1-AS1,LMCD1-AS1,0.9999999999998488
LMF1,LMF1,0.9999999999996808
LMLN,LMLN,1.0
KIF23,LMNB1,0.4016416188118013
ASPM,LMNB1,0.4192661939923539
TPX2,LMNB1,0.42029143623076043
NUSAP1,LMNB1,0.42102299042894803
CENPF,LMNB1,0.42347048425457723
TOP2A,LMNB1,0.4249969610216847
ANLN,LMNB1,0.4285160016645364
PRC1,LMNB1,0.4315850988864843
MKI67,LMNB1,0.4403893026698926
LMNB1,LMNB1,0.9999999999998697
LMNB1-DT,LMNB1-DT,1.0
KIF20B,LMNB2,0.5438465342609474
BIRC5,LMNB2,0.5439020561785103
DLGAP5,LMNB2,0.5450616931026473
HMMR,LMNB2,0.5474983738308435
ANLN,LMNB2,0.5500629059185386
SMC4,LMNB2,0.5504565684950994
GTSE1,LMNB2,0.5533937841905189
TMPO,LMNB2,0.5565151459379363
CEP55,LMNB2,0.5617185961808272
PTTG1,LMNB2,0.5714540290423281
ASPM,LMNB2,0.5724414123358998
MKI67,LMNB2,0.5787962787601192
STMN1,LMNB2,0.5791100013861703
UBE2C,LMNB2,0.5818859061196354
HMGB2,LMNB2,0.5852114094703869
PRC1,LMNB2,0.5853076223940211
TPX2,LMNB2,0.5855412681875797
NUSAP1,LMNB2,0.5962230725865594
CENPF,LMNB2,0.6069109131685674
TOP2A,LMNB2,0.6095469248227677
LMNB2,LMNB2,1.0
LMO3,LMO3,0.999999999999893
LMO4,LMO4,1.0
LMO7,LMO7,0.9999999999999937
LMO7-AS1,LMO7-AS1,0.9999999999999999
LMOD1,LMOD1,1.0
LNC-LBCS,LNC-LBCS,1.0
LNCAROD,LNCAROD,1.0
LNCRNA-IUR,LNCRNA-IUR,1.0
LNCTAM34A,LNCTAM34A,0.9999999999999006
CHAF1B,LNCTSI,0.43338687712194474
LNCTSI,LNCTSI,0.9999999999997242
LNP1,LNP1,0.9999999999999017
LNX2,LNX2,1.0
LONP2,LONP2,1.0
TPM1,LOX,0.40080230782679505
CKAP4,LOX,0.40421766447024116
FSTL1,LOX,0.4051467861207693
FN1,LOX,0.4062981882646844
HSP90B1,LOX,0.4190800626527865
TAGLN,LOX,0.42160085442070394
TPM2,LOX,0.42442358102244226
VIM,LOX,0.4586970233997044
LOX,LOX,0.9999999999999717
LOXL1,LOXL1,0.9999999999998674
LOXL2,LOXL2,0.9999999999999873
LOXL3,LOXL3,1.0
LPAL2,LPAL2,1.0
LUM,LPAR1,0.4109452306349797
LPAR1,LPAR1,1.0
LPAR4,LPAR4,0.9999999999999288
LPAR5,LPAR5,1.0
LPAR6,LPAR6,0.9999999999998825
LPCAT2,LPCAT2,0.9999999999999051
LPIN3,LPIN3,0.9999999999998296
EXOC6B,LPP,0.4030919876921494
VPS13B,LPP,0.40315864781321564
MAGI1,LPP,0.4084741178045396
NXN,LPP,0.414448842851267
FNIP1,LPP,0.4169643567291193
FTX,LPP,0.4270172165895834
KANSL1,LPP,0.430730837401243
ISG15,LPP,0.4386719429882804
NEAT1,LPP,0.44618698467046
ATXN1,LPP,0.4476708823493901
LPP,LPP,1.0
LPXN,LPXN,1.0
LRBA,LRBA,0.9999999999997724
LRCH1,LRCH1,1.0
LRCH2,LRCH2,1.0
LRCH3,LRCH3,0.9999999999999793
LRFN5,LRFN5,1.0
LRFN5-DT,LRFN5-DT,1.0
LRGUK,LRGUK,1.0
LRIG1,LRIG1,0.9999999999996987
LRIG2,LRIG2,0.9999999999996303
LRIG2-DT,LRIG2-DT,0.9999999999997935
LRIG3,LRIG3,1.0
LRIG3-DT,LRIG3-DT,1.0
LRMDA,LRMDA,1.0
LRP1,LRP1,1.0
LRP1B,LRP1B,0.9999999999998023
LRP2BP,LRP2BP,0.9999999999999069
LRP2BP-AS1,LRP2BP-AS1,1.0
LRP3,LRP3,1.0
LRP4,LRP4,1.0
LRP5,LRP5,1.0
LRP6,LRP6,1.0
LRP8,LRP8,1.0
LRRC1,LRRC1,1.0
LRRC15,LRRC15,0.9999999999998012
LRRC17,LRRC17,0.99999999999977
LRRC2,LRRC2,0.99999999999983
LRRC2-AS1,LRRC2-AS1,0.9999999999998304
LRRC24,LRRC24,0.9999999999999889
LRRC27,LRRC27,0.999999999999839
LRRC28,LRRC28,0.9999999999997118
LRRC3,LRRC3,0.9999999999998369
LRRC32,LRRC32,1.0
LRRC37A,LRRC37A,1.0
LRRC37A2,LRRC37A2,1.0
LRRC37A3,LRRC37A3,0.9999999999997783
LRRC37A5P,LRRC37A5P,0.999999999999735
LRRC37B,LRRC37B,1.0
LRRC39,LRRC39,0.9999999999999769
LRRC43,LRRC43,0.9999999999997518
LRRC49,LRRC49,0.9999999999997747
LRRC4B,LRRC4B,0.9999999999996394
LRRC51,LRRC51,0.9999999999996919
LRRC56,LRRC56,0.999999999999814
LRRC61,LRRC61,1.0
LRRC66,LRRC66,1.0
LRRC69,LRRC69,1.0
LRRC75A,LRRC75A,0.9999999999999254
LRRC75B,LRRC75B,0.9999999999997892
LRRC8A,LRRC8A,0.9999999999998715
LRRC8B,LRRC8B,0.9999999999997293
LRRC8C,LRRC8C,0.9999999999999998
LRRC8C-DT,LRRC8C-DT,1.0
LRRC8D,LRRC8D,1.0
LRRC9,LRRC9,1.0
LRRFIP2,LRRFIP2,1.0
LRRIQ3,LRRIQ3,1.0
LRRK1,LRRK1,0.999999999999745
LRRK2,LRRK2,0.9999999999999102
LRRN3,LRRN3,1.0
LRRN4CL,LRRN4CL,1.0
LRRTM2,LRRTM2,0.9999999999999085
LRSAM1,LRSAM1,0.9999999999996327
LSAMP,LSAMP,0.9999999999999881
LSAMP-AS1,LSAMP-AS1,1.0
PBK,LSM5,0.4487107253110357
DLGAP5,LSM5,0.45514326280492123
HMGB1,LSM5,0.4567869345311503
HMMR,LSM5,0.46075346983154414
TUBA1B,LSM5,0.4640756623617838
BIRC5,LSM5,0.46587944946280946
CKS1B,LSM5,0.4667559372310597
TPX2,LSM5,0.46712168884026406
CKS2,LSM5,0.47237943233237883
HMGB2,LSM5,0.4750152112334234
TOP2A,LSM5,0.47715495704676264
CENPF,LSM5,0.4775806879443373
PRC1,LSM5,0.4802892880347819
UBE2C,LSM5,0.48040091610516145
PCLAF,LSM5,0.48243124539031323
CENPW,LSM5,0.4859325011989051
STMN1,LSM5,0.4934394428647221
NUSAP1,LSM5,0.4945018870722564
PTTG1,LSM5,0.510033354303369
H2AZ1,LSM5,0.5158311578298289
LSM5,LSM5,1.0
LSMEM1,LSMEM1,1.0
LTB4R,LTB4R,1.0
LTB4R2,LTB4R2,0.99999999999987
LTBP1,LTBP1,0.999999999999974
CENPT,LTBP2,0.40755686145618164
IFI6,LTBP2,0.41031181974936964
RBP1,LTBP2,0.4155406018749125
CLU,LTBP2,0.4254495746753825
MORC3,LTBP2,0.43487177524816967
LINC00842,LTBP2,0.43936130742029106
KRT18,LTBP2,0.4446378949234728
SLC44A1,LTBP2,0.44645234839460396
SLC12A8,LTBP2,0.4468795305781623
TPST2,LTBP2,0.4486941249817336
MGP,LTBP2,0.45028162959451334
FLNB,LTBP2,0.46440665764443506
LTBP2,LTBP2,0.999999999999996
LTBP3,LTBP3,0.9999999999999428
LTBP4,LTBP4,0.9999999999998073
LUADT1,LUADT1,0.9999999999999811
LUARIS,LUARIS,0.999999999999922
LUCAT1,LUCAT1,0.9999999999998567
TPST2,LUM,0.579323409968501
S100A10,LUM,0.5804829938507337
MME,LUM,0.5818323538557758
C1R,LUM,0.5823857807164617
LINC00842,LUM,0.583507422500492
GREM1,LUM,0.5882214614912883
TNC,LUM,0.6009536638090555
B2M,LUM,0.6042407457061632
SLC12A8,LUM,0.6086862116997479
CALD1,LUM,0.6246628880622562
KRT18,LUM,0.6363079247096746
MGP,LUM,0.6396644246824468
HLA-B,LUM,0.640077455858839
FLNB,LUM,0.6439548547576802
LY6E,LUM,0.6495310159804966
CTSK,LUM,0.6527859539655686
TNFRSF11B,LUM,0.6608533496768216
THBS1,LUM,0.7389743839875389
IFI6,LUM,0.7481603169674236
DCN,LUM,0.8347714529607756
LUM,LUM,1.0
LURAP1L,LURAP1L,0.9999999999998005
LURAP1L-AS1,LURAP1L-AS1,1.0
LVRN,LVRN,0.9999999999997315
CENPT,LXN,0.46991987240884814
AHNAK2,LXN,0.4758449116111121
CFB,LXN,0.4761646877550864
S100A6,LXN,0.4762989967944736
DCN,LXN,0.47830057227068423
THBS1,LXN,0.4783210510749959
S100A10,LXN,0.4805820247760133
MORC3,LXN,0.48563593769493024
MIAT,LXN,0.48660323517758847
IFI6,LXN,0.4931325525426853
KRT19,LXN,0.4942443429951058
LINC00842,LXN,0.5137849430213787
SLC44A1,LXN,0.5146931920982425
FLNB,LXN,0.5406900174798256
TPST2,LXN,0.5416284056414419
SLC12A8,LXN,0.5644244289775562
CLU,LXN,0.5829918399408983
KRT18,LXN,0.5858968294867481
RBP1,LXN,0.5956513499523167
MGP,LXN,0.5980237756481015
LXN,LXN,1.0
IFIT1,LY6E,0.6020135387499367
CLU,LY6E,0.6025457089686413
CALD1,LY6E,0.6052668556851525
TPST2,LY6E,0.6067559216292934
MX1,LY6E,0.6166112566774731
THBS1,LY6E,0.6193141263127052
FLNB,LY6E,0.6298677432547443
EPSTI1,LY6E,0.6299650180474132
STAT1,LY6E,0.6348923837024368
KRT18,LY6E,0.6351216495286842
SLC12A8,LY6E,0.6426340165757088
IFIT3,LY6E,0.6483556927595906
LUM,LY6E,0.6495310159804966
MGP,LY6E,0.6846895938575865
IFI16,LY6E,0.7072843571183669
ISG15,LY6E,0.717633250011996
DCN,LY6E,0.723884394493104
IFITM3,LY6E,0.7282437081664717
IFITM1,LY6E,0.7494370749680511
IFI6,LY6E,0.8361362438465929
LY6E,LY6E,0.9999999999999951
LY6E-DT,LY6E-DT,0.9999999999998989
LY6G5B,LY6G5B,1.0
LY6K,LY6K,0.9999999999999342
LY75,LY75,0.9999999999999615
LY96,LY96,1.0
LYG1,LYG1,1.0
LYG2,LYG2,1.0
LYPD1,LYPD1,0.9999999999996823
LYPD3,LYPD3,1.0
LYPD6,LYPD6,1.0
LYPD6B,LYPD6B,0.9999999999996335
LYPLAL1-AS1,LYPLAL1-AS1,1.0
LYPLAL1-DT,LYPLAL1-DT,1.0
PRUNE2,LYST,0.4723182703109829
GAS7,LYST,0.47242573991219305
ABTB2,LYST,0.47353874347302666
IFIT3,LYST,0.476414983540635
KCNMA1,LYST,0.4782571537471982
AHNAK2,LYST,0.4790706069722435
HIP1,LYST,0.48521754564886477
NEBL,LYST,0.4872044440183793
HIPK2,LYST,0.48871032162122047
KRT18,LYST,0.49158296716584676
TPST2,LYST,0.49339671670253166
CLU,LYST,0.4969773974741638
NEAT1,LYST,0.49700678916738855
IFI16,LYST,0.5006494709632565
FLNB,LYST,0.5041580350383221
SLC44A1,LYST,0.5057357183520806
IFI6,LYST,0.5243681445358436
MGP,LYST,0.5265394452415794
ISG15,LYST,0.5269701476893618
SLC12A8,LYST,0.5498572077559599
LYST,LYST,0.9999999999999598
LZTR1,LZTR1,1.0
LZTS2,LZTS2,0.9999999999998346
LZTS3,LZTS3,0.9999999999995912
MAB21L1,MAB21L1,0.9999999999998752
MAB21L3,MAB21L3,1.0
MACF1,MACF1,0.9999999999999738
MACIR,MACIR,1.0
MACORIS,MACORIS,0.9999999999995746
MACROD1,MACROD1,1.0
MACROD2,MACROD2,0.9999999999998949
GTSE1,MAD2L1,0.5379868391982924
PCLAF,MAD2L1,0.5392542856247177
ANLN,MAD2L1,0.5414582220080898
HMMR,MAD2L1,0.5448496398189949
PBK,MAD2L1,0.5448626838726421
SMC4,MAD2L1,0.5453096103763921
DLGAP5,MAD2L1,0.5480516501041123
CEP55,MAD2L1,0.5521825422984864
STMN1,MAD2L1,0.5535732886563562
ASPM,MAD2L1,0.5576141615064789
MKI67,MAD2L1,0.5592018764513167
BIRC5,MAD2L1,0.5604519434151094
UBE2C,MAD2L1,0.5645298292984978
HMGB2,MAD2L1,0.5728135090543106
TPX2,MAD2L1,0.5738706550648969
PTTG1,MAD2L1,0.5748144566651968
CENPF,MAD2L1,0.5769452774317795
PRC1,MAD2L1,0.5835058707908488
TOP2A,MAD2L1,0.5846545222096126
NUSAP1,MAD2L1,0.5888384824547119
MAD2L1,MAD2L1,0.9999999999998885
MAD2L1-DT,MAD2L1-DT,1.0
MAD2L2,MAD2L2,1.0
MADCAM1,MADCAM1,1.0
MADD,MADD,0.9999999999997965
MAF,MAF,1.0
MAFA-AS1,MAFA-AS1,0.9999999999996598
MAFF,MAFF,1.0
MAFIP,MAFIP,0.9999999999999701
MAFK,MAFK,1.0
MAGED2,MAGED2,1.0
MAGEF1,MAGEF1,0.9999999999997345
MAGEH1,MAGEH1,1.0
HIPK2,MAGI1,0.5371562971353325
DOCK5,MAGI1,0.537640623905822
EPSTI1,MAGI1,0.5382930795388327
DCN,MAGI1,0.5409191314927786
MX1,MAGI1,0.5415151838115947
NEBL,MAGI1,0.544928501009281
KCNMA1,MAGI1,0.5476608978086179
MRTFA,MAGI1,0.5501059812870429
FLNB,MAGI1,0.5558646936257755
IFIT3,MAGI1,0.5568197013857294
ABTB2,MAGI1,0.5626922950523382
LY6E,MAGI1,0.5693287125605347
PVT1,MAGI1,0.5875520881127007
IFITM1,MAGI1,0.5959779308744685
SLC12A8,MAGI1,0.5963152781544621
IFI16,MAGI1,0.5970141802961998
IFI6,MAGI1,0.609113213126726
IFITM3,MAGI1,0.6180452864902718
NEAT1,MAGI1,0.6287929573142526
ISG15,MAGI1,0.6386434344426809
MAGI1,MAGI1,0.999999999999822
MAGI1-AS1,MAGI1-AS1,1.0
MAGI1-IT1,MAGI1-IT1,1.0
PARD3B,MAGI2,0.4025003113704705
DST,MAGI2,0.4036788776896477
PVT1,MAGI2,0.40619039897247866
SEC61G,MAGI2,0.41106904478726053
ZBTB20,MAGI2,0.41216676502373756
FBXL7,MAGI2,0.4159757135988548
TTC28,MAGI2,0.422691944028555
TRIO,MAGI2,0.42359211313003464
PRKCA,MAGI2,0.4240463126203151
MBD5,MAGI2,0.4267090479304581
PRKG1,MAGI2,0.43101279447103397
ATXN1,MAGI2,0.43125301253956994
MAGI1,MAGI2,0.43212076220903434
VPS13B,MAGI2,0.4333179748466654
MIF,MAGI2,0.43595422920806187
EXT1,MAGI2,0.4392703722268172
LINC-PINT,MAGI2,0.44201540766790076
CACNA1C,MAGI2,0.4600015362877089
FTX,MAGI2,0.4926892150953247
NEAT1,MAGI2,0.5026044131628022
MAGI2,MAGI2,1.0
MAGI2-AS1,MAGI2-AS1,1.0
MAGI2-AS2,MAGI2-AS2,1.0
MAGI2-AS3,MAGI2-AS3,0.999999999999963
MAGI3,MAGI3,0.99999999999995
MAILR,MAILR,1.0
MAK,MAK,0.9999999999998834
MT-ATP6,MALAT1,0.41473754471740776
MT-ND4L,MALAT1,0.4317115375926392
MT-ND4,MALAT1,0.4340651042679809
MT-CO2,MALAT1,0.43441223491257064
MT-ND3,MALAT1,0.4379679563373212
MT-CO3,MALAT1,0.4557138664024834
MT-ND5,MALAT1,0.46278640823783257
MT-ND2,MALAT1,0.4634782674037335
TALAM1,MALAT1,0.4746528844466042
MT-CO1,MALAT1,0.5209129336945711
MALAT1,MALAT1,0.9999999999999989
MALINC1,MALINC1,1.0
MALL,MALL,1.0
MALT1,MALT1,1.0
MAMDC2,MAMDC2,1.0
MAMDC2-AS1,MAMDC2-AS1,1.0
MAMDC4,MAMDC4,0.9999999999999287
TXN,MAML2,0.43019015632262114
INPP4B,MAML2,0.4334816471016265
PBX1,MAML2,0.43348750670899344
RORA,MAML2,0.43398101052941046
SH3BGRL3,MAML2,0.43466539732671405
SLIT2,MAML2,0.43491132379535963
SEMA5A,MAML2,0.4349408900052833
KRT18,MAML2,0.4423503244986885
ELOB,MAML2,0.4452076625520829
FMN2,MAML2,0.4543974948323835
KIRREL3,MAML2,0.4556300835108259
PDZRN3,MAML2,0.45731572299657425
PRKG1,MAML2,0.46759252886357794
KIF26B,MAML2,0.4678332952860078
MYLK,MAML2,0.471486906879332
THBS1,MAML2,0.4776902610837852
GRIK2,MAML2,0.5025232925185357
EXT1,MAML2,0.5144868133723166
S100A10,MAML2,0.5359213432819824
S100A6,MAML2,0.5382052770949525
MAML2,MAML2,0.9999999999999317
MAML3,MAML3,0.9999999999998119
MAMLD1,MAMLD1,1.0
MAN1A1,MAN1A1,1.0
MAN2A2,MAN2A2,0.9999999999998647
MAN2C1,MAN2C1,1.0
MANBA,MANBA,0.9999999999999777
MANCR,MANCR,0.9999999999998718
MANEA-DT,MANEA-DT,0.9999999999995888
MAP1A,MAP1A,0.9999999999999096
MAP1B,MAP1B,1.0
MAP2,MAP2,0.9999999999999863
MAP2K5,MAP2K5,1.0
MAP2K6,MAP2K6,1.0
MAP2K7,MAP2K7,1.0
MAP3K1,MAP3K1,0.9999999999995498
MAP3K10,MAP3K10,1.0
MAP3K12,MAP3K12,1.0
MAP3K14,MAP3K14,0.9999999999996798
MAP3K14-AS1,MAP3K14-AS1,0.9999999999999022
MAP3K15,MAP3K15,1.0
MAP3K20-AS1,MAP3K20-AS1,1.0
MAP3K3,MAP3K3,1.0
MAP3K4,MAP3K4,1.0
MAP3K4-AS1,MAP3K4-AS1,1.0
MAP3K5,MAP3K5,0.9999999999998628
MAP3K5-AS2,MAP3K5-AS2,1.0
MAP3K8,MAP3K8,0.9999999999999153
MAP3K9,MAP3K9,0.9999999999996521
MAP4K3,MAP4K3,1.0
MAP4K3-DT,MAP4K3-DT,0.999999999999871
MAP4K4,MAP4K4,1.0
MAP4K5,MAP4K5,0.9999999999999991
MAP6D1,MAP6D1,0.9999999999999377
MAP7,MAP7,0.9999999999999613
MAP7D3,MAP7D3,0.99999999999998
MAP9,MAP9,1.0
MAPK10,MAPK10,0.9999999999997092
MAPK11,MAPK11,0.9999999999998233
MAPK12,MAPK12,0.9999999999999399
MAPK14,MAPK14,1.0
MAPK8,MAPK8,1.0
MAPK8IP3,MAPK8IP3,0.9999999999996821
MAPKAPK5,MAPKAPK5,0.9999999999996926
MAPKBP1,MAPKBP1,1.0
MAPT,MAPT,1.0
MARCHF1,MARCHF1,0.9999999999999883
MARCHF10-DT,MARCHF10-DT,1.0
MARCHF3,MARCHF3,1.0
MARCHF4,MARCHF4,0.9999999999997127
MARCHF6-DT,MARCHF6-DT,0.9999999999997217
MARCHF8,MARCHF8,1.0
MARCKS,MARCKS,0.9999999999999889
MARCKSL1,MARCKSL1,1.0
MARK1,MARK1,1.0
NEAT1,MARK3,0.40507016159832904
ISG15,MARK3,0.42042224690445307
MARK3,MARK3,0.9999999999998012
MARK4,MARK4,0.9999999999999798
MARVELD3,MARVELD3,1.0
IFI6,MASP1,0.4052872902013292
THBS1,MASP1,0.45125307055175345
DCN,MASP1,0.4806552088188621
LUM,MASP1,0.48732098610768565
MASP1,MASP1,1.0
MASP2,MASP2,1.0
MAST2,MAST2,0.9999999999999694
MAST3,MAST3,1.0
MAST3-AS1,MAST3-AS1,1.0
MAST4,MAST4,1.0
MAST4-AS1,MAST4-AS1,1.0
ANLN,MASTL,0.4528156464346467
KIF20B,MASTL,0.45657483428729606
GMNN,MASTL,0.45718627798583644
CLSPN,MASTL,0.4606144357375194
ASPM,MASTL,0.46211620398823855
PTTG1,MASTL,0.4638443450613169
CEP55,MASTL,0.46560887078251173
DIAPH3,MASTL,0.47432861011064226
SMC4,MASTL,0.4749921839249491
PCLAF,MASTL,0.4761397507924047
MKI67,MASTL,0.47822747909503466
PRC1,MASTL,0.4795656315339807
UBE2C,MASTL,0.4796358031699518
TPX2,MASTL,0.48370886811115565
CENPF,MASTL,0.4921244036922812
NUSAP1,MASTL,0.497679301844406
TMPO,MASTL,0.5036089051106268
STMN1,MASTL,0.5042349806396266
HMGB2,MASTL,0.5153482484211562
TOP2A,MASTL,0.5182811366861697
MASTL,MASTL,1.0
MATCAP1,MATCAP1,1.0
MATCAP2,MATCAP2,1.0
MATN1-AS1,MATN1-AS1,0.9999999999996136
MATN2,MATN2,1.0
MAVS,MAVS,0.9999999999998603
FLNB,MB21D2,0.4000372208153903
MB21D2,MB21D2,0.9999999999998018
MBD3,MBD3,0.9999999999999786
CACNA1C,MBD5,0.40937585824467077
PVT1,MBD5,0.41003699565784263
LINC-PINT,MBD5,0.41095660263413336
KANSL1,MBD5,0.4124476758726209
HSPB1,MBD5,0.4128356092696598
PRKCA,MBD5,0.41400582929996316
EXOC6B,MBD5,0.41728191775354423
TTC28,MBD5,0.4212905083461876
VPS13B,MBD5,0.4219093793340819
ZBTB20,MBD5,0.42460363499635134
ATXN1,MBD5,0.42501591689710294
MAGI2,MBD5,0.4267090479304581
MAGI1,MBD5,0.42756934548381326
FTX,MBD5,0.4907061326697533
NEAT1,MBD5,0.5123860342821211
MBD5,MBD5,1.0
MBNL1,MBNL1,0.9999999999999949
MBNL2,MBNL2,1.0
MBOAT1,MBOAT1,0.9999999999999002
MBOAT2,MBOAT2,0.9999999999999403
MBP,MBP,0.9999999999997816
MBTD1,MBTD1,1.0
MBTPS1-DT,MBTPS1-DT,0.9999999999998834
MC1R,MC1R,1.0
MCAM,MCAM,1.0
AKAP13,MCC,0.4133517893811243
MRTFA,MCC,0.4168986258525998
MGP,MCC,0.4169254731397853
MIAT,MCC,0.4181004403481005
IFIT1,MCC,0.4214162851785128
SLC39A11,MCC,0.4222721649950703
IFI6,MCC,0.4224823799907379
GAS7,MCC,0.42296830346976283
HIPK2,MCC,0.42361153072796964
PVT1,MCC,0.4276446888168746
TPST2,MCC,0.4299503451320311
IFI16,MCC,0.4342173054463013
MX1,MCC,0.434548097994889
IFIT3,MCC,0.4346180173350104
ABTB2,MCC,0.43504254138437487
MAGI1,MCC,0.4439490181493815
NEBL,MCC,0.44882414963351214
NEAT1,MCC,0.46863535782262866
SLC12A8,MCC,0.48222369536055343
ISG15,MCC,0.4927744430532393
MCC,MCC,1.0
MCCC1,MCCC1,0.9999999999998146
MCCC2,MCCC2,0.9999999999996696
MCEE,MCEE,1.0
MCL1,MCL1,1.0
CLSPN,MCM10,0.4240386952900744
MCM10,MCM10,0.9999999999999072
MCM3,MCM3,1.0
MCM3AP,MCM3AP,1.0
MCM3AP-AS1,MCM3AP-AS1,0.9999999999996113
CLSPN,MCM4,0.4023811383959798
MCM4,MCM4,0.999999999999924
MCM5,MCM5,1.0
MCM6,MCM6,1.0
PCLAF,MCM7,0.41219245022403905
CLSPN,MCM7,0.427953126837889
MCM7,MCM7,0.9999999999999453
MCM8-AS1,MCM8-AS1,0.999999999999923
MCM9,MCM9,1.0
MCMBP,MCMBP,1.0
MCMDC2,MCMDC2,0.9999999999997949
MCOLN1,MCOLN1,1.0
MCOLN3,MCOLN3,1.0
MCPH1-AS1,MCPH1-AS1,0.9999999999998889
MCRIP1,MCRIP1,0.9999999999999509
MCTP1,MCTP1,0.9999999999998329
MCTP2,MCTP2,0.9999999999998113
MCTS2,MCTS2,0.9999999999998754
MDC1,MDC1,0.9999999999999674
MDFIC,MDFIC,0.999999999999944
MDGA1,MDGA1,0.9999999999999477
MDH1B,MDH1B,0.9999999999998024
IFITM2,MDK,0.4545859851972951
PLSCR1,MDK,0.45554985211639826
SLC12A8,MDK,0.4628795736945343
MX2,MDK,0.47002192168330204
KRT18,MDK,0.471308475981719
PSMB9,MDK,0.4761265731903485
IFIT1,MDK,0.4794586554864058
STAT1,MDK,0.4933881909031022
MGP,MDK,0.49479548341791807
PTN,MDK,0.49737207697553804
DCN,MDK,0.49992714283404527
MX1,MDK,0.5079556670165604
EPSTI1,MDK,0.520144394303648
IFIT3,MDK,0.5225693084458927
IFITM3,MDK,0.5382373383802223
LY6E,MDK,0.5483603481431587
IFI16,MDK,0.5486183274662148
ISG15,MDK,0.5561122462275299
IFITM1,MDK,0.5658992042120646
IFI6,MDK,0.6038699106692427
MDK,MDK,1.0
MDM2,MDM2,1.0
MDM4,MDM4,0.9999999999999867
MDN1,MDN1,0.9999999999997792
MDP1,MDP1,0.9999999999999777
MDS2,MDS2,0.9999999999999136
ME3,ME3,1.0
MEAK7,MEAK7,0.9999999999999066
MED12L,MED12L,0.9999999999997488
MED13,MED13,1.0
MED13L,MED13L,1.0
MED14,MED14,1.0
MED14OS,MED14OS,0.9999999999999952
MED15,MED15,1.0
MED17,MED17,1.0
MED26,MED26,0.9999999999997214
MEDAG,MEDAG,1.0
MEF2A,MEF2A,0.9999999999998186
MEF2B,MEF2B,0.999999999999876
MEF2C,MEF2C,0.9999999999999761
MEF2C-AS1,MEF2C-AS1,1.0
MEF2D,MEF2D,0.999999999999971
MEG3,MEG3,0.9999999999999698
MEG8,MEG8,0.9999999999999701
MEG9,MEG9,0.9999999999997475
MEGF6,MEGF6,0.9999999999998863
MEGF8,MEGF8,0.9999999999997236
MEGF9,MEGF9,0.9999999999999117
MEIOB,MEIOB,0.9999999999999094
MEIS1,MEIS1,1.0
MEIS1-AS2,MEIS1-AS2,1.0
MEIS2,MEIS2,0.9999999999999694
MEIS3,MEIS3,0.999999999999828
NCAPG,MELK,0.46041948634097324
RRM2,MELK,0.4612295434269782
SMC4,MELK,0.4615182132709535
BIRC5,MELK,0.46702979047420407
KIF23,MELK,0.4698819296477052
PBK,MELK,0.4730795579911007
ASPM,MELK,0.47359143485566024
DIAPH3,MELK,0.47380650035881267
GTSE1,MELK,0.48148530394793804
CDK1,MELK,0.4859810123046092
UBE2C,MELK,0.49483723387310585
HMGB2,MELK,0.4957510054289072
PCLAF,MELK,0.4965118189882439
TPX2,MELK,0.4993821316964048
ANLN,MELK,0.4995189469319763
CENPF,MELK,0.5080959542893752
PRC1,MELK,0.5138371421176717
MKI67,MELK,0.5170947160184388
NUSAP1,MELK,0.5196044304532319
TOP2A,MELK,0.5425345770779736
MELK,MELK,1.0
NEBL,MELTF,0.43193362799150137
LINC00842,MELTF,0.43845749717504334
PRUNE2,MELTF,0.4417233036157984
RBP1,MELTF,0.4471849048032863
IFITM1,MELTF,0.45126484677323425
THBS1,MELTF,0.45166175079110626
KRT19,MELTF,0.46134400705108564
IFI16,MELTF,0.4676978587129169
SLC44A1,MELTF,0.4678508563790147
TPST2,MELTF,0.47249193422670904
CALD1,MELTF,0.47801805988423024
AHNAK2,MELTF,0.4785009016306595
CFB,MELTF,0.4817322081575273
DCN,MELTF,0.49366574555437337
IFI6,MELTF,0.5029508382458089
MGP,MELTF,0.5126541206997167
FLNB,MELTF,0.5175321636163899
SLC12A8,MELTF,0.5233660265371395
CLU,MELTF,0.5307611480744086
KRT18,MELTF,0.536547512733704
MELTF,MELTF,0.9999999999997136
MEMO1,MEMO1,1.0
MERTK,MERTK,0.9999999999994732
MEST,MEST,1.0
MET,MET,1.0
METAP1D,METAP1D,1.0
METTL15,METTL15,1.0
METTL21EP,METTL21EP,1.0
METTL22,METTL22,0.9999999999997454
METTL24,METTL24,0.9999999999998832
METTL25,METTL25,0.999999999999862
METTL8,METTL8,0.9999999999997632
MFAP2,MFAP2,1.0
MFAP4,MFAP4,1.0
MFAP5,MFAP5,0.9999999999998878
MFF-DT,MFF-DT,0.9999999999996383
MFGE8,MFGE8,1.0
MFSD11,MFSD11,1.0
MFSD12,MFSD12,1.0
MFSD14CP,MFSD14CP,0.9999999999999359
MFSD2B,MFSD2B,0.9999999999997372
MFSD3,MFSD3,1.0
MFSD4B,MFSD4B,0.9999999999997732
MFSD6,MFSD6,1.0
MFSD8,MFSD8,0.9999999999997949
MGA,MGA,0.9999999999998671
MGAM,MGAM,0.9999999999998727
MGARP,MGARP,1.0
MGAT5,MGAT5,0.9999999999998109
MGC27382,MGC27382,1.0
MGLL,MGLL,0.999999999999896
AHNAK2,MGP,0.6712940150552259
MORC3,MGP,0.6726599769606831
IFIT3,MGP,0.6738143934770375
LY6E,MGP,0.6846895938575865
KRT19,MGP,0.6875768746196455
CALD1,MGP,0.6982161900041872
THBS1,MGP,0.7103777894862118
STAT1,MGP,0.7115783305271692
ISG15,MGP,0.7182631117350206
IFI16,MGP,0.7335506489897624
LINC00842,MGP,0.7387343801736037
DCN,MGP,0.7446323307232359
SLC44A1,MGP,0.746907953714872
TPST2,MGP,0.7633193542161256
FLNB,MGP,0.7718649414348999
RBP1,MGP,0.7814247313232081
SLC12A8,MGP,0.7830839330551237
IFI6,MGP,0.8087838404159288
CLU,MGP,0.8269119088098091
KRT18,MGP,0.8331902404494146
MGP,MGP,1.0
MGST1,MGST1,0.9999999999999974
S100A10,MGST3,0.403215204180215
PRDX5,MGST3,0.40357761316519364
CSTB,MGST3,0.4348014646173838
CD59,MGST3,0.4360717629798317
S100A13,MGST3,0.43935341612023643
S100A4,MGST3,0.4433018452983718
SH3BGRL3,MGST3,0.462407419742937
ELOB,MGST3,0.465048589428871
S100A11,MGST3,0.4930431801211146
TXN,MGST3,0.5134960394705285
S100A6,MGST3,0.535267941449755
MGST3,MGST3,1.0
MIA2,MIA2,1.0
MIA2-AS1,MIA2-AS1,0.9999999999998451
IFI16,MIAT,0.5559950305544685
CALD1,MIAT,0.560469427997602
HIPK2,MIAT,0.5647650873275538
GAS7,MIAT,0.5702235201474513
DCN,MIAT,0.5787702576764546
AHNAK2,MIAT,0.5868564475379815
LINC00842,MIAT,0.5875786897382866
IFI6,MIAT,0.6025222282336515
SLC44A1,MIAT,0.6072303052496677
ABTB2,MIAT,0.6100744887469052
MORC3,MIAT,0.6160742290747813
CENPT,MIAT,0.6218088718776607
NEBL,MIAT,0.6274493243016429
CLU,MIAT,0.6334118780020074
KRT18,MIAT,0.636468787063332
RBP1,MIAT,0.641236858825548
MGP,MIAT,0.6448321572094109
FLNB,MIAT,0.6476445649222405
SLC12A8,MIAT,0.6825922396806403
TPST2,MIAT,0.6949936292366893
MIAT,MIAT,0.9999999999996539
MIATNB,MIATNB,1.0
MIB2,MIB2,0.9999999999999003
MICAL1,MICAL1,0.9999999999998597
MICAL2,MICAL2,1.0
MICAL3,MICAL3,0.9999999999998506
MICALL2,MICALL2,1.0
MICB,MICB,0.999999999999795
MICU3,MICU3,0.9999999999997616
MID1,MID1,0.9999999999999536
MID2,MID2,0.9999999999999454
MIDEAS,MIDEAS,1.0
MIDEAS-AS1,MIDEAS-AS1,1.0
MAGI2,MIF,0.43595422920806187
CACNA1C,MIF,0.43881589985621383
NEAT1,MIF,0.4420949177288096
ACTB,MIF,0.4421804168842154
EXT1,MIF,0.443262158792711
MT2A,MIF,0.4544978747363231
HSPB1,MIF,0.4554737630320366
PRKG1,MIF,0.46215325968983784
TMSB4X,MIF,0.4734977531690797
VIM,MIF,0.4770564968792475
SH3BGRL3,MIF,0.47853466687129387
RPL22L1,MIF,0.4807712246815425
HINT1,MIF,0.4838359207798328
FTX,MIF,0.4867451933048776
TXN,MIF,0.49204700875960455
PTMA,MIF,0.49217877774231367
CALM2,MIF,0.4967636577566038
RPL10,MIF,0.5102834670141466
SEC61G,MIF,0.5807889487901431
S100A11,MIF,0.5982435435642084
MIF,MIF,0.9999999999999977
MIGA2,MIGA2,0.999999999999666
MILR1,MILR1,1.0
MINDY1,MINDY1,1.0
MINDY2-DT,MINDY2-DT,0.9999999999997581
MINDY4,MINDY4,0.9999999999999699
MIOS,MIOS,1.0
MIPOL1,MIPOL1,0.9999999999998994
S100A10,MIR100HG,0.4018932867364674
SULF1,MIR100HG,0.41074678791495434
GREM1,MIR100HG,0.4117062537915748
DCN,MIR100HG,0.4129886914868401
CEMIP,MIR100HG,0.4148296229424029
THBS1,MIR100HG,0.4249989341426975
CALD1,MIR100HG,0.4351588953626513
MIR100HG,MIR100HG,1.0
MIR1302-9HG,MIR1302-9HG,0.9999999999999626
MIR130AHG,MIR130AHG,0.9999999999998521
MIR133A1HG,MIR133A1HG,1.0
MIR137HG,MIR137HG,1.0
MIR17HG,MIR17HG,0.999999999999862
MIR181A1HG,MIR181A1HG,1.0
MIR181A2HG,MIR181A2HG,0.9999999999998294
MORC3,MIR193BHG,0.465426418195969
MAGI1,MIR193BHG,0.4659122913440284
CENPT,MIR193BHG,0.46761625539845847
KCNMA1,MIR193BHG,0.46831047760168887
HIPK2,MIR193BHG,0.47979031553286744
MIAT,MIR193BHG,0.4806797939482005
LINC00842,MIR193BHG,0.48426554917178494
RBP1,MIR193BHG,0.4844157249392451
SLC44A1,MIR193BHG,0.4875997627022993
IFI16,MIR193BHG,0.4882778370301129
CLU,MIR193BHG,0.4940801387482595
NEBL,MIR193BHG,0.4969651554293751
ABTB2,MIR193BHG,0.4982820009404595
KRT18,MIR193BHG,0.5014510358907229
ISG15,MIR193BHG,0.509146307709282
TPST2,MIR193BHG,0.5103776744779643
FLNB,MIR193BHG,0.5125366912989314
IFI6,MIR193BHG,0.5147475843603986
MGP,MIR193BHG,0.5288327684648199
SLC12A8,MIR193BHG,0.5567516541612981
MIR193BHG,MIR193BHG,0.9999999999997488
MIR222HG,MIR222HG,0.9999999999997569
MIR22HG,MIR22HG,0.9999999999999063
MIR23AHG,MIR23AHG,0.9999999999999306
MIR29B2CHG,MIR29B2CHG,1.0
MIR31HG,MIR31HG,0.9999999999997745
MIR34AHG,MIR34AHG,0.9999999999999812
MIR365BHG,MIR365BHG,0.9999999999998763
MIR3681HG,MIR3681HG,1.0
MIR3936HG,MIR3936HG,0.999999999999453
SLC44A1,MIR4435-2HG,0.4199351497377943
PLSCR1,MIR4435-2HG,0.4207837252288019
MX2,MIR4435-2HG,0.4213916936611687
MAGI1,MIR4435-2HG,0.4413268038188489
LY6E,MIR4435-2HG,0.4421329307952325
SLC12A8,MIR4435-2HG,0.4437534835986232
STAT1,MIR4435-2HG,0.44692000517507546
DCN,MIR4435-2HG,0.44749987977309796
KRT18,MIR4435-2HG,0.4506565200248238
EPSTI1,MIR4435-2HG,0.4540987616707673
MGP,MIR4435-2HG,0.45538731848508857
FLNB,MIR4435-2HG,0.4558838212534904
IFIT3,MIR4435-2HG,0.4607575295485964
IFIT1,MIR4435-2HG,0.46209421860750644
MX1,MIR4435-2HG,0.47821136996416796
IFITM3,MIR4435-2HG,0.4987105404562773
IFI16,MIR4435-2HG,0.5034875887788234
IFI6,MIR4435-2HG,0.50701028616982
IFITM1,MIR4435-2HG,0.510842592162896
ISG15,MIR4435-2HG,0.5120496952065748
MIR4435-2HG,MIR4435-2HG,1.0
MIR4453HG,MIR4453HG,1.0
MIR4527HG,MIR4527HG,0.9999999999999053
MIR493HG,MIR493HG,1.0
MIR503HG,MIR503HG,1.0
MIR583HG,MIR583HG,1.0
TOP2A,MIR924HG,0.4039690346142537
ESCO2,MIR924HG,0.40877737517439094
RRM2,MIR924HG,0.41181330646842373
DIAPH3,MIR924HG,0.41670591438588067
PCLAF,MIR924HG,0.42174049458951834
ATAD2,MIR924HG,0.43242512441717307
CLSPN,MIR924HG,0.45416143398983283
HELLS,MIR924HG,0.4546590209613724
MIR924HG,MIR924HG,0.9999999999999096
MIR99AHG,MIR99AHG,0.9999999999999895
MIRLET7A1HG,MIRLET7A1HG,1.0
MIRLET7BHG,MIRLET7BHG,1.0
MIRLET7IHG,MIRLET7IHG,0.9999999999998858
ASPM,MIS18A,0.4465416079079357
CDK1,MIS18A,0.4471049281332307
GTSE1,MIS18A,0.4494339476302555
ANLN,MIS18A,0.45074308856495604
SMC4,MIS18A,0.450852333551329
PBK,MIS18A,0.45453529235759277
PCLAF,MIS18A,0.45655296501302095
BIRC5,MIS18A,0.4581011179514458
MKI67,MIS18A,0.4621946841464902
CEP55,MIS18A,0.46266366209628573
TMPO,MIS18A,0.46974411743673067
PTTG1,MIS18A,0.46987108154537444
TPX2,MIS18A,0.47808500539652915
PRC1,MIS18A,0.4794724689853534
STMN1,MIS18A,0.4836939800914679
CENPF,MIS18A,0.48664200302516175
UBE2C,MIS18A,0.48888115082108075
NUSAP1,MIS18A,0.4941968891580374
HMGB2,MIS18A,0.4984129942410612
TOP2A,MIS18A,0.502633358655343
MIS18A,MIS18A,1.0
MIS18A-AS1,MIS18A-AS1,0.9999999999997203
TMPO,MIS18BP1,0.49164173199048516
SMC4,MIS18BP1,0.4938667182724524
KIF20B,MIS18BP1,0.4942758339700957
CENPE,MIS18BP1,0.49455566364159925
CEP55,MIS18BP1,0.49600480096161687
BIRC5,MIS18BP1,0.496074887936882
ANLN,MIS18BP1,0.49625542785255383
GTSE1,MIS18BP1,0.4965917945627975
STMN1,MIS18BP1,0.501770835915424
PTTG1,MIS18BP1,0.5047583863804933
DLGAP5,MIS18BP1,0.5054004589601355
UBE2C,MIS18BP1,0.5088124547984755
MKI67,MIS18BP1,0.5195463251073219
PRC1,MIS18BP1,0.5237444904499511
ASPM,MIS18BP1,0.5238983907865704
TPX2,MIS18BP1,0.528644078067605
HMGB2,MIS18BP1,0.5318558116626705
NUSAP1,MIS18BP1,0.535654693853522
CENPF,MIS18BP1,0.5432638143071241
TOP2A,MIS18BP1,0.5440774105962466
MIS18BP1,MIS18BP1,1.0
MISFA,MISFA,0.9999999999997298
MITF,MITF,0.9999999999997807
PBK,MKI67,0.7625346323771766
SMC4,MKI67,0.7670799186462723
PRR11,MKI67,0.7708176210102891
KIF20B,MKI67,0.7723765951591222
BIRC5,MKI67,0.7762462474013285
CENPE,MKI67,0.7764313252672099
HMMR,MKI67,0.7798650660359708
UBE2C,MKI67,0.7805316399803844
GTSE1,MKI67,0.7858245389396623
PTTG1,MKI67,0.78906881737222
CEP55,MKI67,0.7923798808864754
DLGAP5,MKI67,0.803989706731316
HMGB2,MKI67,0.8073621941372484
ANLN,MKI67,0.8108496094918196
NUSAP1,MKI67,0.8366115044657387
TPX2,MKI67,0.8382953186675207
ASPM,MKI67,0.8407229220781729
PRC1,MKI67,0.8466143956673715
TOP2A,MKI67,0.8472142340005369
CENPF,MKI67,0.8715918764652787
MKI67,MKI67,1.0
MKLN1,MKLN1,0.9999999999999547
MKLN1-AS,MKLN1-AS,0.9999999999996778
MKNK2,MKNK2,1.0
MKRN2OS,MKRN2OS,0.999999999999896
MKRN3,MKRN3,1.0
MKS1,MKS1,0.9999999999998688
ARMC9,MKX,0.4030415636862373
GRIK2,MKX,0.40422269957820245
MAML2,MKX,0.4045533310306586
PDZRN3,MKX,0.40915068408649474
EXT1,MKX,0.4101408033052129
PRKG1,MKX,0.4126586257572822
CEMIP,MKX,0.4143096894038279
SEMA5A,MKX,0.4298193103788902
MKX,MKX,0.9999999999999214
MKX-AS1,MKX-AS1,1.0
MLANA,MLANA,0.9999999999999296
MLF1,MLF1,1.0
MLF1-DT,MLF1-DT,0.9999999999998843
MLH3,MLH3,0.9999999999998905
MLLT1,MLLT1,1.0
ABTB2,MLLT10,0.40016134925623825
IFIT1,MLLT10,0.4010578545335752
EPSTI1,MLLT10,0.4028157329738742
IFITM3,MLLT10,0.40335719851688023
IFI6,MLLT10,0.4040108729241182
SLC12A8,MLLT10,0.4065481075521708
DOCK5,MLLT10,0.40766108963327874
IFIT3,MLLT10,0.4098995478056696
FNIP1,MLLT10,0.410090694164248
EXOC6B,MLLT10,0.41039716083751576
AKAP13,MLLT10,0.4119879336918577
MX1,MLLT10,0.4121420516801289
KANSL1,MLLT10,0.41381999812280057
IFI16,MLLT10,0.4153886269224934
MRTFA,MLLT10,0.4207671329425315
PVT1,MLLT10,0.43917441764171733
MAGI1,MLLT10,0.44288627325796515
NEAT1,MLLT10,0.458502002785866
ISG15,MLLT10,0.4682387527577218
MLLT10,MLLT10,1.0
MLLT3,MLLT3,0.999999999999921
MLLT6,MLLT6,0.9999999999997758
MLPH,MLPH,0.9999999999997182
MLXIP,MLXIP,0.9999999999997279
MLYCD,MLYCD,0.9999999999999484
MMADHC-DT,MMADHC-DT,1.0
MMD,MMD,1.0
IFI16,MME,0.46671222516514016
TNC,MME,0.46778364540403283
RBP1,MME,0.4813870359113435
CALD1,MME,0.4833421925434696
TPST2,MME,0.48892309810066603
RND3,MME,0.4910633648691934
CLU,MME,0.4922310735094512
TNFRSF11B,MME,0.49395032324596694
GREM1,MME,0.49574274023993775
LINC00842,MME,0.49705659682514675
S100A10,MME,0.5021864276932106
SLC12A8,MME,0.5086193314399976
FLNB,MME,0.5223994372904919
CTSK,MME,0.5309348832479365
KRT18,MME,0.5445809813415441
IFI6,MME,0.5459182261029842
MGP,MME,0.5512431168585504
LUM,MME,0.5818323538557758
THBS1,MME,0.6008859428233038
DCN,MME,0.6068241100099471
MME,MME,1.0
MMP1,MMP1,0.9999999999999439
MMP11,MMP11,0.9999999999996634
MMP12,MMP12,1.0
MMP13,MMP13,1.0
MMP14,MMP14,0.9999999999999378
MMP16,MMP16,0.9999999999999453
MMP17,MMP17,1.0
MMP19,MMP19,0.999999999999716
LUM,MMP2,0.4023396094542467
COL1A2,MMP2,0.426949876522052
B2M,MMP2,0.4378446035334507
MMP2,MMP2,1.0
MMP24,MMP24,0.999999999999704
MMP25-AS1,MMP25-AS1,0.9999999999997399
MGP,MMP3,0.403825136526853
MX1,MMP3,0.40643188610376174
ISG15,MMP3,0.41019620267700424
IFI6,MMP3,0.4259490596662453
MMP3,MMP3,1.0
MMP7,MMP7,1.0
MMRN2,MMRN2,1.0
MMS19,MMS19,0.9999999999999343
MMS22L,MMS22L,0.9999999999999409
MN1,MN1,1.0
CENPW,MND1,0.4857983582505829
MKI67,MND1,0.49013587761425287
CEP55,MND1,0.4914295025117245
SPC25,MND1,0.4915265225920262
CKS1B,MND1,0.4920741956518589
PTTG1,MND1,0.4986922130618773
PBK,MND1,0.5008296222225671
TMPO,MND1,0.5014329831435056
H2AZ1,MND1,0.5014746849004139
TPX2,MND1,0.5027359556142101
DIAPH3,MND1,0.5033027964445181
CENPF,MND1,0.5077671473454409
PRC1,MND1,0.5126211344888806
UBE2C,MND1,0.5130439919918509
CLSPN,MND1,0.5174202275785629
STMN1,MND1,0.528548132607992
NUSAP1,MND1,0.5437401907621082
HMGB2,MND1,0.5446959699514095
TOP2A,MND1,0.5488413688492053
PCLAF,MND1,0.5563446393942498
MND1,MND1,0.9999999999999734
MNS1,MNS1,0.9999999999998109
MNT,MNT,1.0
MOB3C,MOB3C,0.9999999999997191
MOCOS,MOCOS,0.9999999999998481
MOCS1,MOCS1,0.9999999999995851
MOCS3,MOCS3,0.9999999999997515
MOGS,MOGS,0.9999999999997322
MOK,MOK,0.9999999999998188
MON2,MON2,1.0
MORC2,MORC2,1.0
ISG15,MORC3,0.5742840435722033
NEBL,MORC3,0.5767385105236891
HIP1,MORC3,0.5821174954312044
IFI16,MORC3,0.5828534195388246
DCN,MORC3,0.5909560073375331
ABTB2,MORC3,0.6022882418637187
LINC00842,MORC3,0.6093783148551113
RBP1,MORC3,0.6130925352984603
MIAT,MORC3,0.6160742290747813
SLC35F3,MORC3,0.6237784899854608
IFI6,MORC3,0.6301160910697314
CLU,MORC3,0.6305537996119448
SLC12A8,MORC3,0.6504530661564292
SLC44A1,MORC3,0.6520010429878355
KRT18,MORC3,0.6580278947293475
FLNB,MORC3,0.6692058223031316
CENPT,MORC3,0.6720599991881336
MGP,MORC3,0.6726599769606831
TPST2,MORC3,0.6961081074917271
CHAF1B,MORC3,0.7083593690314981
MORC3,MORC3,0.999999999999801
MORC4,MORC4,0.9999999999998236
MORN1,MORN1,0.9999999999996305
MORN3,MORN3,0.9999999999996437
MOSMO,MOSMO,1.0
MOSPD1,MOSPD1,0.999999999999876
MOV10,MOV10,1.0
MOV10L1,MOV10L1,1.0
MOXD1,MOXD1,1.0
MPDZ,MPDZ,1.0
MPHOSPH9,MPHOSPH9,1.0
MPP2,MPP2,1.0
MPP3,MPP3,1.0
MPP7,MPP7,0.999999999999729
MRAP,MRAP,1.0
MRC2,MRC2,0.9999999999999509
MRE11,MRE11,0.9999999999999207
MRGPRF,MRGPRF,0.9999999999998214
MRGPRF-AS1,MRGPRF-AS1,1.0
MRI1,MRI1,0.9999999999998961
MRNIP,MRNIP,1.0
MROH1,MROH1,0.9999999999997472
MROH7,MROH7,1.0
MROH8,MROH8,0.9999999999999416
MROH9,MROH9,0.9999999999998975
MRPL45P2,MRPL45P2,0.9999999999997319
MRPS30-DT,MRPS30-DT,0.999999999999955
MRPS31P5,MRPS31P5,0.9999999999999262
MRPS35-DT,MRPS35-DT,0.999999999999632
MRPS6,MRPS6,0.9999999999999141
NEBL,MRTFA,0.4984258216924855
HIPK2,MRTFA,0.49870062283967503
DLG1,MRTFA,0.49946839235962043
TPST2,MRTFA,0.49997320126509504
EPSTI1,MRTFA,0.5026800674272798
FLNB,MRTFA,0.5033277234787618
IFIT1,MRTFA,0.5076015341276906
AKAP13,MRTFA,0.5121221074669062
IFITM1,MRTFA,0.5131032197176256
ABTB2,MRTFA,0.5180284292872102
IFIT3,MRTFA,0.5188385823648826
SLC12A8,MRTFA,0.5190192089951109
MX1,MRTFA,0.5249400645774867
IFI6,MRTFA,0.525690648274521
IFITM3,MRTFA,0.5259247933559132
PVT1,MRTFA,0.5268921671611883
NEAT1,MRTFA,0.5277272642665042
IFI16,MRTFA,0.5459884199850202
MAGI1,MRTFA,0.5501059812870429
ISG15,MRTFA,0.5837575607826216
MRTFA,MRTFA,1.0
MRTFA-AS1,MRTFA-AS1,0.9999999999998439
MRTFB,MRTFB,0.9999999999997462
MSANTD1,MSANTD1,0.9999999999997872
MSANTD2,MSANTD2,0.999999999999981
MSC,MSC,1.0
SLC12A8,MSC-AS1,0.414875100993211
MSC-AS1,MSC-AS1,1.0
MSH2,MSH2,1.0
MSH3,MSH3,0.9999999999998825
MSH4,MSH4,0.999999999999865
MSH5,MSH5,0.9999999999997767
MSH6,MSH6,1.0
MSL2,MSL2,0.9999999999996189
MSMO1,MSMO1,1.0
MSRB3,MSRB3,1.0
MSRB3-AS1,MSRB3-AS1,0.9999999999996837
MSS51,MSS51,0.9999999999999858
MST1,MST1,0.9999999999999875
MSTO1,MSTO1,0.999999999999824
MSX2,MSX2,0.9999999999998199
MALAT1,MT-ATP6,0.41473754471740776
MT-ND2,MT-ATP6,0.5213635857582968
MT-ND5,MT-ATP6,0.6253944814947267
MT-ND6,MT-ATP6,0.700691858117904
MT-ND1,MT-ATP6,0.7615948044845677
MT-CYB,MT-ATP6,0.8561771582302685
MT-CO1,MT-ATP6,0.8712380856688748
MT-CO2,MT-ATP6,0.8745151013231389
MT-ND3,MT-ATP6,0.8829428743924425
MT-ND4,MT-ATP6,0.8851022453619076
MT-CO3,MT-ATP6,0.8930780525352638
MT-ATP6,MT-ATP6,0.9999999999999902
COL6A2,MT-ATP8,0.568239679232288
RNF213,MT-ATP8,0.5706033291777535
IFI44L,MT-ATP8,0.5852158089086434
PLSCR1,MT-ATP8,0.595021060427851
S100A6,MT-ATP8,0.5968207863976479
MGP,MT-ATP8,0.5972595799588513
STAT1,MT-ATP8,0.5980755828455896
IFI16,MT-ATP8,0.6021488638975245
EPSTI1,MT-ATP8,0.6151520380140469
PARP14,MT-ATP8,0.61571366298124
MX2,MT-ATP8,0.616431356406378
IFIT1,MT-ATP8,0.6183506401021778
IFIT3,MT-ATP8,0.6221884860572219
XAF1,MT-ATP8,0.6300645839122164
ISG15,MT-ATP8,0.6568846037727157
MT-ND5,MT-ATP8,0.6603633140193969
FTL,MT-ATP8,0.6701269006587012
MX1,MT-ATP8,0.7007363895405334
MT-ND2,MT-ATP8,0.8776151715281388
MT-ND4L,MT-ATP8,0.8965864571532236
MT-ATP8,MT-ATP8,1.0
MT-ATP8,MT-CO1,0.4572710104820233
MALAT1,MT-CO1,0.5209129336945711
MT-ND4L,MT-CO1,0.5477538188969775
MT-ND6,MT-CO1,0.5799277087656625
MT-ND2,MT-CO1,0.705343483730555
MT-ND5,MT-CO1,0.7401819382669667
MT-ND1,MT-CO1,0.7787683443948379
MT-CYB,MT-CO1,0.8126418636481557
MT-ND3,MT-CO1,0.8671145127144706
MT-ATP6,MT-CO1,0.8712380856688748
MT-ND4,MT-CO1,0.8961530154477975
MT-CO2,MT-CO1,0.8981073378752141
MT-CO3,MT-CO1,0.9134874276377712
MT-CO1,MT-CO1,1.0
MALAT1,MT-CO2,0.43441223491257064
MT-ND2,MT-CO2,0.5660353245800805
MT-ND5,MT-CO2,0.6228421508215715
MT-ND6,MT-CO2,0.6393719960105653
MT-ND1,MT-CO2,0.7628312038850962
MT-CYB,MT-CO2,0.8460865906575429
MT-ND3,MT-CO2,0.8658461355113374
MT-ATP6,MT-CO2,0.8745151013231389
MT-CO3,MT-CO2,0.8915515401855967
MT-ND4,MT-CO2,0.8974485396460108
MT-CO1,MT-CO2,0.8981073378752141
MT-CO2,MT-CO2,0.9999999999999986
MT-ND4L,MT-CO3,0.4392331729384564
MALAT1,MT-CO3,0.4557138664024834
MT-ND6,MT-CO3,0.602853907363194
MT-ND2,MT-CO3,0.6216921869053473
MT-ND5,MT-CO3,0.6734013710090866
MT-ND1,MT-CO3,0.7709360634631062
MT-CYB,MT-CO3,0.8326676721628756
MT-ND4,MT-CO3,0.87844350656964
MT-ND3,MT-CO3,0.8802479292524015
MT-CO2,MT-CO3,0.8915515401855967
MT-ATP6,MT-CO3,0.8930780525352638
MT-CO1,MT-CO3,0.9134874276377712
MT-CO3,MT-CO3,1.0
MT-ND2,MT-CYB,0.4214755473881276
NEAT1,MT-CYB,0.43904172997494706
MT-ND5,MT-CYB,0.5328073386665968
MT-ND6,MT-CYB,0.710673868168283
MT-ND1,MT-CYB,0.7190171225601325
MT-CO1,MT-CYB,0.8126418636481557
MT-CO3,MT-CYB,0.8326676721628756
MT-CO2,MT-CYB,0.8460865906575429
MT-ND3,MT-CYB,0.8543742333846199
MT-ND4,MT-CYB,0.8557270706893063
MT-ATP6,MT-CYB,0.8561771582302685
MT-CYB,MT-CYB,0.9999999999999978
S100A11,MT-ND1,0.4013610190420153
MT-ND4L,MT-ND1,0.40566576324877174
MT-ND6,MT-ND1,0.5612938650364301
MT-ND2,MT-ND1,0.587101784727719
MT-ND5,MT-ND1,0.6286903686828806
MT-CYB,MT-ND1,0.7190171225601325
MT-ATP6,MT-ND1,0.7615948044845677
MT-CO2,MT-ND1,0.7628312038850962
MT-ND3,MT-ND1,0.7674313064259578
MT-ND4,MT-ND1,0.7689933305496696
MT-CO3,MT-ND1,0.7709360634631062
MT-CO1,MT-ND1,0.7787683443948379
MT-ND1,MT-ND1,0.9999999999999944
IFI44L,MT-ND2,0.4673316857736176
MX2,MT-ND2,0.4695556534857578
COL6A2,MT-ND2,0.473606139091498
XAF1,MT-ND2,0.4809672186746305
ELOB,MT-ND2,0.48729509090030576
RNF213,MT-ND2,0.5069571295756485
PARP14,MT-ND2,0.5111034526730402
MT-ATP6,MT-ND2,0.5213635857582968
MX1,MT-ND2,0.524134061608227
MT-ND3,MT-ND2,0.5289896028484998
S100A6,MT-ND2,0.5427663770843452
MT-ND4,MT-ND2,0.5505210133463232
MT-CO2,MT-ND2,0.5660353245800805
MT-ND1,MT-ND2,0.587101784727719
FTL,MT-ND2,0.6133878164719805
MT-CO3,MT-ND2,0.6216921869053473
MT-CO1,MT-ND2,0.705343483730555
MT-ND5,MT-ND2,0.7775502730853117
MT-ND4L,MT-ND2,0.8611989234060957
MT-ATP8,MT-ND2,0.8776151715281388
MT-ND2,MT-ND2,1.0
MALAT1,MT-ND3,0.4379679563373212
MT-ND2,MT-ND3,0.5289896028484998
MT-ND5,MT-ND3,0.6008295276713181
MT-ND6,MT-ND3,0.6750096072078392
MT-ND1,MT-ND3,0.7674313064259578
MT-CYB,MT-ND3,0.8543742333846199
MT-CO2,MT-ND3,0.8658461355113374
MT-CO1,MT-ND3,0.8671145127144706
MT-ND4,MT-ND3,0.8768873845876671
MT-CO3,MT-ND3,0.8802479292524015
MT-ATP6,MT-ND3,0.8829428743924425
MT-ND3,MT-ND3,0.9999999999999973
MALAT1,MT-ND4,0.4340651042679809
MT-ND2,MT-ND4,0.5505210133463232
MT-ND5,MT-ND4,0.6463229309169577
MT-ND6,MT-ND4,0.6881051938004135
MT-ND1,MT-ND4,0.7689933305496696
MT-CYB,MT-ND4,0.8557270706893063
MT-ND3,MT-ND4,0.8768873845876671
MT-CO3,MT-ND4,0.87844350656964
MT-ATP6,MT-ND4,0.8851022453619076
MT-CO1,MT-ND4,0.8961530154477975
MT-CO2,MT-ND4,0.8974485396460108
MT-ND4,MT-ND4,0.9999999999999994
S100A6,MT-ND4L,0.5233912046676297
MGP,MT-ND4L,0.5373253064659044
RNF213,MT-ND4L,0.539984042207446
MT-CO1,MT-ND4L,0.5477538188969775
IFI44L,MT-ND4L,0.5527533580207624
STAT1,MT-ND4L,0.5530898085263668
PLSCR1,MT-ND4L,0.5573605097824641
IFI16,MT-ND4L,0.5641476765674469
PARP14,MT-ND4L,0.5743084634692747
MX2,MT-ND4L,0.5746230094880854
EPSTI1,MT-ND4L,0.575652071910314
IFIT1,MT-ND4L,0.5759442995683483
XAF1,MT-ND4L,0.5806453013947388
IFIT3,MT-ND4L,0.5836143707897301
ISG15,MT-ND4L,0.6048717520428794
FTL,MT-ND4L,0.6382304181510958
MX1,MT-ND4L,0.6500956056792113
MT-ND5,MT-ND4L,0.7160962870480796
MT-ND2,MT-ND4L,0.8611989234060957
MT-ATP8,MT-ND4L,0.8965864571532236
MT-ND4L,MT-ND4L,1.0
RPS27L,MT-ND5,0.4010686872655288
S100A6,MT-ND5,0.4103451359143121
MALAT1,MT-ND5,0.46278640823783257
FTL,MT-ND5,0.503351367217554
MT-CYB,MT-ND5,0.5328073386665968
MT-ND3,MT-ND5,0.6008295276713181
MT-CO2,MT-ND5,0.6228421508215715
MT-ATP6,MT-ND5,0.6253944814947267
MT-ND1,MT-ND5,0.6286903686828806
MT-ND4,MT-ND5,0.6463229309169577
MT-ATP8,MT-ND5,0.6603633140193969
MT-CO3,MT-ND5,0.6734013710090866
MT-ND4L,MT-ND5,0.7160962870480796
MT-CO1,MT-ND5,0.7401819382669667
MT-ND2,MT-ND5,0.7775502730853117
MT-ND5,MT-ND5,1.0
ABTB2,MT-ND6,0.44625679394164824
AKAP13,MT-ND6,0.4497777905033021
DOCK5,MT-ND6,0.455168399892173
HSPB1,MT-ND6,0.45527137915896776
MRTFA,MT-ND6,0.4554897314500661
IFI16,MT-ND6,0.4648643447473679
RPL10,MT-ND6,0.47729573060728997
PVT1,MT-ND6,0.49448931368530036
IFITM3,MT-ND6,0.4958506734066606
MAGI1,MT-ND6,0.4982047952695646
ISG15,MT-ND6,0.5185795018658983
NEAT1,MT-ND6,0.5465879103434029
MT-ND1,MT-ND6,0.5612938650364301
MT-CO1,MT-ND6,0.5799277087656625
MT-CO3,MT-ND6,0.602853907363194
MT-CO2,MT-ND6,0.6393719960105653
MT-ND3,MT-ND6,0.6750096072078392
MT-ND4,MT-ND6,0.6881051938004135
MT-ATP6,MT-ND6,0.700691858117904
MT-CYB,MT-ND6,0.710673868168283
MT-ND6,MT-ND6,0.9999999999999568
MT1A,MT1A,0.9999999999998271
MT1X,MT1E,0.5272856742933456
MT2A,MT1E,0.6815658752426053
MT1E,MT1E,1.0
MT1G,MT1F,0.4047714055431552
MT1F,MT1F,1.0
MT1F,MT1G,0.4047714055431552
MT1H,MT1G,0.47146921460798885
MT1G,MT1G,1.0
MT1G,MT1H,0.47146921460798885
MT1H,MT1H,0.9999999999999252
MT1M,MT1M,0.9999999999998687
MT1E,MT1X,0.5272856742933456
MT2A,MT1X,0.567220001109889
MT1X,MT1X,0.9999999999999911
HMGB1,MT2A,0.4166931849551709
H2AZ1,MT2A,0.4182076789314539
S100A11,MT2A,0.420395077311784
ENO1,MT2A,0.4211679659250105
FTX,MT2A,0.4219827559399362
ENSG00000291105,MT2A,0.42374298179519937
ARMC9,MT2A,0.42387239409806277
GRIK2,MT2A,0.4277845375824073
PARD3B,MT2A,0.42984174658869617
CALM2,MT2A,0.4316503222368011
JPT1,MT2A,0.4362347346631306
CKS2,MT2A,0.44231678233705957
EXT1,MT2A,0.4502429432379525
MIF,MT2A,0.4544978747363231
PTTG1,MT2A,0.45675186381116195
PTMA,MT2A,0.46492389809328327
KIF26B,MT2A,0.4658404552158111
PRKG1,MT2A,0.4729543555447292
MT1X,MT2A,0.567220001109889
MT1E,MT2A,0.6815658752426053
MT2A,MT2A,0.9999999999999963
MTA1,MTA1,1.0
MTA3,MTA3,1.0
MTAP,MTAP,1.0
MTARC2,MTARC2,0.9999999999997652
MTBP,MTBP,0.9999999999999638
MTCL1,MTCL1,1.0
MTERF1,MTERF1,1.0
MTERF2,MTERF2,0.9999999999997318
MTF1,MTF1,1.0
MTG2,MTG2,0.9999999999997953
PRKG1,MTHFD1L,0.40214081713128363
EXT1,MTHFD1L,0.43714551575732036
MTHFD1L,MTHFD1L,1.0
MTHFD2,MTHFD2,1.0
MTHFR,MTHFR,0.9999999999998456
MTM1,MTM1,0.9999999999995917
MTMR1,MTMR1,1.0
MTMR10,MTMR10,1.0
MTMR12,MTMR12,0.9999999999999755
MTMR3,MTMR3,0.9999999999997771
MTMR7,MTMR7,0.9999999999996587
MTOR,MTOR,0.9999999999999559
MTRFR,MTRFR,0.9999999999999729
MTSS1,MTSS1,0.9999999999998597
MTSS2,MTSS2,1.0
MTURN,MTURN,1.0
MTUS1,MTUS1,1.0
MTUS2,MTUS2,1.0
MUC12-AS1,MUC12-AS1,0.9999999999999025
MUC20,MUC20,0.999999999999728
MUC6,MUC6,0.9999999999995405
MUSK,MUSK,0.9999999999997986
MVB12B,MVB12B,1.0
SAMD9,MX1,0.6525306549293244
MGP,MX1,0.6572161636484979
IFITM3,MX1,0.6612690991367687
SP110,MX1,0.6663526181712095
GBP1,MX1,0.6742099732712415
RIGI,MX1,0.6875771475206309
XAF1,MX1,0.6921514838853581
LAP3,MX1,0.6939144924741291
EIF2AK2,MX1,0.6970729292161005
IFI6,MX1,0.7006467921535526
MT-ATP8,MX1,0.7007363895405334
IFITM1,MX1,0.7125241713344261
PLSCR1,MX1,0.7382454079624218
MX2,MX1,0.7400136783329536
STAT1,MX1,0.7675532918313781
IFI16,MX1,0.7732831178220803
EPSTI1,MX1,0.7921387363285481
IFIT3,MX1,0.8033991558322775
IFIT1,MX1,0.8068482280917586
ISG15,MX1,0.8302238521793235
MX1,MX1,0.9999999999999837
PSMB9,MX2,0.5780476186109572
GBP1,MX2,0.5800759898551634
EIF2AK2,MX2,0.5879466885225064
HERC5,MX2,0.588984403727239
IFIT2,MX2,0.5942393809776937
IFITM3,MX2,0.599743853201628
XAF1,MX2,0.6013690578364722
RIGI,MX2,0.6079102285694609
MT-ATP8,MX2,0.616431356406378
IFI6,MX2,0.6171136911966509
LAP3,MX2,0.622558171926368
PLSCR1,MX2,0.6447728335445182
IFITM1,MX2,0.6470790766532186
STAT1,MX2,0.6586392956609026
IFI16,MX2,0.6873875527892442
IFIT3,MX2,0.6910504122275415
IFIT1,MX2,0.6940503842090995
EPSTI1,MX2,0.7039590636823673
ISG15,MX2,0.7267149847555148
MX1,MX2,0.7400136783329536
MX2,MX2,1.0
MXD1,MXD1,1.0
ANLN,MXD3,0.455863584599187
CENPE,MXD3,0.45616047701110896
HMMR,MXD3,0.4605102781999727
PBK,MXD3,0.4613987855993484
SPC25,MXD3,0.46321684209824554
STMN1,MXD3,0.46480346512042264
DLGAP5,MXD3,0.4656836119470489
BIRC5,MXD3,0.4659736745109378
ASPM,MXD3,0.4674635598792808
MKI67,MXD3,0.4769966549940488
PTTG1,MXD3,0.47783814151511117
CDK1,MXD3,0.48629015286657723
TPX2,MXD3,0.48632318061751756
PRC1,MXD3,0.4876546012554016
GTSE1,MXD3,0.4913843086017741
HMGB2,MXD3,0.49892060731481097
CENPF,MXD3,0.5094166995953336
UBE2C,MXD3,0.5247926549513541
NUSAP1,MXD3,0.5260845213142233
TOP2A,MXD3,0.5339853279691414
MXD3,MXD3,0.9999999999998593
MXD4,MXD4,1.0
MXI1,MXI1,0.9999999999998149
MXRA5,MXRA5,0.9999999999998755
MXRA8,MXRA8,0.9999999999998926
MYADM,MYADM,0.9999999999999921
MYADM-AS1,MYADM-AS1,1.0
PBK,MYBL1,0.424755790801226
PTTG1,MYBL1,0.4304510537652115
PCLAF,MYBL1,0.43248417587432836
CLSPN,MYBL1,0.43285163317762937
NCAPG,MYBL1,0.4332069948015684
ANLN,MYBL1,0.43710785545115166
SMC4,MYBL1,0.44002629542743893
UBE2C,MYBL1,0.4406928724184458
ASPM,MYBL1,0.44659892166711357
CEP55,MYBL1,0.45175164405850393
NUSAP1,MYBL1,0.4560201441973048
DIAPH3,MYBL1,0.46010893078999043
PRC1,MYBL1,0.4613605149306702
MKI67,MYBL1,0.4615685358406795
TMPO,MYBL1,0.4627619237083428
CENPF,MYBL1,0.46887671553205307
TPX2,MYBL1,0.46893717153393727
STMN1,MYBL1,0.47197834351897444
TOP2A,MYBL1,0.4829866044804138
HMGB2,MYBL1,0.48547535978906897
MYBL1,MYBL1,1.0
PCLAF,MYBL2,0.42203333899155737
MYBL2,MYBL2,0.999999999999993
MYC,MYC,1.0
MYCBP2-AS1,MYCBP2-AS1,0.9999999999997855
MYCT1,MYCT1,0.9999999999997811
MYEF2,MYEF2,0.9999999999998803
MYEOV,MYEOV,0.9999999999999705
MYH10,MYH10,1.0
MYH11,MYH11,0.9999999999996105
MYH7B,MYH7B,1.0
MYH9,MYH9,0.9999999999999938
MYL12-AS1,MYL12-AS1,0.9999999999996534
MYL6B-AS1,MYL6B-AS1,1.0
MYL7,MYL7,0.9999999999996191
DSTN,MYL9,0.4002425950089515
TMSB4X,MYL9,0.41344187683689554
NEXN,MYL9,0.42843150502890065
HSPB1,MYL9,0.433248007807322
TPM4,MYL9,0.4365363866732973
ACTG1,MYL9,0.46611153446540643
CALD1,MYL9,0.47096413741187293
C12orf75,MYL9,0.48527914435493186
ACTB,MYL9,0.5077233293164795
TPM1,MYL9,0.5699078183015986
TPM2,MYL9,0.6145858670438593
TAGLN,MYL9,0.6353005394336328
MYL9,MYL9,1.0
MYLIP,MYLIP,0.9999999999998673
IFI6,MYLK,0.4108506538224333
GREM1,MYLK,0.411056812859378
GRIK2,MYLK,0.4119204783029244
S100A6,MYLK,0.41513956040311806
RBP1,MYLK,0.41583735582511283
SLC12A8,MYLK,0.41620075208857343
MME,MYLK,0.41621391041291655
TNC,MYLK,0.4183168807283299
CEMIP,MYLK,0.4260667451333112
FLNB,MYLK,0.42639365531028217
CLU,MYLK,0.43508823408520597
KRT18,MYLK,0.4420075016515359
TNFRSF11B,MYLK,0.4424198961100466
CALD1,MYLK,0.4580932510575502
MGP,MYLK,0.46277075561633274
DCN,MYLK,0.46843786749570976
MAML2,MYLK,0.471486906879332
S100A10,MYLK,0.4875443685154509
LUM,MYLK,0.49269274927668477
THBS1,MYLK,0.5193687145500023
MYLK,MYLK,1.0
MYLK-AS1,MYLK-AS1,0.999999999999766
MYLK3,MYLK3,1.0
MYLK4,MYLK4,0.9999999999998909
MYO10,MYO10,0.9999999999999806
MYO15A,MYO15A,1.0
MYO18A,MYO18A,1.0
MYO18B,MYO18B,1.0
MYO19,MYO19,1.0
MYO1B,MYO1B,1.0
NFAT5,MYO1D,0.4008747602316554
DOCK5,MYO1D,0.40310596337945565
EPSTI1,MYO1D,0.40436889750901384
AKAP13,MYO1D,0.40619569323314597
IFI16,MYO1D,0.4139277055463279
EXOC6B,MYO1D,0.4148511015075242
PVT1,MYO1D,0.4159097293899198
NXN,MYO1D,0.4185633528819212
IFIT1,MYO1D,0.4186910115293993
IFIT3,MYO1D,0.42012765630706184
MRTFA,MYO1D,0.4239923851310709
KANSL1,MYO1D,0.42508187629521876
FNIP1,MYO1D,0.4315719535866072
MAGI1,MYO1D,0.4325918867545336
MX1,MYO1D,0.43606359274769596
NEAT1,MYO1D,0.4522626201698992
ISG15,MYO1D,0.4708513764824014
MYO1D,MYO1D,0.9999999999997797
MYO1E,MYO1E,1.0
MYO1F,MYO1F,1.0
MYO1H,MYO1H,1.0
MYO5A,MYO5A,1.0
MYO5B,MYO5B,1.0
MYO9A,MYO9A,1.0
MYO9B,MYO9B,1.0
MYOCD,MYOCD,0.9999999999998499
MYOCD-AS1,MYOCD-AS1,0.9999999999997077
MYOCOS,MYOCOS,1.0
MYOF,MYOF,1.0
MYOM1,MYOM1,0.9999999999995988
MYORG,MYORG,0.9999999999999373
MYOZ2,MYOZ2,0.9999999999999681
THBS1,MYPN,0.41092775834364403
UBASH3B,MYPN,0.4117675169134595
SLC35F3,MYPN,0.41440280016303915
CLU,MYPN,0.41479415690810073
IFI16,MYPN,0.41645741739385933
IFITM1,MYPN,0.4178770743890786
LINC00842,MYPN,0.42659562406349066
NEBL,MYPN,0.4285834477483981
SLC44A1,MYPN,0.4306522369986028
HIP1,MYPN,0.4342430895260283
KRT18,MYPN,0.4345350095209712
KCNMA1,MYPN,0.44016700968349637
IFITM3,MYPN,0.4415360137846599
HIPK2,MYPN,0.4458995287088394
FLNB,MYPN,0.4484651762486556
DCN,MYPN,0.45053379711256925
PRUNE2,MYPN,0.45558132184206873
SLC12A8,MYPN,0.4623841846502534
MGP,MYPN,0.4655444505778419
IFI6,MYPN,0.4711054334744354
MYPN,MYPN,0.9999999999997907
MYRIP,MYRIP,0.999999999999952
MYSM1,MYSM1,0.999999999999896
MYZAP,MYZAP,0.9999999999994746
MZF1,MZF1,0.9999999999998676
KIF20B,MZT1,0.4018322647359448
CKAP2,MZT1,0.40238245735242983
CDCA8,MZT1,0.40244966569630336
ANLN,MZT1,0.4044949592454733
CCNB1,MZT1,0.40693443932843604
GTSE1,MZT1,0.4123782710652823
HMMR,MZT1,0.41303952198589816
UBE2C,MZT1,0.41371754751060186
CENPE,MZT1,0.41468712680175823
HMGB2,MZT1,0.41668531475395293
MKI67,MZT1,0.41717384690369375
DLGAP5,MZT1,0.41770155220848354
TOP2A,MZT1,0.42033415683739067
BIRC5,MZT1,0.42143785859218713
ASPM,MZT1,0.42285066805443555
TPX2,MZT1,0.42356903605088175
PTTG1,MZT1,0.42898218636540564
NUSAP1,MZT1,0.43143352149888414
PRC1,MZT1,0.43550728399573385
CENPF,MZT1,0.43588786004999075
MZT1,MZT1,0.9999999999999747
N4BP2,N4BP2,1.0
N4BP2L1,N4BP2L1,0.9999999999996921
N4BP2L2,N4BP2L2,0.9999999999999896
N4BP2L2-IT2,N4BP2L2-IT2,1.0
N4BP3,N4BP3,1.0
NAA15,NAA15,0.9999999999999665
NAA35,NAA35,1.0
NAA60,NAA60,1.0
NAALAD2,NAALAD2,1.0
NAALADL2,NAALADL2,0.9999999999999458
NAALADL2-AS2,NAALADL2-AS2,0.9999999999999114
NAALADL2-AS3,NAALADL2-AS3,0.9999999999998861
NAB2,NAB2,1.0
NABP1,NABP1,1.0
NACC2,NACC2,1.0
NADSYN1,NADSYN1,0.9999999999997268
NAGLU,NAGLU,1.0
NAIP,NAIP,0.9999999999998349
NALCN,NALCN,1.0
NALF1,NALF1,0.999999999999924
NALF1-IT1,NALF1-IT1,1.0
NAMPT,NAMPT,0.9999999999999499
NANOGP8,NANOGP8,1.0
NANP,NANP,1.0
NAPA-AS1,NAPA-AS1,0.999999999999769
NAPB,NAPB,1.0
NAPEPLD,NAPEPLD,1.0
NAPSA,NAPSA,1.0
NARS2,NARS2,1.0
MKI67,NASP,0.45613103800187277
HMGB1,NASP,0.4572747044054075
DIAPH3,NASP,0.45863306131587644
PTMA,NASP,0.4593199491572594
ATAD2,NASP,0.4622432163043581
SMC4,NASP,0.4627124150501606
CENPF,NASP,0.4641478611789267
RRM1,NASP,0.4660452868692252
TPX2,NASP,0.47372272543869287
PRC1,NASP,0.47585570338970457
TOP2A,NASP,0.4790958349447074
GMNN,NASP,0.4792889996640522
NUSAP1,NASP,0.48223097308977403
HMGB2,NASP,0.5023276623252695
DUT,NASP,0.5039760135854121
TMPO,NASP,0.5125156732998367
DEK,NASP,0.5136917975754937
CLSPN,NASP,0.514114287845716
STMN1,NASP,0.524062057640446
PCLAF,NASP,0.5254402296497271
NASP,NASP,1.0
NAT1,NAT1,1.0
NAT14,NAT14,0.9999999999999177
NAT9,NAT9,1.0
NAV1,NAV1,0.999999999999919
NAV2,NAV2,1.0
NAV3,NAV3,0.9999999999998911
NAXD-AS1,NAXD-AS1,1.0
ISG15,NBAS,0.40983120619872526
NEAT1,NBAS,0.4137417374786007
NBAS,NBAS,1.0
NBEA,NBEA,0.9999999999998621
NBL1,NBL1,1.0
NBPF11,NBPF11,1.0
NBPF12,NBPF12,1.0
NBPF15,NBPF15,0.9999999999998006
NBPF19,NBPF19,1.0
NBPF20,NBPF20,1.0
NBPF26,NBPF26,1.0
NBPF3,NBPF3,0.999999999999864
NBPF8,NBPF8,1.0
NBPF9,NBPF9,0.9999999999998048
NBR2,NBR2,0.999999999999806
NCAM2,NCAM2,1.0
HMGB2,NCAPD2,0.509248712938644
CCNB1,NCAPD2,0.5132398305986601
PBK,NCAPD2,0.5166645870378451
KIF20B,NCAPD2,0.5187063178462753
UBE2C,NCAPD2,0.5188207365160825
PRR11,NCAPD2,0.5194586967244047
CENPE,NCAPD2,0.5210329170104568
HMMR,NCAPD2,0.5219361212904792
BIRC5,NCAPD2,0.5262562335137598
GTSE1,NCAPD2,0.5264599118784312
PTTG1,NCAPD2,0.5303347509835242
ANLN,NCAPD2,0.542332624082306
DLGAP5,NCAPD2,0.546788845249898
TPX2,NCAPD2,0.5505730008503879
ASPM,NCAPD2,0.5513444778942888
PRC1,NCAPD2,0.5603181080070377
TOP2A,NCAPD2,0.5617093202419211
NUSAP1,NCAPD2,0.5632082500574248
MKI67,NCAPD2,0.565965923582384
CENPF,NCAPD2,0.5723261992928095
NCAPD2,NCAPD2,1.0
CDK1,NCAPD3,0.4570228069810105
H2AZ1,NCAPD3,0.4591159374325557
GTSE1,NCAPD3,0.46064952846265633
BIRC5,NCAPD3,0.46200140428946807
TMPO,NCAPD3,0.4632640156441715
ASPM,NCAPD3,0.4633032195571423
SMC4,NCAPD3,0.4649337387735552
DIAPH3,NCAPD3,0.4664017302931168
ANLN,NCAPD3,0.4664033785172728
PBK,NCAPD3,0.46914875151560953
STMN1,NCAPD3,0.47169712416300846
UBE2C,NCAPD3,0.4770166510616762
TPX2,NCAPD3,0.4838010974095066
HMGB2,NCAPD3,0.48832490868015915
CENPF,NCAPD3,0.49257333891133764
MKI67,NCAPD3,0.4953013174079811
PRC1,NCAPD3,0.49750083747321633
PCLAF,NCAPD3,0.4998321621003601
NUSAP1,NCAPD3,0.5059776901393302
TOP2A,NCAPD3,0.5216965280974429
NCAPD3,NCAPD3,0.999999999999985
TMPO,NCAPG,0.6743857432462144
CDK1,NCAPG,0.6748470482645612
CENPE,NCAPG,0.6762403129972426
KIF20B,NCAPG,0.679553776063436
GTSE1,NCAPG,0.680510800971935
STMN1,NCAPG,0.6837432944227623
CEP55,NCAPG,0.6845190560948727
HMMR,NCAPG,0.6848251032380818
PTTG1,NCAPG,0.6893579607525402
DLGAP5,NCAPG,0.6913698182413364
ANLN,NCAPG,0.697094998875747
UBE2C,NCAPG,0.7102791526652572
ASPM,NCAPG,0.7161529966131327
PRC1,NCAPG,0.7246042840463153
MKI67,NCAPG,0.7266100981233823
TPX2,NCAPG,0.729965691262424
HMGB2,NCAPG,0.7309512848253258
NUSAP1,NCAPG,0.7346473791419585
CENPF,NCAPG,0.7486351712792767
TOP2A,NCAPG,0.7523915224228463
NCAPG,NCAPG,1.0
SMC4,NCAPG2,0.5165541359393279
PTTG1,NCAPG2,0.5208072669500884
UBE2C,NCAPG2,0.5232748137862798
DIAPH3,NCAPG2,0.5244177408098892
GTSE1,NCAPG2,0.5276648174887387
BIRC5,NCAPG2,0.5282374741556672
PBK,NCAPG2,0.5283007021607231
ASPM,NCAPG2,0.5313536579713328
STMN1,NCAPG2,0.532300062281656
PCLAF,NCAPG2,0.5339585492519567
TMPO,NCAPG2,0.538038214381164
CEP55,NCAPG2,0.5419707733749959
ANLN,NCAPG2,0.5477313775571404
HMGB2,NCAPG2,0.558932963231762
TPX2,NCAPG2,0.5678913283997907
MKI67,NCAPG2,0.5699482528459521
PRC1,NCAPG2,0.5719126234693105
CENPF,NCAPG2,0.5730779529784186
NUSAP1,NCAPG2,0.5775779982401877
TOP2A,NCAPG2,0.5871908004448823
NCAPG2,NCAPG2,1.0
DLGAP5,NCAPH,0.447812870942064
CENPE,NCAPH,0.4480876188390443
PBK,NCAPH,0.4497863775850478
CDK1,NCAPH,0.45216185606505516
BIRC5,NCAPH,0.4534874685288979
TMPO,NCAPH,0.4538468166830873
CEP55,NCAPH,0.45427826302608526
STMN1,NCAPH,0.45769738660591075
GTSE1,NCAPH,0.45997297210197174
ASPM,NCAPH,0.46310577049408885
PTTG1,NCAPH,0.46362113409333644
ANLN,NCAPH,0.4727001742403283
UBE2C,NCAPH,0.478837147120831
MKI67,NCAPH,0.4805275818252227
HMGB2,NCAPH,0.4820603560854428
TPX2,NCAPH,0.4830796668208961
PRC1,NCAPH,0.48564144574715473
NUSAP1,NCAPH,0.49284642866557415
CENPF,NCAPH,0.4942230082148008
TOP2A,NCAPH,0.5072822694530353
NCAPH,NCAPH,1.0
NCEH1,NCEH1,1.0
NCF2,NCF2,1.0
NCK1-DT,NCK1-DT,1.0
NCKAP5,NCKAP5,1.0
NCKAP5-AS1,NCKAP5-AS1,0.9999999999999735
NCKAP5-AS2,NCKAP5-AS2,1.0
NCKAP5L,NCKAP5L,0.999999999999831
HSP90B1,NCL,0.4311199942965389
VIM,NCL,0.4396925839022079
HMGB2,NCL,0.44136876346162296
IFIT3,NCL,0.4466571034539223
HNRNPD,NCL,0.4502143906283521
DUT,NCL,0.45535900853660566
RANBP1,NCL,0.4597797585206988
HMGB1,NCL,0.4611288704570742
HSPD1,NCL,0.4614910403135031
MX1,NCL,0.46165974829546236
STMN1,NCL,0.461976147834483
HSP90AA1,NCL,0.4649687604855073
DNAJA1,NCL,0.46553934859514845
TMPO,NCL,0.4675351367844332
HNRNPDL,NCL,0.48145960031476454
DEK,NCL,0.48458696511518856
HNRNPA2B1,NCL,0.4886786323079173
PTMA,NCL,0.5037365169065778
ANP32B,NCL,0.5179145168442826
TPM4,NCL,0.5209083280730206
NCL,NCL,1.0
NCOA1,NCOA1,0.9999999999999064
NEAT1,NCOA2,0.4239312115984937
NCOA2,NCOA2,1.0
IFIT3,NCOA3,0.4001064934391117
GAS7,NCOA3,0.4023450114202159
SLC44A1,NCOA3,0.4038577695491242
MORC3,NCOA3,0.4056970630837388
HIPK2,NCOA3,0.4062406758545868
FLNB,NCOA3,0.4072980772839313
NEBL,NCOA3,0.4078999194560158
MGP,NCOA3,0.4092926894833514
IFI6,NCOA3,0.4101139761696338
IFI16,NCOA3,0.4107364801820506
TPST2,NCOA3,0.41745622983948005
MAGI1,NCOA3,0.4237241565745108
ABTB2,NCOA3,0.4401713376634932
SLC12A8,NCOA3,0.45287763808493847
ISG15,NCOA3,0.4565039092933135
NEAT1,NCOA3,0.473339371666046
NCOA3,NCOA3,0.9999999999998348
NCOA6,NCOA6,1.0
NCOA7,NCOA7,0.9999999999999069
NCOR2,NCOR2,1.0
NCR3LG1,NCR3LG1,1.0
PRR11,NDC80,0.6680824076290154
KIF20B,NDC80,0.6713581518519804
STMN1,NDC80,0.6757119413569549
ANLN,NDC80,0.6762874480968276
CENPE,NDC80,0.6767268222772103
BIRC5,NDC80,0.6794737293240976
CEP55,NDC80,0.6854551529431597
HMMR,NDC80,0.688086465412748
GTSE1,NDC80,0.6902957232428748
PTTG1,NDC80,0.695955950109129
UBE2C,NDC80,0.7021854213928991
DLGAP5,NDC80,0.7028405177119524
ASPM,NDC80,0.7109402556434311
HMGB2,NDC80,0.7134491924538339
TPX2,NDC80,0.7150938886376494
MKI67,NDC80,0.7175547071170354
PRC1,NDC80,0.7237598419645853
NUSAP1,NDC80,0.7372180708076707
TOP2A,NDC80,0.7407190848132431
CENPF,NDC80,0.7433810656021802
NDC80,NDC80,0.9999999999999203
NDE1,NDE1,1.0
NDN,NDN,0.9999999999997262
NDOR1,NDOR1,1.0
NDRG1,NDRG1,0.9999999999996686
NDRG2,NDRG2,0.9999999999997219
NDRG4,NDRG4,1.0
NDST1,NDST1,0.9999999999999752
NDST3,NDST3,1.0
NDUFA4L2,NDUFA4L2,1.0
NDUFA6-DT,NDUFA6-DT,0.9999999999997222
NDUFAF6,NDUFAF6,1.0
NDUFAF7,NDUFAF7,1.0
NDUFV2-AS1,NDUFV2-AS1,1.0
EXOC6B,NEAT1,0.5371662486580516
FNIP1,NEAT1,0.5399072798593599
NFAT5,NEAT1,0.541745566818926
HSPB1,NEAT1,0.5421887184845704
KANSL1,NEAT1,0.5427914485371527
IFIT3,NEAT1,0.5437315871620415
MT-ND6,NEAT1,0.5465879103434029
DEK,NEAT1,0.5534766864315043
IFITM3,NEAT1,0.5540638211017237
VIM,NEAT1,0.5576088566067583
DOCK5,NEAT1,0.5581856195681172
IFI16,NEAT1,0.5595464694000112
ANP32B,NEAT1,0.5601264477600891
SLC12A8,NEAT1,0.5603057337520599
ABTB2,NEAT1,0.5609196800330345
PTMA,NEAT1,0.588827144502662
PVT1,NEAT1,0.5902462921419002
FTX,NEAT1,0.6080695215015647
ISG15,NEAT1,0.6276793424179371
MAGI1,NEAT1,0.6287929573142526
NEAT1,NEAT1,0.9999999999999822
NEB,NEB,1.0
IFI16,NEBL,0.5780645206821913
KCNMA1,NEBL,0.5810361016352553
HIP1,NEBL,0.5900399726767341
CENPT,NEBL,0.5934846603602862
AHNAK2,NEBL,0.5938826897621595
GAS7,NEBL,0.5997347038042793
DCN,NEBL,0.603671949076106
LINC00842,NEBL,0.603876274911519
HIPK2,NEBL,0.6081140145584724
RBP1,NEBL,0.621913036908301
SLC44A1,NEBL,0.6223792004913475
MIAT,NEBL,0.6274493243016429
ABTB2,NEBL,0.6292838425789664
IFI6,NEBL,0.6322186980872316
KRT18,NEBL,0.6393255819237164
CLU,NEBL,0.6420621093009956
TPST2,NEBL,0.6580637852479593
FLNB,NEBL,0.6692541059333109
MGP,NEBL,0.6700073369600043
SLC12A8,NEBL,0.7060547466313117
NEBL,NEBL,0.9999999999996805
NECAB1,NECAB1,1.0
NECAB3,NECAB3,0.999999999999797
NECTIN1-DT,NECTIN1-DT,1.0
NECTIN3,NECTIN3,1.0
NECTIN3-AS1,NECTIN3-AS1,0.9999999999999899
NEDD1,NEDD1,0.9999999999999898
NEDD4,NEDD4,1.0
NEDD4L,NEDD4L,0.9999999999999799
NEDD9,NEDD9,1.0
NEFH,NEFH,0.999999999999946
S100A6,NEGR1,0.42957367273067043
NEGR1,NEGR1,1.0
NEIL1,NEIL1,1.0
SMC4,NEIL3,0.4576787349692921
NCAPG,NEIL3,0.46127435258377597
PBK,NEIL3,0.4648653170203457
PCLAF,NEIL3,0.46495102164864566
GTSE1,NEIL3,0.46866009219449795
STMN1,NEIL3,0.46870511053942854
CDK1,NEIL3,0.4723166579506128
CEP55,NEIL3,0.4750048069411456
TMPO,NEIL3,0.47780974510422153
ASPM,NEIL3,0.4781182247786166
ANLN,NEIL3,0.48035863279118685
DIAPH3,NEIL3,0.4804238467260841
UBE2C,NEIL3,0.4871826500920564
PRC1,NEIL3,0.4981386563279147
TPX2,NEIL3,0.5019412217217492
CENPF,NEIL3,0.5043135815905565
MKI67,NEIL3,0.5051901581860649
NUSAP1,NEIL3,0.5081515625986236
HMGB2,NEIL3,0.5089517136919729
TOP2A,NEIL3,0.5302514719493397
NEIL3,NEIL3,0.9999999999999418
NEK10,NEK10,0.9999999999995699
PRR11,NEK2,0.523717355775901
CDKN3,NEK2,0.5237865304540769
BIRC5,NEK2,0.5259119881800071
CKAP2,NEK2,0.5264746006337924
CDCA8,NEK2,0.5291592150319185
ARL6IP1,NEK2,0.530438977778748
HMMR,NEK2,0.5320996849996941
GTSE1,NEK2,0.5362686196795413
NUSAP1,NEK2,0.5374494853350106
TOP2A,NEK2,0.5384869884508723
PTTG1,NEK2,0.5388558603734742
CENPE,NEK2,0.5407365296221819
MKI67,NEK2,0.5425069690884431
AURKA,NEK2,0.5439739555109798
TPX2,NEK2,0.5494633438320948
PRC1,NEK2,0.5507042122827357
CENPF,NEK2,0.565206651771638
CCNB1,NEK2,0.5759848137411702
ASPM,NEK2,0.5768134578882338
DLGAP5,NEK2,0.5772269719089479
NEK2,NEK2,0.9999999999999688
NEK3,NEK3,0.9999999999999618
NEK4,NEK4,1.0
NEK5,NEK5,1.0
NEK6,NEK6,1.0
NEK7,NEK7,0.9999999999999689
NEK9,NEK9,0.9999999999999809
NEMP1,NEMP1,0.999999999999864
NEMP2-DT,NEMP2-DT,1.0
NEO1,NEO1,1.0
NEPRO-AS1,NEPRO-AS1,0.9999999999999107
NES,NES,1.0
NET1,NET1,0.9999999999999288
NETO1,NETO1,0.9999999999998088
NETO1-DT,NETO1-DT,1.0
NETO2,NETO2,1.0
NEU3,NEU3,1.0
NEURL1,NEURL1,0.9999999999998529
NEURL2,NEURL2,1.0
NEURL4,NEURL4,1.0
SLC44A1,NEXN,0.41780638373929463
RBP1,NEXN,0.42088734271787037
LY6E,NEXN,0.42387348091545207
C12orf75,NEXN,0.4270493610880802
TPST2,NEXN,0.42781738433996236
MYL9,NEXN,0.42843150502890065
TPM4,NEXN,0.43014515250267565
SLC12A8,NEXN,0.4398306956934021
FLNB,NEXN,0.44029259776172497
ISG15,NEXN,0.45018769776971057
THBS1,NEXN,0.452692102888062
GREM1,NEXN,0.45371885155971176
IFI16,NEXN,0.4564560393035739
DCN,NEXN,0.45750931446060955
MGP,NEXN,0.4579683095042092
IFI6,NEXN,0.4856103798505768
TAGLN,NEXN,0.5193508819604652
TPM1,NEXN,0.5217397060164011
TPM2,NEXN,0.5349362076502713
CALD1,NEXN,0.5643012813687613
NEXN,NEXN,0.9999999999999938
NEXN-AS1,NEXN-AS1,1.0
NEAT1,NF1,0.4030547374275879
NF1,NF1,1.0
NFASC,NFASC,0.9999999999998805
NXN,NFAT5,0.43452088766595
FNIP1,NFAT5,0.43459323128048666
IFITM1,NFAT5,0.43470024661209566
FTX,NFAT5,0.4352133803772004
DLG1,NFAT5,0.4355337161842446
IFIT1,NFAT5,0.4369429329970315
HSPB1,NFAT5,0.4398883794960867
EXOC6B,NFAT5,0.4438733685027616
SLC12A8,NFAT5,0.44452958507577844
IFIT3,NFAT5,0.4460522421864008
MX1,NFAT5,0.44628724019749444
IFITM3,NFAT5,0.4470909064941858
IFI16,NFAT5,0.4514532685438563
KANSL1,NFAT5,0.4514800358832133
DOCK5,NFAT5,0.4565136809963381
MRTFA,NFAT5,0.4619996060655358
PVT1,NFAT5,0.48167059360554676
MAGI1,NFAT5,0.4930507711193521
ISG15,NFAT5,0.5122291613715195
NEAT1,NFAT5,0.541745566818926
NFAT5,NFAT5,1.0
NFATC2,NFATC2,1.0
NFATC3,NFATC3,0.999999999999715
NFATC4,NFATC4,1.0
NFE2,NFE2,1.0
NFIA,NFIA,0.9999999999996315
NFIB,NFIB,1.0
NFIL3,NFIL3,1.0
NFKBIA,NFKBIA,1.0
NFKBID,NFKBID,0.9999999999999165
NFKBIZ,NFKBIZ,1.0
NFRKB,NFRKB,1.0
NFX1,NFX1,1.0
NFXL1,NFXL1,0.9999999999998924
NFYA,NFYA,0.9999999999999408
NFYB,NFYB,1.0
NFYC-AS1,NFYC-AS1,1.0
NGF,NGF,0.9999999999999438
NGF-AS1,NGF-AS1,1.0
NGFR-AS1,NGFR-AS1,0.9999999999997935
NHEJ1,NHEJ1,0.9999999999998436
NHLRC3,NHLRC3,1.0
PVT1,NHS,0.40731320010472455
IFITM3,NHS,0.41064211807698897
ISG15,NHS,0.4158329113556907
MAGI1,NHS,0.4269233019503981
NEAT1,NHS,0.44942252288475876
NHS,NHS,0.9999999999999823
NHSL1,NHSL1,1.0
NHSL2,NHSL2,0.9999999999998419
NIBAN1,NIBAN1,0.9999999999999136
NID1,NID1,1.0
NID2,NID2,1.0
NIM1K,NIM1K,1.0
NIN,NIN,0.999999999999787
NINJ2,NINJ2,0.9999999999997852
NINL,NINL,1.0
NIPA1,NIPA1,1.0
NIPAL2,NIPAL2,0.9999999999998818
NIPAL4,NIPAL4,1.0
NIPBL,NIPBL,1.0
NIPBL-DT,NIPBL-DT,1.0
NISCH,NISCH,0.9999999999999467
NKAIN2,NKAIN2,0.9999999999999238
NKAPL,NKAPL,1.0
NKILA,NKILA,1.0
NKTR,NKTR,1.0
NLGN1,NLGN1,1.0
NLGN1-AS1,NLGN1-AS1,0.9999999999998712
NLGN2,NLGN2,0.9999999999999961
NLGN4X,NLGN4X,1.0
NLGN4Y,NLGN4Y,0.9999999999999291
NLK,NLK,1.0
NLN,NLN,1.0
NLRC3,NLRC3,1.0
NLRC4,NLRC4,0.999999999999901
NLRC5,NLRC5,0.9999999999998374
NLRP1,NLRP1,0.9999999999995619
NMB,NMB,1.0
NMD3,NMD3,1.0
RIGI,NMI,0.4712399264574465
HERC5,NMI,0.4759382230116138
SP110,NMI,0.47816434803239155
IFITM2,NMI,0.4832388372355127
SAMD9,NMI,0.48327566739835415
GBP1,NMI,0.48674603290781077
IFIT2,NMI,0.48716124865266375
IFITM3,NMI,0.5015624237698894
MX2,NMI,0.5082055714091364
PSMB9,NMI,0.5093722175261421
IFITM1,NMI,0.5146376375829212
STAT1,NMI,0.5162000373382856
PLSCR1,NMI,0.521717371853617
LAP3,NMI,0.529311511688289
IFI16,NMI,0.5374079137504069
IFIT3,NMI,0.5552684764772157
IFIT1,NMI,0.5684705863584429
EPSTI1,NMI,0.5716693537119465
ISG15,NMI,0.5797418287873864
MX1,NMI,0.5917442911434633
NMI,NMI,0.9999999999999825
NMRAL2P,NMRAL2P,1.0
NNMT,NNMT,1.0
NNT-AS1,NNT-AS1,0.9999999999998991
NOC2L,NOC2L,0.9999999999998216
NOCT,NOCT,1.0
NOD1,NOD1,0.9999999999998399
NODAL,NODAL,1.0
NOG,NOG,0.9999999999999061
NOL4L,NOL4L,0.9999999999996705
NOMO3,NOMO3,0.9999999999997956
NOP53,NOP53,1.0
NOP53-AS1,NOP53-AS1,0.999999999999797
NORAD,NORAD,0.9999999999999064
NOS1AP,NOS1AP,1.0
NOSTRIN,NOSTRIN,0.999999999999845
NOTCH2NLC,NOTCH2NLC,0.9999999999997703
NOTCH2NLR,NOTCH2NLR,0.9999999999997911
NOTCH3,NOTCH3,1.0
NOVA1,NOVA1,0.999999999999917
NOX4,NOX4,0.9999999999999809
NOX5,NOX5,1.0
NOXRED1,NOXRED1,1.0
ISG15,NPAS2,0.4101414988067366
NPAS2,NPAS2,1.0
NPAS3,NPAS3,0.9999999999999923
NPAT,NPAT,0.9999999999998876
NPC1,NPC1,1.0
CD59,NPC2,0.4349079002006535
NPC2,NPC2,0.9999999999999859
NPEPL1,NPEPL1,0.9999999999998864
NPEPPSP1,NPEPPSP1,1.0
NPFF,NPFF,1.0
NPHP3,NPHP3,0.9999999999997963
NPHP4,NPHP4,0.9999999999997344
NPIPA1,NPIPA1,0.9999999999999573
NPIPA7,NPIPA7,0.999999999999897
NPIPA9,NPIPA9,0.9999999999997977
NPIPB11,NPIPB11,0.9999999999998772
NPIPB12,NPIPB12,0.9999999999998147
NPIPB13,NPIPB13,0.9999999999995977
NPIPB15,NPIPB15,0.9999999999998024
NPIPB2,NPIPB2,0.9999999999998442
NPIPB3,NPIPB3,1.0
NPIPB4,NPIPB4,1.0
NPIPB5,NPIPB5,1.0
NPL,NPL,0.9999999999999726
NPPB,NPPB,1.0
NPR2,NPR2,0.9999999999999685
NPR3,NPR3,1.0
NPRL3,NPRL3,1.0
NPTN-IT1,NPTN-IT1,1.0
NPTX1,NPTX1,0.9999999999997963
NPW,NPW,1.0
IFITM3,NQO1,0.4082461854079571
DCN,NQO1,0.4118902086362231
IFI6,NQO1,0.4333446396605064
NQO1,NQO1,1.0
NQO1-DT,NQO1-DT,0.9999999999997106
NQO2-AS1,NQO2-AS1,1.0
NR0B1,NR0B1,1.0
NR1D1,NR1D1,1.0
NR1D2,NR1D2,0.9999999999998958
NR1H3,NR1H3,1.0
NR1I3,NR1I3,0.9999999999997629
NR2C1,NR2C1,1.0
NR2C2,NR2C2,1.0
NR2E3,NR2E3,0.999999999999879
NR2F1,NR2F1,0.9999999999998405
NR2F1-AS1,NR2F1-AS1,0.9999999999998895
IFI6,NR2F2,0.40688688997637623
LUM,NR2F2,0.42799432337976995
DCN,NR2F2,0.43400241679391177
NR2F2,NR2F2,1.0
NR2F2-AS1,NR2F2-AS1,0.9999999999997939
NR3C1,NR3C1,1.0
NR3C2,NR3C2,0.9999999999998453
NR4A1,NR4A1,0.999999999999912
NR4A2,NR4A2,1.0
NR4A3,NR4A3,0.9999999999998765
NR6A1,NR6A1,1.0
NRBP2,NRBP2,0.9999999999999879
NRCAM,NRCAM,1.0
NRDE2,NRDE2,1.0
TNC,NREP,0.40705162141702017
LUM,NREP,0.4107954555011844
CALD1,NREP,0.4183132141328155
GREM1,NREP,0.42084434280899885
FLNB,NREP,0.42376917802455827
CLU,NREP,0.42614241063481834
MGP,NREP,0.4277404740927469
IFI6,NREP,0.44539701980196333
DCN,NREP,0.4592023477905726
KRT18,NREP,0.46036948848157666
THBS1,NREP,0.4604995133674593
NREP,NREP,1.0
NREP-AS1,NREP-AS1,1.0
NRF1,NRF1,0.9999999999997545
NRG1,NRG1,0.9999999999999541
NRG3,NRG3,0.9999999999999404
NRIP1,NRIP1,1.0
NRIP3,NRIP3,1.0
NRIP3-DT,NRIP3-DT,0.9999999999999181
NRIR,NRIR,1.0
NRL,NRL,1.0
NRN1,NRN1,1.0
CLU,NRP1,0.40104305122919115
IFI6,NRP1,0.40334130282153924
MGP,NRP1,0.41681046710187325
LUM,NRP1,0.4305829719208647
KRT18,NRP1,0.44333067019612493
DCN,NRP1,0.45243420627784886
THBS1,NRP1,0.4605324336532816
NRP1,NRP1,1.0
NRP2,NRP2,1.0
NRXN3,NRXN3,1.0
NSD1,NSD1,1.0
NSD2,NSD2,0.9999999999999126
NSMAF,NSMAF,0.9999999999997916
NSMCE1-DT,NSMCE1-DT,1.0
NSMCE2,NSMCE2,0.9999999999998693
NSUN3,NSUN3,1.0
NSUN5P2,NSUN5P2,1.0
NSUN6,NSUN6,1.0
NSUN7,NSUN7,0.9999999999998702
NT5C1B,NT5C1B,0.9999999999996789
NT5C2,NT5C2,1.0
NT5C3A,NT5C3A,1.0
NT5DC3,NT5DC3,0.9999999999998695
NT5E,NT5E,0.9999999999999589
NTAQ1,NTAQ1,1.0
NTF3,NTF3,1.0
NTM,NTM,1.0
NTN1,NTN1,1.0
NTN4,NTN4,0.999999999999873
NTNG1,NTNG1,0.9999999999998735
NTRK1,NTRK1,1.0
NTRK2,NTRK2,0.9999999999996437
NTSR1,NTSR1,1.0
NUAK1,NUAK1,1.0
NUAK2,NUAK2,0.999999999999879
NUBP1,NUBP1,0.9999999999999989
NUBPL,NUBPL,0.9999999999998819
TMPO,NUCKS1,0.5717782283790338
GTSE1,NUCKS1,0.5729840979460658
SMC4,NUCKS1,0.575729469069988
PBK,NUCKS1,0.5771594855375183
ASPM,NUCKS1,0.5772793944644359
PCLAF,NUCKS1,0.5809111827158197
DLGAP5,NUCKS1,0.5830039228905713
CEP55,NUCKS1,0.5863127732984557
UBE2C,NUCKS1,0.593003344639357
MKI67,NUCKS1,0.5939775034019706
BIRC5,NUCKS1,0.6011002940480714
H2AZ1,NUCKS1,0.6053598631649669
TPX2,NUCKS1,0.6132783030823539
HMGB2,NUCKS1,0.6138757734977757
PTTG1,NUCKS1,0.6208390649080299
CENPF,NUCKS1,0.620884803571525
STMN1,NUCKS1,0.6219966851560363
PRC1,NUCKS1,0.6255371799926601
TOP2A,NUCKS1,0.6293505041800288
NUSAP1,NUCKS1,0.6369484687648272
NUCKS1,NUCKS1,0.9999999999999871
HMGB1,NUDT1,0.45069191824705046
MKI67,NUDT1,0.4511706126562035
CEP55,NUDT1,0.4514424821760959
CKS2,NUDT1,0.4594575788319854
GTSE1,NUDT1,0.4605772833608782
PBK,NUDT1,0.4630419354221561
BIRC5,NUDT1,0.4701052983631541
TPX2,NUDT1,0.47572085568197864
CKS1B,NUDT1,0.478426609634732
CENPW,NUDT1,0.48059987898970785
H2AZ1,NUDT1,0.4860838211858611
CENPF,NUDT1,0.4906213715584803
PRC1,NUDT1,0.49211893878997387
HMGB2,NUDT1,0.49503824169968913
PTTG1,NUDT1,0.4987460399277082
UBE2C,NUDT1,0.4998401687165737
TOP2A,NUDT1,0.5019127155103965
PCLAF,NUDT1,0.504315312074502
STMN1,NUDT1,0.5101045690304603
NUSAP1,NUDT1,0.512418261837523
NUDT1,NUDT1,1.0
NUDT11,NUDT11,0.9999999999999869
NUDT13,NUDT13,0.9999999999997355
NUDT16-DT,NUDT16-DT,0.999999999999775
NUDT19-DT,NUDT19-DT,0.9999999999998385
NUDT4,NUDT4,1.0
NUDT7,NUDT7,1.0
CCNB1,NUF2,0.6261859602648079
PRR11,NUF2,0.6289141617885817
BIRC5,NUF2,0.6320419787393036
KIF20B,NUF2,0.6359108817461872
ANLN,NUF2,0.6394040706041199
CENPE,NUF2,0.6406412726644504
HMMR,NUF2,0.6447182600142682
GTSE1,NUF2,0.6488801631308811
CEP55,NUF2,0.6499544836845903
DLGAP5,NUF2,0.6577766802453662
HMGB2,NUF2,0.6585215801901978
PTTG1,NUF2,0.6595994916792434
UBE2C,NUF2,0.6615672960858876
MKI67,NUF2,0.6658263412099928
PRC1,NUF2,0.6736799887868441
NUSAP1,NUF2,0.677324106068328
TPX2,NUF2,0.6773817823413957
ASPM,NUF2,0.68527047077701
TOP2A,NUF2,0.686072924352039
CENPF,NUF2,0.6983571598359382
NUF2,NUF2,0.9999999999998931
NUP107-DT,NUP107-DT,0.9999999999999016
NUP210L,NUP210L,1.0
NUP42,NUP42,0.9999999999999493
NUP50-DT,NUP50-DT,0.9999999999998124
NUP62,NUP62,1.0
FTL,NUPR1,0.41808825953670903
NUPR1,NUPR1,0.9999999999999902
SMC4,NUSAP1,0.7893755242679703
PRR11,NUSAP1,0.7894376449786895
CDK1,NUSAP1,0.7970458553333019
PBK,NUSAP1,0.8080977514374454
ANLN,NUSAP1,0.810099280024527
CEP55,NUSAP1,0.8140683420762914
HMMR,NUSAP1,0.814191293655218
DLGAP5,NUSAP1,0.8182656164470488
GTSE1,NUSAP1,0.8257040230911505
BIRC5,NUSAP1,0.8257772818977428
ASPM,NUSAP1,0.8262335665303936
STMN1,NUSAP1,0.828774681371931
MKI67,NUSAP1,0.8366115044657387
TPX2,NUSAP1,0.8486497593349261
PTTG1,NUSAP1,0.858578936404603
HMGB2,NUSAP1,0.8604023760974598
UBE2C,NUSAP1,0.8656952162554115
PRC1,NUSAP1,0.8766139486228591
CENPF,NUSAP1,0.8777150356541786
TOP2A,NUSAP1,0.9013869885308365
NUSAP1,NUSAP1,1.0
NUTM2A,NUTM2A,1.0
NUTM2A-AS1,NUTM2A-AS1,1.0
NUTM2B-AS1,NUTM2B-AS1,1.0
NUTM2E,NUTM2E,1.0
NVL,NVL,0.9999999999997677
PLSCR1,NXN,0.4540028237772162
HSPB1,NXN,0.4572969736824634
MT-ATP8,NXN,0.46001112413482614
DOCK5,NXN,0.4614575072552554
FAF1,NXN,0.4632584261724658
AKAP13,NXN,0.46460627641365804
IFITM1,NXN,0.4695727355691284
FNIP1,NXN,0.47610880711975834
IFITM3,NXN,0.4783215497599861
NEAT1,NXN,0.4848359259059929
KANSL1,NXN,0.4871806559046441
EPSTI1,NXN,0.4881621220248235
PVT1,NXN,0.49211183299779315
MAGI1,NXN,0.4923927803581547
MRTFA,NXN,0.4944953627316687
IFI16,NXN,0.49607757773618316
IFIT3,NXN,0.4963097793857601
IFIT1,NXN,0.5002736400557106
MX1,NXN,0.5173984811208668
ISG15,NXN,0.5635227673181593
NXN,NXN,0.9999999999998942
NXNL2,NXNL2,0.9999999999997724
NXPE1,NXPE1,0.9999999999999026
NXPH3,NXPH3,0.9999999999999215
OAF,OAF,0.9999999999998674
IFIH1,OAS1,0.4046427004119825
GBP1,OAS1,0.41317729821047977
PSMB9,OAS1,0.4190201007563124
SP110,OAS1,0.4192289336202097
IFITM3,OAS1,0.42564871818005806
RIGI,OAS1,0.4281366120465748
IFI6,OAS1,0.43108019233805406
IFIT2,OAS1,0.43584945276611753
LAP3,OAS1,0.4359094212224093
PLSCR1,OAS1,0.43636738488568794
HERC5,OAS1,0.4378768585329451
STAT1,OAS1,0.44661225579094865
IFITM1,OAS1,0.46022822011641906
MX2,OAS1,0.4608829903926078
IFI16,OAS1,0.4709358335469061
IFIT3,OAS1,0.4786954461677134
IFIT1,OAS1,0.4834954986914848
EPSTI1,OAS1,0.4898331119189892
MX1,OAS1,0.5004580860421127
ISG15,OAS1,0.5026196121828149
OAS1,OAS1,1.0
PARP14,OAS2,0.44843843761951313
IFITM3,OAS2,0.45442110579602146
GBP1,OAS2,0.4549640822762275
MT-ATP8,OAS2,0.4628491308624458
SP110,OAS2,0.4693153386107078
LAP3,OAS2,0.4806224126422338
RIGI,OAS2,0.4807335269660675
XAF1,OAS2,0.4808566792940726
IFI6,OAS2,0.4871450583125226
EIF2AK2,OAS2,0.48813601276581237
IFITM1,OAS2,0.49067051753892466
MX2,OAS2,0.5120855937601161
PLSCR1,OAS2,0.5171000088434061
IFI16,OAS2,0.5273851928643978
STAT1,OAS2,0.5286581041465732
IFIT1,OAS2,0.5411900293014474
EPSTI1,OAS2,0.5422052422424486
IFIT3,OAS2,0.5534086016450562
ISG15,OAS2,0.572251484068082
MX1,OAS2,0.5961678849120533
OAS2,OAS2,1.0
MT-ND4L,OAS3,0.4729326618605765
PSMB9,OAS3,0.4768452241339668
SP110,OAS3,0.4772813639850375
EIF2AK2,OAS3,0.4773831370050904
GBP1,OAS3,0.48290620984936344
RIGI,OAS3,0.49091856030835745
XAF1,OAS3,0.49298384890897096
IFI6,OAS3,0.49392770079101495
LAP3,OAS3,0.5027899945516745
IFITM1,OAS3,0.503957078133563
MT-ATP8,OAS3,0.5103928542773536
MX2,OAS3,0.5204150209465422
PLSCR1,OAS3,0.5215592771429585
STAT1,OAS3,0.5227222698205752
IFI16,OAS3,0.5279448271021489
EPSTI1,OAS3,0.5453379326211468
IFIT1,OAS3,0.547515322043709
IFIT3,OAS3,0.561258651289152
ISG15,OAS3,0.585064697182495
MX1,OAS3,0.5954920222550734
OAS3,OAS3,1.0
OASL,OASL,0.9999999999999578
OAZ3,OAZ3,1.0
OBI1,OBI1,0.9999999999999305
OBSCN,OBSCN,1.0
OBSCN-AS1,OBSCN-AS1,0.9999999999998925
OCIAD2,OCIAD2,0.999999999999937
OCRL,OCRL,1.0
ODAD2,ODAD2,0.9999999999997726
ODAD4,ODAD4,0.9999999999999735
ODAPH,ODAPH,1.0
ODF2,ODF2,0.9999999999999074
ODF2L,ODF2L,0.9999999999999315
ODF3B,ODF3B,0.9999999999999637
OFD1,OFD1,0.9999999999998878
OGA,OGA,1.0
OGN,OGN,0.9999999999998086
OGT,OGT,1.0
OIT3,OIT3,1.0
OLAH,OLAH,0.9999999999997456
OLFM2,OLFM2,1.0
OLFM4,OLFM4,0.9999999999998129
OLFML1,OLFML1,0.9999999999999194
OLFML2B,OLFML2B,0.9999999999999204
CLU,OLFML3,0.4212849041165381
RBP1,OLFML3,0.4380814295437312
OLFML3,OLFML3,1.0
OLMALINC,OLMALINC,1.0
OLR1,OLR1,0.9999999999998365
OMA1,OMA1,0.9999999999998846
OMD,OMD,1.0
OPA3,OPA3,0.9999999999999453
OPHN1,OPHN1,1.0
OPN3,OPN3,1.0
OPTN,OPTN,0.9999999999999788
OR10A2,OR10A2,0.9999999999998785
OR10A4,OR10A4,1.0
OR1J2,OR1J2,0.9999999999997574
OR1L8,OR1L8,0.9999999999998875
OR2A1-AS1,OR2A1-AS1,0.999999999999947
OR2A12,OR2A12,0.9999999999999788
OR2A7,OR2A7,1.0
OR2AG1,OR2AG1,0.9999999999998711
OR2AG2,OR2AG2,1.0
OR2D2,OR2D2,1.0
OR4F5,OR4F5,0.9999999999999588
OR52H1,OR52H1,1.0
OR6A2,OR6A2,0.9999999999996417
ORAI2,ORAI2,1.0
ORAI3,ORAI3,0.9999999999998093
CENPW,ORC6,0.5223977123460751
SMC4,ORC6,0.527252187119326
MKI67,ORC6,0.5277570666359589
GMNN,ORC6,0.5287403490361292
PBK,ORC6,0.5294872866597896
H2AZ1,ORC6,0.532146301989719
PTTG1,ORC6,0.5328060889043198
CEP55,ORC6,0.53611904415559
DIAPH3,ORC6,0.540386395735687
UBE2C,ORC6,0.5443964311972299
CENPF,ORC6,0.545479417774372
TPX2,ORC6,0.5468902945687646
PRC1,ORC6,0.550593793071897
TMPO,ORC6,0.558279015017834
CLSPN,ORC6,0.5666050564921284
NUSAP1,ORC6,0.5718408333526468
STMN1,ORC6,0.5757305237128668
TOP2A,ORC6,0.581027440207647
PCLAF,ORC6,0.586140568481578
HMGB2,ORC6,0.590315406492936
ORC6,ORC6,0.999999999999949
OSBP2,OSBP2,0.9999999999998493
OSBPL10,OSBPL10,0.9999999999997474
OSBPL10-AS1,OSBPL10-AS1,0.9999999999999098
OSBPL1A,OSBPL1A,0.9999999999999339
OSBPL3,OSBPL3,0.9999999999998582
OSBPL5,OSBPL5,1.0
OSBPL6,OSBPL6,1.0
OSBPL7,OSBPL7,1.0
OSBPL8,OSBPL8,1.0
PRUNE2,OSBPL9,0.4158004671955092
IFIT3,OSBPL9,0.4161590582690202
MIAT,OSBPL9,0.41730745204814684
TSC22D1,OSBPL9,0.42136188644832545
IFI16,OSBPL9,0.4296429853576064
HIPK2,OSBPL9,0.43312737563305576
LINC00842,OSBPL9,0.43522829397780904
AHNAK2,OSBPL9,0.43670301596560296
ABTB2,OSBPL9,0.4388236089224772
NEBL,OSBPL9,0.44287007690782837
RBP1,OSBPL9,0.44423412674221
IFI6,OSBPL9,0.45428859107036773
ISG15,OSBPL9,0.45733815427858066
FLNB,OSBPL9,0.458571866004086
TPST2,OSBPL9,0.4598266971850729
SLC44A1,OSBPL9,0.46081001632922575
CLU,OSBPL9,0.46669762869804615
KRT18,OSBPL9,0.4667818591126212
MGP,OSBPL9,0.4881874998828367
SLC12A8,OSBPL9,0.49291053466542006
OSBPL9,OSBPL9,1.0
OSCAR,OSCAR,0.9999999999998234
OSCP1,OSCP1,1.0
OSER1-DT,OSER1-DT,0.9999999999996748
OSGEP,OSGEP,0.999999999999968
OSGIN1,OSGIN1,1.0
OSMR,OSMR,1.0
OSMR-DT,OSMR-DT,1.0
DCN,OSR2,0.405171251480326
OSR2,OSR2,1.0
OTUD3,OTUD3,1.0
OTUD5,OTUD5,1.0
OTUD7B,OTUD7B,1.0
OTULIN,OTULIN,0.999999999999874
OTULINL,OTULINL,0.9999999999996735
OVCH1,OVCH1,0.9999999999999365
OVCH1-AS1,OVCH1-AS1,1.0
OVOL2,OVOL2,1.0
OXA1L-DT,OXA1L-DT,0.9999999999996768
OXR1,OXR1,1.0
OXR1-AS1,OXR1-AS1,0.9999999999997106
OXT,OXT,0.9999999999998335
OXTR,OXTR,1.0
P2RX4,P2RX4,0.9999999999999586
P2RX6,P2RX6,1.0
P2RY14,P2RY14,0.9999999999994437
P2RY6,P2RY6,0.9999999999997143
P3H3,P3H3,0.9999999999999896
P4HA2-AS1,P4HA2-AS1,1.0
P4HTM,P4HTM,0.9999999999998154
PABIR3,PABIR3,1.0
PABPC1L,PABPC1L,1.0
PABPC4L,PABPC4L,0.9999999999998003
PACERR,PACERR,0.9999999999999938
PACRG,PACRG,0.9999999999999847
PACRGL,PACRGL,0.9999999999998705
DOCK5,PACS1,0.4003972622804549
IFIT3,PACS1,0.40120413441214253
NXN,PACS1,0.4014940132496039
MRTFA,PACS1,0.40839754689180935
IFI16,PACS1,0.40936760929890187
MAGI1,PACS1,0.4101009939796061
MX1,PACS1,0.4114996976706367
PVT1,PACS1,0.413878548908247
NEAT1,PACS1,0.42562268680684157
ISG15,PACS1,0.45578380341000985
PACS1,PACS1,1.0
HIPK2,PACSIN2,0.41431322081532534
LINC00842,PACSIN2,0.4149424812112782
MIAT,PACSIN2,0.41643137330024466
AHNAK2,PACSIN2,0.4166764432529336
MORC3,PACSIN2,0.4187521596224847
DCN,PACSIN2,0.418821735750369
HIP1,PACSIN2,0.4218560821500909
ISG15,PACSIN2,0.42236989086902454
GAS7,PACSIN2,0.42624081898113514
ABTB2,PACSIN2,0.43320914316838544
CLU,PACSIN2,0.43474724104211027
MGP,PACSIN2,0.43568958954365755
SLC44A1,PACSIN2,0.4364952344712936
CENPT,PACSIN2,0.43729434454384325
KRT18,PACSIN2,0.43905397783529077
NEBL,PACSIN2,0.43997653425729777
IFI6,PACSIN2,0.4533340739324638
TPST2,PACSIN2,0.45889653023282295
FLNB,PACSIN2,0.4710515441168905
SLC12A8,PACSIN2,0.485996246296931
PACSIN2,PACSIN2,1.0
PAH,PAH,0.9999999999999607
PAK6,PAK6,0.9999999999996255
PALLD,PALLD,1.0
PALM,PALM,1.0
DCN,PALM2AKAP2,0.406101945849583
MGP,PALM2AKAP2,0.4191301280173024
KRT18,PALM2AKAP2,0.4243224896019709
PALM2AKAP2,PALM2AKAP2,1.0
PAM,PAM,0.9999999999998734
PAMR1,PAMR1,1.0
PAN2,PAN2,1.0
PAN3,PAN3,0.9999999999998948
PANK2-AS1,PANK2-AS1,1.0
PANX2,PANX2,0.999999999999871
PAPLN,PAPLN,1.0
PAPPA-AS1,PAPPA,0.47619335305112603
PAPPA,PAPPA,1.0
PAPPA,PAPPA-AS1,0.47619335305112603
PAPPA-AS1,PAPPA-AS1,1.0
PAPPA2,PAPPA2,1.0
PAPSS2,PAPSS2,1.0
PAQR3,PAQR3,0.9999999999999438
PAQR5,PAQR5,1.0
PAQR6,PAQR6,1.0
PAQR7,PAQR7,1.0
PAQR8,PAQR8,1.0
PARD3,PARD3,0.9999999999998952
FBXL7,PARD3B,0.4021729658005814
MAGI2,PARD3B,0.4025003113704705
ATXN1,PARD3B,0.40939122155257873
MAML2,PARD3B,0.4143483367850875
CACNA1C,PARD3B,0.4258690422052342
MT2A,PARD3B,0.42984174658869617
GRIK2,PARD3B,0.4301664954936209
PRKG1,PARD3B,0.4884843079870825
EXT1,PARD3B,0.5028164847471337
PARD3B,PARD3B,1.0
PARD6B,PARD6B,0.9999999999996682
PARD6G,PARD6G,1.0
PARG,PARG,1.0
PARP10,PARP10,1.0
PARP11,PARP11,1.0
PARP12,PARP12,1.0
MT-ND2,PARP14,0.5111034526730402
RNF213,PARP14,0.5181871553798558
IFITM1,PARP14,0.5202839214344773
IFI44L,PARP14,0.5249838315983703
EIF2AK2,PARP14,0.5395595732918282
MGP,PARP14,0.539856929744398
RIGI,PARP14,0.5440990355479117
PLSCR1,PARP14,0.5442850859085021
IFI6,PARP14,0.5454469200802882
XAF1,PARP14,0.5600015269074411
MX2,PARP14,0.5641147173476774
MT-ND4L,PARP14,0.5743084634692747
IFI16,PARP14,0.5761739274299595
IFIT1,PARP14,0.5768734270298299
IFIT3,PARP14,0.580934258184366
EPSTI1,PARP14,0.5878839591866571
ISG15,PARP14,0.5893018334781699
STAT1,PARP14,0.6018575787046078
MT-ATP8,PARP14,0.61571366298124
MX1,PARP14,0.6429516786853615
PARP14,PARP14,0.9999999999999867
PARP15,PARP15,1.0
PARP2,PARP2,0.9999999999998287
PARP4,PARP4,0.9999999999999047
PARP6,PARP6,0.9999999999996801
PARP8,PARP8,0.9999999999999141
ISG15,PARP9,0.40571412202667656
IFIT1,PARP9,0.40619016535307095
IFIT3,PARP9,0.4192422251693955
MX1,PARP9,0.42890707996022687
PARP9,PARP9,0.9999999999999294
PARPBP,PARPBP,0.9999999999998812
PARTICL,PARTICL,0.9999999999998248
PARVA,PARVA,1.0
PATJ,PATJ,0.9999999999999264
PAWR,PAWR,0.9999999999999015
PAX3,PAX3,1.0
PAX8,PAX8,1.0
PAX8-AS1,PAX8-AS1,0.9999999999997297
PAXBP1,PAXBP1,1.0
PAXIP1-AS2,PAXIP1-AS2,1.0
PAXIP1-DT,PAXIP1-DT,0.9999999999998379
PRR11,PBK,0.7118996945025827
SMC4,PBK,0.7127390674824758
PCLAF,PBK,0.7155934554470136
HMMR,PBK,0.732730962412545
ANLN,PBK,0.7385094707307517
GTSE1,PBK,0.7428380633843096
ASPM,PBK,0.7429207031393874
DLGAP5,PBK,0.7450628688874655
BIRC5,PBK,0.7468477964236626
CEP55,PBK,0.7478991275592339
STMN1,PBK,0.7487002159596097
UBE2C,PBK,0.7587447842750821
MKI67,PBK,0.7625346323771766
PTTG1,PBK,0.7710696556177973
HMGB2,PBK,0.7728683865301565
TPX2,PBK,0.7746445530003297
CENPF,PBK,0.7904289960105964
PRC1,PBK,0.7956924015716448
TOP2A,PBK,0.8010754352786398
NUSAP1,PBK,0.8080977514374454
PBK,PBK,1.0
SEMA5A,PBX1,0.4031783116583503
PRKG1,PBX1,0.4065785085831735
KIF26B,PBX1,0.4226063334185304
MAML2,PBX1,0.43348750670899344
S100A10,PBX1,0.44480526916100643
PBX1,PBX1,1.0
PBX1-AS1,PBX1-AS1,0.9999999999998844
PBX3,PBX3,1.0
PBX4,PBX4,1.0
PBXIP1,PBXIP1,0.9999999999998116
PC,PC,1.0
CENPT,PCA3,0.4264665900615089
UBASH3B,PCA3,0.428091686557093
DCN,PCA3,0.4294195489854303
ISG15,PCA3,0.43249126723535053
KRT18,PCA3,0.43632483028683555
GAS7,PCA3,0.4368817694361908
MAGI1,PCA3,0.4397583006489829
HIP1,PCA3,0.4406503327322554
CLU,PCA3,0.4466510795784006
KCNMA1,PCA3,0.4471945132356277
SLC44A1,PCA3,0.4499576792582391
ABTB2,PCA3,0.4501231565715986
HIPK2,PCA3,0.4510240465324793
TPST2,PCA3,0.45472760612157803
IFI6,PCA3,0.4600345146025232
MGP,PCA3,0.4660641082377905
NEBL,PCA3,0.4725693220271186
FLNB,PCA3,0.4808897131549243
PRUNE2,PCA3,0.4896613373544559
SLC12A8,PCA3,0.5116885387420411
PCA3,PCA3,1.0
PCBP1-AS1,PCBP1-AS1,1.0
PCBP2-OT1,PCBP2-OT1,0.9999999999998445
MGP,PCBP3,0.40189074499974975
MAGI1,PCBP3,0.40225788170537047
KCNMA1,PCBP3,0.4031383879016969
HIPK2,PCBP3,0.40337866696227587
FLNB,PCBP3,0.40777968938972486
PRUNE2,PCBP3,0.40972262139250654
HIP1,PCBP3,0.41368315912868286
IFI6,PCBP3,0.41412438601265916
NEAT1,PCBP3,0.41904306826907023
TPST2,PCBP3,0.420739511650401
ISG15,PCBP3,0.427411392597485
ABTB2,PCBP3,0.42872641703039965
NEBL,PCBP3,0.43598949275734133
SLC12A8,PCBP3,0.4380315650955191
PCBP3,PCBP3,1.0
PCBP4,PCBP4,1.0
PCCA,PCCA,0.9999999999999675
PCCA-AS1,PCCA-AS1,1.0
PCDH10,PCDH10,0.9999999999999335
PCDH18,PCDH18,1.0
PCDH7,PCDH7,1.0
PCDH8,PCDH8,0.9999999999996466
PCDH9,PCDH9,0.9999999999997357
PCDH9-AS2,PCDH9-AS2,0.9999999999996787
PCDHB14,PCDHB14,1.0
PCDHB16,PCDHB16,0.9999999999997146
PCDHB2,PCDHB2,0.9999999999999544
PCDHB5,PCDHB5,1.0
PCDHB9,PCDHB9,1.0
PCDHGA1,PCDHGA1,0.9999999999999317
PCDHGA10,PCDHGA10,0.9999999999999334
PCDHGA11,PCDHGA11,0.9999999999999357
PCDHGA12,PCDHGA12,0.9999999999998296
PCDHGA2,PCDHGA2,1.0
PCDHGA3,PCDHGA3,0.9999999999999329
PCDHGA4,PCDHGA4,0.9999999999999302
PCDHGA5,PCDHGA5,1.0
PCDHGA8,PCDHGA8,0.9999999999998838
PCDHGA9,PCDHGA9,1.0
PCDHGB4,PCDHGB4,0.9999999999999029
PCDHGB6,PCDHGB6,1.0
PCDHGB7,PCDHGB7,0.9999999999998554
PCED1A,PCED1A,1.0
PCED1B,PCED1B,0.9999999999999071
PCED1B-AS1,PCED1B-AS1,0.999999999999828
PCGF3,PCGF3,1.0
PCGF3-AS1,PCGF3-AS1,1.0
PCGF5,PCGF5,0.999999999999943
PCGF6,PCGF6,1.0
ANLN,PCLAF,0.7017951599753046
DUT,PCLAF,0.7021043748345913
TMPO,PCLAF,0.7060818174670445
MKI67,PCLAF,0.7085603303834422
CLSPN,PCLAF,0.7137544230487276
DIAPH3,PCLAF,0.7149899477341791
CKS1B,PCLAF,0.7155837937543614
PBK,PCLAF,0.7155934554470136
BIRC5,PCLAF,0.7191628063018457
CENPW,PCLAF,0.722951598349732
TPX2,PCLAF,0.7322837546699282
PTTG1,PCLAF,0.7393359624487622
CENPF,PCLAF,0.7397229898659159
UBE2C,PCLAF,0.7450580272711117
H2AZ1,PCLAF,0.7494823266224337
PRC1,PCLAF,0.7567443301087479
HMGB2,PCLAF,0.7667097853058227
TOP2A,PCLAF,0.7849539788278158
NUSAP1,PCLAF,0.7885180778205202
STMN1,PCLAF,0.7895858854161927
PCLAF,PCLAF,1.0
PCLO,PCLO,1.0
PCMTD1,PCMTD1,1.0
PCMTD1-DT,PCMTD1-DT,0.9999999999996908
PCMTD2,PCMTD2,0.9999999999998341
CENPU,PCNA,0.41770333331727727
UBE2T,PCNA,0.4212018291412304
DIAPH3,PCNA,0.42166119688035864
PRC1,PCNA,0.4236211271804406
RRM1,PCNA,0.4243679793063191
RAD51AP1,PCNA,0.4244345998422184
CENPK,PCNA,0.4265746919602514
DUT,PCNA,0.4271015298547592
RRM2,PCNA,0.42781070632433266
NUSAP1,PCNA,0.4287290883485944
ESCO2,PCNA,0.4296550296510038
TOP2A,PCNA,0.4307627516223857
HMGB2,PCNA,0.43998497238317924
GMNN,PCNA,0.4404543583200092
STMN1,PCNA,0.45152881028860975
HELLS,PCNA,0.4572277741352146
H2AZ1,PCNA,0.4577706538867576
ATAD2,PCNA,0.4614651888582626
PCLAF,PCNA,0.521495036434296
CLSPN,PCNA,0.5249215200652696
PCNA,PCNA,1.0
PCNT,PCNT,1.0
PCNX1,PCNX1,1.0
KANSL1,PCNX2,0.4245379397596843
FNIP1,PCNX2,0.42456987412836694
IFIT1,PCNX2,0.42627783918047196
NEBL,PCNX2,0.42740699708799557
EXOC6B,PCNX2,0.4281160307181264
GAS7,PCNX2,0.42853494555862753
KCNMA1,PCNX2,0.42999932370955546
IFI6,PCNX2,0.43026809867515464
ABTB2,PCNX2,0.43161084133725464
MX1,PCNX2,0.4317401244733961
DLG1,PCNX2,0.43284871165369276
MRTFA,PCNX2,0.43447820192605224
IFIT3,PCNX2,0.437129444640088
IFI16,PCNX2,0.44078777667600955
DOCK5,PCNX2,0.4422948472507159
PVT1,PCNX2,0.44487489918462986
SLC12A8,PCNX2,0.4515088719146007
MAGI1,PCNX2,0.4728938118864786
NEAT1,PCNX2,0.49273569023714364
ISG15,PCNX2,0.4943282144848308
PCNX2,PCNX2,0.9999999999998122
PCNX4,PCNX4,0.9999999999999724
PCNX4-DT,PCNX4-DT,1.0
PCOLCE,PCOLCE,1.0
PCOLCE2,PCOLCE2,1.0
PCSK1,PCSK1,1.0
PCSK4,PCSK4,0.9999999999996632
PCSK5,PCSK5,0.9999999999997059
PDC-AS1,PDC-AS1,0.9999999999997571
PDCD4-AS1,PDCD4-AS1,1.0
PDCD6-DT,PDCD6-DT,1.0
PDCL3,PDCL3,0.9999999999998568
PDE11A,PDE11A,0.9999999999999519
PDE1A,PDE1A,1.0
PDE1C,PDE1C,1.0
PDE3A,PDE3A,0.9999999999999688
PDE4A,PDE4A,0.9999999999997266
MT-ATP8,PDE4B,0.4203485912591475
S100A6,PDE4B,0.47272869188417777
PDE4B,PDE4B,1.0
PDE4D,PDE4D,1.0
PDE5A,PDE5A,1.0
PDE6C,PDE6C,0.9999999999996045
PDE6G,PDE6G,1.0
PDE7A,PDE7A,1.0
PDE7B,PDE7B,0.9999999999997048
PDE7B-AS1,PDE7B-AS1,0.9999999999999003
PDE8A,PDE8A,1.0
PDE8B,PDE8B,1.0
PDGFA-DT,PDGFA-DT,0.9999999999999175
PDGFC,PDGFC,0.9999999999997502
PDGFD,PDGFD,0.9999999999996411
SERPINE1,PDGFRA,0.406410579532846
PRRX1,PDGFRA,0.4188468758595466
THBS1,PDGFRA,0.44751371262962075
LUM,PDGFRA,0.4580112318030501
DCN,PDGFRA,0.4923749433014045
PDGFRA,PDGFRA,0.9999999999999903
PDGFRB,PDGFRB,0.9999999999999531
PDGFRL,PDGFRL,1.0
PDHX,PDHX,1.0
PDK1,PDK1,0.9999999999998399
PDK1-AS1,PDK1-AS1,0.9999999999999942
PDK4-AS1,PDK4-AS1,0.9999999999997166
PDLIM4,PDLIM4,0.9999999999998621
PDLIM5,PDLIM5,1.0
PDLIM7,PDLIM7,1.0
PDPN,PDPN,0.9999999999993336
PDS5B,PDS5B,1.0
PDSS2,PDSS2,0.999999999999961
PDXDC1,PDXDC1,0.999999999999883
PDXP-DT,PDXP-DT,1.0
PDZD2,PDZD2,1.0
PDZD7,PDZD7,0.9999999999999676
PDZK1,PDZK1,1.0
TTC39C,PDZRN3,0.40320459263949987
INPP4B,PDZRN3,0.40387708936475036
FMN2,PDZRN3,0.40408042990774634
BICC1,PDZRN3,0.40609280608154075
RORA,PDZRN3,0.4070945216375097
MKX,PDZRN3,0.40915068408649474
ARMC9,PDZRN3,0.4262476382909746
PRKG1,PDZRN3,0.4308013625366407
GRIK2,PDZRN3,0.4308645922889763
CEMIP,PDZRN3,0.4513341186547573
MAML2,PDZRN3,0.45731572299657425
SEMA5A,PDZRN3,0.4681397446588214
EXT1,PDZRN3,0.47320752015332473
PDZRN3,PDZRN3,1.0
PDZRN3-AS1,PDZRN3-AS1,0.9999999999998008
PRKG1,PEAK1,0.4219481401690393
MAML2,PEAK1,0.4255825686214538
EXT1,PEAK1,0.4473469491739562
PEAK1,PEAK1,1.0
PEAK3,PEAK3,0.9999999999998604
PECAM1,PECAM1,1.0
PEF1-AS1,PEF1-AS1,0.9999999999999395
PEG10,PEG10,1.0
PEG13,PEG13,0.9999999999993785
PELATON,PELATON,1.0
PELI1,PELI1,0.9999999999997851
PELI2,PELI2,0.9999999999997258
PELI3,PELI3,0.9999999999997456
PELO-AS1,PELO-AS1,1.0
PELP1-DT,PELP1-DT,1.0
PENK,PENK,0.9999999999999105
PENK-AS1,PENK-AS1,0.999999999999837
PER1,PER1,0.9999999999999579
PER2,PER2,0.9999999999999427
PER3,PER3,0.9999999999999946
PERM1,PERM1,1.0
PEX26,PEX26,0.9999999999999145
PEX6,PEX6,0.9999999999997763
PF4,PF4,1.0
PF4V1,PF4V1,0.9999999999998422
PFAS,PFAS,1.0
PFKFB2,PFKFB2,1.0
PFKFB3,PFKFB3,1.0
PFKFB4,PFKFB4,0.9999999999998342
PGA5,PGA5,0.9999999999995605
PGAP1,PGAP1,1.0
PGAP6,PGAP6,0.9999999999998269
PGBD2,PGBD2,1.0
PGF,PGF,0.9999999999997576
PGGHG,PGGHG,1.0
PGLS-DT,PGLS-DT,1.0
PGM2L1,PGM2L1,0.9999999999998171
PGM5,PGM5,0.9999999999998448
PGM5P2,PGM5P2,1.0
PGM5P4-AS1,PGM5P4-AS1,1.0
PGPEP1,PGPEP1,0.9999999999999112
PGRMC1,PGRMC1,1.0
PGS1,PGS1,0.9999999999998571
PHACTR1,PHACTR1,0.9999999999998781
PHACTR2,PHACTR2,0.9999999999999505
PHACTR2-AS1,PHACTR2-AS1,0.9999999999998654
PHAF1,PHAF1,1.0
PHC2,PHC2,0.9999999999997825
PHC3,PHC3,0.9999999999996944
PHF1,PHF1,1.0
PHF10,PHF10,0.9999999999999499
MGP,PHF11,0.43159023783140515
GBP1,PHF11,0.4334098245321723
DNAJA1,PHF11,0.43469245792577704
PSMB9,PHF11,0.43706784159465145
SP110,PHF11,0.4390605125628294
XAF1,PHF11,0.44241527334882913
EIF2AK2,PHF11,0.44836243234035195
LAP3,PHF11,0.4504592198899903
MX2,PHF11,0.45779296232333133
IFITM3,PHF11,0.4655940200905226
IFI6,PHF11,0.46922088187825867
PLSCR1,PHF11,0.4733339901247411
IFITM1,PHF11,0.4800895531305649
STAT1,PHF11,0.49225221016283044
IFIT1,PHF11,0.5070736378142088
IFI16,PHF11,0.513979313632978
EPSTI1,PHF11,0.5214283037563755
IFIT3,PHF11,0.5223146706482171
MX1,PHF11,0.5405634637282727
ISG15,PHF11,0.5480439140358374
PHF11,PHF11,0.9999999999999976
PHF13,PHF13,1.0
PBK,PHF19,0.5451383270374828
CDKN3,PHF19,0.5474493374946097
ANLN,PHF19,0.5492354084078522
PRR11,PHF19,0.5503634976982081
CEP55,PHF19,0.5609009572234935
STMN1,PHF19,0.5633239366102816
HMMR,PHF19,0.5680523669235695
GTSE1,PHF19,0.5695040778806892
BIRC5,PHF19,0.5756964749670576
MKI67,PHF19,0.5757422664605417
DLGAP5,PHF19,0.5811127549125406
ASPM,PHF19,0.5813250085023126
TPX2,PHF19,0.5834079746066905
HMGB2,PHF19,0.5908304972819615
PRC1,PHF19,0.5993197160350585
UBE2C,PHF19,0.601784932000981
PTTG1,PHF19,0.6019364064792491
TOP2A,PHF19,0.6033499223880201
CENPF,PHF19,0.6079795645447719
NUSAP1,PHF19,0.6117325834772459
PHF19,PHF19,0.9999999999999232
PHF2,PHF2,0.9999999999998737
PHF21A,PHF21A,1.0
PHF8,PHF8,1.0
PHGDH,PHGDH,1.0
PHIP,PHIP,0.9999999999999911
PHKA1-AS1,PHKA1-AS1,1.0
PHKA2,PHKA2,0.99999999999967
PHKG1,PHKG1,1.0
PHKG2,PHKG2,0.9999999999998432
PHLDA1,PHLDA1,1.0
PHLDA1-DT,PHLDA1-DT,1.0
ISG15,PHLDA2,0.43080655436211673
HSPB1,PHLDA2,0.458090475833424
PHLDA2,PHLDA2,1.0
PHLDB1,PHLDB1,0.9999999999999327
PHLDB2,PHLDB2,1.0
PHLDB3,PHLDB3,0.9999999999997728
SLC12A8,PHLPP1,0.4050707112514142
PHLPP1,PHLPP1,0.9999999999996705
PHOSPHO1,PHOSPHO1,1.0
PHYHD1,PHYHD1,1.0
PHYKPL,PHYKPL,1.0
PI16,PI16,0.9999999999995232
PI3,PI3,1.0
PI4K2A,PI4K2A,1.0
PI4K2B,PI4K2B,0.9999999999999444
PI4KA,PI4KA,1.0
PI4KAP1,PI4KAP1,0.9999999999998428
PI4KB,PI4KB,0.9999999999999356
PIANP,PIANP,0.9999999999996012
PIAS2,PIAS2,0.9999999999999315
PIAS4,PIAS4,1.0
PIBF1,PIBF1,0.9999999999999595
PICART1,PICART1,1.0
PICK1,PICK1,0.9999999999998732
PID1,PID1,1.0
PIERCE1,PIERCE1,1.0
PIEZO1,PIEZO1,1.0
PIEZO2,PIEZO2,0.999999999999836
PIF1,PIF1,1.0
PIGL,PIGL,1.0
PIGN,PIGN,0.9999999999998312
PIGQ,PIGQ,1.0
PIGZ,PIGZ,1.0
PIK3C2A,PIK3C2A,0.9999999999999662
PIK3C2B,PIK3C2B,1.0
PIK3C3,PIK3C3,0.999999999999887
PIK3CA,PIK3CA,0.9999999999999531
PIK3CB,PIK3CB,0.9999999999996335
PIK3CD,PIK3CD,1.0
PIK3CD-AS2,PIK3CD-AS2,1.0
PIK3IP1,PIK3IP1,0.9999999999996906
PIK3IP1-DT,PIK3IP1-DT,1.0
PIK3R1,PIK3R1,0.999999999999927
PIK3R3,PIK3R3,0.9999999999997613
PIKFYVE,PIKFYVE,0.9999999999997163
PILRA,PILRA,0.9999999999998787
PILRB,PILRB,0.999999999999896
PIM3,PIM3,1.0
PIN1-DT,PIN1-DT,0.9999999999998959
PINLYP,PINLYP,0.9999999999997735
PIP4K2A,PIP4K2A,0.999999999999795
PIP4K2B,PIP4K2B,0.9999999999997844
PIP5KL1,PIP5KL1,1.0
PIPOX,PIPOX,0.9999999999998199
PIR,PIR,0.99999999999988
PISD,PISD,1.0
PITPNC1,PITPNC1,1.0
PITPNM2,PITPNM2,0.9999999999998159
PITPNM3,PITPNM3,1.0
PITX1,PITX1,1.0
PITX1-AS1,PITX1-AS1,1.0
PIWIL2,PIWIL2,0.9999999999998443
PIWIL4-AS1,PIWIL4-AS1,1.0
PJA2,PJA2,1.0
PJVK,PJVK,0.9999999999999231
PKD1,PKD1,0.9999999999999013
PKD1L1,PKD1L1,0.9999999999999353
PKD1L1-AS1,PKD1L1-AS1,0.9999999999998288
PKD1L2,PKD1L2,0.9999999999995837
PKD1L3,PKD1L3,1.0
PKD2,PKD2,0.9999999999999323
PKD2L2,PKD2L2,1.0
PKD2L2-DT,PKD2L2-DT,1.0
PKDCC,PKDCC,0.9999999999996655
PKIA,PKIA,0.9999999999998324
PKIA-AS1,PKIA-AS1,1.0
PKIG,PKIG,1.0
PKN2-AS1,PKN2-AS1,1.0
PKNOX1,PKNOX1,0.9999999999999749
PKP4,PKP4,1.0
PKP4-AS1,PKP4-AS1,0.9999999999997378
PLA2G10,PLA2G10,1.0
PLA2G4A,PLA2G4A,1.0
PLA2G4C,PLA2G4C,1.0
PLA2G6,PLA2G6,0.9999999999999446
PLA2R1,PLA2R1,1.0
PLAAT2,PLAAT2,0.9999999999997236
PLAAT4,PLAAT4,1.0
PLAC4,PLAC4,1.0
PLAC8,PLAC8,1.0
PLAC8L1,PLAC8L1,0.9999999999996914
IFITM2,PLAC9,0.41979532564890654
TPM2,PLAC9,0.42178458602864494
MX1,PLAC9,0.4259439476778583
TPST2,PLAC9,0.43036416601762706
IFIT1,PLAC9,0.4380185798743989
SLC12A8,PLAC9,0.43903873010245215
FLNB,PLAC9,0.44159250684600154
KRT18,PLAC9,0.4462471775034781
STAT1,PLAC9,0.44675045280480946
MGP,PLAC9,0.4548248652046899
IFIT3,PLAC9,0.45902063351007316
CALD1,PLAC9,0.46788975388452303
EPSTI1,PLAC9,0.4699485676118563
LY6E,PLAC9,0.4712261083463714
IFITM1,PLAC9,0.4823438515886447
DCN,PLAC9,0.4867225013961924
IFITM3,PLAC9,0.5028850122843693
ISG15,PLAC9,0.5045306333571244
IFI16,PLAC9,0.5057972639923133
IFI6,PLAC9,0.5302891041323183
PLAC9,PLAC9,1.0
PLAC9P1,PLAC9P1,1.0
PLAG1,PLAG1,1.0
PLAGL1,PLAGL1,0.9999999999999408
PLAT,PLAT,1.0
PLAU,PLAU,0.9999999999998895
PLAUR,PLAUR,0.9999999999999531
PLBD1,PLBD1,0.9999999999997108
PLCB1,PLCB1,1.0
PLCB4,PLCB4,0.999999999999887
PLCD3,PLCD3,0.9999999999997841
PLCD4,PLCD4,1.0
PLCE1,PLCE1,0.9999999999999152
PLCE1-AS2,PLCE1-AS2,0.9999999999998301
PLCG1,PLCG1,0.9999999999998924
PLCG1-AS1,PLCG1-AS1,1.0
PLCL1,PLCL1,0.999999999999728
PLCL2,PLCL2,0.9999999999999727
PLCXD2,PLCXD2,0.9999999999998003
PLCXD3,PLCXD3,0.9999999999999939
PLD1,PLD1,1.0
PLD2,PLD2,0.999999999999926
PLEC,PLEC,0.9999999999999569
HERC5,PLEKHA4,0.40173204823191655
MT-ATP8,PLEKHA4,0.4032058469880032
RIGI,PLEKHA4,0.40383740493077835
MX2,PLEKHA4,0.41011230339610477
STAT1,PLEKHA4,0.41457273028081804
IFI16,PLEKHA4,0.41747555109122675
IFIT3,PLEKHA4,0.4215381126144734
ISG15,PLEKHA4,0.4307751254826076
EPSTI1,PLEKHA4,0.43180291688049316
IFIT2,PLEKHA4,0.43243800414117545
IFIT1,PLEKHA4,0.44201582235290793
MX1,PLEKHA4,0.4476352114270772
PLEKHA4,PLEKHA4,0.9999999999999339
PLEKHA5,PLEKHA5,1.0
PLEKHA6,PLEKHA6,1.0
PLEKHA8,PLEKHA8,0.9999999999998141
PLEKHG1,PLEKHG1,1.0
PLEKHG2,PLEKHG2,0.9999999999998134
PLEKHG3,PLEKHG3,1.0
PLEKHG5,PLEKHG5,1.0
PLEKHG6,PLEKHG6,0.9999999999998249
PLEKHG7,PLEKHG7,0.9999999999996668
PLEKHH2,PLEKHH2,1.0
PLEKHM1,PLEKHM1,1.0
PLEKHM2,PLEKHM2,0.9999999999996182
PLEKHM3,PLEKHM3,0.9999999999995147
PLEKHO1,PLEKHO1,1.0
PLEKHO2,PLEKHO2,1.0
PLET1,PLET1,1.0
PLIN2,PLIN2,0.9999999999999585
BIRC5,PLK1,0.557208829179456
CKAP2,PLK1,0.5582270501898063
HMMR,PLK1,0.5629705007301874
ANLN,PLK1,0.5633735335404231
CDKN3,PLK1,0.5682442913006168
GTSE1,PLK1,0.5688488677802308
PTTG1,PLK1,0.5747493195708115
AURKA,PLK1,0.5793679777897791
CDCA8,PLK1,0.5801520005556373
TOP2A,PLK1,0.5827059608679187
NUSAP1,PLK1,0.5838068078722618
UBE2C,PLK1,0.5841316924524119
CENPE,PLK1,0.5845232720470768
TPX2,PLK1,0.584943972534852
PRC1,PLK1,0.5873392656755255
MKI67,PLK1,0.5874572379823788
CENPF,PLK1,0.5974725880125151
ASPM,PLK1,0.598334949957785
DLGAP5,PLK1,0.6013527325752729
CCNB1,PLK1,0.6116610852143194
PLK1,PLK1,1.0
PLK2,PLK2,0.9999999999999178
PLK5,PLK5,1.0
PLN,PLN,1.0
PLOD2,PLOD2,1.0
PLP2,PLP2,0.9999999999999748
PLPP2,PLPP2,0.999999999999886
PLPP3,PLPP3,0.9999999999998727
PLPP4,PLPP4,0.9999999999997092
PLPP7,PLPP7,0.9999999999999305
PLPPR4,PLPPR4,1.0
PLS3,PLS3,1.0
PLS3-AS1,PLS3-AS1,0.9999999999998086
MGP,PLSCR1,0.5842030835864839
GBP1,PLSCR1,0.5843197891119255
PSMB9,PLSCR1,0.5869634682906013
SP110,PLSCR1,0.5926970251810149
RIGI,PLSCR1,0.5928349414800371
MT-ATP8,PLSCR1,0.595021060427851
EIF2AK2,PLSCR1,0.6058722661486958
IFITM3,PLSCR1,0.6089513245159408
XAF1,PLSCR1,0.616409947239907
LAP3,PLSCR1,0.616568403646124
IFI6,PLSCR1,0.6298407769686175
IFITM1,PLSCR1,0.6391545791651209
MX2,PLSCR1,0.6447728335445182
STAT1,PLSCR1,0.6666843513700951
IFI16,PLSCR1,0.6956084717631189
IFIT1,PLSCR1,0.6988140924789719
EPSTI1,PLSCR1,0.7010034595531252
IFIT3,PLSCR1,0.7086995530265462
ISG15,PLSCR1,0.7346129767388335
MX1,PLSCR1,0.7382454079624218
PLSCR1,PLSCR1,1.0
PLSCR4,PLSCR4,0.9999999999996478
PLTP,PLTP,0.9999999999998506
PLXDC1,PLXDC1,1.0
PLXDC2,PLXDC2,0.9999999999998825
PLXNA1,PLXNA1,1.0
LINC00842,PLXNA2,0.4046710372074354
RBP1,PLXNA2,0.40715242510766386
AHNAK2,PLXNA2,0.40814433316996823
DCN,PLXNA2,0.40939370148633863
MORC3,PLXNA2,0.41256809587126925
HIPK2,PLXNA2,0.4133929840248706
HIP1,PLXNA2,0.4135992686808444
GAS7,PLXNA2,0.41432506177054806
SLC44A1,PLXNA2,0.4149951228703424
CENPT,PLXNA2,0.41861782773182427
CLU,PLXNA2,0.42240161244622637
IFI6,PLXNA2,0.42375535401514164
MGP,PLXNA2,0.425111235305302
MIAT,PLXNA2,0.4257942812785836
NEBL,PLXNA2,0.4274067277625052
KRT18,PLXNA2,0.4294626167932371
ABTB2,PLXNA2,0.4332473985502237
TPST2,PLXNA2,0.4557113478603832
FLNB,PLXNA2,0.45874269242479737
SLC12A8,PLXNA2,0.4619449829571282
PLXNA2,PLXNA2,1.0
PLXNA3,PLXNA3,1.0
SLC12A8,PLXNA4,0.4067196858458761
PLXNA4,PLXNA4,1.0
PLXNB1,PLXNB1,1.0
PLXNB2,PLXNB2,1.0
PLXNB3-AS1,PLXNB3-AS1,0.9999999999999898
PLXNC1,PLXNC1,1.0
PLXND1,PLXND1,0.999999999999918
PM20D1,PM20D1,1.0
PMAIP1,PMAIP1,1.0
PMEL,PMEL,0.999999999999997
PMP22,PMP22,0.9999999999999173
PMS2P3,PMS2P3,0.9999999999997425
PMS2P4,PMS2P4,0.9999999999998423
PNISR-AS1,PNISR-AS1,0.9999999999998967
PNKP,PNKP,1.0
PNMA2,PNMA2,0.9999999999999327
PNMA6A,PNMA6A,1.0
PNMT,PNMT,0.9999999999998725
PNPLA2,PNPLA2,1.0
PNPLA3,PNPLA3,1.0
PNPLA7,PNPLA7,1.0
PNRC1,PNRC1,0.9999999999999488
POC1B,POC1B,1.0
POC1B-AS1,POC1B-AS1,1.0
PODN,PODN,0.9999999999997932
PODNL1,PODNL1,0.9999999999999093
PODXL,PODXL,1.0
POGK,POGK,1.0
POGLUT3,POGLUT3,1.0
POGZ,POGZ,1.0
POLA2,POLA2,0.9999999999999403
POLD3,POLD3,0.9999999999999144
POLE,POLE,0.9999999999999981
POLE3,POLE3,0.9999999999999774
POLG2,POLG2,0.999999999999735
POLM,POLM,1.0
POLN,POLN,1.0
POLQ,POLQ,1.0
POLR2J3,POLR2J3,0.999999999999914
POLR3G,POLR3G,1.0
POM121C,POM121C,0.9999999999996362
POM121L9P,POM121L9P,1.0
POMT2,POMT2,0.9999999999998326
POMZP3,POMZP3,0.9999999999997504
POR,POR,1.0
POSTN,POSTN,1.0
POT1,POT1,0.9999999999998523
FLNB,POT1-AS1,0.4046334283328491
CLU,POT1-AS1,0.4067892251047115
PRUNE2,POT1-AS1,0.4093084841316224
NEBL,POT1-AS1,0.41562038520929434
HIPK2,POT1-AS1,0.41685282648614513
ISG15,POT1-AS1,0.42106395069813296
IFI6,POT1-AS1,0.42991670984657004
MGP,POT1-AS1,0.43834072272100016
SLC12A8,POT1-AS1,0.4632176420018665
POT1-AS1,POT1-AS1,1.0
POU2F1,POU2F1,1.0
POU2F2,POU2F2,1.0
POU2F2-AS1,POU2F2-AS1,1.0
POU5F1,POU5F1,0.9999999999998583
POU5F2,POU5F2,0.9999999999997796
POU6F1,POU6F1,0.9999999999998958
PPARA,PPARA,0.9999999999998781
PPARD,PPARD,0.9999999999998883
PPARG,PPARG,1.0
PPCDC,PPCDC,0.9999999999996647
PPFIA2,PPFIA2,1.0
PPFIA4,PPFIA4,0.999999999999824
PPFIBP2,PPFIBP2,1.0
PPIEL,PPIEL,0.9999999999998597
PPIF,PPIF,0.9999999999999283
PPIL2,PPIL2,1.0
PPIL6,PPIL6,0.9999999999996644
PPIP5K1,PPIP5K1,1.0
PPM1D,PPM1D,1.0
PPM1E,PPM1E,0.9999999999998311
PPM1F,PPM1F,0.999999999999996
PPM1H,PPM1H,0.9999999999998034
PPM1K,PPM1K,1.0
PPM1L,PPM1L,1.0
PPME1,PPME1,0.9999999999999093
PPP1R10,PPP1R10,0.9999999999998562
PPP1R12A-AS1,PPP1R12A-AS1,0.9999999999998819
PPP1R12A-AS2,PPP1R12A-AS2,1.0
PPP1R12B,PPP1R12B,0.9999999999997689
PPP1R12C,PPP1R12C,0.9999999999998876
PPP1R13B,PPP1R13B,1.0
PPP1R14A,PPP1R14A,1.0
PPP1R14B-AS1,PPP1R14B-AS1,0.9999999999999631
PPP1R14D,PPP1R14D,0.9999999999999132
PPP1R15A,PPP1R15A,1.0
PPP1R15B,PPP1R15B,1.0
PPP1R15B-AS1,PPP1R15B-AS1,0.9999999999997363
PPP1R16A,PPP1R16A,1.0
PPP1R1C,PPP1R1C,0.9999999999997058
PPP1R26-AS1,PPP1R26-AS1,0.9999999999998745
PPP1R27,PPP1R27,1.0
PPP1R35-AS1,PPP1R35-AS1,1.0
PPP1R36,PPP1R36,0.9999999999999613
PPP1R3B-DT,PPP1R3B-DT,0.9999999999999302
PPP1R3C,PPP1R3C,0.9999999999997679
PPP1R3D,PPP1R3D,0.9999999999997946
PPP1R3E,PPP1R3E,1.0
PPP1R3F,PPP1R3F,1.0
PPP1R3G,PPP1R3G,0.9999999999997332
PPP1R42,PPP1R42,0.9999999999997323
PPP2R2D,PPP2R2D,0.999999999999965
PPP2R3A,PPP2R3A,0.9999999999998563
PPP2R3B,PPP2R3B,1.0
PPP2R3C,PPP2R3C,0.9999999999999375
PPP2R5A,PPP2R5A,0.9999999999996771
PPP3CB,PPP3CB,0.9999999999998217
PPP3CC,PPP3CC,1.0
PPP4R4,PPP4R4,1.0
PPP5D1P,PPP5D1P,0.9999999999998963
PPP6R2,PPP6R2,0.99999999999995
PPP6R3,PPP6R3,0.9999999999997476
PPRC1,PPRC1,1.0
PRAC2,PRAC2,0.999999999999685
PRAG1,PRAG1,0.9999999999998885
PRANCR,PRANCR,1.0
PRAP1,PRAP1,1.0
PRB3,PRB3,1.0
PRB4,PRB4,1.0
SMC4,PRC1,0.7833986877468567
CENPE,PRC1,0.7835306289070384
PRR11,PRC1,0.7857667758761648
PBK,PRC1,0.7956924015716448
STMN1,PRC1,0.805652104177822
HMMR,PRC1,0.8072852075230592
GTSE1,PRC1,0.8089574799973641
ANLN,PRC1,0.810200836198136
UBE2C,PRC1,0.8137268482138129
CEP55,PRC1,0.8151952616937378
BIRC5,PRC1,0.8188530871051845
DLGAP5,PRC1,0.8241754084417604
ASPM,PRC1,0.8307607989490529
HMGB2,PRC1,0.8309511735655659
PTTG1,PRC1,0.8421881600883449
MKI67,PRC1,0.8466143956673715
TPX2,PRC1,0.859966186591226
TOP2A,PRC1,0.8692387344514246
CENPF,PRC1,0.8765545246887602
NUSAP1,PRC1,0.8766139486228591
PRC1,PRC1,0.9999999999998854
PRCD,PRCD,0.9999999999999537
PRDM1,PRDM1,1.0
PRDM10,PRDM10,1.0
PRDM11,PRDM11,0.9999999999997473
PRDM15,PRDM15,0.9999999999999996
PRDM5,PRDM5,0.9999999999998614
PRDM6,PRDM6,1.0
PRDM8,PRDM8,0.9999999999999966
FTL,PRDX5,0.4662974306789127
TXN,PRDX5,0.47145479689647335
TPST2,PRDX5,0.47383870329749145
IGFBP6,PRDX5,0.4758383799749417
FLNB,PRDX5,0.4762144538873064
SLC12A8,PRDX5,0.4768570806989013
SH3BGRL3,PRDX5,0.4798870331008055
S100A13,PRDX5,0.4808405315434864
CFB,PRDX5,0.4813675906855119
BLVRB,PRDX5,0.48830461589318863
KRT19,PRDX5,0.4898779116994888
RBP1,PRDX5,0.5128612804633605
CSTB,PRDX5,0.5176742030277142
S100A10,PRDX5,0.5321420561361776
ELOB,PRDX5,0.5322382818395873
S100A4,PRDX5,0.5325472470235632
MGP,PRDX5,0.5491975789059974
CLU,PRDX5,0.5573754411661931
KRT18,PRDX5,0.5765202042710696
S100A6,PRDX5,0.6450310930260879
PRDX5,PRDX5,0.999999999999992
PRDX6,PRDX6,1.0
PRDX6-AS1,PRDX6-AS1,0.9999999999999057
PRECSIT,PRECSIT,0.9999999999998413
PRELID2,PRELID2,0.9999999999999396
PRELP,PRELP,0.9999999999997914
PREP,PREP,1.0
PREX1,PREX1,0.999999999999996
PREX2,PREX2,1.0
PRG2,PRG2,0.9999999999993943
PRH1,PRH1,0.9999999999998223
PRH2,PRH2,0.9999999999999927
PRICKLE1,PRICKLE1,1.0
PRICKLE2,PRICKLE2,0.999999999999794
PRICKLE2-AS3,PRICKLE2-AS3,1.0
GMNN,PRIM1,0.4008747688242224
HMGB2,PRIM1,0.40374575643601013
STMN1,PRIM1,0.4089091888134941
PCLAF,PRIM1,0.4200017821374687
CLSPN,PRIM1,0.4428783185311227
PRIM1,PRIM1,1.0
PRIM2,PRIM2,0.9999999999999737
PRKAA1,PRKAA1,1.0
PRKAB1,PRKAB1,0.999999999999883
PRKACB,PRKACB,1.0
PRKAR2A-AS1,PRKAR2A-AS1,1.0
PRKAR2B,PRKAR2B,0.9999999999999156
GLIS3,PRKCA,0.4181268541789636
EXOC6B,PRKCA,0.42261218925669913
MAGI2,PRKCA,0.4240463126203151
NXN,PRKCA,0.4263721395835377
TTC28,PRKCA,0.42740138413103307
RASAL2,PRKCA,0.430727582597605
MRTFA,PRKCA,0.43181951083397196
CACNA1C,PRKCA,0.43524684736751806
VPS13B,PRKCA,0.4390287892611476
TRIO,PRKCA,0.43978976215344584
EXT1,PRKCA,0.44223460497173833
KANSL1,PRKCA,0.4424152114529832
PVT1,PRKCA,0.4482836562957168
HSPB1,PRKCA,0.45240413537010754
ISG15,PRKCA,0.4561776173493831
IFITM3,PRKCA,0.45907948554764
FTX,PRKCA,0.4624771711664629
ATXN1,PRKCA,0.46448553956769234
NEAT1,PRKCA,0.47202315561134167
MAGI1,PRKCA,0.47466497895263
PRKCA,PRKCA,1.0
PRKCA-AS1,PRKCA-AS1,1.0
PRKCE,PRKCE,1.0
PRKCG,PRKCG,0.999999999999928
PRKCH,PRKCH,1.0
PRKCQ,PRKCQ,1.0
PRKD1,PRKD1,0.9999999999998781
PRKD2,PRKD2,0.9999999999999043
PRKD3,PRKD3,0.99999999999991
S100A11,PRKG1,0.4163852825005221
ZBTB20,PRKG1,0.41861105060563103
PEAK1,PRKG1,0.4219481401690393
LINC-PINT,PRKG1,0.4283288202232796
PDZRN3,PRKG1,0.4308013625366407
MAGI2,PRKG1,0.43101279447103397
BICC1,PRKG1,0.43160575266122597
CACNA1C,PRKG1,0.4317258074850095
SEMA5A,PRKG1,0.4330862176029543
FBXL7,PRKG1,0.43630584792930677
ATXN1,PRKG1,0.4382785527493365
KIF26B,PRKG1,0.4445948506629066
FTX,PRKG1,0.4587580334261166
RORA,PRKG1,0.46074849982975363
MIF,PRKG1,0.46215325968983784
MAML2,PRKG1,0.46759252886357794
MT2A,PRKG1,0.4729543555447292
GRIK2,PRKG1,0.47963270497393523
PARD3B,PRKG1,0.4884843079870825
EXT1,PRKG1,0.5322220290590385
PRKG1,PRKG1,0.9999999999999619
PRKG1-AS1,PRKG1-AS1,1.0
PRKG2,PRKG2,1.0
PRKN,PRKN,1.0
PRLR,PRLR,0.9999999999999148
PRMT5-DT,PRMT5-DT,0.9999999999996305
PRMT9,PRMT9,1.0
PRNP,PRNP,0.9999999999999285
PROCA1,PROCA1,1.0
PROCR,PROCR,0.9999999999997526
PRORP,PRORP,1.0
PROSER2,PROSER2,1.0
PROSER3,PROSER3,1.0
PROX1,PROX1,1.0
PROZ,PROZ,0.999999999999837
PRPF18,PRPF18,1.0
PRPF39,PRPF39,1.0
PRPF40B,PRPF40B,1.0
PRPH2,PRPH2,1.0
PRPS1,PRPS1,1.0
PRPS2,PRPS2,1.0
SMC4,PRR11,0.7149786064516541
KIF20B,PRR11,0.721054836270576
STMN1,PRR11,0.7267194781926193
CENPE,PRR11,0.7296116190339633
CEP55,PRR11,0.7363663563522354
ANLN,PRR11,0.7387400465527295
HMMR,PRR11,0.7412934876870712
BIRC5,PRR11,0.7438540810954777
GTSE1,PRR11,0.7457161348809155
HMGB2,PRR11,0.7562982816599182
DLGAP5,PRR11,0.763202545479839
ASPM,PRR11,0.7685421883801542
UBE2C,PRR11,0.7686422289413649
MKI67,PRR11,0.7708176210102891
PTTG1,PRR11,0.7760107778482269
TPX2,PRR11,0.7814287618774919
PRC1,PRR11,0.7857667758761648
NUSAP1,PRR11,0.7894376449786895
TOP2A,PRR11,0.7997492919273909
CENPF,PRR11,0.8110974546069106
PRR11,PRR11,0.9999999999999977
PRR15,PRR15,1.0
PRR15-DT,PRR15-DT,1.0
S100A6,PRR16,0.42151247070486053
MAML2,PRR16,0.42364720217538615
PRR16,PRR16,0.9999999999999619
PRR22,PRR22,1.0
PRR34,PRR34,0.9999999999999691
PRR5,PRR5,1.0
PRR7,PRR7,0.9999999999999832
PRRC2B,PRRC2B,0.9999999999998221
PRRG1,PRRG1,0.9999999999999575
PRRT1,PRRT1,1.0
PRRT1B,PRRT1B,1.0
PRRT2,PRRT2,1.0
TNC,PRRX1,0.41189280253526034
S100A10,PRRX1,0.4134522005164725
MGP,PRRX1,0.414233789524194
FLNB,PRRX1,0.4144146321289424
PDGFRA,PRRX1,0.4188468758595466
CTSK,PRRX1,0.4189259489225247
RND3,PRRX1,0.42033601310389923
MME,PRRX1,0.4231412744626196
SERPINE1,PRRX1,0.42621718672978587
KRT18,PRRX1,0.44014523358304053
IFI6,PRRX1,0.4404735671629794
THBS1,PRRX1,0.45778529755516895
DCN,PRRX1,0.4992304545729144
LUM,PRRX1,0.5219345821408117
PRRX1,PRRX1,0.9999999999999729
PRRX2,PRRX2,0.9999999999999779
PRSS12,PRSS12,1.0
S100A6,PRSS23,0.45028686487765035
IFI16,PRSS23,0.4566787239454038
RBP1,PRSS23,0.4579067404677986
KRT19,PRSS23,0.4582811840848913
AHNAK2,PRSS23,0.4584717498696529
SGK1,PRSS23,0.45862590082668375
PRUNE2,PRSS23,0.4586417939116901
SERPINE1,PRSS23,0.46512797531714256
THBS1,PRSS23,0.46579416675108576
DCN,PRSS23,0.4854507120992136
LINC00842,PRSS23,0.48716542446916716
TPST2,PRSS23,0.4881387765484223
S100A10,PRSS23,0.48976437201897316
IFI6,PRSS23,0.502993039620764
SLC44A1,PRSS23,0.5033390314432685
CLU,PRSS23,0.5167374633221884
SLC12A8,PRSS23,0.5174131132028053
FLNB,PRSS23,0.5240079822960673
KRT18,PRSS23,0.5477231698097405
MGP,PRSS23,0.5595287389889505
PRSS23,PRSS23,0.9999999999999901
PRSS27,PRSS27,1.0
KRT19,PRSS3,0.5315074625070159
CENPT,PRSS3,0.5352656171071468
AHNAK2,PRSS3,0.5421607082944163
S100A10,PRSS3,0.54532058123722
ENSG00000291105,PRSS3,0.5492356383225881
IFI16,PRSS3,0.5602989807925193
MORC3,PRSS3,0.5635461593012416
LINC00842,PRSS3,0.5705475315146443
CALD1,PRSS3,0.5725680619285686
SLC44A1,PRSS3,0.5760383741018124
THBS1,PRSS3,0.5776880598988936
SLC12A8,PRSS3,0.5910891451886457
DCN,PRSS3,0.5972925289151864
RBP1,PRSS3,0.6094061468623514
IFI6,PRSS3,0.6105095467684495
TPST2,PRSS3,0.6273644148681775
FLNB,PRSS3,0.6361687041176396
CLU,PRSS3,0.638019575876879
MGP,PRSS3,0.6556915296347042
KRT18,PRSS3,0.6628379071403155
PRSS3,PRSS3,0.9999999999997243
PRSS35,PRSS35,1.0
PRSS36,PRSS36,1.0
PRSS48,PRSS48,0.9999999999994634
PRSS51,PRSS51,1.0
PRTFDC1,PRTFDC1,0.9999999999998619
PRTG,PRTG,0.9999999999998588
GAS7,PRUNE2,0.5454160382027854
HIP1,PRUNE2,0.5458131861900698
IFITM1,PRUNE2,0.5542496286249066
LY6E,PRUNE2,0.5557834819832147
ABTB2,PRUNE2,0.5590201773320903
AHNAK2,PRUNE2,0.5641412400085904
LINC00842,PRUNE2,0.5721129147073317
DCN,PRUNE2,0.5723041611440698
HIPK2,PRUNE2,0.5745707601664545
NEBL,PRUNE2,0.5752711196166143
IFI16,PRUNE2,0.5833708950845102
ISG15,PRUNE2,0.5876045314683784
TPST2,PRUNE2,0.5927092791666038
SLC44A1,PRUNE2,0.5946826451103063
KRT18,PRUNE2,0.6102537147445153
CLU,PRUNE2,0.6118108697262988
FLNB,PRUNE2,0.6174867905843385
IFI6,PRUNE2,0.6285802164363194
MGP,PRUNE2,0.6471054110395325
SLC12A8,PRUNE2,0.6635331093400866
PRUNE2,PRUNE2,1.0
PRXL2A,PRXL2A,1.0
ABTB2,PSAP,0.4460563392427499
ISG15,PSAP,0.4476485781672344
MIAT,PSAP,0.4478840176161621
JUP,PSAP,0.44826547254412147
NEBL,PSAP,0.4565234877789041
SPARC,PSAP,0.4610671755079005
KRT19,PSAP,0.4697206383011578
LINC00842,PSAP,0.4698540656478619
GSN,PSAP,0.48912956896041404
AHNAK2,PSAP,0.507524581749893
TPST2,PSAP,0.5130472373587021
SLC44A1,PSAP,0.5135873272439062
FBLN2,PSAP,0.5146375398928724
RBP1,PSAP,0.5163201091316565
FLNB,PSAP,0.51694092130491
CFB,PSAP,0.5206315936784667
KRT18,PSAP,0.5438235716977846
SLC12A8,PSAP,0.5461817132801617
MGP,PSAP,0.5669622922380376
CLU,PSAP,0.6003953030314505
PSAP,PSAP,1.0
PSAT1,PSAT1,0.9999999999999366
PSD,PSD,0.9999999999999353
NEAT1,PSD3,0.43667225915319224
PSD3,PSD3,0.9999999999999646
PSD4,PSD4,0.9999999999998047
PSEN1,PSEN1,1.0
PSEN2,PSEN2,1.0
PSG1,PSG1,0.9999999999998622
PSG11,PSG11,1.0
PSG11-AS1,PSG11-AS1,1.0
PSG2,PSG2,0.9999999999996436
PSG4,PSG4,0.9999999999997622
CTSC,PSG5,0.4395830293426799
IFITM3,PSG5,0.4425364998079272
GREM1,PSG5,0.4434538476399008
STAT1,PSG5,0.44356619495142674
FLNB,PSG5,0.4442207246122272
TAGLN,PSG5,0.45163973557679066
SLC12A8,PSG5,0.454304530428206
IFITM1,PSG5,0.4549253707601044
RAB3B,PSG5,0.45512788295086537
CLU,PSG5,0.4615743850200068
DCN,PSG5,0.46766562132657374
IFI16,PSG5,0.47217681730750743
TPM2,PSG5,0.47250402427784277
IFIT3,PSG5,0.4753250207402408
TPM1,PSG5,0.47583795958726954
LY6E,PSG5,0.47858977328063806
ISG15,PSG5,0.48216928954251626
CALD1,PSG5,0.48222646219805876
MGP,PSG5,0.5016585252231249
IFI6,PSG5,0.5437706277516283
PSG5,PSG5,0.9999999999999868
PSG6,PSG6,0.9999999999999154
PSG7,PSG7,1.0
PSG8,PSG8,0.9999999999998426
PSG9,PSG9,1.0
PSIP1,PSIP1,0.999999999999948
PSKH1,PSKH1,1.0
PSMA3-AS1,PSMA3-AS1,0.9999999999998297
PSMB8-AS1,PSMB8-AS1,1.0
IFIT2,PSMB9,0.5392893078922963
SAMD9,PSMB9,0.540494599563632
LY6E,PSMB9,0.5408035930447636
RIGI,PSMB9,0.542978791805556
SP110,PSMB9,0.5535365077618921
GBP1,PSMB9,0.5719851082526268
IFITM2,PSMB9,0.572570645320201
LAP3,PSMB9,0.5749021002236884
MX2,PSMB9,0.5780476186109572
IFI6,PSMB9,0.5851716614973077
STAT1,PSMB9,0.5855443942962225
PLSCR1,PSMB9,0.5869634682906013
IFITM3,PSMB9,0.6149021122069054
IFITM1,PSMB9,0.6242509548617702
IFIT1,PSMB9,0.6340994372875539
IFI16,PSMB9,0.636667595791335
IFIT3,PSMB9,0.6435980964675124
MX1,PSMB9,0.6475310902974754
EPSTI1,PSMB9,0.6575985629293644
ISG15,PSMB9,0.7002321268804023
PSMB9,PSMB9,1.0
CLSPN,PSMC3IP,0.4025017290038614
PSMC3IP,PSMC3IP,0.9999999999999174
PSMD6-AS2,PSMD6-AS2,1.0
PSMD7-DT,PSMD7-DT,0.9999999999995474
PSME4,PSME4,1.0
PSORS1C1,PSORS1C1,0.999999999999688
PSPC1,PSPC1,1.0
PSPN,PSPN,0.9999999999998485
PSTPIP2,PSTPIP2,0.9999999999998416
PTAR1,PTAR1,0.9999999999998922
PTBP2,PTBP2,1.0
PTCHD4,PTCHD4,1.0
PTDSS2,PTDSS2,0.9999999999998077
PTEN,PTEN,0.9999999999998193
PTER,PTER,0.9999999999998047
PTGDS,PTGDS,0.9999999999999253
PTGER4,PTGER4,0.9999999999996783
CLU,PTGES,0.40232629351891347
SLC12A8,PTGES,0.41116391943409614
MGP,PTGES,0.41420476915040244
PTGES,PTGES,1.0
PTGES2,PTGES2,1.0
PTGES2-AS1,PTGES2-AS1,1.0
ANLN,PTGES3,0.4263554218233499
NCL,PTGES3,0.42719979602936625
DUT,PTGES3,0.4306617297442423
RANBP1,PTGES3,0.43069687531819123
MKI67,PTGES3,0.4362770049612519
BIRC5,PTGES3,0.44147392746112996
CENPF,PTGES3,0.4432445435067368
PTTG1,PTGES3,0.4436478368612364
ANP32B,PTGES3,0.4496377804657831
TOP2A,PTGES3,0.45411446438390546
CEP55,PTGES3,0.45498354501688176
HMGB1,PTGES3,0.45621827932466846
PRC1,PTGES3,0.4589592094904486
NUSAP1,PTGES3,0.461988319551102
TPX2,PTGES3,0.4639404127384357
HMGB2,PTGES3,0.46917693904335656
DEK,PTGES3,0.4720572479027348
PTMA,PTGES3,0.4771935207047774
TMPO,PTGES3,0.479218304404459
STMN1,PTGES3,0.487023510167982
PTGES3,PTGES3,1.0
PTGFR,PTGFR,1.0
PTGFRN,PTGFRN,1.0
PTGIR,PTGIR,0.9999999999999495
PTGIS,PTGIS,1.0
PTGR1,PTGR1,1.0
PTGR3,PTGR3,0.9999999999999687
PTGS1,PTGS1,0.9999999999999329
PTGS2,PTGS2,0.9999999999998536
NEBL,PTK2,0.44970076313682567
HIP1,PTK2,0.4497098664399913
ASAP1,PTK2,0.45093878741533433
KCNMA1,PTK2,0.45299885548659413
AKAP13,PTK2,0.45301522559374546
TPST2,PTK2,0.45519363054734396
LY6E,PTK2,0.45857014062980295
IFIT3,PTK2,0.46082573425634576
FLNB,PTK2,0.4649641706468582
DOCK5,PTK2,0.46600539969338617
ABTB2,PTK2,0.4762674669478535
IFITM1,PTK2,0.4777158165995644
SLC12A8,PTK2,0.48713540958494395
PVT1,PTK2,0.48759879075013923
IFI16,PTK2,0.48946478113366837
IFI6,PTK2,0.49398031226112626
IFITM3,PTK2,0.5041910355526815
MAGI1,PTK2,0.5208233785177034
ISG15,PTK2,0.5264022642631757
NEAT1,PTK2,0.5327934959897026
PTK2,PTK2,0.9999999999999047
PTK2B,PTK2B,0.9999999999996854
PTK6,PTK6,1.0
PTK7,PTK7,1.0
PRC1,PTMA,0.5668329035148213
TOP2A,PTMA,0.5671536453746243
UBE2C,PTMA,0.5685505228159953
HMGN2,PTMA,0.5690871607865772
CKS1B,PTMA,0.5709178192193968
TMPO,PTMA,0.58254470688503
PCLAF,PTMA,0.5858955422803628
NEAT1,PTMA,0.588827144502662
HSP90AA1,PTMA,0.5905842669763612
PTTG1,PTMA,0.5925072794754938
NUSAP1,PTMA,0.5928197079363874
RANBP1,PTMA,0.6049224321767528
H2AZ1,PTMA,0.6050499419020083
VIM,PTMA,0.6109092923623679
HMGB2,PTMA,0.6190034307651122
ANP32B,PTMA,0.640751597780348
DUT,PTMA,0.6480275838102824
DEK,PTMA,0.6511365550364464
STMN1,PTMA,0.668797722406946
HMGB1,PTMA,0.6857144346854347
PTMA,PTMA,0.9999999999999993
TNFRSF11B,PTN,0.4951855042973711
MDK,PTN,0.49737207697553804
CALD1,PTN,0.49754261133279015
STAT1,PTN,0.4989920645657942
TPST2,PTN,0.49911361309269786
IFIT3,PTN,0.5017905420909395
HLA-B,PTN,0.5036555569454467
THBS1,PTN,0.5207410847884872
SLC12A8,PTN,0.5209005993362733
FLNB,PTN,0.5252179316777231
ISG15,PTN,0.5265713033331259
KRT18,PTN,0.5427697044817321
IFITM3,PTN,0.5535742105969517
IFI16,PTN,0.5633088082322654
MGP,PTN,0.5673096060952787
IFITM1,PTN,0.5713113098953145
LUM,PTN,0.5749953683392673
LY6E,PTN,0.6013401900028775
DCN,PTN,0.6253970290513988
IFI6,PTN,0.6710554637037702
PTN,PTN,0.9999999999999595
PTOV1-AS1,PTOV1-AS1,0.9999999999999639
PTOV1-AS2,PTOV1-AS2,0.9999999999998103
PTPDC1,PTPDC1,0.9999999999998639
PTPN1,PTPN1,1.0
PTPN13,PTPN13,0.9999999999999281
PTPN23,PTPN23,1.0
PTPN23-DT,PTPN23-DT,0.9999999999999308
PTPN4,PTPN4,1.0
PTPN9,PTPN9,0.9999999999996521
PTPRA,PTPRA,1.0
PTPRB,PTPRB,1.0
PTPRD,PTPRD,0.9999999999999362
PTPRE,PTPRE,1.0
PTPRG,PTPRG,1.0
PTPRG-AS1,PTPRG-AS1,0.999999999999881
DCN,PTPRJ,0.4000196759116232
IFIT3,PTPRJ,0.4054468416702427
CENPT,PTPRJ,0.4077076091162266
ABTB2,PTPRJ,0.4157600837968054
FLNB,PTPRJ,0.41802927623663216
PVT1,PTPRJ,0.421420562426243
NEAT1,PTPRJ,0.42172219339357553
IFITM1,PTPRJ,0.42232605354872105
SLC12A8,PTPRJ,0.433201343057205
IFITM3,PTPRJ,0.4362571308496085
IFI16,PTPRJ,0.437350138385658
MAGI1,PTPRJ,0.43881186006167233
ISG15,PTPRJ,0.4416809103604447
IFI6,PTPRJ,0.44199897399962673
PTPRJ,PTPRJ,1.0
PTPRJ-AS1,PTPRJ-AS1,1.0
PTPRK,PTPRK,0.999999999999844
PTPRK-AS1,PTPRK-AS1,0.999999999999844
PTPRM,PTPRM,1.0
PTPRN,PTPRN,1.0
PTPRN2,PTPRN2,0.9999999999999967
PTPRQ,PTPRQ,1.0
PTPRS,PTPRS,1.0
PTPRU,PTPRU,1.0
ANLN,PTTG1,0.7674349898202791
PBK,PTTG1,0.7710696556177973
CENPW,PTTG1,0.7736080002447959
CDKN3,PTTG1,0.7746648727126709
PRR11,PTTG1,0.7760107778482269
GTSE1,PTTG1,0.7872137474847298
MKI67,PTTG1,0.78906881737222
CEP55,PTTG1,0.7901240083634241
HMMR,PTTG1,0.7935688994206999
ASPM,PTTG1,0.8047115724909789
STMN1,PTTG1,0.8048021645228073
DLGAP5,PTTG1,0.8108123243953335
HMGB2,PTTG1,0.8166320493227978
BIRC5,PTTG1,0.8186557987805245
UBE2C,PTTG1,0.821068438339607
TPX2,PTTG1,0.8211404871920788
TOP2A,PTTG1,0.8403725562374041
PRC1,PTTG1,0.8421881600883449
CENPF,PTTG1,0.8458175964262729
NUSAP1,PTTG1,0.858578936404603
PTTG1,PTTG1,0.9999999999999196
PTX3,PTX3,0.9999999999998822
PUDP,PUDP,1.0
PUM2,PUM2,1.0
PURPL,PURPL,1.0
PUS1,PUS1,1.0
PUS10,PUS10,1.0
PUS7,PUS7,1.0
PUS7L,PUS7L,1.0
PVRIG,PVRIG,1.0
HSPB1,PVT1,0.5008643904157754
LY6E,PVT1,0.5018491995305896
AKAP13,PVT1,0.504513170841252
ABTB2,PVT1,0.5113585338372105
EPSTI1,PVT1,0.5117162415978114
ASAP1,PVT1,0.5119922190776598
MX1,PVT1,0.514187007261257
DLG1,PVT1,0.5200195112212663
IFIT1,PVT1,0.5224232882136618
SLC12A8,PVT1,0.5242404175770917
DOCK5,PVT1,0.5242846334313146
MRTFA,PVT1,0.5268921671611883
IFIT3,PVT1,0.5309044600149977
IFITM1,PVT1,0.5413879046157389
IFI6,PVT1,0.551958716865616
IFI16,PVT1,0.5539780637105673
IFITM3,PVT1,0.5675613286546467
MAGI1,PVT1,0.5875520881127007
NEAT1,PVT1,0.5902462921419002
ISG15,PVT1,0.6013143445696996
PVT1,PVT1,1.0
PWRN1,PWRN1,1.0
PWWP2A,PWWP2A,0.9999999999999953
PWWP3A,PWWP3A,1.0
PXDN,PXDN,0.9999999999999982
PXDNL,PXDNL,1.0
PXK,PXK,1.0
PXN,PXN,1.0
PXN-AS1,PXN-AS1,0.9999999999997057
PXYLP1,PXYLP1,1.0
PYCARD,PYCARD,1.0
PYCARD-AS1,PYCARD-AS1,0.9999999999999053
PYGO1,PYGO1,1.0
PYROXD2,PYROXD2,0.9999999999997738
PYY,PYY,0.9999999999999455
QPCTL,QPCTL,1.0
QPRT,QPRT,1.0
QRICH1,QRICH1,0.9999999999998929
QRICH2,QRICH2,0.9999999999999459
QSER1,QSER1,0.9999999999998535
QSOX1,QSOX1,1.0
QSOX2,QSOX2,1.0
QTRT1,QTRT1,0.9999999999998661
R3HDM1,R3HDM1,1.0
R3HDM2,R3HDM2,1.0
RAB11B-AS1,RAB11B-AS1,0.9999999999997693
RAB11FIP2,RAB11FIP2,0.9999999999998402
RAB11FIP3,RAB11FIP3,0.99999999999987
RAB12,RAB12,1.0
RAB13,RAB13,1.0
RAB15,RAB15,1.0
RAB20,RAB20,1.0
RAB23,RAB23,1.0
RAB26,RAB26,1.0
RAB27A,RAB27A,1.0
RAB27B,RAB27B,1.0
RAB28,RAB28,0.9999999999997747
RAB30,RAB30,1.0
RAB32,RAB32,0.9999999999998961
RAB33A,RAB33A,1.0
RAB33B,RAB33B,1.0
RAB33B-AS1,RAB33B-AS1,0.9999999999998014
RAB38,RAB38,0.9999999999999424
RAB3A,RAB3A,1.0
GREM1,RAB3B,0.43670927292383604
DCN,RAB3B,0.4379683665757046
TPST2,RAB3B,0.43824976806880006
ISG15,RAB3B,0.4467996137353726
VIM,RAB3B,0.44854663176185955
IFI16,RAB3B,0.4488429232307447
KRT18,RAB3B,0.4500089580973117
STAT1,RAB3B,0.4511012576401414
TPM4,RAB3B,0.45225195759769293
PSG5,RAB3B,0.45512788295086537
SLC12A8,RAB3B,0.4665238953851485
C12orf75,RAB3B,0.4701155828590903
CALD1,RAB3B,0.4702433013061701
IFIT3,RAB3B,0.4720382120698113
CLU,RAB3B,0.4745427245248124
TPM2,RAB3B,0.4762302806425562
TAGLN,RAB3B,0.48296621399817485
IFI6,RAB3B,0.4869818371780678
TPM1,RAB3B,0.505385729863912
MGP,RAB3B,0.5211413615771101
RAB3B,RAB3B,0.9999999999999729
RAB3D,RAB3D,1.0
RAB40A,RAB40A,0.9999999999999214
RAB40B,RAB40B,1.0
RAB40C,RAB40C,1.0
RAB42,RAB42,1.0
RAB43,RAB43,0.9999999999997786
RAB4A-AS1,RAB4A-AS1,0.999999999999828
RAB6A,RAB6A,1.0
RAB7B,RAB7B,1.0
RAB8B,RAB8B,0.9999999999999943
RABGAP1,RABGAP1,1.0
RPL10,RABGAP1L,0.4112962758030416
IFITM3,RABGAP1L,0.4196379601232224
ISG15,RABGAP1L,0.4259185067097208
PVT1,RABGAP1L,0.42702183518375003
MAGI1,RABGAP1L,0.4557378973475721
NEAT1,RABGAP1L,0.4769623922139641
RABGAP1L,RABGAP1L,1.0
RABGAP1L-IT1,RABGAP1L-IT1,0.9999999999997695
RABGEF1,RABGEF1,0.9999999999998925
CCNB1,RACGAP1,0.5189845393260927
UBE2C,RACGAP1,0.5214077462289655
HMGB2,RACGAP1,0.5214139795276115
KIF20B,RACGAP1,0.5250133281198215
CEP55,RACGAP1,0.5262502635491269
PBK,RACGAP1,0.5281231183631994
PTTG1,RACGAP1,0.5306455911044904
HMMR,RACGAP1,0.532106247657072
CENPE,RACGAP1,0.536369960545977
GTSE1,RACGAP1,0.5395299121163165
BIRC5,RACGAP1,0.5399651169690369
DLGAP5,RACGAP1,0.55190262203086
ASPM,RACGAP1,0.555143903292774
ANLN,RACGAP1,0.5564389102186099
MKI67,RACGAP1,0.5653865181848309
NUSAP1,RACGAP1,0.5667000338359116
TOP2A,RACGAP1,0.5694950542548629
TPX2,RACGAP1,0.5695732487965881
CENPF,RACGAP1,0.5723092842550929
PRC1,RACGAP1,0.5757344994163679
RACGAP1,RACGAP1,0.9999999999999513
RAD1,RAD1,0.9999999999999192
RAD18,RAD18,0.9999999999998466
HMMR,RAD21,0.5258556104018943
ARL6IP1,RAD21,0.5273298952888668
KIF20B,RAD21,0.5322613466587082
PRR11,RAD21,0.5339634287958791
ANLN,RAD21,0.5372328392128297
PTTG1,RAD21,0.5426148525587839
SMC4,RAD21,0.5437621529442676
UBE2C,RAD21,0.5442765572587326
CEP55,RAD21,0.5503624398521363
TMPO,RAD21,0.5523984137447632
DLGAP5,RAD21,0.552998851472318
NUSAP1,RAD21,0.5629380808610887
STMN1,RAD21,0.5630867484151898
PRC1,RAD21,0.5650775935718234
ASPM,RAD21,0.5664255894269934
TPX2,RAD21,0.5715187035294634
HMGB2,RAD21,0.5736099653476489
TOP2A,RAD21,0.5746115822259802
MKI67,RAD21,0.5782690987755328
CENPF,RAD21,0.5976895918261739
RAD21,RAD21,1.0
RAD21L1,RAD21L1,0.9999999999998181
RAD51-AS1,RAD51-AS1,1.0
PBK,RAD51AP1,0.6086428138405644
MKI67,RAD51AP1,0.6086650254928615
BIRC5,RAD51AP1,0.6104709101614303
SMC4,RAD51AP1,0.6108851145770442
CEP55,RAD51AP1,0.611490969249026
CLSPN,RAD51AP1,0.6159427342467131
CENPW,RAD51AP1,0.619796062487254
CKS1B,RAD51AP1,0.6206062117582585
H2AZ1,RAD51AP1,0.6211844209384326
TPX2,RAD51AP1,0.6327970746141741
TMPO,RAD51AP1,0.6329037778932032
PTTG1,RAD51AP1,0.6379767708119845
CENPF,RAD51AP1,0.6383560279433559
PRC1,RAD51AP1,0.6390591883749636
UBE2C,RAD51AP1,0.6595152231655093
PCLAF,RAD51AP1,0.6736324836955384
STMN1,RAD51AP1,0.6739566768438249
HMGB2,RAD51AP1,0.6778321047365088
TOP2A,RAD51AP1,0.6852357031443623
NUSAP1,RAD51AP1,0.6858554427413748
RAD51AP1,RAD51AP1,1.0
RPL10,RAD51B,0.40330424726415826
RAD51B,RAD51B,1.0
RAD51D,RAD51D,1.0
RAD52,RAD52,0.9999999999998227
RAD54B,RAD54B,0.999999999999997
RAD54L2,RAD54L2,0.9999999999999866
RAD9A,RAD9A,1.0
RADIL,RADIL,0.9999999999997761
RAET1G,RAET1G,0.9999999999999242
RAG1,RAG1,1.0
RAI1,RAI1,0.9999999999996393
RAI1-AS1,RAI1-AS1,1.0
RAI14-DT,RAI14-DT,1.0
RALA,RALA,1.0
RALGAPA1,RALGAPA1,0.999999999999825
RALGAPA2,RALGAPA2,0.9999999999999064
RALGPS1,RALGPS1,1.0
RALGPS2,RALGPS2,1.0
RALGPS2-AS1,RALGPS2-AS1,1.0
RAMACL,RAMACL,0.9999999999999887
RAMP2,RAMP2,1.0
CENPW,RANBP1,0.5830161454193848
ANP32B,RANBP1,0.5859496720999625
H2AZ1,RANBP1,0.5866279858467726
BIRC5,RANBP1,0.5888406085944482
CENPF,RANBP1,0.603066425927027
CEP55,RANBP1,0.6031492970067861
PTMA,RANBP1,0.6049224321767528
TPX2,RANBP1,0.6070817338239328
PRC1,RANBP1,0.6085433613661746
UBE2C,RANBP1,0.6106889440556655
DEK,RANBP1,0.6159427740877154
PCLAF,RANBP1,0.6166949092812726
TOP2A,RANBP1,0.6188106087203473
PTTG1,RANBP1,0.6221335055171608
TMPO,RANBP1,0.6233794754480514
HMGB1,RANBP1,0.6250907146271689
NUSAP1,RANBP1,0.6262111180735774
DUT,RANBP1,0.6322573860467174
HMGB2,RANBP1,0.6541054986416555
STMN1,RANBP1,0.6793516639433927
RANBP1,RANBP1,1.0
RANBP10,RANBP10,1.0
RANBP17,RANBP17,1.0
RANBP3-DT,RANBP3-DT,0.999999999999714
MORC3,RAP1GAP2,0.42375867299123926
IFI16,RAP1GAP2,0.42669674188273693
HIPK2,RAP1GAP2,0.42675538816448644
GAS7,RAP1GAP2,0.42797312193247233
KCNMA1,RAP1GAP2,0.4302202624051434
HIP1,RAP1GAP2,0.4325205073900338
SLC44A1,RAP1GAP2,0.4336611616717838
CENPT,RAP1GAP2,0.43400062787435273
DCN,RAP1GAP2,0.43424123545076626
ISG15,RAP1GAP2,0.4348436681699138
MIAT,RAP1GAP2,0.4389825558638681
CLU,RAP1GAP2,0.4404829322093463
KRT18,RAP1GAP2,0.44225137758820426
ABTB2,RAP1GAP2,0.44342312171058407
MGP,RAP1GAP2,0.44997743866366824
IFI6,RAP1GAP2,0.4572651611148181
TPST2,RAP1GAP2,0.4716598688315138
SLC12A8,RAP1GAP2,0.47453647861158726
NEBL,RAP1GAP2,0.4783960676872505
FLNB,RAP1GAP2,0.4816948087988061
RAP1GAP2,RAP1GAP2,0.9999999999998329
RAP2C-AS1,RAP2C-AS1,0.9999999999997291
RAPGEF1,RAPGEF1,0.9999999999997732
RAPGEF2,RAPGEF2,0.999999999999819
RAPGEF4,RAPGEF4,0.9999999999999521
RAPGEF6,RAPGEF6,1.0
RAPGEFL1,RAPGEFL1,1.0
RAPH1,RAPH1,0.9999999999998945
RAPSN,RAPSN,1.0
RARA,RARA,1.0
RARG,RARG,1.0
RARRES1,RARRES1,0.9999999999997621
RARRES2,RARRES2,0.9999999999999994
RASA2,RASA2,1.0
RASA3,RASA3,0.9999999999998438
RASA3-IT1,RASA3-IT1,1.0
RASA4,RASA4,0.9999999999999956
ASAP1,RASAL2,0.4306739942046648
PRKCA,RASAL2,0.430727582597605
PTK2,RASAL2,0.43188784305408623
KANSL1,RASAL2,0.43248730701199944
GLIS3,RASAL2,0.4348588316364067
EXOC6B,RASAL2,0.4382243519176807
DLG1,RASAL2,0.44571090299875404
IFI6,RASAL2,0.4509427173336826
NXN,RASAL2,0.4517486068099116
DOCK5,RASAL2,0.4544260442401518
APBB2,RASAL2,0.45517873463948605
AKAP13,RASAL2,0.4564664600404095
IFI16,RASAL2,0.45942259598848223
MRTFA,RASAL2,0.4716044295868565
IFITM1,RASAL2,0.4725065399339859
PVT1,RASAL2,0.48427771219967786
NEAT1,RASAL2,0.4917023993363052
ISG15,RASAL2,0.4979964053212904
IFITM3,RASAL2,0.49942305101434875
MAGI1,RASAL2,0.5256159705193384
RASAL2,RASAL2,1.0
RASAL2-AS1,RASAL2-AS1,0.9999999999999852
RASGRF2,RASGRF2,0.9999999999998255
RASGRP1,RASGRP1,0.999999999999672
RASGRP2,RASGRP2,0.9999999999999051
RASL11A,RASL11A,0.9999999999998043
RASSF2,RASSF2,0.9999999999997241
RASSF3,RASSF3,1.0
RASSF5,RASSF5,0.999999999999956
RASSF8,RASSF8,1.0
RASSF8-AS1,RASSF8-AS1,1.0
RASSF9,RASSF9,1.0
RAVER2,RAVER2,0.9999999999997065
RB1CC1,RB1CC1,0.9999999999998919
RBAKDN,RBAKDN,0.9999999999999518
RBBP8,RBBP8,1.0
RBFADN,RBFADN,0.9999999999999934
RBL1,RBL1,0.9999999999997441
RBL2,RBL2,1.0
RBM10,RBM10,0.999999999999932
RBM12B-DT,RBM12B-DT,0.9999999999998695
RBM14,RBM14,0.9999999999997781
RBM26,RBM26,1.0
RBM26-AS1,RBM26-AS1,1.0
RBM33,RBM33,0.9999999999998092
RBM41,RBM41,0.999999999999893
RBM43,RBM43,0.9999999999999937
RBM44,RBM44,0.999999999999658
RBM47,RBM47,0.9999999999998705
RBM48,RBM48,0.9999999999999061
RBM4B,RBM4B,0.9999999999999968
RBM5,RBM5,0.9999999999999089
RBM6,RBM6,0.9999999999998261
RBMS1,RBMS1,0.9999999999999003
RBMS2,RBMS2,0.999999999999884
RBMS3,RBMS3,1.0
RBMS3-AS2,RBMS3-AS2,1.0
RBMS3-AS3,RBMS3-AS3,0.9999999999997744
RBMX2,RBMX2,1.0
MORC3,RBP1,0.6130925352984603
NEBL,RBP1,0.621913036908301
CFB,RBP1,0.6222800291420145
AHNAK2,RBP1,0.625842435067788
THBS1,RBP1,0.6269803709394995
IFI16,RBP1,0.628908292448319
KRT19,RBP1,0.6302316649645034
GSN,RBP1,0.6303462767905188
MIAT,RBP1,0.641236858825548
CALD1,RBP1,0.644004319350022
SLC44A1,RBP1,0.6459540411932768
LINC00842,RBP1,0.6486144070942172
DCN,RBP1,0.6648622052042681
IFI6,RBP1,0.6826781767180373
SLC12A8,RBP1,0.701096534610352
TPST2,RBP1,0.7079407508631133
FLNB,RBP1,0.7093102283632442
CLU,RBP1,0.7453340624413692
KRT18,RBP1,0.7470635266797989
MGP,RBP1,0.7814247313232081
RBP1,RBP1,1.0
CEMIP,RBPMS,0.41607722823659815
RBPMS,RBPMS,1.0
RBPMS-AS1,RBPMS-AS1,0.9999999999999274
RC3H1,RC3H1,0.9999999999999468
RC3H1-IT1,RC3H1-IT1,0.9999999999999943
RC3H2,RC3H2,0.9999999999999744
RCAN1,RCAN1,0.9999999999999273
RCAN2,RCAN2,1.0
RCAN3AS,RCAN3AS,0.9999999999996847
RCBTB1,RCBTB1,0.9999999999996125
RCBTB2,RCBTB2,0.9999999999998233
RCC1,RCC1,1.0
RCL1,RCL1,0.9999999999998351
RCN3,RCN3,0.9999999999999662
RCOR2,RCOR2,0.9999999999999667
RDH10,RDH10,1.0
RDH10-AS1,RDH10-AS1,0.999999999999622
RDH5,RDH5,1.0
REC114,REC114,1.0
REC8,REC8,1.0
RECK,RECK,1.0
RECQL5,RECQL5,0.9999999999997083
REEP2,REEP2,0.9999999999999074
HIP1,REL,0.4278201123403188
NEBL,REL,0.4301964140968567
PRSS3,REL,0.4344067403140529
SLC35F3,REL,0.44572014552208894
LINC00842,REL,0.44583453207520335
DCN,REL,0.44672300855414293
ABTB2,REL,0.45350107215432717
MIAT,REL,0.45533318367105413
IFI6,REL,0.46572537557949434
RBP1,REL,0.4711607011319168
CHAF1B,REL,0.47738924196003135
SLC44A1,REL,0.480814900154132
CLU,REL,0.48390565929316387
KRT18,REL,0.4940713807082286
SLC12A8,REL,0.4952889300925083
MGP,REL,0.4984197962981002
CENPT,REL,0.5058196175767193
FLNB,REL,0.508650149097677
TPST2,REL,0.5168048085589171
MORC3,REL,0.5679369023224469
REL,REL,1.0
RELB,RELB,1.0
RELCH,RELCH,1.0
RELT,RELT,0.9999999999999541
REM2,REM2,0.9999999999998679
RENBP,RENBP,1.0
RENO1,RENO1,1.0
REPS1,REPS1,0.9999999999996769
MAGI1,RERE,0.40861529038108313
NEAT1,RERE,0.4327318854273288
RERE,RERE,0.9999999999997823
RERE-AS1,RERE-AS1,1.0
RESF1,RESF1,1.0
RETREG1-AS1,RETREG1-AS1,0.9999999999999913
SEMA5A,REV3L,0.4116836781072158
REV3L,REV3L,0.9999999999999458
REXO5,REXO5,1.0
H2AZ1,RFC3,0.405313611744817
SMC4,RFC3,0.4054066545125374
ESCO2,RFC3,0.4057923167411486
ANLN,RFC3,0.40633547630624317
TPX2,RFC3,0.4107060842008297
PBK,RFC3,0.4108740713950752
HELLS,RFC3,0.4112147719749164
CENPF,RFC3,0.41333769416497085
RRM2,RFC3,0.41474041832798597
TMPO,RFC3,0.4192893428940532
STMN1,RFC3,0.42141263602176166
DIAPH3,RFC3,0.4235198882892405
MKI67,RFC3,0.4238376557790146
ATAD2,RFC3,0.42531323771982715
PRC1,RFC3,0.42623591198094546
HMGB2,RFC3,0.4344293059706423
NUSAP1,RFC3,0.43763477980155563
CLSPN,RFC3,0.45258215027208243
TOP2A,RFC3,0.45487969319902194
PCLAF,RFC3,0.4711826872100008
RFC3,RFC3,0.9999999999998014
RFC5,RFC5,0.9999999999999293
RFFL,RFFL,1.0
RFLNA,RFLNA,0.9999999999994234
RFLNB,RFLNB,1.0
RFPL1S,RFPL1S,0.9999999999999658
RFTN1,RFTN1,0.9999999999998109
RFTN2,RFTN2,0.9999999999996938
RFWD3,RFWD3,0.9999999999999298
RFX1,RFX1,1.0
RFX2,RFX2,0.9999999999996968
RFX3,RFX3,1.0
RFX3-DT,RFX3-DT,0.9999999999998291
RFX7,RFX7,0.9999999999998387
RFX8,RFX8,1.0
RGCC,RGCC,1.0
RGL1,RGL1,1.0
RGL2,RGL2,0.9999999999998977
RGL3,RGL3,0.9999999999997196
RGMB,RGMB,1.0
RGN,RGN,1.0
RGPD1,RGPD1,1.0
RGPD2,RGPD2,0.9999999999997801
RGPD5,RGPD5,0.9999999999996828
RGPD6,RGPD6,0.99999999999967
RGPD8,RGPD8,1.0
RGS11,RGS11,1.0
RGS12,RGS12,1.0
RGS16,RGS16,0.9999999999996403
RGS17,RGS17,0.9999999999999521
RGS2,RGS2,0.9999999999998782
RGS20,RGS20,1.0
RGS3,RGS3,0.9999999999998246
RGS4,RGS4,0.999999999999855
RGS5,RGS5,0.999999999999909
RGS7,RGS7,1.0
RGS9,RGS9,0.9999999999999212
RHBDD1,RHBDD1,1.0
RHBDD3,RHBDD3,1.0
RHBDF1,RHBDF1,1.0
RHBDF2,RHBDF2,1.0
RHBDL1,RHBDL1,0.9999999999999056
RHBDL2,RHBDL2,1.0
RHCG,RHCG,0.9999999999995794
RHD,RHD,0.999999999999894
RHOB,RHOB,1.0
MX1,RHOBTB3,0.47639533894353536
GAS7,RHOBTB3,0.48024312578522527
ABTB2,RHOBTB3,0.48230543948175675
AHNAK2,RHOBTB3,0.4851144255297322
DCN,RHOBTB3,0.4902410474791082
PRUNE2,RHOBTB3,0.49704504240622566
NEBL,RHOBTB3,0.49797472254514374
HIPK2,RHOBTB3,0.5030247664423658
IFI16,RHOBTB3,0.5145856094329236
LINC00842,RHOBTB3,0.5149774673294645
RBP1,RHOBTB3,0.5275700960037824
ISG15,RHOBTB3,0.535030085397844
IFI6,RHOBTB3,0.5461991487732628
TPST2,RHOBTB3,0.5465147146748544
CLU,RHOBTB3,0.5475767729577995
SLC44A1,RHOBTB3,0.5529562140731475
FLNB,RHOBTB3,0.5615297985221283
KRT18,RHOBTB3,0.5642214273957207
SLC12A8,RHOBTB3,0.5799034200470939
MGP,RHOBTB3,0.5926014310078954
RHOBTB3,RHOBTB3,1.0
RHOF,RHOF,1.0
RHOJ,RHOJ,0.9999999999999469
RHOQ,RHOQ,1.0
RHOQ-AS1,RHOQ-AS1,0.9999999999997564
RHOT2,RHOT2,0.9999999999998873
RHOXF1,RHOXF1,1.0
RHOXF1-AS1,RHOXF1-AS1,0.9999999999999267
RHPN2,RHPN2,1.0
RIBC2,RIBC2,1.0
RIC1,RIC1,0.9999999999998606
RIC8B,RIC8B,1.0
RICTOR,RICTOR,0.999999999999904
RIF1,RIF1,1.0
HERC5,RIGI,0.5490178286347003
SP110,RIGI,0.5507127615501611
EIF2AK2,RIGI,0.5517321727337537
MT-ATP8,RIGI,0.5535319180050896
SAMD9,RIGI,0.5567385585111422
XAF1,RIGI,0.5596834729945658
IFI6,RIGI,0.5726689905090708
IFITM1,RIGI,0.5766821088518936
LAP3,RIGI,0.5840124102259625
PLSCR1,RIGI,0.5928349414800371
GBP1,RIGI,0.5946465260811105
IFIT2,RIGI,0.597020941598377
MX2,RIGI,0.6079102285694609
STAT1,RIGI,0.6166357972030448
IFI16,RIGI,0.6401997690453757
EPSTI1,RIGI,0.6572397818642667
ISG15,RIGI,0.6620670641953694
IFIT1,RIGI,0.6657533566268135
IFIT3,RIGI,0.670024237497779
MX1,RIGI,0.6875771475206309
RIGI,RIGI,1.0
RILPL1,RILPL1,1.0
RIMKLB,RIMKLB,1.0
RIMS2,RIMS2,1.0
RIN2,RIN2,0.9999999999998106
RIN3,RIN3,1.0
RIPK1,RIPK1,0.9999999999998542
RIPK2,RIPK2,1.0
RIPK2-DT,RIPK2-DT,0.9999999999999377
RIPK3,RIPK3,0.9999999999998889
RIPK4,RIPK4,1.0
RIPOR2,RIPOR2,0.9999999999998949
RIPOR3,RIPOR3,0.9999999999996873
RIPOR3-AS1,RIPOR3-AS1,0.9999999999997499
RLIM,RLIM,1.0
RMDN2,RMDN2,0.9999999999999653
RMEL3,RMEL3,1.0
RMI1,RMI1,1.0
RMND5B,RMND5B,0.9999999999999594
RN7SL832P,RN7SL832P,1.0
CDK1,RNASEH2A,0.4821047130602534
GMNN,RNASEH2A,0.4821604251460742
CKS1B,RNASEH2A,0.48262293252652616
CEP55,RNASEH2A,0.4879281506979703
CENPW,RNASEH2A,0.48814563228806
TPX2,RNASEH2A,0.4890280918694692
TMPO,RNASEH2A,0.49162292921529316
DUT,RNASEH2A,0.492132907933197
PTTG1,RNASEH2A,0.49850337724764227
DIAPH3,RNASEH2A,0.4990171579881524
CENPF,RNASEH2A,0.5024687210751878
PRC1,RNASEH2A,0.5048875828658698
CLSPN,RNASEH2A,0.5067860305617922
H2AZ1,RNASEH2A,0.5102873897192421
UBE2C,RNASEH2A,0.5132403218667625
NUSAP1,RNASEH2A,0.5303521379224388
TOP2A,RNASEH2A,0.5334488910224924
HMGB2,RNASEH2A,0.540323146976058
STMN1,RNASEH2A,0.5468095589780992
PCLAF,RNASEH2A,0.5587235994118127
RNASEH2A,RNASEH2A,0.9999999999999327
RNASEH2B-AS1,RNASEH2B-AS1,0.9999999999998425
RND2,RND2,1.0
STAT1,RND3,0.4613148107169524
S100A10,RND3,0.4641260147347015
GREM1,RND3,0.4650601912866266
LINC00842,RND3,0.47261423321490786
LY6E,RND3,0.4749692094416623
TPST2,RND3,0.47652831853338395
RBP1,RND3,0.4811450642769658
SLC12A8,RND3,0.48416163193860307
IFI16,RND3,0.4844096043302922
MME,RND3,0.4910633648691934
CALD1,RND3,0.49694578067834827
CTSK,RND3,0.5017214304322478
FLNB,RND3,0.5060934550361739
KRT18,RND3,0.5133817020608447
TNFRSF11B,RND3,0.5164811924423709
MGP,RND3,0.5164825967603972
THBS1,RND3,0.5482775153215105
IFI6,RND3,0.5564690967862161
LUM,RND3,0.5781080422317365
DCN,RND3,0.6042384763035538
RND3,RND3,0.9999999999999962
RNF112,RNF112,1.0
RNF113B,RNF113B,0.9999999999999588
RNF138,RNF138,1.0
RNF139,RNF139,0.9999999999998499
RNF139-DT,RNF139-DT,1.0
RNF141,RNF141,0.9999999999999739
RNF144A,RNF144A,0.9999999999998921
RNF144B,RNF144B,0.9999999999998576
RNF150,RNF150,1.0
RNF152,RNF152,1.0
RNF157,RNF157,1.0
RNF166,RNF166,0.9999999999998609
RNF168,RNF168,1.0
RNF169,RNF169,0.9999999999997524
RNF175,RNF175,1.0
RNF180,RNF180,0.9999999999998218
RNF182,RNF182,1.0
RNF185,RNF185,1.0
RNF19B,RNF19B,1.0
RNF2,RNF2,1.0
RNF207,RNF207,1.0
RNF208,RNF208,0.9999999999996245
RNF212,RNF212,1.0
RNF212B,RNF212B,1.0
IFI44L,RNF213,0.43909374791545996
LAP3,RNF213,0.44018071976345974
HERC5,RNF213,0.4500829033407614
PLSCR1,RNF213,0.45012552650568977
XAF1,RNF213,0.45087958077892365
SAMD9L,RNF213,0.4513586633565498
IFIT2,RNF213,0.45794548082691294
IFI16,RNF213,0.46084100105990594
RIGI,RNF213,0.4684904860508573
IFIT3,RNF213,0.47899380699985383
ISG15,RNF213,0.48000749186869757
STAT1,RNF213,0.48419161778385683
IFIT1,RNF213,0.48782119250155764
MX2,RNF213,0.4887095311251075
EPSTI1,RNF213,0.49396078218478817
MT-ND2,RNF213,0.5069571295756485
PARP14,RNF213,0.5181871553798558
MT-ND4L,RNF213,0.539984042207446
MX1,RNF213,0.5461397356596189
MT-ATP8,RNF213,0.5706033291777535
RNF213,RNF213,1.0
RNF213-AS1,RNF213-AS1,0.9999999999997636
RNF215,RNF215,0.9999999999997987
RNF216P1,RNF216P1,0.9999999999998805
RNF217,RNF217,1.0
RNF217-AS1,RNF217-AS1,0.9999999999998773
RNF227,RNF227,0.9999999999997886
RNF24,RNF24,0.9999999999998023
RNF31,RNF31,1.0
RNF32-AS1,RNF32-AS1,0.99999999999979
RNF38,RNF38,0.9999999999997538
RNF39,RNF39,0.9999999999999691
RNFT2,RNFT2,0.9999999999998238
RNGTT,RNGTT,1.0
RNLS,RNLS,0.9999999999998633
RNPC3,RNPC3,0.9999999999997713
RNPC3-DT,RNPC3-DT,0.9999999999999135
ROBO1,ROBO1,0.9999999999999704
ROBO2,ROBO2,0.9999999999995643
ROBO3,ROBO3,1.0
ROCK2,ROCK2,0.9999999999999248
ROR1,ROR1,0.9999999999999456
ROR2,ROR2,0.9999999999999203
PDZRN3,RORA,0.4070945216375097
GRIK2,RORA,0.42004753953086366
MAML2,RORA,0.43398101052941046
EXT1,RORA,0.44738647016955646
PRKG1,RORA,0.46074849982975363
RORA,RORA,0.9999999999999162
RORA-AS1,RORA-AS1,0.9999999999999033
RP9P,RP9P,1.0
HMGB1,RPA3,0.5127568538550992
CLSPN,RPA3,0.5145116054794401
CKS2,RPA3,0.5162314044637442
UBE2T,RPA3,0.5195537801184924
TUBA1B,RPA3,0.5221527390265686
TPX2,RPA3,0.5286805424606487
PBK,RPA3,0.5315762621622696
BIRC5,RPA3,0.5346800215909564
CKS1B,RPA3,0.5356206623896552
CENPF,RPA3,0.5379585636210228
CENPW,RPA3,0.5485142567981863
PRC1,RPA3,0.5529541265771122
UBE2C,RPA3,0.554901469749306
PTTG1,RPA3,0.5618215005277838
HMGB2,RPA3,0.565443797526581
TOP2A,RPA3,0.5751155723932503
NUSAP1,RPA3,0.581470977432328
STMN1,RPA3,0.5831966625062159
H2AZ1,RPA3,0.5859713200585523
PCLAF,RPA3,0.6105121980567035
RPA3,RPA3,1.0
RPGR,RPGR,1.0
RPH3AL,RPH3AL,1.0
MT-ND6,RPL10,0.47729573060728997
HINT1,RPL10,0.479288453778085
PVT1,RPL10,0.48076788460119824
LY6E,RPL10,0.4824833936543004
HSPB1,RPL10,0.48706165339426355
IFI6,RPL10,0.4879039902353695
SELENOM,RPL10,0.48978308545767263
IFI16,RPL10,0.4974219713155375
B2M,RPL10,0.5008686337235724
IFITM2,RPL10,0.5086516413302105
ISG15,RPL10,0.5091855851899724
MIF,RPL10,0.5102834670141466
IFITM1,RPL10,0.5143003734749527
MAGI1,RPL10,0.5200931315997945
NEAT1,RPL10,0.5257985574768714
S100A11,RPL10,0.5298080048100794
VIM,RPL10,0.536006255567702
SEC61G,RPL10,0.5690493344554942
TMSB4X,RPL10,0.607533314916124
IFITM3,RPL10,0.6203564564548134
RPL10,RPL10,0.9999999999999998
HINT1,RPL22L1,0.40544994252145167
ACTB,RPL22L1,0.4262102968952268
NEAT1,RPL22L1,0.4266747882522322
HSPB1,RPL22L1,0.4274662909028707
CALM2,RPL22L1,0.4317640252032171
VIM,RPL22L1,0.4364031718075407
RPL10,RPL22L1,0.4464532938466797
PTMA,RPL22L1,0.4560424208948775
SEC61G,RPL22L1,0.48009078086749446
MIF,RPL22L1,0.4807712246815425
RPL22L1,RPL22L1,0.9999999999999948
RPL34-DT,RPL34-DT,1.0
RPL37A-DT,RPL37A-DT,0.9999999999997764
MKI67,RPL39L,0.5405256280951698
SMC4,RPL39L,0.5431153931118775
TMPO,RPL39L,0.5448868368439912
GTSE1,RPL39L,0.5484861321262415
PBK,RPL39L,0.5485250086701442
CEP55,RPL39L,0.5549420500140579
CKS1B,RPL39L,0.5614947362996822
BIRC5,RPL39L,0.5641882483419247
CENPW,RPL39L,0.5673970283438702
TPX2,RPL39L,0.5689234095397594
H2AZ1,RPL39L,0.57273015147669
CENPF,RPL39L,0.5799244788904664
PCLAF,RPL39L,0.5839877882905088
PRC1,RPL39L,0.5845036243862649
PTTG1,RPL39L,0.5923345596352348
HMGB2,RPL39L,0.5956747285668827
UBE2C,RPL39L,0.5986415892108805
TOP2A,RPL39L,0.6036464272767387
STMN1,RPL39L,0.6063110296042099
NUSAP1,RPL39L,0.6079875160234484
RPL39L,RPL39L,1.0
RPRD2,RPRD2,0.99999999999995
RPS27,RPS27,1.0
MT-ND5,RPS27L,0.4010686872655288
SH3BGRL3,RPS27L,0.4046997381420753
LGALS3,RPS27L,0.4062608337953069
MT-ND4L,RPS27L,0.42054171016063385
S100A4,RPS27L,0.4218741232898532
CSTB,RPS27L,0.42607480364895667
MT-ND2,RPS27L,0.45353688886478577
MT-ATP8,RPS27L,0.4619425122335348
S100A13,RPS27L,0.4790521834305974
ELOB,RPS27L,0.4815096477995148
S100A11,RPS27L,0.49240806531877984
TXN,RPS27L,0.49929107870021383
S100A6,RPS27L,0.5585804560965375
FTL,RPS27L,0.5712329934814501
RPS27L,RPS27L,0.9999999999999988
RPS28,RPS28,0.9999999999997279
RPS6KA2,RPS6KA2,0.9999999999997898
RPS6KA5,RPS6KA5,1.0
RPS6KA6,RPS6KA6,0.9999999999997953
RPS6KC1,RPS6KC1,0.9999999999998846
RPTOR,RPTOR,0.9999999999998435
RPUSD1,RPUSD1,0.9999999999999494
DCN,RRAD,0.40123603375696165
CFB,RRAD,0.4030680766445632
IFI6,RRAD,0.40385143163517206
AHNAK2,RRAD,0.4059916178981081
AQP3,RRAD,0.41094864521587465
TPST2,RRAD,0.4143182090394743
CLU,RRAD,0.431766896073592
MGP,RRAD,0.4322410650137667
FLNB,RRAD,0.43886089756415747
SLC12A8,RRAD,0.4419767782869027
KRT18,RRAD,0.4519807266264962
RRAD,RRAD,0.9999999999999868
RRAGB,RRAGB,1.0
IFIT1,RRAGC-DT,0.4208768587025956
MIAT,RRAGC-DT,0.4269347050512102
EPSTI1,RRAGC-DT,0.42794133170778254
RBP1,RRAGC-DT,0.4350872275780446
IFIT3,RRAGC-DT,0.4358190099288998
MX1,RRAGC-DT,0.44002856990410716
SLC44A1,RRAGC-DT,0.4406638728231628
ABTB2,RRAGC-DT,0.4430270368278849
KRT18,RRAGC-DT,0.4437877916252182
NEAT1,RRAGC-DT,0.4448897159162724
FLNB,RRAGC-DT,0.4461303502936635
CLU,RRAGC-DT,0.44752992897866467
AHNAK2,RRAGC-DT,0.44884379416367154
NEBL,RRAGC-DT,0.4497932218983429
IFI16,RRAGC-DT,0.45245144013995475
IFI6,RRAGC-DT,0.45652837477397273
TPST2,RRAGC-DT,0.45730609529427024
MGP,RRAGC-DT,0.4715686019595219
ISG15,RRAGC-DT,0.48551177948658175
SLC12A8,RRAGC-DT,0.5000492088863826
RRAGC-DT,RRAGC-DT,1.0
RRAS2,RRAS2,1.0
RREB1,RREB1,0.9999999999997968
BIRC5,RRM1,0.601049138891146
PBK,RRM1,0.6034049473160417
CLSPN,RRM1,0.6089071290972857
ANLN,RRM1,0.6130858362982142
H2AZ1,RRM1,0.6150206779532795
PTTG1,RRM1,0.616829260977549
SMC4,RRM1,0.6171662218699265
CEP55,RRM1,0.6222498943551222
UBE2C,RRM1,0.6246230768781678
DIAPH3,RRM1,0.6310453699517342
MKI67,RRM1,0.637726233660361
TPX2,RRM1,0.6475147120619791
PRC1,RRM1,0.6482325775107173
TMPO,RRM1,0.6488435176473877
CENPF,RRM1,0.6497066974533081
NUSAP1,RRM1,0.6657065144690868
HMGB2,RRM1,0.6680828569209926
PCLAF,RRM1,0.6716425445481431
STMN1,RRM1,0.6743859641844564
TOP2A,RRM1,0.6764397515400641
RRM1,RRM1,0.9999999999999799
BIRC5,RRM2,0.6008718234351331
PTTG1,RRM2,0.6023742288640972
CLSPN,RRM2,0.6031835822994087
CEP55,RRM2,0.6037186139599239
GTSE1,RRM2,0.6091266966012331
CDK1,RRM2,0.6105852001391094
TMPO,RRM2,0.6137038652513956
DIAPH3,RRM2,0.6142247901536421
PBK,RRM2,0.6182724226354962
ANLN,RRM2,0.6246633196563047
UBE2C,RRM2,0.6250248595426275
STMN1,RRM2,0.6268468033083499
TPX2,RRM2,0.6330344915710698
CENPF,RRM2,0.6386447970832916
PRC1,RRM2,0.6528566984209468
MKI67,RRM2,0.6530150876628295
HMGB2,RRM2,0.6576501220939411
PCLAF,RRM2,0.6577418997628247
NUSAP1,RRM2,0.6768060900089551
TOP2A,RRM2,0.6800778988104674
RRM2,RRM2,0.9999999999999726
RRN3P3,RRN3P3,0.9999999999998802
RRP12,RRP12,1.0
RRP7BP,RRP7BP,1.0
RRS1-DT,RRS1-DT,0.9999999999997711
BST2,RSAD2,0.4056946334527503
IFIH1,RSAD2,0.42098004368281927
MX2,RSAD2,0.4245174949343827
TNFSF10,RSAD2,0.42509740304166016
ISG15,RSAD2,0.4301751616945525
LAP3,RSAD2,0.4307156781572984
RIGI,RSAD2,0.43461510178835233
EPSTI1,RSAD2,0.43585306014288555
IFIT3,RSAD2,0.43711161394863046
MX1,RSAD2,0.4485818948045859
IFIT1,RSAD2,0.45275844535493304
IFIT2,RSAD2,0.4641519516987974
ISG20,RSAD2,0.4781934264405572
HERC5,RSAD2,0.49525393286090647
RSAD2,RSAD2,1.0
RSBN1L,RSBN1L,1.0
RSF1-IT2,RSF1-IT2,1.0
RSL1D1-DT,RSL1D1-DT,0.9999999999997636
RSPH14,RSPH14,1.0
RSPH3,RSPH3,0.9999999999997151
RSPH9,RSPH9,0.9999999999998052
RSPO3,RSPO3,1.0
RSRP1,RSRP1,0.999999999999928
RTEL1,RTEL1,0.9999999999999207
BIRC5,RTKN2,0.4011208134551004
TMPO,RTKN2,0.40317170961866067
SMC4,RTKN2,0.40329807449561167
PTTG1,RTKN2,0.4034489597828715
PCLAF,RTKN2,0.407814219785888
DIAPH3,RTKN2,0.407970504842553
CDK1,RTKN2,0.41055628680438405
STMN1,RTKN2,0.4112948838771198
ANLN,RTKN2,0.41226070000452225
GTSE1,RTKN2,0.413954590154093
ASPM,RTKN2,0.41607665657272125
CEP55,RTKN2,0.4225346884318337
MKI67,RTKN2,0.42509166352758454
PRC1,RTKN2,0.4261741885169592
TPX2,RTKN2,0.42725358318622497
UBE2C,RTKN2,0.4335943781642057
CENPF,RTKN2,0.43647164645603276
HMGB2,RTKN2,0.43866340623667927
NUSAP1,RTKN2,0.44986824950803367
TOP2A,RTKN2,0.46273775791930916
RTKN2,RTKN2,1.0
RTL1,RTL1,1.0
RTL10,RTL10,0.9999999999998725
RTL5,RTL5,0.999999999999701
RTN4RL1,RTN4RL1,0.9999999999999438
RTN4RL2,RTN4RL2,0.9999999999996936
RTP4,RTP4,0.9999999999999916
RTTN,RTTN,1.0
RUBCN,RUBCN,0.9999999999997959
RUBCNL,RUBCNL,0.9999999999999974
RUFY2,RUFY2,1.0
RUFY3,RUFY3,1.0
RUNDC3B,RUNDC3B,1.0
RUNX1,RUNX1,1.0
RUNX1T1,RUNX1T1,1.0
RUNX2,RUNX2,1.0
RUSC2,RUSC2,0.9999999999999462
RUSF1,RUSF1,0.9999999999998495
RWDD2A,RWDD2A,1.0
RWDD3-DT,RWDD3-DT,1.0
RXFP1,RXFP1,0.999999999999631
RXYLT1-AS1,RXYLT1-AS1,1.0
RYBP,RYBP,0.9999999999998918
RYR3,RYR3,0.9999999999997788
S100A1,S100A1,1.0
IFI6,S100A10,0.529665111190285
PRDX5,S100A10,0.5321420561361776
MAML2,S100A10,0.5359213432819824
KRT19,S100A10,0.5432712343714291
PRSS3,S100A10,0.54532058123722
GREM1,S100A10,0.5459428573611148
LINC00842,S100A10,0.5474787662635007
TPST2,S100A10,0.5502270197443978
SLC12A8,S100A10,0.5586880309448151
LUM,S100A10,0.5804829938507337
ENSG00000291105,S100A10,0.5811847704661087
RBP1,S100A10,0.587667396722801
DCN,S100A10,0.6005488114173206
CLU,S100A10,0.6029066873018695
FLNB,S100A10,0.6046504811385344
MGP,S100A10,0.6304613991174455
S100A4,S100A10,0.6306798791056756
THBS1,S100A10,0.6330297031655032
KRT18,S100A10,0.6452350634916938
S100A6,S100A10,0.7076485907975733
S100A10,S100A10,0.9999999999999781
S100A10,S100A11,0.4341780736188453
FBXL7,S100A11,0.4389352250051824
DSTN,S100A11,0.44265575560688886
CALM2,S100A11,0.4470722715428287
CD59,S100A11,0.47832528476003316
CSTB,S100A11,0.4800307901928483
S100A4,S100A11,0.4804951550921181
RPS27L,S100A11,0.49240806531877984
CD63,S100A11,0.4929057269492072
MGST3,S100A11,0.4930431801211146
TIMP1,S100A11,0.4954898342867609
TMSB4X,S100A11,0.49714034090547665
S100A13,S100A11,0.5213808069387286
RPL10,S100A11,0.5298080048100794
ELOB,S100A11,0.5603377475539156
SEC61G,S100A11,0.5885428449163332
MIF,S100A11,0.5982435435642084
SH3BGRL3,S100A11,0.6337445783365988
S100A6,S100A11,0.6403150967187123
TXN,S100A11,0.652211579327658
S100A11,S100A11,0.9999999999999936
CD59,S100A13,0.41013543145633596
MT-ND2,S100A13,0.42171149730262025
IGFBP6,S100A13,0.4242587561978225
S100A10,S100A13,0.43178690236605893
MT-ATP8,S100A13,0.4321225909567575
MGST3,S100A13,0.43935341612023643
RPS27L,S100A13,0.4790521834305974
PRDX5,S100A13,0.4808405315434864
FTL,S100A13,0.481709510518922
CSTB,S100A13,0.4904963585719511
SH3BGRL3,S100A13,0.5063742972491618
TXN,S100A13,0.5127573579230191
S100A11,S100A13,0.5213808069387286
ELOB,S100A13,0.5216508745934849
S100A4,S100A13,0.5322362955514252
S100A6,S100A13,0.6545013406625937
S100A13,S100A13,1.0
S100A2,S100A2,0.9999999999999887
S100A3,S100A3,1.0
BLVRB,S100A4,0.45842617049448847
TPST2,S100A4,0.4585799381991113
GSN,S100A4,0.46734962141507713
SLC12A8,S100A4,0.4695262787023612
TCEAL4,S100A4,0.48003382958632645
S100A11,S100A4,0.4804951550921181
KRT19,S100A4,0.4999275444046497
RBP1,S100A4,0.5001288416230846
MT-ATP8,S100A4,0.5067762439961127
CLU,S100A4,0.527665141517007
ELOB,S100A4,0.5306846489380636
S100A13,S100A4,0.5322362955514252
PRDX5,S100A4,0.5325472470235632
CSTB,S100A4,0.5332396766203301
IGFBP6,S100A4,0.5437110350592348
MGP,S100A4,0.5442140746786746
SH3BGRL3,S100A4,0.5474531903234706
KRT18,S100A4,0.554713967926291
S100A10,S100A4,0.6306798791056756
S100A6,S100A4,0.7177342974871062
S100A4,S100A4,0.999999999999997
KRT19,S100A6,0.5461580643704785
TCEAL4,S100A6,0.5465613081986774
CD59,S100A6,0.5537847742114118
FTL,S100A6,0.5573527604159741
RPS27L,S100A6,0.5585804560965375
RBP1,S100A6,0.5661456146402408
MT-ATP8,S100A6,0.5968207863976479
IGFBP6,S100A6,0.6130804364671447
CLU,S100A6,0.616429146794172
TXN,S100A6,0.6235941683155726
KRT18,S100A6,0.6270168073721732
MGP,S100A6,0.6351618855460847
CSTB,S100A6,0.6379996636931397
S100A11,S100A6,0.6403150967187123
PRDX5,S100A6,0.6450310930260879
SH3BGRL3,S100A6,0.6511022683681539
S100A13,S100A6,0.6545013406625937
ELOB,S100A6,0.6790795119744751
S100A10,S100A6,0.7076485907975733
S100A4,S100A6,0.7177342974871062
S100A6,S100A6,1.0
S100P,S100P,0.9999999999999665
S100PBP,S100PBP,0.9999999999997278
S1PR3,S1PR3,0.9999999999999082
SAA1,SAA1,0.999999999999823
SAA2,SAA2,1.0
SACS,SACS,1.0
SAE1,SAE1,1.0
SALL1,SALL1,0.9999999999999106
SALL2,SALL2,1.0
SALRNA1,SALRNA1,1.0
SALRNA2,SALRNA2,0.9999999999995474
SAMD11,SAMD11,0.9999999999999972
SAMD12,SAMD12,1.0
SAMD12-AS1,SAMD12-AS1,1.0
SAMD3,SAMD3,1.0
SAMD4A,SAMD4A,1.0
SAMD4A-AS1,SAMD4A-AS1,1.0
SAMD5,SAMD5,0.9999999999997969
SAMD8,SAMD8,1.0
IFITM3,SAMD9,0.5389056935738049
PSMB9,SAMD9,0.540494599563632
XAF1,SAMD9,0.5435321793619367
GBP1,SAMD9,0.5460680642804081
EIF2AK2,SAMD9,0.5472137134892535
SP110,SAMD9,0.5515418443288315
LAP3,SAMD9,0.5521880762481823
RIGI,SAMD9,0.5567385585111422
MX2,SAMD9,0.559107313913212
IFITM1,SAMD9,0.5602200271020981
IFIT2,SAMD9,0.5724289038329062
PLSCR1,SAMD9,0.5809937128687569
IFI6,SAMD9,0.5850063558228377
STAT1,SAMD9,0.5978661676976617
IFI16,SAMD9,0.6347184821856149
EPSTI1,SAMD9,0.6376110188001664
IFIT1,SAMD9,0.6503308097781351
MX1,SAMD9,0.6525306549293244
IFIT3,SAMD9,0.6585879871054154
ISG15,SAMD9,0.6627210111808132
SAMD9,SAMD9,1.0
EIF2AK2,SAMD9L,0.49262243888686347
MT-ND4L,SAMD9L,0.49281607439182756
IFIH1,SAMD9L,0.4945519356488116
SP110,SAMD9L,0.49477649552550224
XAF1,SAMD9L,0.4990226975549952
IFIT2,SAMD9L,0.5038882009116924
LAP3,SAMD9L,0.5061798898986143
SAMD9,SAMD9L,0.507772197070295
MT-ATP8,SAMD9L,0.5145421892734843
GBP1,SAMD9L,0.5195321871691075
PLSCR1,SAMD9L,0.5231184795441167
IFI16,SAMD9L,0.5283641005056032
MX2,SAMD9L,0.5327987741986996
RIGI,SAMD9L,0.5330572632881853
STAT1,SAMD9L,0.5441301572545761
IFIT1,SAMD9L,0.56396534616296
EPSTI1,SAMD9L,0.5650618645180715
ISG15,SAMD9L,0.5728230433413882
IFIT3,SAMD9L,0.5792774249107386
MX1,SAMD9L,0.6118830803344042
SAMD9L,SAMD9L,0.9999999999999989
IFITM3,SAMHD1,0.4306208484337445
GBP1,SAMHD1,0.4347118110887465
SP110,SAMHD1,0.4363031476371644
MT-ATP8,SAMHD1,0.44275403590566426
PSMB9,SAMHD1,0.44288917576548265
RIGI,SAMHD1,0.44946854755683424
EIF2AK2,SAMHD1,0.4513879999036715
XAF1,SAMHD1,0.45612220036357437
IFI6,SAMHD1,0.45744651389693186
IFITM1,SAMHD1,0.4612176985923688
LAP3,SAMHD1,0.4694528998716454
PLSCR1,SAMHD1,0.470325299521627
MX2,SAMHD1,0.4740995365064625
IFI16,SAMHD1,0.4906949949198814
STAT1,SAMHD1,0.4975181208298343
IFIT1,SAMHD1,0.5012285143349279
EPSTI1,SAMHD1,0.5059323809001645
IFIT3,SAMHD1,0.5064355478444009
ISG15,SAMHD1,0.5257406906459737
MX1,SAMHD1,0.5522948588009393
SAMHD1,SAMHD1,0.9999999999999847
SANBR,SANBR,1.0
SAP130,SAP130,0.9999999999997954
SAP25,SAP25,1.0
SAP30L-AS1,SAP30L-AS1,0.9999999999999905
SARM1,SARM1,1.0
SARS2,SARS2,0.9999999999999978
SASH1,SASH1,1.0
SAT1,SAT1,0.999999999999964
SAT2,SAT2,0.9999999999998163
SATB1,SATB1,1.0
SATB2,SATB2,0.9999999999997694
SATL1,SATL1,1.0
SAXO1,SAXO1,0.9999999999999563
SAXO2,SAXO2,0.9999999999997903
SBF1,SBF1,0.9999999999998824
NEAT1,SBF2,0.4130726710243179
ATXN1,SBF2,0.41443417644589614
FTX,SBF2,0.42377230399076143
SBF2,SBF2,0.9999999999998889
SBF2-AS1,SBF2-AS1,1.0
SBNO2,SBNO2,0.999999999999843
SBSN,SBSN,0.9999999999998713
SBSPON,SBSPON,0.9999999999995369
SCAF4,SCAF4,1.0
SCAF8,SCAF8,0.9999999999996516
SCAI,SCAI,1.0
SCAMP1-AS1,SCAMP1-AS1,0.9999999999998412
SCAMP5,SCAMP5,1.0
SCAP,SCAP,1.0
SCAPER,SCAPER,0.9999999999998938
FLNB,SCARA5,0.4021503371835393
AHNAK2,SCARA5,0.40377722395157967
KRT18,SCARA5,0.40982533829265394
AQP3,SCARA5,0.4137158948430874
GSN,SCARA5,0.41398539154823355
SLC12A8,SCARA5,0.4147258833589406
TPST2,SCARA5,0.41515442033069677
JUP,SCARA5,0.41592108191893934
CFB,SCARA5,0.41843590690997756
CLU,SCARA5,0.43399390423265133
RBP1,SCARA5,0.45661692183639807
SCARA5,SCARA5,0.9999999999997515
SCARB1,SCARB1,0.9999999999999514
SCARB2,SCARB2,1.0
SCARF1,SCARF1,1.0
SCARF2,SCARF2,1.0
SCART1,SCART1,1.0
SCAT2,SCAT2,1.0
SCD,SCD,1.0
SCD5,SCD5,0.9999999999998661
SCFD2,SCFD2,0.9999999999999782
SCG2,SCG2,0.9999999999997482
SCG5,SCG5,1.0
SCGB1B2P,SCGB1B2P,0.9999999999998769
SCGB2B2,SCGB2B2,0.9999999999999064
SCIMP,SCIMP,0.9999999999996406
SCIN,SCIN,0.9999999999999045
SCIRT,SCIRT,1.0
SCLT1,SCLT1,1.0
SCLY,SCLY,1.0
SCMH1,SCMH1,1.0
SCMH1-DT,SCMH1-DT,0.9999999999997362
SCML2,SCML2,1.0
SCN1A-AS1,SCN1A-AS1,0.9999999999997151
SCN8A,SCN8A,1.0
SCN9A,SCN9A,1.0
SCNN1D,SCNN1D,1.0
SCRG1,SCRG1,1.0
SCRIB,SCRIB,0.9999999999999164
SCUBE3,SCUBE3,1.0
SCYL2,SCYL2,0.9999999999999474
SCYL3,SCYL3,1.0
SDC4,SDC4,1.0
SDCBP2-AS1,SDCBP2-AS1,1.0
SDCCAG8,SDCCAG8,0.9999999999998989
SDHAP1,SDHAP1,0.9999999999998103
SDHAP4,SDHAP4,0.9999999999996093
SDK1,SDK1,1.0
SEC14L2,SEC14L2,0.9999999999995858
SEC16B,SEC16B,0.9999999999999621
SEC24B,SEC24B,0.9999999999996866
SEC24B-AS1,SEC24B-AS1,0.9999999999998649
SEC31B,SEC31B,0.9999999999999679
SEC61A2,SEC61A2,0.9999999999999282
MAGI2,SEC61G,0.41106904478726053
MT2A,SEC61G,0.41280064283819207
ACTG1,SEC61G,0.41381338552959757
CACNA1C,SEC61G,0.4208395678854048
CD63,SEC61G,0.42772877144047544
TXN,SEC61G,0.4378733052183446
PTMA,SEC61G,0.44988065183985354
SH3BGRL3,SEC61G,0.45587578298637293
CALM2,SEC61G,0.4563487816732449
ACTB,SEC61G,0.45710990671104806
NEAT1,SEC61G,0.4634466452130618
FTX,SEC61G,0.4747922550454218
HSPB1,SEC61G,0.4765105732065937
HINT1,SEC61G,0.4783184169579462
RPL22L1,SEC61G,0.48009078086749446
VIM,SEC61G,0.5151904099655384
TMSB4X,SEC61G,0.5446195177970279
RPL10,SEC61G,0.5690493344554942
MIF,SEC61G,0.5807889487901431
S100A11,SEC61G,0.5885428449163332
SEC61G,SEC61G,0.999999999999996
SECISBP2,SECISBP2,0.999999999999846
SECTM1,SECTM1,0.9999999999999238
SEL1L,SEL1L,0.99999999999993
SEL1L3,SEL1L3,1.0
SELENBP1,SELENBP1,0.9999999999999727
DSTN,SELENOM,0.401647784700833
TMSB4X,SELENOM,0.41643189177200207
FTH1,SELENOM,0.44048637405217617
IFITM3,SELENOM,0.4446308175873096
CD63,SELENOM,0.4463490113960075
RPL10,SELENOM,0.48978308545767263
B2M,SELENOM,0.5150270201435523
SELENOM,SELENOM,0.9999999999999971
SELENOO,SELENOO,1.0
SELENOO-AS1,SELENOO-AS1,1.0
SELENOP,SELENOP,0.9999999999998512
SELENOW,SELENOW,0.99999999999998
SELPLG,SELPLG,1.0
SEMA3A,SEMA3A,1.0
SEMA3B,SEMA3B,0.9999999999997677
SEMA3C,SEMA3C,1.0
SEMA3D,SEMA3D,1.0
SEMA3E,SEMA3E,1.0
SEMA3F-AS1,SEMA3F-AS1,0.999999999999849
SEMA4B,SEMA4B,1.0
SEMA4C,SEMA4C,0.9999999999999444
SEMA4D,SEMA4D,1.0
SEMA4F,SEMA4F,1.0
PBX1,SEMA5A,0.4031783116583503
INPP4B,SEMA5A,0.4047401050227126
MT2A,SEMA5A,0.40540469977545407
MYLK,SEMA5A,0.4080595935591822
ZNF521,SEMA5A,0.40976741849960574
REV3L,SEMA5A,0.4116836781072158
BICC1,SEMA5A,0.41353184850082314
SLIT2,SEMA5A,0.414169997087623
GRIK2,SEMA5A,0.4153687646075074
THBS1,SEMA5A,0.42563528621513813
TTC39C,SEMA5A,0.4256830630879424
S100A10,SEMA5A,0.4262923412746439
MKX,SEMA5A,0.4298193103788902
PRKG1,SEMA5A,0.4330862176029543
MAML2,SEMA5A,0.4349408900052833
ARMC9,SEMA5A,0.4398568297385574
EXT1,SEMA5A,0.45047202739695325
LUM,SEMA5A,0.4569390689282259
PDZRN3,SEMA5A,0.4681397446588214
CEMIP,SEMA5A,0.5060076041801521
SEMA5A,SEMA5A,0.9999999999998314
SEMA6A,SEMA6A,1.0
SEMA6A-AS1,SEMA6A-AS1,0.9999999999997552
SEMA6C,SEMA6C,1.0
SEMA7A,SEMA7A,0.9999999999999124
SENCR,SENCR,0.9999999999997848
SENP3,SENP3,1.0
SENP5,SENP5,0.9999999999999754
SENP6,SENP6,0.9999999999998895
SENP7,SENP7,1.0
SEPHS1,SEPHS1,1.0
SEPSECS,SEPSECS,1.0
SEPTIN10,SEPTIN10,0.9999999999999535
DCN,SEPTIN11,0.4023230476350421
TPM4,SEPTIN11,0.40311557086151034
THBS1,SEPTIN11,0.4065671916087729
TPM1,SEPTIN11,0.41627631403469034
TPM2,SEPTIN11,0.42930701762509527
CALD1,SEPTIN11,0.4697250288367572
SEPTIN11,SEPTIN11,0.999999999999994
SEPTIN4-AS1,SEPTIN4-AS1,1.0
SEPTIN5,SEPTIN5,1.0
SEPTIN7-DT,SEPTIN7-DT,1.0
SEPTIN7P9,SEPTIN7P9,1.0
SEPTIN9,SEPTIN9,0.9999999999999226
SERAC1,SERAC1,0.9999999999998047
SERGEF,SERGEF,1.0
SERHL2,SERHL2,0.9999999999997533
SERINC2,SERINC2,1.0
SERINC5,SERINC5,0.9999999999996827
SERP2,SERP2,0.9999999999999504
SERPINA3,SERPINA3,0.9999999999994673
SERPINB1,SERPINB1,1.0
SERPINB11,SERPINB11,1.0
SERPINB2,SERPINB2,0.9999999999999465
SERPINB4,SERPINB4,1.0
ISG15,SERPINB6,0.42576347316333235
GSN,SERPINB6,0.4273376229469025
CFB,SERPINB6,0.43275094966814487
NEBL,SERPINB6,0.43924674099871247
IFI16,SERPINB6,0.4420821341086191
THBS1,SERPINB6,0.44390948994677704
CALD1,SERPINB6,0.4482001132707214
KRT19,SERPINB6,0.4495197464718132
DCN,SERPINB6,0.4580255550387943
AHNAK2,SERPINB6,0.45941407945189056
SLC44A1,SERPINB6,0.4635742968759992
LINC00842,SERPINB6,0.46906959978574936
IFI6,SERPINB6,0.47448332572816926
TPST2,SERPINB6,0.47740029698654385
RBP1,SERPINB6,0.4900914597354303
FLNB,SERPINB6,0.4992874558289978
CLU,SERPINB6,0.5087221984346993
MGP,SERPINB6,0.5206931840548747
KRT18,SERPINB6,0.521259980168337
SLC12A8,SERPINB6,0.5231750243345448
SERPINB6,SERPINB6,0.9999999999999327
SERPINB7,SERPINB7,0.9999999999999312
SERPINB8,SERPINB8,1.0
SERPINB9,SERPINB9,0.9999999999998141
SERPINB9P1,SERPINB9P1,1.0
SERPIND1,SERPIND1,0.999999999999558
HIP1,SERPINE1,0.4501297037723245
KRT19,SERPINE1,0.45115138726831144
RBP1,SERPINE1,0.46078156120666114
CENPT,SERPINE1,0.4615872794448689
CCDC80,SERPINE1,0.46505699259505645
PRSS23,SERPINE1,0.46512797531714256
IFI6,SERPINE1,0.4703425461286066
THBS1,SERPINE1,0.4751367271275814
SLC44A1,SERPINE1,0.48077308292292303
TPST2,SERPINE1,0.4841386922902733
CLU,SERPINE1,0.49603599284549166
SLC12A8,SERPINE1,0.49657924304347695
S100A10,SERPINE1,0.49925544169706854
ENSG00000291105,SERPINE1,0.5044391752252302
MGP,SERPINE1,0.5157577124561642
LINC00842,SERPINE1,0.5207071951181687
LUM,SERPINE1,0.5317812667905285
KRT18,SERPINE1,0.543519310217439
DCN,SERPINE1,0.5462065354221946
FLNB,SERPINE1,0.5631042487740607
SERPINE1,SERPINE1,1.0
CD63,SERPINE2,0.40264392845670566
B2M,SERPINE2,0.4498894792255992
COL1A2,SERPINE2,0.45830208671546996
SERPINE2,SERPINE2,0.9999999999999992
SERPINE3,SERPINE3,0.9999999999995458
SERPINF1,SERPINF1,1.0
DCN,SERPING1,0.4294098185534376
SERPING1,SERPING1,1.0
SERTAD1,SERTAD1,0.9999999999999601
SERTAD2,SERTAD2,1.0
SERTAD4,SERTAD4,0.9999999999999837
SERTAD4-AS1,SERTAD4-AS1,0.9999999999998661
SESN1,SESN1,1.0
SESN2,SESN2,0.99999999999981
SESN3,SESN3,1.0
SESTD1,SESTD1,1.0
MX1,SETBP1,0.40772543235034314
GAS7,SETBP1,0.408449665284531
MGP,SETBP1,0.4093625598462491
IFI16,SETBP1,0.4095967790580748
NEBL,SETBP1,0.4102926302872213
IFI6,SETBP1,0.4107794034053823
ZFHX3,SETBP1,0.4146633647043023
SLC44A1,SETBP1,0.41575170375705595
AKAP13,SETBP1,0.4164959841814355
EFNA5,SETBP1,0.4197209460604683
IFIT3,SETBP1,0.4211642797103518
ABTB2,SETBP1,0.4215827299930106
MRTFA,SETBP1,0.42199115848380486
MAGI1,SETBP1,0.42752292613044335
TPST2,SETBP1,0.42895463978323506
MORC3,SETBP1,0.431387461460597
SLC35F3,SETBP1,0.43399610283974993
SLC12A8,SETBP1,0.44061082649671346
NEAT1,SETBP1,0.45794053289346126
ISG15,SETBP1,0.4710296703369444
SETBP1,SETBP1,0.9999999999997278
SETD1A,SETD1A,1.0
SETD2,SETD2,1.0
SETD4,SETD4,0.9999999999997707
SETD5,SETD5,0.9999999999999687
SETD6,SETD6,0.9999999999998763
SETDB1,SETDB1,1.0
SETDB2,SETDB2,1.0
SETX,SETX,1.0
SEZ6,SEZ6,0.9999999999997494
SEZ6L2,SEZ6L2,0.9999999999998936
SF1-DT,SF1-DT,1.0
SFI1,SFI1,0.9999999999998257
SFMBT1,SFMBT1,1.0
SFMBT2,SFMBT2,1.0
SFN,SFN,0.9999999999999203
SFPQ,SFPQ,0.9999999999999428
SFRP1,SFRP1,0.9999999999999516
SFRP2,SFRP2,1.0
SFRP4,SFRP4,1.0
SFXN2,SFXN2,1.0
SFXN5,SFXN5,1.0
SGCD,SGCD,0.9999999999997945
SGCE,SGCE,1.0
SGCG,SGCG,1.0
SGIP1,SGIP1,0.99999999999985
LUM,SGK1,0.48618862275788866
ABTB2,SGK1,0.4865857724984109
HIP1,SGK1,0.4893951763448833
MORC3,SGK1,0.49501309949850814
AHNAK2,SGK1,0.49733465873297505
THBS1,SGK1,0.5099892242076356
PRUNE2,SGK1,0.5150148329722205
NEBL,SGK1,0.5183629616023988
RBP1,SGK1,0.5230452516265903
HIPK2,SGK1,0.5286582064958657
DCN,SGK1,0.5376552944527109
TPST2,SGK1,0.5623421862875656
IFI6,SGK1,0.5646208483357648
SLC44A1,SGK1,0.5679189395157658
CLU,SGK1,0.5756432322136483
LINC00842,SGK1,0.5786735988004286
KRT18,SGK1,0.5864840914431766
FLNB,SGK1,0.5867358978813516
SLC12A8,SGK1,0.6068914804700382
MGP,SGK1,0.6341350910097217
SGK1,SGK1,0.9999999999998913
SGK2,SGK2,1.0
SGMS1,SGMS1,1.0
PRR11,SGO1,0.5217129952119695
KIF20B,SGO1,0.524241127414301
PBK,SGO1,0.529020520973575
HMMR,SGO1,0.5292469317227337
CEP55,SGO1,0.5332392646402946
BIRC5,SGO1,0.5351935413933473
PTTG1,SGO1,0.5360476297472202
CENPE,SGO1,0.5392969766670059
ANLN,SGO1,0.5402842186360697
DLGAP5,SGO1,0.5418558045010621
GTSE1,SGO1,0.5438469361927434
UBE2C,SGO1,0.5540386600270012
HMGB2,SGO1,0.5571637534298761
TPX2,SGO1,0.5579471187490361
ASPM,SGO1,0.5608368106192858
MKI67,SGO1,0.5669652889154411
PRC1,SGO1,0.5676960720199374
NUSAP1,SGO1,0.576627621992692
CENPF,SGO1,0.5805794770399778
TOP2A,SGO1,0.5910746693628487
SGO1,SGO1,1.0
SGO1-AS1,SGO1-AS1,1.0
PRR11,SGO2,0.6503418049462591
CDCA8,SGO2,0.6525834208172085
BIRC5,SGO2,0.6572515029853975
GTSE1,SGO2,0.6611823455617492
ANLN,SGO2,0.6629668570773698
HMMR,SGO2,0.6653999766143085
KIF20B,SGO2,0.6685854586438468
UBE2C,SGO2,0.6714228085514605
CENPE,SGO2,0.6725196938092263
CEP55,SGO2,0.6735259102481655
PTTG1,SGO2,0.6780604257399704
HMGB2,SGO2,0.6786306052135928
PRC1,SGO2,0.6946316007246576
DLGAP5,SGO2,0.6960606390268109
TPX2,SGO2,0.6975872019476507
MKI67,SGO2,0.6979639360184556
NUSAP1,SGO2,0.7024009971219588
TOP2A,SGO2,0.7064795459522087
ASPM,SGO2,0.7127568541381183
CENPF,SGO2,0.7275509424571658
SGO2,SGO2,0.9999999999999805
SGPP1,SGPP1,0.9999999999997449
SGPP2,SGPP2,1.0
SGSM2,SGSM2,0.9999999999998058
SGSM3,SGSM3,1.0
SGSM3-AS1,SGSM3-AS1,0.9999999999999049
SH2B1,SH2B1,1.0
SH2B2,SH2B2,1.0
SH2B3,SH2B3,0.9999999999999256
SH2D4A,SH2D4A,1.0
SH2D6,SH2D6,1.0
RPS27L,SH3BGRL3,0.4046997381420753
VAMP5,SH3BGRL3,0.40586383402486603
TIMP1,SH3BGRL3,0.4271578939292558
MAML2,SH3BGRL3,0.43466539732671405
CD59,SH3BGRL3,0.45452867508208533
SEC61G,SH3BGRL3,0.45587578298637293
IGFBP6,SH3BGRL3,0.4602193143048188
MGST3,SH3BGRL3,0.462407419742937
MIF,SH3BGRL3,0.47853466687129387
PRDX5,SH3BGRL3,0.4798870331008055
S100A13,SH3BGRL3,0.5063742972491618
CSTB,SH3BGRL3,0.5142541351998361
TXN,SH3BGRL3,0.5251698262910448
S100A10,SH3BGRL3,0.5287270665395666
S100A4,SH3BGRL3,0.5474531903234706
ELOB,SH3BGRL3,0.5551424538880806
S100A11,SH3BGRL3,0.6337445783365988
S100A6,SH3BGRL3,0.6511022683681539
SH3BGRL3,SH3BGRL3,0.9999999999999912
SH3BP1,SH3BP1,0.9999999999997432
ABTB2,SH3BP5,0.4721503862969067
NEBL,SH3BP5,0.47299290236833946
CFB,SH3BP5,0.4734365353861575
CALD1,SH3BP5,0.47357557051823107
GSN,SH3BP5,0.47775229251946927
MIAT,SH3BP5,0.4793497095925888
CENPT,SH3BP5,0.4814427529066466
DCN,SH3BP5,0.48238343423004126
IFI16,SH3BP5,0.4862409885505864
LINC00842,SH3BP5,0.5069775205520752
IFI6,SH3BP5,0.5090728197600835
AHNAK2,SH3BP5,0.5124173906915728
SLC44A1,SH3BP5,0.5167534777674117
RBP1,SH3BP5,0.519843244064819
TPST2,SH3BP5,0.5403005012397666
CLU,SH3BP5,0.5506913262812474
FLNB,SH3BP5,0.5526264612532873
MGP,SH3BP5,0.5533346214232869
KRT18,SH3BP5,0.559219304945057
SLC12A8,SH3BP5,0.5707135031681265
SH3BP5,SH3BP5,1.0
SH3BP5-AS1,SH3BP5-AS1,1.0
SH3BP5L,SH3BP5L,0.9999999999998587
SH3D21,SH3D21,0.9999999999997821
SH3GLB2,SH3GLB2,1.0
SH3KBP1,SH3KBP1,0.999999999999974
SH3PXD2A,SH3PXD2A,0.9999999999999604
KCNMA1,SH3PXD2B,0.40360690272978345
CLU,SH3PXD2B,0.40583162456619615
MIAT,SH3PXD2B,0.4084006329674957
GAS7,SH3PXD2B,0.4095353744231149
CENPT,SH3PXD2B,0.4097411793347114
NEBL,SH3PXD2B,0.41110209340748416
MX1,SH3PXD2B,0.41146124514582433
MAGI1,SH3PXD2B,0.4132303805026112
FLNB,SH3PXD2B,0.4132408094308984
HIPK2,SH3PXD2B,0.4137728431189158
IFIT3,SH3PXD2B,0.4158276895622487
SLC44A1,SH3PXD2B,0.42040442114555704
IFI6,SH3PXD2B,0.4239050815564526
MGP,SH3PXD2B,0.42572557150944496
IFI16,SH3PXD2B,0.4262997321134589
ABTB2,SH3PXD2B,0.42906738401385
TPST2,SH3PXD2B,0.4384714792826686
SLC12A8,SH3PXD2B,0.45814665155055107
NEAT1,SH3PXD2B,0.45836740099534967
ISG15,SH3PXD2B,0.4585091700785935
SH3PXD2B,SH3PXD2B,0.9999999999998307
SH3RF1,SH3RF1,0.9999999999999689
SH3RF3,SH3RF3,1.0
SH3RF3-AS1,SH3RF3-AS1,0.9999999999997822
SH3TC2-DT,SH3TC2-DT,1.0
SHANK2,SHANK2,0.9999999999994649
CENPT,SHB,0.40109398249974615
TPST2,SHB,0.40738715238288187
SLC12A8,SHB,0.4101912835233784
FLNB,SHB,0.4147057043275249
SHB,SHB,1.0
SHC2,SHC2,0.9999999999996454
SHC3,SHC3,0.9999999999998633
PBK,SHCBP1,0.5640976964609498
PRR11,SHCBP1,0.5645807352583092
TMPO,SHCBP1,0.5677065040879188
GTSE1,SHCBP1,0.5709780589725054
HMMR,SHCBP1,0.5714036817242913
STMN1,SHCBP1,0.5757746046509136
DLGAP5,SHCBP1,0.583352869236997
PTTG1,SHCBP1,0.5839478543405586
UBE2C,SHCBP1,0.5865202182569685
BIRC5,SHCBP1,0.5878422545358923
CEP55,SHCBP1,0.5963098251867593
ASPM,SHCBP1,0.6001128570695531
ANLN,SHCBP1,0.6005062752424816
HMGB2,SHCBP1,0.6016671459186612
TPX2,SHCBP1,0.6161207754808374
NUSAP1,SHCBP1,0.6177293584408451
PRC1,SHCBP1,0.6199303903304841
MKI67,SHCBP1,0.6232034675000181
CENPF,SHCBP1,0.6264981043521439
TOP2A,SHCBP1,0.6281163593446751
SHCBP1,SHCBP1,1.0
SHE,SHE,0.9999999999998921
SHF,SHF,0.9999999999997542
MX2,SHFL,0.4014669246095081
MT-ND4L,SHFL,0.40269177385964877
STAT1,SHFL,0.41596568282611013
IFI16,SHFL,0.42563770980872867
MT-ATP8,SHFL,0.42905993783820795
IFIT3,SHFL,0.4348673386615775
IFIT1,SHFL,0.43556250778083433
EPSTI1,SHFL,0.43930424836888404
ISG15,SHFL,0.45856957325588527
MX1,SHFL,0.46487687020203206
SHFL,SHFL,0.9999999999999513
SHISAL1,SHISAL1,1.0
SHLD1,SHLD1,1.0
SHLD2,SHLD2,1.0
SHOC1,SHOC1,1.0
SHOX,SHOX,0.9999999999999819
SHOX2,SHOX2,0.9999999999998292
SHPK,SHPK,1.0
SHPRH,SHPRH,0.9999999999997361
RBP1,SHROOM2,0.42598288717489824
IFI16,SHROOM2,0.4304388701006561
HIP1,SHROOM2,0.43525193310182725
DCN,SHROOM2,0.43596082424412863
MIAT,SHROOM2,0.44066037448370354
GAS7,SHROOM2,0.4469522477356208
LINC00842,SHROOM2,0.4482184768851547
CLU,SHROOM2,0.44996336073858195
SLC35F3,SHROOM2,0.4504957810942528
NEBL,SHROOM2,0.450563184794979
MORC3,SHROOM2,0.4525857677083394
IFI6,SHROOM2,0.46102325642588826
ABTB2,SHROOM2,0.4612485516395138
KRT18,SHROOM2,0.46460406639998886
CENPT,SHROOM2,0.4691187654804522
MGP,SHROOM2,0.47163761735237686
SLC44A1,SHROOM2,0.4741982256670614
TPST2,SHROOM2,0.4798206518835473
FLNB,SHROOM2,0.49818318529457906
SLC12A8,SHROOM2,0.5071125063762096
SHROOM2,SHROOM2,0.9999999999999297
SHROOM3,SHROOM3,1.0
SHROOM3-AS1,SHROOM3-AS1,0.9999999999996538
SHROOM4,SHROOM4,0.9999999999999996
SHTN1,SHTN1,1.0
SIAH1,SIAH1,1.0
SIDT2,SIDT2,0.999999999999937
SIGIRR,SIGIRR,0.9999999999998304
SIGLEC1,SIGLEC1,1.0
SIK2,SIK2,1.0
SIK3,SIK3,1.0
SIM1,SIM1,0.9999999999998989
SIM1-AS1,SIM1-AS1,1.0
SIMC1,SIMC1,0.9999999999997349
SIN3A,SIN3A,1.0
FTX,SIPA1L1,0.40069532340498226
NEAT1,SIPA1L1,0.4342554582434288
SIPA1L1,SIPA1L1,0.9999999999999994
SIPA1L2,SIPA1L2,1.0
ZFHX3,SIPA1L3,0.43072167798690447
DLG1,SIPA1L3,0.431248584750865
DOCK5,SIPA1L3,0.4342008487457279
MRTFA,SIPA1L3,0.4381489549028377
SLC12A8,SIPA1L3,0.43845951294458413
IFITM3,SIPA1L3,0.4402109495738912
CENPT,SIPA1L3,0.4408907002242912
HIP1,SIPA1L3,0.4412081822384091
SLC44A1,SIPA1L3,0.44327799945922935
TPST2,SIPA1L3,0.4436187190332269
ABTB2,SIPA1L3,0.44481248767144116
NEAT1,SIPA1L3,0.44873784347224965
FLNB,SIPA1L3,0.4559021367229737
MORC3,SIPA1L3,0.45634450771116125
MAGI1,SIPA1L3,0.46514595256959385
PVT1,SIPA1L3,0.4657471325493053
IFI6,SIPA1L3,0.4673336078958302
SLC35F3,SIPA1L3,0.469549748011171
IFI16,SIPA1L3,0.4716205841244091
ISG15,SIPA1L3,0.47523906984218683
SIPA1L3,SIPA1L3,1.0
SIRPA,SIRPA,0.9999999999999072
SIRT2,SIRT2,0.9999999999997649
SIRT3,SIRT3,1.0
SIX1,SIX1,0.9999999999999778
SIX4,SIX4,1.0
PCLAF,SKA1,0.47444059723046655
PRR11,SKA1,0.4750083105433398
ANLN,SKA1,0.48035165925392864
ASPM,SKA1,0.4806697350732724
GTSE1,SKA1,0.4808429197297418
BIRC5,SKA1,0.4810715071449694
CDK1,SKA1,0.4841869522249437
TMPO,SKA1,0.484652514967256
PBK,SKA1,0.48561376575655685
STMN1,SKA1,0.4873053892570661
MKI67,SKA1,0.49122153200570035
CEP55,SKA1,0.4919175335547072
PTTG1,SKA1,0.4922568307931847
UBE2C,SKA1,0.49840538663758893
PRC1,SKA1,0.5135267962689577
TPX2,SKA1,0.5145679073933564
CENPF,SKA1,0.5156212185516168
HMGB2,SKA1,0.5169718372235843
NUSAP1,SKA1,0.5249577762416262
TOP2A,SKA1,0.5389548587805985
SKA1,SKA1,1.0
CKS1B,SKA2,0.42328707771653995
CEP55,SKA2,0.42422222526138764
HMMR,SKA2,0.425409033757894
DLGAP5,SKA2,0.425934842451333
CDKN3,SKA2,0.42802044474145073
GTSE1,SKA2,0.4297482755808804
PBK,SKA2,0.4301746829408268
PCLAF,SKA2,0.4307889876852031
BIRC5,SKA2,0.4314280110356168
CENPW,SKA2,0.4325304942013818
H2AZ1,SKA2,0.4397867805723951
TPX2,SKA2,0.4421784927535935
CENPF,SKA2,0.4473967468295054
UBE2C,SKA2,0.44797850163793906
HMGB2,SKA2,0.4481555382924802
TOP2A,SKA2,0.45278604852935006
PRC1,SKA2,0.45981991813623296
STMN1,SKA2,0.4604054406251854
PTTG1,SKA2,0.46376612275906076
NUSAP1,SKA2,0.46535556152791574
SKA2,SKA2,0.9999999999999203
PRR11,SKA3,0.47250669167043735
GTSE1,SKA3,0.47288957642182067
SMC4,SKA3,0.4757649763297237
CDK1,SKA3,0.4790154315719991
PCLAF,SKA3,0.48176613233991716
ASPM,SKA3,0.4826451332736457
TMPO,SKA3,0.48515160532125684
PBK,SKA3,0.4864337796447442
CEP55,SKA3,0.4885148067137592
PTTG1,SKA3,0.4890069115300349
ANLN,SKA3,0.48927483552998036
STMN1,SKA3,0.4928423317890446
UBE2C,SKA3,0.49894486965527785
TPX2,SKA3,0.5040281075522114
PRC1,SKA3,0.5075638848431779
MKI67,SKA3,0.5120253176397914
HMGB2,SKA3,0.5148318794871709
CENPF,SKA3,0.5157528258917359
TOP2A,SKA3,0.5307874095189086
NUSAP1,SKA3,0.5322769752782383
SKA3,SKA3,1.0
SKIC2,SKIC2,1.0
SLC10A1,SLC10A1,0.9999999999997371
SLC10A6,SLC10A6,1.0
SLC10A7,SLC10A7,0.9999999999998349
SLC11A2,SLC11A2,1.0
SLC12A2-DT,SLC12A2-DT,0.9999999999998489
SLC12A4,SLC12A4,0.9999999999998203
SLC12A6,SLC12A6,1.0
SLC12A7,SLC12A7,0.9999999999998478
PRUNE2,SLC12A8,0.6635331093400866
THBS1,SLC12A8,0.6648306894211783
HIPK2,SLC12A8,0.6659240299160484
ISG15,SLC12A8,0.6665200365631971
IFI16,SLC12A8,0.6819654297737777
MIAT,SLC12A8,0.6825922396806403
ABTB2,SLC12A8,0.6834809274021634
CENPT,SLC12A8,0.6898792304488612
AHNAK2,SLC12A8,0.6928724226487315
RBP1,SLC12A8,0.701096534610352
NEBL,SLC12A8,0.7060547466313117
DCN,SLC12A8,0.7121773435732329
LINC00842,SLC12A8,0.7197029051859087
SLC44A1,SLC12A8,0.7413295177594736
IFI6,SLC12A8,0.7457167370802477
TPST2,SLC12A8,0.7502959786821489
CLU,SLC12A8,0.7520440229777191
KRT18,SLC12A8,0.7706998591880309
FLNB,SLC12A8,0.7742983104833985
MGP,SLC12A8,0.7830839330551237
SLC12A8,SLC12A8,1.0
SLC12A9,SLC12A9,0.9999999999999056
SLC12A9-AS1,SLC12A9-AS1,0.999999999999863
SLC13A3,SLC13A3,0.9999999999998165
SLC13A4,SLC13A4,1.0
SLC14A2,SLC14A2,1.0
SLC15A2,SLC15A2,0.9999999999994081
SLC15A3,SLC15A3,1.0
SLC16A1-AS1,SLC16A1-AS1,0.9999999999998961
SLC16A13,SLC16A13,1.0
SLC16A2,SLC16A2,1.0
SLC16A4,SLC16A4,0.9999999999997791
SLC16A4-AS1,SLC16A4-AS1,0.9999999999997352
SLC16A5,SLC16A5,1.0
SLC16A6,SLC16A6,0.9999999999999165
SLC16A7,SLC16A7,1.0
SLC17A9,SLC17A9,0.99999999999987
SLC19A1,SLC19A1,0.9999999999999676
SLC19A2,SLC19A2,0.9999999999997061
SLC1A1,SLC1A1,1.0
SLC1A2,SLC1A2,0.9999999999999566
SLC1A3,SLC1A3,0.9999999999998731
SLC1A5,SLC1A5,0.9999999999999432
SLC1A7,SLC1A7,1.0
SLC20A1,SLC20A1,0.9999999999998936
SLC20A2,SLC20A2,1.0
SLC22A1,SLC22A1,1.0
SLC22A13,SLC22A13,1.0
SLC22A14,SLC22A14,1.0
SLC22A15,SLC22A15,1.0
SLC22A17,SLC22A17,1.0
SLC22A23,SLC22A23,0.9999999999997009
SLC22A4,SLC22A4,0.9999999999998412
SLC23A1,SLC23A1,0.9999999999997466
SLC23A2,SLC23A2,0.9999999999996638
SLC23A3,SLC23A3,1.0
SLC24A1,SLC24A1,1.0
SLC24A3,SLC24A3,1.0
SLC24A4,SLC24A4,0.9999999999999246
SLC25A12,SLC25A12,1.0
SLC25A14,SLC25A14,1.0
SLC25A15,SLC25A15,1.0
SLC25A18,SLC25A18,0.9999999999999363
SLC25A21,SLC25A21,1.0
SLC25A25,SLC25A25,1.0
SLC25A25-AS1,SLC25A25-AS1,1.0
SLC25A27,SLC25A27,0.9999999999996204
SLC25A29,SLC25A29,0.9999999999996544
SLC25A33,SLC25A33,0.9999999999998679
SLC25A34,SLC25A34,1.0
SLC25A34-AS1,SLC25A34-AS1,0.9999999999996151
DCN,SLC25A36,0.40010987891059063
NEBL,SLC25A36,0.40011041533901287
IFI16,SLC25A36,0.40024396379398675
AHNAK2,SLC25A36,0.4023680839004227
RBP1,SLC25A36,0.4027489052732553
ABTB2,SLC25A36,0.40406226329139194
LINC00842,SLC25A36,0.4055271434392001
CENPT,SLC25A36,0.4302362470954044
SLC44A1,SLC25A36,0.43086200307597333
CLU,SLC25A36,0.43485630141533893
KRT18,SLC25A36,0.4350724220809296
IFI6,SLC25A36,0.44217617161543354
FLNB,SLC25A36,0.4512819170158913
MORC3,SLC25A36,0.4519034990968295
MGP,SLC25A36,0.45518729661233204
SLC12A8,SLC25A36,0.46070159890586004
TPST2,SLC25A36,0.4649918109692556
SLC25A36,SLC25A36,1.0
SLC25A40,SLC25A40,1.0
SLC25A43,SLC25A43,0.9999999999999845
SLC25A44,SLC25A44,0.9999999999997542
SLC25A5-AS1,SLC25A5-AS1,1.0
SLC25A53,SLC25A53,1.0
SLC26A1,SLC26A1,1.0
SLC26A11,SLC26A11,0.9999999999999186
SLC26A6,SLC26A6,1.0
SLC26A8,SLC26A8,1.0
SLC27A1,SLC27A1,1.0
SLC27A6,SLC27A6,0.9999999999998768
SLC29A2,SLC29A2,0.999999999999811
SLC2A1,SLC2A1,0.9999999999999984
SLC2A1-DT,SLC2A1-DT,1.0
SLC2A10,SLC2A10,0.9999999999999112
SLC2A11,SLC2A11,1.0
SLC2A13,SLC2A13,1.0
SLC2A3,SLC2A3,1.0
SLC2A9,SLC2A9,0.999999999999732
SLC30A4,SLC30A4,0.9999999999998513
SLC30A6-DT,SLC30A6-DT,1.0
SLC35A1,SLC35A1,0.9999999999998451
SLC35A3,SLC35A3,1.0
SLC35C2,SLC35C2,0.9999999999998315
SLC35D1,SLC35D1,1.0
SLC35D2,SLC35D2,0.9999999999998955
SLC35E2B,SLC35E2B,1.0
SLC35E3,SLC35E3,1.0
SLC35E4,SLC35E4,1.0
EFNA5,SLC35F3,0.5296597381489102
HIP1,SLC35F3,0.5311099267783307
CLU,SLC35F3,0.535024166417657
HIPK2,SLC35F3,0.5373499636737024
CHAF1B,SLC35F3,0.5463286416310534
DCN,SLC35F3,0.5468761767219584
MIAT,SLC35F3,0.5471717165046529
GAS7,SLC35F3,0.5521114827932694
ABTB2,SLC35F3,0.5564070004230199
NEBL,SLC35F3,0.5610682629710974
LINC00842,SLC35F3,0.56729666373192
IFI6,SLC35F3,0.579211345942226
MGP,SLC35F3,0.5826661860761246
KRT18,SLC35F3,0.583288453863283
CENPT,SLC35F3,0.5892824197137535
SLC44A1,SLC35F3,0.5948101625638825
SLC12A8,SLC35F3,0.6125765981523583
FLNB,SLC35F3,0.6195175977879375
MORC3,SLC35F3,0.6237784899854608
TPST2,SLC35F3,0.6289192683111962
SLC35F3,SLC35F3,0.9999999999995918
SLC35F5,SLC35F5,0.9999999999999505
SLC35G1,SLC35G1,0.9999999999998743
SLC35G5,SLC35G5,1.0
SLC36A1,SLC36A1,1.0
SLC37A1,SLC37A1,0.9999999999999026
SLC37A2,SLC37A2,0.9999999999998908
SLC38A1,SLC38A1,1.0
SLC38A10,SLC38A10,0.9999999999999133
SLC38A11,SLC38A11,0.9999999999999377
SLC38A2,SLC38A2,1.0
SLC38A4,SLC38A4,0.9999999999999014
SLC38A4-AS1,SLC38A4-AS1,0.999999999999897
IFIT3,SLC38A6,0.40096266432456285
MX1,SLC38A6,0.40509462349906084
HSPB1,SLC38A6,0.40542000026609115
FNIP1,SLC38A6,0.4074374183196132
ISG15,SLC38A6,0.4511496487826126
NEAT1,SLC38A6,0.45611062954347786
SLC38A6,SLC38A6,0.9999999999997162
SLC38A9,SLC38A9,0.9999999999996926
SLC39A10,SLC39A10,0.9999999999999052
MX1,SLC39A11,0.5032483650514533
IFIT3,SLC39A11,0.503538447932801
IFITM3,SLC39A11,0.5037130683720473
CLU,SLC39A11,0.5070476791791726
MIAT,SLC39A11,0.508639489771748
GAS7,SLC39A11,0.513410995785106
CENPT,SLC39A11,0.5163139829298943
KRT18,SLC39A11,0.51637014456927
NEBL,SLC39A11,0.5214298527597528
NEAT1,SLC39A11,0.5217972274377614
ABTB2,SLC39A11,0.5264489691539641
MGP,SLC39A11,0.5285816322385493
MAGI1,SLC39A11,0.5305264596066237
SLC44A1,SLC39A11,0.5349858621256286
IFI16,SLC39A11,0.5429575279859887
IFI6,SLC39A11,0.5484712641429269
TPST2,SLC39A11,0.5498416111769697
ISG15,SLC39A11,0.5601801490298007
FLNB,SLC39A11,0.5613530948360752
SLC12A8,SLC39A11,0.5934273569133997
SLC39A11,SLC39A11,0.9999999999997119
SLC39A13-AS1,SLC39A13-AS1,0.9999999999998387
SLC39A14,SLC39A14,0.9999999999999009
SLC39A8,SLC39A8,0.9999999999999595
SLC3A1,SLC3A1,1.0
SLC40A1,SLC40A1,1.0
SLC41A2,SLC41A2,0.9999999999998413
SLC43A1,SLC43A1,1.0
SLC43A3,SLC43A3,1.0
HIP1,SLC44A1,0.6090263093492508
THBS1,SLC44A1,0.6109619850184926
ABTB2,SLC44A1,0.6150386811546855
CALD1,SLC44A1,0.6166810995076148
NEBL,SLC44A1,0.6223792004913475
ISG15,SLC44A1,0.6252149881065812
AHNAK2,SLC44A1,0.6355557844435658
IFI16,SLC44A1,0.6359850256286181
CENPT,SLC44A1,0.6440889464658874
RBP1,SLC44A1,0.6459540411932768
MORC3,SLC44A1,0.6520010429878355
DCN,SLC44A1,0.6636717566247216
LINC00842,SLC44A1,0.6734668985474515
IFI6,SLC44A1,0.6988739092180614
CLU,SLC44A1,0.7003386466827727
TPST2,SLC44A1,0.7163591466360076
KRT18,SLC44A1,0.7246736504142723
FLNB,SLC44A1,0.7258444353993481
SLC12A8,SLC44A1,0.7413295177594736
MGP,SLC44A1,0.746907953714872
SLC44A1,SLC44A1,1.0
SLC45A4,SLC45A4,0.9999999999999957
SLC46A2-AS1,SLC46A2-AS1,1.0
SLC47A2,SLC47A2,0.9999999999999493
SLC4A3,SLC4A3,1.0
SLC4A5,SLC4A5,0.9999999999998103
SLC4A7,SLC4A7,0.9999999999999335
SLC4A8,SLC4A8,0.9999999999999347
SLC4A8-AS1,SLC4A8-AS1,0.9999999999996313
SLC5A3,SLC5A3,1.0
SLC66A2,SLC66A2,1.0
SLC6A16,SLC6A16,1.0
SLC6A6,SLC6A6,1.0
SLC6A9,SLC6A9,1.0
SLC7A1,SLC7A1,1.0
SLC7A11,SLC7A11,0.9999999999998903
SLC7A11-AS1,SLC7A11-AS1,1.0
SLC7A14,SLC7A14,1.0
SLC7A14-AS1,SLC7A14-AS1,0.9999999999999598
SLC7A5,SLC7A5,1.0
SLC7A6,SLC7A6,1.0
SLC7A8,SLC7A8,0.9999999999999831
S100A6,SLC8A1,0.40869239158277926
SLC8A1,SLC8A1,1.0
SLC8A1-AS1,SLC8A1-AS1,1.0
SLC8B1,SLC8B1,0.9999999999999035
SLC9A1,SLC9A1,0.9999999999999518
SLC9A3-AS1,SLC9A3-AS1,1.0
SLC9A5,SLC9A5,1.0
SLC9A7,SLC9A7,0.9999999999999207
SLC9A8,SLC9A8,1.0
SLC9A9,SLC9A9,1.0
SLC9B1,SLC9B1,0.9999999999998206
SLC9B2,SLC9B2,0.9999999999998614
SLC9C1,SLC9C1,0.9999999999999352
GAS7,SLCO2A1,0.4557655677195297
IFI16,SLCO2A1,0.4604116744520429
MIAT,SLCO2A1,0.4614468906478437
CALD1,SLCO2A1,0.4626606400345961
KRT19,SLCO2A1,0.46570974752467026
NEBL,SLCO2A1,0.4703533547423253
PRUNE2,SLCO2A1,0.47348982219395686
ABTB2,SLCO2A1,0.4788631423865309
DCN,SLCO2A1,0.4844275943767782
LINC00842,SLCO2A1,0.48675584966313
RBP1,SLCO2A1,0.48907679032553775
AHNAK2,SLCO2A1,0.4896740419858603
IFI6,SLCO2A1,0.501639175739078
SLC44A1,SLCO2A1,0.5085670026191359
TPST2,SLCO2A1,0.5171159701695927
CLU,SLCO2A1,0.524027160070869
FLNB,SLCO2A1,0.5266756067098
MGP,SLCO2A1,0.5359693085943208
KRT18,SLCO2A1,0.5364124370311648
SLC12A8,SLCO2A1,0.5563009519432258
SLCO2A1,SLCO2A1,0.9999999999996926
SLCO3A1,SLCO3A1,1.0
SLCO4A1,SLCO4A1,0.9999999999998597
SLCO5A1,SLCO5A1,0.9999999999999688
SLF2,SLF2,0.9999999999999482
SLFN12,SLFN12,1.0
RIGI,SLFN5,0.40320201460780025
MX2,SLFN5,0.4059600603886247
DCN,SLFN5,0.41361833281840604
ISG15,SLFN5,0.4145372904665095
IFI6,SLFN5,0.423325367208257
IFIT3,SLFN5,0.4316296154958277
IFIT2,SLFN5,0.4351206654143991
IFIT1,SLFN5,0.43546466558445085
EPSTI1,SLFN5,0.4447614045093171
STAT1,SLFN5,0.4491415273062469
MX1,SLFN5,0.4534270123407802
IFI16,SLFN5,0.45380026585333794
SLFN5,SLFN5,1.0
SLFNL1-AS1,SLFNL1-AS1,1.0
SEMA5A,SLIT2,0.414169997087623
EXT1,SLIT2,0.418214980885215
LUM,SLIT2,0.42338481396845873
MAML2,SLIT2,0.43491132379535963
THBS1,SLIT2,0.440168019055327
SLIT2,SLIT2,0.9999999999999203
IFI6,SLIT3,0.40758079219261095
IFIT1,SLIT3,0.4086923943660298
IFITM3,SLIT3,0.41234068129758683
EPSTI1,SLIT3,0.4131756569332952
IFITM1,SLIT3,0.4145693821677263
IFIT3,SLIT3,0.41744686225526967
IFI16,SLIT3,0.42014145963760463
SLC12A8,SLIT3,0.4261797747197345
MX1,SLIT3,0.43045418737555674
MAGI1,SLIT3,0.431422069910603
NEAT1,SLIT3,0.4382375634810574
ISG15,SLIT3,0.4744223826727279
SLIT3,SLIT3,1.0
SLIT3-AS1,SLIT3-AS1,1.0
SLMAP,SLMAP,1.0
SLPI,SLPI,0.9999999999998007
SLX4,SLX4,0.9999999999997913
SLX4IP,SLX4IP,1.0
SMAD2,SMAD2,1.0
SMAD3,SMAD3,0.9999999999999478
SMAD5-AS1,SMAD5-AS1,1.0
FLNB,SMAD6,0.40209229401706126
SLC12A8,SMAD6,0.4077570493327957
SMAD6,SMAD6,0.9999999999997652
SMAD7,SMAD7,1.0
SMAD9,SMAD9,1.0
SMANTIS,SMANTIS,0.9999999999997526
SMARCAL1,SMARCAL1,0.9999999999998509
SMARCD3,SMARCD3,0.9999999999995929
BIRC5,SMC1A,0.4421816007152033
UBE2C,SMC1A,0.4438998157948609
DLGAP5,SMC1A,0.4442822691129541
KIF20B,SMC1A,0.4452864361913115
PBK,SMC1A,0.44789911796100884
PCLAF,SMC1A,0.45636876543035415
SMC4,SMC1A,0.4614190139658552
ASPM,SMC1A,0.46244188799608826
CEP55,SMC1A,0.47179689476771514
DIAPH3,SMC1A,0.4751390210669145
ANLN,SMC1A,0.47666385358913316
STMN1,SMC1A,0.48038492458643206
HMGB2,SMC1A,0.4835595837806296
TPX2,SMC1A,0.4894745428073437
NUSAP1,SMC1A,0.4928090867415304
PRC1,SMC1A,0.49364018179787483
TMPO,SMC1A,0.5025389015210247
TOP2A,SMC1A,0.5034346287395979
MKI67,SMC1A,0.508183816211958
CENPF,SMC1A,0.5085926943589968
SMC1A,SMC1A,0.9999999999999335
SMC1B,SMC1B,1.0
PBK,SMC2,0.535142967413355
PCLAF,SMC2,0.5377019040369945
PRR11,SMC2,0.540011816276802
KIF20B,SMC2,0.5432171745637115
DLGAP5,SMC2,0.5440340313941195
UBE2C,SMC2,0.5472952840230968
TMPO,SMC2,0.5486976501200579
ANLN,SMC2,0.5513292803073131
SMC4,SMC2,0.5513706033222273
PTTG1,SMC2,0.557924451330411
CEP55,SMC2,0.5635246568461535
ASPM,SMC2,0.564115336887997
STMN1,SMC2,0.5723162695517311
TPX2,SMC2,0.5753339713381065
HMGB2,SMC2,0.5776836270632663
PRC1,SMC2,0.5784541247076209
MKI67,SMC2,0.5801380697659074
NUSAP1,SMC2,0.5891216428300748
TOP2A,SMC2,0.5959890063929052
CENPF,SMC2,0.6001962781488392
SMC2,SMC2,1.0
ASPM,SMC3,0.42239357755709234
DIAPH3,SMC3,0.42337752505319404
ANP32B,SMC3,0.4234250760794072
ANLN,SMC3,0.42371941482507375
HMGB1,SMC3,0.42884307572840547
DUT,SMC3,0.4390883148691393
PCLAF,SMC3,0.44041427847589604
CEP55,SMC3,0.4413623292728063
UBE2C,SMC3,0.4432685209165357
PRC1,SMC3,0.44788031767950737
MKI67,SMC3,0.44851691534702515
DEK,SMC3,0.4492139893124661
TPX2,SMC3,0.4515868656382269
SMC4,SMC3,0.4532686179995306
NUSAP1,SMC3,0.4574364520784043
CENPF,SMC3,0.4642235822115307
TMPO,SMC3,0.467314870361387
TOP2A,SMC3,0.47050666373997535
STMN1,SMC3,0.4764811917638328
HMGB2,SMC3,0.48303175227763256
SMC3,SMC3,0.9999999999999739
PRR11,SMC4,0.7149786064516541
KIF20B,SMC4,0.7157356086820664
HMMR,SMC4,0.7194129944340802
GTSE1,SMC4,0.7238622793441031
TMPO,SMC4,0.728770101725912
ANLN,SMC4,0.7296336508002549
BIRC5,SMC4,0.7301899616252367
DLGAP5,SMC4,0.7330690415335698
CEP55,SMC4,0.7423896912166882
STMN1,SMC4,0.7472106555360897
UBE2C,SMC4,0.7521840371520181
ASPM,SMC4,0.7561945720909063
PTTG1,SMC4,0.7577504522331374
MKI67,SMC4,0.7670799186462723
HMGB2,SMC4,0.7737014526976493
TPX2,SMC4,0.7773324261774647
PRC1,SMC4,0.7833986877468567
NUSAP1,SMC4,0.7893755242679703
TOP2A,SMC4,0.8001383367570906
CENPF,SMC4,0.8002243627492511
SMC4,SMC4,1.0
SMC5,SMC5,0.9999999999999936
SMC5-DT,SMC5-DT,0.9999999999998105
SMCHD1,SMCHD1,1.0
SMCR5,SMCR5,1.0
SMG1,SMG1,0.9999999999998751
SMG1-DT,SMG1-DT,1.0
SMG1P7,SMG1P7,1.0
SMG5,SMG5,0.9999999999999505
SMG6,SMG6,0.9999999999999549
SMG7,SMG7,0.9999999999997509
CLU,SMIM1,0.40020357539510387
AQP3,SMIM1,0.4094015273157162
KRT18,SMIM1,0.413653174484583
RBP1,SMIM1,0.43302024391257044
SMIM1,SMIM1,0.9999999999998098
SMIM10,SMIM10,0.9999999999999819
SMIM15-AS1,SMIM15-AS1,0.999999999999657
SMIM24,SMIM24,0.9999999999999717
SMIM3,SMIM3,1.0
SMIM8,SMIM8,0.9999999999999031
SMO,SMO,1.0
SMOX,SMOX,0.9999999999998153
SMPDL3A,SMPDL3A,0.9999999999997864
SMTN,SMTN,0.9999999999999819
SMTNL1,SMTNL1,0.9999999999999838
SMURF1,SMURF1,1.0
SMURF2,SMURF2,1.0
PRKCA,SMYD3,0.4012524604562664
RASAL2,SMYD3,0.40780809828943426
PVT1,SMYD3,0.42472585017059905
ISG15,SMYD3,0.4320530400422214
IFITM1,SMYD3,0.43457614683517826
NEAT1,SMYD3,0.446577048509143
MAGI1,SMYD3,0.4476579447489662
IFITM3,SMYD3,0.4726670098121599
SMYD3,SMYD3,1.0
SMYD3-AS1,SMYD3-AS1,0.9999999999998027
SMYD3-IT1,SMYD3-IT1,1.0
SMYD4,SMYD4,1.0
SNAI1,SNAI1,0.9999999999999322
SNAI2,SNAI2,0.9999999999998993
SNAI3-AS1,SNAI3-AS1,0.9999999999997832
SNAP25,SNAP25,1.0
SNAP25-AS1,SNAP25-AS1,1.0
SNAPC1,SNAPC1,0.9999999999999424
SNAPC4,SNAPC4,0.9999999999998661
SNCA,SNCA,1.0
SNCAIP,SNCAIP,1.0
SNCG,SNCG,0.9999999999998201
SND1-IT1,SND1-IT1,1.0
SNED1,SNED1,1.0
SNED1-AS1,SNED1-AS1,0.9999999999999353
SNHG1,SNHG1,0.9999999999998677
SNHG10,SNHG10,1.0
SNHG12,SNHG12,1.0
SNHG14,SNHG14,0.9999999999996763
SNHG15,SNHG15,0.9999999999999868
SNHG18,SNHG18,0.999999999999907
SNHG19,SNHG19,0.9999999999999943
SNHG20,SNHG20,0.9999999999995648
SNHG25,SNHG25,0.9999999999999276
SNHG26,SNHG26,1.0
SNHG28,SNHG28,0.9999999999998517
SNHG3,SNHG3,0.9999999999998114
SNHG31,SNHG31,1.0
SNHG4,SNHG4,1.0
SNHG8,SNHG8,0.9999999999999439
SNHG9,SNHG9,1.0
SNORC,SNORC,0.9999999999994958
SNPH,SNPH,0.9999999999997572
SNRK,SNRK,0.9999999999997315
PBK,SNRPD1,0.41928699596530256
TPX2,SNRPD1,0.4260220425225577
UBE2T,SNRPD1,0.42812849900639394
CKS2,SNRPD1,0.4311263298226103
CKS1B,SNRPD1,0.4313470819313477
BIRC5,SNRPD1,0.4326955783829025
RANBP1,SNRPD1,0.43279388025539206
HMGB1,SNRPD1,0.43946825470729683
UBE2C,SNRPD1,0.4425963027369685
TOP2A,SNRPD1,0.44267354325866465
PRC1,SNRPD1,0.44414288783917394
CENPW,SNRPD1,0.4495003511200721
HMGB2,SNRPD1,0.4587553076884298
NUSAP1,SNRPD1,0.459586198217912
PTMA,SNRPD1,0.45975965840194416
PTTG1,SNRPD1,0.4637366598092651
STMN1,SNRPD1,0.4649418758753689
TUBA1B,SNRPD1,0.4679062555680513
PCLAF,SNRPD1,0.4732099106852388
H2AZ1,SNRPD1,0.48515480800194866
SNRPD1,SNRPD1,1.0
SNTA1,SNTA1,1.0
SNTB1,SNTB1,1.0
SNTG2,SNTG2,1.0
SNTG2-AS1,SNTG2-AS1,0.9999999999999719
SNX14,SNX14,0.9999999999998889
SNX18,SNX18,0.9999999999998046
SNX19,SNX19,1.0
SNX21,SNX21,0.9999999999997402
SNX25,SNX25,0.9999999999999993
AKAP13,SNX29,0.4125009256223539
CENPT,SNX29,0.4126750100416428
NEBL,SNX29,0.4133870271322329
GAS7,SNX29,0.4137221621808116
SLC39A11,SNX29,0.416789108375097
EPSTI1,SNX29,0.4170824730549285
MIAT,SNX29,0.4203629859374582
DOCK5,SNX29,0.42288686923815566
IFIT1,SNX29,0.42628856278170635
IFI6,SNX29,0.4295754722900228
TPST2,SNX29,0.43102532093387036
PVT1,SNX29,0.4311945491793323
IFIT3,SNX29,0.4355135780375707
MX1,SNX29,0.4360595946263036
IFI16,SNX29,0.43866588848709864
ABTB2,SNX29,0.44493436559295774
MAGI1,SNX29,0.4526947363310168
SLC12A8,SNX29,0.45722590266543
ISG15,SNX29,0.4883115182595874
NEAT1,SNX29,0.5004767235949779
SNX29,SNX29,0.9999999999999506
NEAT1,SNX9,0.41858644224361946
SNX9,SNX9,1.0
SOAT1,SOAT1,0.9999999999998868
SOBP,SOBP,0.9999999999999283
SOCS1,SOCS1,1.0
SOCS2,SOCS2,0.9999999999999175
SOCS2-AS1,SOCS2-AS1,0.9999999999997912
SOCS3,SOCS3,0.9999999999999369
SOCS3-DT,SOCS3-DT,1.0
SOCS5,SOCS5,0.9999999999999599
SOCS6,SOCS6,1.0
SOCS7,SOCS7,0.9999999999998956
CXCL6,SOD2,0.4250004238228718
CXCL8,SOD2,0.4301842962569484
CCL2,SOD2,0.4627257068043939
CXCL1,SOD2,0.4692426190052503
SOD2,SOD2,1.0
SOD3,SOD3,1.0
SOGA1,SOGA1,1.0
SOGA3,SOGA3,1.0
SORBS1,SORBS1,0.9999999999997042
SLC12A8,SORBS2,0.4112627848019942
SORBS2,SORBS2,0.9999999999996935
SORCS2,SORCS2,0.999999999999406
SORL1,SORL1,0.9999999999998936
SORT1,SORT1,0.9999999999998592
SOS1,SOS1,0.9999999999998662
SOS2,SOS2,0.9999999999997157
SOWAHC,SOWAHC,0.9999999999998317
SOX10,SOX10,0.9999999999998499
SOX11,SOX11,0.999999999999962
SOX13,SOX13,1.0
SOX2-OT,SOX2-OT,1.0
SOX4,SOX4,1.0
SOX5,SOX5,1.0
SOX6,SOX6,0.9999999999998551
IFITM3,SP110,0.541023136368643
EIF2AK2,SP110,0.5434883964730609
LAP3,SP110,0.5477598536882131
XAF1,SP110,0.549144219899581
MT-ATP8,SP110,0.5496208983565751
RIGI,SP110,0.5507127615501611
SAMD9,SP110,0.5515418443288315
PSMB9,SP110,0.5535365077618921
GBP1,SP110,0.5552018364115716
IFI6,SP110,0.5642373329688891
IFITM1,SP110,0.5739673718378381
MX2,SP110,0.57579941486289
STAT1,SP110,0.5853391860774425
PLSCR1,SP110,0.5926970251810149
IFI16,SP110,0.6265958997502631
EPSTI1,SP110,0.6273350238340802
IFIT1,SP110,0.6410431900421821
IFIT3,SP110,0.6575774297991634
MX1,SP110,0.6663526181712095
ISG15,SP110,0.6770215493996856
SP110,SP110,1.0
SP140L,SP140L,1.0
SP2-AS1,SP2-AS1,1.0
SP3,SP3,0.9999999999999425
SP4,SP4,1.0
SPA17,SPA17,1.0
SPACA6,SPACA6,1.0
SPACA6-AS1,SPACA6-AS1,1.0
SPAG1,SPAG1,1.0
SPAG16,SPAG16,1.0
SPAG17,SPAG17,1.0
SPAG5-AS1,SPAG5-AS1,0.9999999999998224
SPANXA2-OT1,SPANXA2-OT1,0.9999999999999418
SPANXD,SPANXD,0.9999999999999163
CLU,SPARC,0.4131746440608906
MGP,SPARC,0.41667823608761384
IGFBP6,SPARC,0.4327495254993065
S100A6,SPARC,0.441594349998239
PSAP,SPARC,0.4610671755079005
COL1A1,SPARC,0.46554147734548945
COL1A2,SPARC,0.46794537762046406
SPARC,SPARC,0.9999999999999951
SPARCL1,SPARCL1,0.9999999999998606
SPART-AS1,SPART-AS1,0.9999999999997174
SPATA1,SPATA1,1.0
SPATA13,SPATA13,1.0
SPATA18,SPATA18,1.0
SPATA20,SPATA20,1.0
SPATA21,SPATA21,0.9999999999999318
SPATA2L,SPATA2L,1.0
SPATA5,SPATA5,0.9999999999998692
SPATA6,SPATA6,1.0
SPATA7,SPATA7,0.9999999999999173
SPATA9,SPATA9,1.0
SPATC1,SPATC1,1.0
STMN1,SPC24,0.40027979680800757
CDK1,SPC24,0.40141471115282085
ASPM,SPC24,0.4016423720820168
BIRC5,SPC24,0.40224912427263215
PBK,SPC24,0.4042924209399634
PTTG1,SPC24,0.41035190860332493
HMGB2,SPC24,0.41218501191032486
PCLAF,SPC24,0.415002460027018
GTSE1,SPC24,0.4155145740989055
TPX2,SPC24,0.41592663626673815
MKI67,SPC24,0.4198887100640018
UBE2C,SPC24,0.4232016957637538
PRC1,SPC24,0.42763441902081534
CENPF,SPC24,0.4313522194632116
NUSAP1,SPC24,0.4411786956560976
TOP2A,SPC24,0.45356658643409725
SPC24,SPC24,0.9999999999998913
ANLN,SPC25,0.6876918855081663
HMMR,SPC25,0.6905853752628266
TMPO,SPC25,0.6949779010713449
DLGAP5,SPC25,0.6953296645988577
CDK1,SPC25,0.6959294840897575
PBK,SPC25,0.6972283207640679
ASPM,SPC25,0.6976429076949839
BIRC5,SPC25,0.706091127851035
CEP55,SPC25,0.7073100072745585
GTSE1,SPC25,0.7119747098815058
STMN1,SPC25,0.7159776896961809
MKI67,SPC25,0.720182430291137
TPX2,SPC25,0.7247252611554343
PTTG1,SPC25,0.7254331608387917
CENPF,SPC25,0.7466939169814565
UBE2C,SPC25,0.7470060512600559
PRC1,SPC25,0.7503234687741053
HMGB2,SPC25,0.7504581053766413
TOP2A,SPC25,0.7775537350071505
NUSAP1,SPC25,0.7775782491956817
SPC25,SPC25,0.9999999999999724
SPCS3-AS1,SPCS3-AS1,0.9999999999999112
GTSE1,SPDL1,0.6049977791089363
ANLN,SPDL1,0.6054426557952671
SMC4,SPDL1,0.6058232874841832
HMMR,SPDL1,0.6079619243560747
PBK,SPDL1,0.6133996816437904
DLGAP5,SPDL1,0.6151202434551467
BIRC5,SPDL1,0.6184678915875197
ASPM,SPDL1,0.620095367122152
TMPO,SPDL1,0.6250761026145077
MKI67,SPDL1,0.6300558620675004
PTTG1,SPDL1,0.6430598294993239
CEP55,SPDL1,0.645895971382891
UBE2C,SPDL1,0.6462178494986999
TPX2,SPDL1,0.6509477685227033
PRC1,SPDL1,0.6547875490830989
STMN1,SPDL1,0.6574006034992419
CENPF,SPDL1,0.6629108549038026
HMGB2,SPDL1,0.6669008711722797
NUSAP1,SPDL1,0.6707325064899518
TOP2A,SPDL1,0.676785339380553
SPDL1,SPDL1,1.0
SPDYA,SPDYA,1.0
SPDYE1,SPDYE1,0.999999999999742
SPDYE10,SPDYE10,0.999999999999922
SPDYE16,SPDYE16,1.0
SPDYE17,SPDYE17,1.0
SPDYE18,SPDYE18,1.0
SPDYE2,SPDYE2,1.0
SPDYE21,SPDYE21,0.9999999999997893
SPDYE2B,SPDYE2B,0.9999999999997273
SPDYE3,SPDYE3,0.9999999999998699
SPDYE5,SPDYE5,0.9999999999997837
SPDYE6,SPDYE6,0.9999999999998298
SPECC1,SPECC1,0.9999999999999987
SPECC1L,SPECC1L,0.999999999999893
SPEG,SPEG,0.9999999999998233
SPEGNB,SPEGNB,1.0
SPEN-AS1,SPEN-AS1,0.9999999999997286
SPG11,SPG11,0.999999999999955
SPG21,SPG21,0.9999999999999942
SPG7,SPG7,0.999999999999994
SPHK1,SPHK1,0.9999999999999601
SPHK2,SPHK2,1.0
SPHKAP,SPHKAP,0.9999999999998418
SPICE1,SPICE1,1.0
SPIDR,SPIDR,1.0
SPIN3,SPIN3,0.9999999999998432
SPIN4-AS1,SPIN4-AS1,1.0
SPINK1,SPINK1,0.9999999999996434
SPINK4,SPINK4,0.9999999999999196
SPINT2,SPINT2,0.999999999999978
NEAT1,SPIRE1,0.40196146365542934
MAGI1,SPIRE1,0.4024563708536234
ISG15,SPIRE1,0.4202766625517644
SPIRE1,SPIRE1,1.0
SPIRE2,SPIRE2,1.0
SPOCD1,SPOCD1,0.9999999999999386
MAGI1,SPOCK1,0.42811152551721865
FNIP1,SPOCK1,0.42873675552425317
HSPB1,SPOCK1,0.42917243073921385
STAT1,SPOCK1,0.43014837921855287
SLC44A1,SPOCK1,0.43058019485833826
ABTB2,SPOCK1,0.43945441741066155
PLSCR1,SPOCK1,0.4402752838938786
IFI6,SPOCK1,0.44890116126187957
IFITM3,SPOCK1,0.4521274456792528
SLC12A8,SPOCK1,0.4565398326229923
MT-ATP8,SPOCK1,0.45664186441675525
MGP,SPOCK1,0.4602002440519267
IFITM1,SPOCK1,0.47128541321505657
EPSTI1,SPOCK1,0.4754109259343633
IFIT1,SPOCK1,0.4796649946774856
NEAT1,SPOCK1,0.4820791574156301
IFI16,SPOCK1,0.49051690384324254
IFIT3,SPOCK1,0.49280642308259914
MX1,SPOCK1,0.5022570735209058
ISG15,SPOCK1,0.5503881513538507
SPOCK1,SPOCK1,0.9999999999997602
SPON1,SPON1,1.0
SPON1-AS1,SPON1-AS1,1.0
SPON2,SPON2,0.9999999999997592
SPOPL,SPOPL,0.9999999999999895
SPOPL-DT,SPOPL-DT,0.9999999999999928
SPP1,SPP1,0.999999999999804
SPPL2B,SPPL2B,1.0
SPPL3,SPPL3,1.0
SPRED1,SPRED1,1.0
SPRED2,SPRED2,1.0
SPRED3,SPRED3,0.9999999999998334
SPRY1,SPRY1,1.0
SPRY2,SPRY2,0.9999999999997705
SPRY3,SPRY3,1.0
SPRY4,SPRY4,0.999999999999883
SPRY4-AS1,SPRY4-AS1,0.9999999999997053
SPSB1,SPSB1,0.9999999999995939
SPSB3,SPSB3,0.999999999999942
SPTBN1,SPTBN1,1.0
SPTBN1-AS1,SPTBN1-AS1,1.0
SPTBN2,SPTBN2,0.999999999999849
SPTBN4,SPTBN4,1.0
SPTBN5,SPTBN5,1.0
SPTLC3,SPTLC3,0.9999999999999201
SQLE,SQLE,1.0
SQOR,SQOR,0.9999999999998229
FTL,SQSTM1,0.4373432915590559
FTH1,SQSTM1,0.48997383394300414
SQSTM1,SQSTM1,1.0
SRC,SRC,0.9999999999996781
SRD5A2,SRD5A2,0.9999999999999207
SRD5A3-AS1,SRD5A3-AS1,1.0
SREBF1,SREBF1,1.0
SREBF2,SREBF2,0.9999999999997816
SRF,SRF,1.0
EXT1,SRGAP1,0.42432000687551086
SRGAP1,SRGAP1,1.0
SRGAP2,SRGAP2,0.9999999999997511
SRGAP2B,SRGAP2B,1.0
SRGAP2C,SRGAP2C,0.999999999999751
SRGN,SRGN,1.0
ISG15,SRPK2,0.4258251167624034
SRPK2,SRPK2,0.9999999999999711
SRPK3,SRPK3,0.9999999999999214
SRPX2,SRPX2,1.0
SRRM3,SRRM3,1.0
SRRM5,SRRM5,0.9999999999996263
SRRT,SRRT,1.0
SRSF12,SRSF12,1.0
HMGB1,SRSF3,0.45456462005138454
H2AZ1,SRSF3,0.45933573544195494
DLGAP5,SRSF3,0.4619728442456162
TUBA1B,SRSF3,0.4641387021689952
PBK,SRSF3,0.4658822597988831
TMPO,SRSF3,0.46754343084414324
ANLN,SRSF3,0.4703886982528627
BIRC5,SRSF3,0.47208762959238976
UBE2C,SRSF3,0.4722474852011506
MKI67,SRSF3,0.47290016400953316
CEP55,SRSF3,0.47665606034975233
PCLAF,SRSF3,0.47734585162169596
CENPF,SRSF3,0.4872151202162183
PTTG1,SRSF3,0.48836619405352744
HMGB2,SRSF3,0.4886934650423962
STMN1,SRSF3,0.4912017453694992
TPX2,SRSF3,0.4925153067174393
TOP2A,SRSF3,0.4929024912007569
NUSAP1,SRSF3,0.4997816344629871
PRC1,SRSF3,0.5036338924045359
SRSF3,SRSF3,1.0
SS18,SS18,0.999999999999801
SS18L1,SS18L1,1.0
SSBP2,SSBP2,1.0
SSBP3,SSBP3,0.9999999999999545
SSBP3-AS1,SSBP3-AS1,1.0
SSBP4,SSBP4,0.9999999999999559
SSC5D,SSC5D,1.0
SSH1,SSH1,1.0
SSH2,SSH2,1.0
SSPN,SSPN,1.0
SST,SST,0.9999999999997423
SSTR1,SSTR1,1.0
SSTR2,SSTR2,0.9999999999998457
SSX2IP,SSX2IP,1.0
ST20,ST20,0.999999999999863
ST3GAL1,ST3GAL1,1.0
ST3GAL1-DT,ST3GAL1-DT,1.0
ST3GAL2,ST3GAL2,1.0
ST3GAL3,ST3GAL3,1.0
ST3GAL3-AS1,ST3GAL3-AS1,1.0
ST6GAL1,ST6GAL1,1.0
ST6GALNAC2,ST6GALNAC2,0.9999999999999398
ST6GALNAC3,ST6GALNAC3,1.0
ST6GALNAC4,ST6GALNAC4,0.9999999999998268
ST6GALNAC5,ST6GALNAC5,0.9999999999996223
ST6GALNAC6,ST6GALNAC6,0.9999999999998707
ST7,ST7,0.9999999999997672
ST7-AS1,ST7-AS1,1.0
ST7-AS2,ST7-AS2,0.9999999999995955
ST7-OT4,ST7-OT4,0.999999999999796
ST7L,ST7L,0.9999999999997664
ST8SIA5-DT,ST8SIA5-DT,1.0
STAC,STAC,1.0
STAC3,STAC3,1.0
STAG1,STAG1,0.9999999999999863
STAG3,STAG3,0.9999999999998247
STAG3L4,STAG3L4,1.0
STAG3L5P,STAG3L5P,1.0
STAM-DT,STAM-DT,1.0
STAMBPL1,STAMBPL1,1.0
STARD13,STARD13,0.9999999999998955
STARD13-AS,STARD13-AS,1.0
STARD4,STARD4,0.9999999999999619
STARD4-AS1,STARD4-AS1,0.9999999999999658
STARD7-AS1,STARD7-AS1,1.0
STARD8,STARD8,1.0
STARD9,STARD9,1.0
CLU,STAT1,0.6179012733779278
LAP3,STAT1,0.621992049958368
SLC12A8,STAT1,0.6302174537267803
LY6E,STAT1,0.6348923837024368
XAF1,STAT1,0.6428927771221993
EIF2AK2,STAT1,0.6502996128367902
IFITM3,STAT1,0.6550717790061182
DCN,STAT1,0.6560145148939692
MX2,STAT1,0.6586392956609026
KRT18,STAT1,0.659047795166446
PLSCR1,STAT1,0.6666843513700951
IFITM1,STAT1,0.6865826122665762
MGP,STAT1,0.7115783305271692
IFIT1,STAT1,0.7278657549887847
EPSTI1,STAT1,0.7324478210309124
IFIT3,STAT1,0.7377063901858028
IFI6,STAT1,0.7399719072176112
IFI16,STAT1,0.750300988060277
MX1,STAT1,0.7675532918313781
ISG15,STAT1,0.7678303135433833
STAT1,STAT1,1.0
IFIT2,STAT2,0.4172740616258715
RNF213,STAT2,0.4176909801442121
RIGI,STAT2,0.42246225596846104
DCN,STAT2,0.42685089321773323
S100A6,STAT2,0.42954244178634915
MT-ND4L,STAT2,0.4387398231177072
KRT18,STAT2,0.4394427873291157
IFIT3,STAT2,0.4472787240261304
XAF1,STAT2,0.4497853896456406
ISG15,STAT2,0.45149102303918137
MX2,STAT2,0.45287273143700657
IFI6,STAT2,0.4539893638232961
IFIT1,STAT2,0.45817020144290677
MGP,STAT2,0.4610158238326845
IFI16,STAT2,0.4681404151115499
EPSTI1,STAT2,0.47063176464702855
PARP14,STAT2,0.4737198053632784
MT-ATP8,STAT2,0.4886958212016928
STAT1,STAT2,0.4904309412392648
MX1,STAT2,0.508313942970833
STAT2,STAT2,1.0
STAT3,STAT3,1.0
STAT4,STAT4,0.9999999999999377
STAT5B,STAT5B,1.0
STAT6,STAT6,1.0
STAU2,STAU2,1.0
STC1,STC1,0.9999999999998764
LUM,STC2,0.4309261369892295
TNFRSF11B,STC2,0.4331513920750737
GREM1,STC2,0.440446048954411
THBS1,STC2,0.45103604772331113
DCN,STC2,0.46652039948174306
STC2,STC2,1.0
STEAP1,STEAP1,1.0
STEAP1B,STEAP1B,1.0
STEAP2,STEAP2,0.9999999999997964
DIAPH3,STIL,0.40006772776703226
CDK1,STIL,0.40088972929147276
CENPE,STIL,0.40146767137039713
UBE2C,STIL,0.40968296464183435
HMGB2,STIL,0.41504684306445006
GTSE1,STIL,0.41622149470494296
ASPM,STIL,0.4210617074450973
ANLN,STIL,0.4225739991333367
TPX2,STIL,0.4281133302351054
NUSAP1,STIL,0.4292997107231061
CENPF,STIL,0.43066314485227924
PRC1,STIL,0.43335645806206124
MKI67,STIL,0.4400068374433023
TOP2A,STIL,0.4470016336383598
STIL,STIL,0.9999999999998528
STIMATE,STIMATE,1.0
STING1,STING1,1.0
STK10,STK10,0.999999999999871
STK11,STK11,0.9999999999998989
STK11IP,STK11IP,1.0
STK17A,STK17A,0.9999999999998755
STK17B,STK17B,0.9999999999999118
STK24,STK24,1.0
STK26,STK26,0.9999999999999282
STK3,STK3,1.0
STK32B,STK32B,0.9999999999997936
STK33,STK33,0.9999999999999194
STK36,STK36,1.0
STK38,STK38,0.9999999999998949
STK38L,STK38L,0.9999999999998029
STK39,STK39,0.9999999999997976
STK40,STK40,1.0
STKLD1,STKLD1,1.0
GTSE1,STMN1,0.7397642062634072
ASPM,STMN1,0.7468496174538984
CKS1B,STMN1,0.7471321709934701
SMC4,STMN1,0.7472106555360897
PBK,STMN1,0.7487002159596097
CENPW,STMN1,0.7518846686640246
MKI67,STMN1,0.7593719294299445
H2AZ1,STMN1,0.7636112443635669
CEP55,STMN1,0.7641765842192765
BIRC5,STMN1,0.7673029252724795
TMPO,STMN1,0.7729580888607632
PCLAF,STMN1,0.7895858854161927
UBE2C,STMN1,0.7925414085605232
TPX2,STMN1,0.7931115796021162
CENPF,STMN1,0.8022604244046344
PTTG1,STMN1,0.8048021645228073
PRC1,STMN1,0.805652104177822
HMGB2,STMN1,0.8186178570028565
TOP2A,STMN1,0.8227498894915194
NUSAP1,STMN1,0.828774681371931
STMN1,STMN1,0.9999999999999573
STMN2,STMN2,1.0
STMN3,STMN3,1.0
STOM,STOM,0.9999999999999143
STON1,STON1,1.0
STON2,STON2,1.0
STPG2,STPG2,1.0
STPG4,STPG4,0.9999999999999514
CENPT,STRA6,0.42515554934057054
MORC3,STRA6,0.4292933067231658
MIAT,STRA6,0.4296898864563834
ABTB2,STRA6,0.430466035581088
GSN,STRA6,0.43080186947246757
NEBL,STRA6,0.43251573498289975
CFB,STRA6,0.4362096510795573
LINC00842,STRA6,0.4389659972436134
DCN,STRA6,0.4405168547709361
CALD1,STRA6,0.44330804456163403
AHNAK2,STRA6,0.4499288986334839
SLC44A1,STRA6,0.45455264299092346
IFI6,STRA6,0.45816491365303363
TPST2,STRA6,0.4856850939217122
RBP1,STRA6,0.48620815634453973
FLNB,STRA6,0.48894045606420206
KRT18,STRA6,0.4985591393793161
MGP,STRA6,0.4997313483353288
CLU,STRA6,0.5020502719502463
SLC12A8,STRA6,0.5045355562772695
STRA6,STRA6,1.0
STRADA,STRADA,0.9999999999997963
STRBP,STRBP,0.9999999999997801
STRN,STRN,1.0
STS,STS,0.9999999999997496
STT3B,STT3B,0.9999999999998769
STX16,STX16,1.0
STX17-DT,STX17-DT,1.0
STX18,STX18,0.9999999999999089
STX18-AS1,STX18-AS1,1.0
STX1A,STX1A,0.9999999999999107
STX6,STX6,0.9999999999999125
STX7,STX7,0.9999999999999891
STXBP1,STXBP1,0.9999999999995951
STXBP4,STXBP4,1.0
PVT1,STXBP5,0.40142754956212756
MAGI1,STXBP5,0.42381371855718114
NEAT1,STXBP5,0.4245463700366999
ISG15,STXBP5,0.4371357890337596
STXBP5,STXBP5,0.9999999999999467
STXBP5-AS1,STXBP5-AS1,0.9999999999999228
STXBP5L,STXBP5L,0.9999999999998305
STXBP6,STXBP6,0.9999999999999025
SUCLG2-DT,SUCLG2-DT,0.9999999999997722
SUFU,SUFU,1.0
SUGCT,SUGCT,1.0
SUGP2,SUGP2,0.9999999999998974
SUGT1-DT,SUGT1-DT,0.9999999999998025
SUGT1P3,SUGT1P3,1.0
DKK1,SULF1,0.4147393961799563
S100A10,SULF1,0.4149176377071485
IGFBP3,SULF1,0.41603879368248237
TNC,SULF1,0.4183327715606186
TPST2,SULF1,0.4228484161329229
RBP1,SULF1,0.4239854015082092
ENSG00000291105,SULF1,0.4240794237811439
STAT1,SULF1,0.4264353268782857
SLC12A8,SULF1,0.44332646978699936
KRT18,SULF1,0.4504711259523885
LUM,SULF1,0.45158153275776597
FLNB,SULF1,0.4592428012472599
CLU,SULF1,0.4663987164660846
IFI6,SULF1,0.489397649349393
MGP,SULF1,0.49258096112863387
TNFRSF11B,SULF1,0.5058458007893493
GREM1,SULF1,0.5164240120490966
THBS1,SULF1,0.5192053845500731
DCN,SULF1,0.52300415199758
CALD1,SULF1,0.546349917273738
SULF1,SULF1,1.0
SULF2,SULF2,1.0
SULT1A3,SULT1A3,1.0
SULT1A4,SULT1A4,1.0
SULT1C5P,SULT1C5P,1.0
SUMF1,SUMF1,1.0
SUMO4,SUMO4,1.0
SUN2,SUN2,0.9999999999999867
SUPT3H,SUPT3H,0.9999999999998346
SUPT7L,SUPT7L,0.9999999999999736
SUSD1,SUSD1,0.9999999999997701
SUSD5,SUSD5,0.9999999999998265
SUV39H2-DT,SUV39H2-DT,1.0
SV2A,SV2A,1.0
SVBP,SVBP,1.0
SVEP1,SVEP1,0.9999999999999368
MORC3,SVIL,0.5018179542253864
CALD1,SVIL,0.5041077057978881
RBP1,SVIL,0.5052459534569951
GAS7,SVIL,0.5055142300329367
HIPK2,SVIL,0.5063477726762594
CENPT,SVIL,0.5152218975909276
NEBL,SVIL,0.5153439937162856
ABTB2,SVIL,0.5205813677136176
AHNAK2,SVIL,0.5220370632241428
LINC00842,SVIL,0.5248427218343057
IFI16,SVIL,0.5349059809941097
ISG15,SVIL,0.5426336907303417
IFI6,SVIL,0.5562182575388432
KRT18,SVIL,0.5586243044378087
SLC44A1,SVIL,0.5650774867483312
TPST2,SVIL,0.568731576198801
CLU,SVIL,0.5730394141938866
FLNB,SVIL,0.577925556880629
MGP,SVIL,0.5822186184402061
SLC12A8,SVIL,0.5948663091446175
SVIL,SVIL,1.0
SWAP70,SWAP70,1.0
SWT1,SWT1,0.9999999999997957
SYBU,SYBU,0.9999999999997691
SYCE1,SYCE1,0.9999999999999332
SYCE1L,SYCE1L,0.9999999999999206
SYCP2,SYCP2,1.0
SYCP3,SYCP3,1.0
SYDE2,SYDE2,0.9999999999996791
SYMPK,SYMPK,0.9999999999997704
SYNDIG1,SYNDIG1,1.0
SYNE1,SYNE1,0.9999999999999383
NCAPG,SYNE2,0.4204164184858034
CEP55,SYNE2,0.4205785782814599
SPC25,SYNE2,0.42149096141168313
PBK,SYNE2,0.4228293211795649
SMC4,SYNE2,0.42547543122088083
STMN1,SYNE2,0.4256463979813941
CDK1,SYNE2,0.427168129346864
KNL1,SYNE2,0.4277235244280341
ASPM,SYNE2,0.4279656973176661
TMPO,SYNE2,0.42887270944828504
ANLN,SYNE2,0.44397969814980937
DIAPH3,SYNE2,0.44417110132778587
HMGB2,SYNE2,0.446259423368322
TPX2,SYNE2,0.4507988630673562
PCLAF,SYNE2,0.4528549213695731
PRC1,SYNE2,0.4553890745181075
CENPF,SYNE2,0.46270078289516325
NUSAP1,SYNE2,0.4642722287097919
TOP2A,SYNE2,0.47907821608563517
MKI67,SYNE2,0.4852155480103367
SYNE2,SYNE2,0.9999999999998919
SYNE3,SYNE3,1.0
SYNGAP1,SYNGAP1,1.0
SYNJ1,SYNJ1,0.9999999999999376
SLC12A8,SYNJ2,0.4011812496636306
SYNJ2,SYNJ2,0.9999999999999242
SYNM-AS1,SYNM-AS1,0.9999999999997456
SYNPO,SYNPO,0.999999999999718
SYNPO2,SYNPO2,1.0
SYNPO2L,SYNPO2L,1.0
SYNPO2L-AS1,SYNPO2L-AS1,1.0
SYNRG,SYNRG,0.9999999999999423
SYP,SYP,1.0
SYPL2,SYPL2,1.0
SYT1,SYT1,1.0
SYT11,SYT11,1.0
SYT14,SYT14,1.0
SYT2,SYT2,0.9999999999998377
SYT9-AS1,SYT9-AS1,0.9999999999994564
SYTL2,SYTL2,0.999999999999844
SYTL3,SYTL3,0.9999999999999795
SZT2,SZT2,0.9999999999999553
TAC4,TAC4,1.0
CENPE,TACC3,0.6751270349223996
STMN1,TACC3,0.6779833182008663
PRR11,TACC3,0.6782924827880858
PBK,TACC3,0.6784220830671465
HMMR,TACC3,0.6832510737808518
ANLN,TACC3,0.6933066510984752
BIRC5,TACC3,0.6980623463816908
GTSE1,TACC3,0.7003622322904586
CEP55,TACC3,0.70218414201775
DLGAP5,TACC3,0.7056782734815272
PTTG1,TACC3,0.7088448856456047
UBE2C,TACC3,0.7108341054446962
ASPM,TACC3,0.71731201552053
HMGB2,TACC3,0.7229800606774602
MKI67,TACC3,0.7262686917013189
TPX2,TACC3,0.7277418920056407
PRC1,TACC3,0.7306498007684122
NUSAP1,TACC3,0.742054304147052
CENPF,TACC3,0.7425082487068959
TOP2A,TACC3,0.7512981013646466
TACC3,TACC3,0.9999999999998723
TACR1,TACR1,0.9999999999998529
TACR2,TACR2,0.9999999999997623
TAF1,TAF1,1.0
TAF15,TAF15,0.9999999999999707
TAF1C,TAF1C,1.0
TAF3,TAF3,1.0
TAF4B,TAF4B,0.9999999999996575
TAF7L,TAF7L,0.9999999999999656
TAF8,TAF8,1.0
TAFA2,TAFA2,1.0
TAFA5,TAFA5,0.9999999999998815
TAGAP-AS1,TAGAP-AS1,0.9999999999999998
ISG15,TAGLN,0.4791851929371697
RAB3B,TAGLN,0.48296621399817485
SLC44A1,TAGLN,0.48353276303458465
RBP1,TAGLN,0.4840270179219833
CFB,TAGLN,0.4851114790693367
HSPB1,TAGLN,0.49093006081576035
TPST2,TAGLN,0.49159311038204306
VIM,TAGLN,0.49361688422742334
IFI6,TAGLN,0.5102802223719903
CLU,TAGLN,0.5121025436303623
MGP,TAGLN,0.5182611550739245
NEXN,TAGLN,0.5193508819604652
SLC12A8,TAGLN,0.5213613989480921
ACTB,TAGLN,0.539691752327912
TPM4,TAGLN,0.5505657626199245
C12orf75,TAGLN,0.6115485140016685
CALD1,TAGLN,0.6277156350869292
MYL9,TAGLN,0.6353005394336328
TPM1,TAGLN,0.6891428355188329
TPM2,TAGLN,0.7356546337932189
TAGLN,TAGLN,1.0
NEAT1,TALAM1,0.4596540407837239
MALAT1,TALAM1,0.4746528844466042
TALAM1,TALAM1,1.0
TAMALIN,TAMALIN,0.9999999999999682
TAMM41,TAMM41,1.0
IFIT1,TANC1,0.43071823913743995
HIPK2,TANC1,0.4310543989554009
MRTFA,TANC1,0.43145903469450736
IFITM1,TANC1,0.4315826982691106
HIP1,TANC1,0.4318244256003267
GAS7,TANC1,0.4355271797739239
IFIT3,TANC1,0.445717293273104
MX1,TANC1,0.44590064233034615
MGP,TANC1,0.44659568882953693
SLC44A1,TANC1,0.44717156605524655
FLNB,TANC1,0.44786688873724567
TPST2,TANC1,0.45109689357358984
NEAT1,TANC1,0.45218232973292966
MAGI1,TANC1,0.45489863729788604
NEBL,TANC1,0.45688284029896475
IFI16,TANC1,0.4582816313115937
ABTB2,TANC1,0.46151671463631294
IFI6,TANC1,0.46369595892100646
SLC12A8,TANC1,0.48558963332766286
ISG15,TANC1,0.49348075714772915
TANC1,TANC1,1.0
TANC2,TANC2,1.0
TANGO2,TANGO2,0.9999999999998126
TANGO6,TANGO6,1.0
TAOK3,TAOK3,1.0
TAP2,TAP2,1.0
TAPT1,TAPT1,0.9999999999999293
TAPT1-AS1,TAPT1-AS1,0.9999999999998559
TARBP1,TARBP1,0.9999999999999026
TARID,TARID,0.9999999999996892
TARS3,TARS3,0.9999999999999257
TAS2R10,TAS2R10,0.9999999999997473
TAS2R13,TAS2R13,0.9999999999998375
TAS2R14,TAS2R14,0.9999999999999395
TAS2R19,TAS2R19,0.9999999999997383
TAS2R20,TAS2R20,1.0
TAS2R30,TAS2R30,0.9999999999999032
TAS2R31,TAS2R31,0.9999999999998754
TAS2R4,TAS2R4,0.9999999999996594
TAS2R43,TAS2R43,0.9999999999997835
TAS2R46,TAS2R46,0.9999999999999938
TAS2R50,TAS2R50,0.9999999999998169
TASOR2,TASOR2,1.0
TASP1,TASP1,0.9999999999998636
TAT-AS1,TAT-AS1,0.9999999999999832
TATDN3,TATDN3,1.0
TBC1D1,TBC1D1,1.0
TBC1D12,TBC1D12,1.0
TBC1D14,TBC1D14,0.9999999999999497
TBC1D16,TBC1D16,1.0
TBC1D17,TBC1D17,1.0
TBC1D19,TBC1D19,0.9999999999997929
TBC1D2,TBC1D2,0.999999999999693
TBC1D22A,TBC1D22A,0.9999999999998109
TBC1D22B,TBC1D22B,1.0
TBC1D25,TBC1D25,1.0
TBC1D2B,TBC1D2B,1.0
TBC1D32,TBC1D32,1.0
TBC1D3L,TBC1D3L,1.0
TBC1D4,TBC1D4,0.9999999999999353
TBC1D5,TBC1D5,0.9999999999998757
TBC1D8,TBC1D8,1.0
TBCE,TBCE,1.0
TBCEL,TBCEL,0.9999999999999917
TBCK,TBCK,0.9999999999999521
TBKBP1,TBKBP1,1.0
TBL1X,TBL1X,1.0
TBX15,TBX15,0.999999999999903
TBX18,TBX18,1.0
TBX18-AS1,TBX18-AS1,0.9999999999998452
TBX19,TBX19,1.0
TBX2,TBX2,0.9999999999999004
TBX3,TBX3,1.0
TBX3-AS1,TBX3-AS1,0.9999999999998259
TBX4,TBX4,0.9999999999998422
TBX5,TBX5,0.9999999999997206
TBX5-AS1,TBX5-AS1,0.9999999999998975
TBXA2R,TBXA2R,1.0
TBXAS1,TBXAS1,1.0
TC2N,TC2N,0.9999999999998272
TCAF2,TCAF2,0.9999999999995679
TCAIM,TCAIM,1.0
TCAP,TCAP,1.0
TCEA1,TCEA1,1.0
TCEA3,TCEA3,1.0
TCEAL1,TCEAL1,1.0
TCEAL3,TCEAL3,0.9999999999999871
TCEAL3-AS1,TCEAL3-AS1,0.9999999999999664
NEBL,TCEAL4,0.4306075181466926
PRUNE2,TCEAL4,0.43463126836177074
AHNAK2,TCEAL4,0.43903689571233906
PRDX5,TCEAL4,0.4424110493132932
GSN,TCEAL4,0.4477079530830581
S100A10,TCEAL4,0.4491762799370945
MT-ATP8,TCEAL4,0.4513282763549517
SLC44A1,TCEAL4,0.4563850296922124
FLNB,TCEAL4,0.46326257637123497
IFI6,TCEAL4,0.4654446394236782
LINC00842,TCEAL4,0.4696779563559262
TPST2,TCEAL4,0.4715654050408917
KRT19,TCEAL4,0.4790742912820663
S100A4,TCEAL4,0.48003382958632645
RBP1,TCEAL4,0.49317262482279695
SLC12A8,TCEAL4,0.5030178370768359
CLU,TCEAL4,0.5382854674667847
S100A6,TCEAL4,0.5465613081986774
KRT18,TCEAL4,0.5528887903025107
MGP,TCEAL4,0.5665888374636324
TCEAL4,TCEAL4,1.0
TCEAL7,TCEAL7,1.0
TCF12,TCF12,0.9999999999999146
TCF12-DT,TCF12-DT,1.0
TCF20,TCF20,1.0
TCF4,TCF4,1.0
TCF7,TCF7,0.9999999999996634
TCF7L1,TCF7L1,1.0
TCF7L2,TCF7L2,0.9999999999998164
TCIM,TCIM,0.9999999999999964
TCIRG1,TCIRG1,1.0
TCOF1,TCOF1,1.0
TCP10L,TCP10L,0.9999999999996388
TCP11L1,TCP11L1,0.9999999999997848
TCP11L2,TCP11L2,0.9999999999996807
TDRD3,TDRD3,0.9999999999999446
TDRD7,TDRD7,0.9999999999998733
TDRP,TDRP,1.0
TEAD1,TEAD1,0.99999999999999
TEAD4,TEAD4,1.0
TEC,TEC,0.99999999999989
TECPR2,TECPR2,1.0
TECTA,TECTA,0.9999999999997083
TEF,TEF,0.9999999999997602
TEKTIP1,TEKTIP1,0.9999999999998015
TELO2,TELO2,0.9999999999998458
TENM2,TENM2,1.0
IFITM3,TENM3,0.40044795354704016
IFI6,TENM3,0.4064654384959409
TENM3,TENM3,1.0
TENM3-AS1,TENM3-AS1,0.9999999999999767
TENM4,TENM4,1.0
TENT2,TENT2,0.9999999999998743
TENT4A,TENT4A,0.999999999999756
TENT5A,TENT5A,0.9999999999999203
TENT5C,TENT5C,1.0
TEP1,TEP1,0.9999999999998597
TES,TES,1.0
TESK2,TESK2,1.0
TET1,TET1,0.999999999999889
TET2,TET2,1.0
TET2-AS1,TET2-AS1,0.9999999999996835
TET3,TET3,1.0
TEX2,TEX2,0.9999999999996839
TEX22,TEX22,1.0
TEX26-AS1,TEX26-AS1,0.9999999999995031
TEX29,TEX29,0.9999999999994736
TEX30,TEX30,1.0
TEX36,TEX36,1.0
TEX54,TEX54,1.0
TEX9,TEX9,1.0
TFAP2A,TFAP2A,1.0
TFAP2A-AS2,TFAP2A-AS2,1.0
TFAP4,TFAP4,0.9999999999997174
TFCP2,TFCP2,1.0
TFDP2,TFDP2,0.99999999999985
TFEB,TFEB,0.9999999999998761
TFPI,TFPI,1.0
VIM,TFPI2,0.4075030427248934
ISG15,TFPI2,0.41139261369150043
IFIT3,TFPI2,0.4258177219441812
TFPI2,TFPI2,0.9999999999999754
TFR2,TFR2,0.9999999999998515
TG,TG,1.0
TGFB1I1,TGFB1I1,1.0
TGFB2,TGFB2,1.0
TGFBI,TGFBI,0.999999999999984
TGFBR1,TGFBR1,1.0
TGFBR3,TGFBR3,0.9999999999997642
TGIF2,TGIF2,1.0
TGM2,TGM2,1.0
TGM3,TGM3,1.0
TGM4,TGM4,1.0
TH2LCRR,TH2LCRR,1.0
THADA,THADA,0.9999999999999167
THAP6,THAP6,0.9999999999999221
THAP9,THAP9,0.9999999999998873
THBD,THBD,0.9999999999997492
SLC44A1,THBS1,0.6109619850184926
LY6E,THBS1,0.6193141263127052
RBP1,THBS1,0.6269803709394995
TNC,THBS1,0.6326384676916653
S100A10,THBS1,0.6330297031655032
LINC00842,THBS1,0.6339803181054049
TPST2,THBS1,0.6355425702253686
CLU,THBS1,0.6536581292173198
SLC12A8,THBS1,0.6648306894211783
GREM1,THBS1,0.6683530305465882
THBS1-IT1,THBS1,0.6727821941401283
FLNB,THBS1,0.6734266165776785
TNFRSF11B,THBS1,0.6807525915378033
FSIP1,THBS1,0.6877038917158435
CALD1,THBS1,0.6944070365541023
KRT18,THBS1,0.6947889248042544
MGP,THBS1,0.7103777894862118
IFI6,THBS1,0.7388841928800475
LUM,THBS1,0.7389743839875389
DCN,THBS1,0.7751704269662414
THBS1,THBS1,1.0
KRT18,THBS1-IT1,0.48321939467222674
MT-ATP8,THBS1-IT1,0.4932494014508987
IFIT3,THBS1-IT1,0.4933126003877724
TNFRSF11B,THBS1-IT1,0.49521741309870587
COL4A1,THBS1-IT1,0.496024746631095
IFIT1,THBS1-IT1,0.49671161889742055
FAP,THBS1-IT1,0.5015473056684607
IFITM1,THBS1-IT1,0.5066870459074869
CALD1,THBS1-IT1,0.5084355556553937
GREM1,THBS1-IT1,0.513346793009626
ISG15,THBS1-IT1,0.5135092377021863
MGP,THBS1-IT1,0.5224967775155469
MX1,THBS1-IT1,0.5439486460327121
EPSTI1,THBS1-IT1,0.5450977571246101
STAT1,THBS1-IT1,0.5507460036859508
IFI16,THBS1-IT1,0.551885837030174
IFI6,THBS1-IT1,0.5590013642690839
DCN,THBS1-IT1,0.5607699737649117
FSIP1,THBS1-IT1,0.6342389069581436
THBS1,THBS1-IT1,0.6727821941401283
THBS1-IT1,THBS1-IT1,1.0
S100A10,THBS2,0.40023000131221004
KRT18,THBS2,0.41322643065724635
TNC,THBS2,0.4198432277342605
IFI6,THBS2,0.42474468111607105
LUM,THBS2,0.4399486217696107
GREM1,THBS2,0.4484897609369954
TNFRSF11B,THBS2,0.45150922556197365
THBS1,THBS2,0.47550556143719785
DCN,THBS2,0.4838350377505451
THBS2,THBS2,0.9999999999999214
THBS2-AS1,THBS2-AS1,1.0
THBS3-AS1,THBS3-AS1,0.9999999999999538
THBS4,THBS4,0.9999999999998043
THNSL2,THNSL2,0.9999999999996918
THOC1,THOC1,1.0
THOC1-DT,THOC1-DT,0.9999999999998516
THOC5,THOC5,0.9999999999998356
THPO,THPO,0.9999999999994982
THRA,THRA,0.9999999999999521
THRB,THRB,1.0
THRB-AS1,THRB-AS1,0.9999999999998337
THRB-IT1,THRB-IT1,0.9999999999997679
TRIO,THSD4,0.4027065422970063
THSD4,THSD4,1.0
THSD4-AS1,THSD4-AS1,0.9999999999998951
THTPA,THTPA,1.0
THUMPD2,THUMPD2,0.9999999999999523
THY1,THY1,0.999999999999977
TIA1,TIA1,0.9999999999998699
IFITM1,TIAM2,0.40119719852312846
FAF1,TIAM2,0.4013982874726762
FNIP1,TIAM2,0.40159879809274796
SLC12A8,TIAM2,0.40168757571704033
NXN,TIAM2,0.4031296610052099
ZFHX3,TIAM2,0.4041269243283281
AKAP13,TIAM2,0.4056990620510544
EXOC6B,TIAM2,0.40771185188868053
KANSL1,TIAM2,0.4093572477909709
MX1,TIAM2,0.40997367429218357
IFI6,TIAM2,0.41273147056793513
IFIT1,TIAM2,0.4141920517760715
IFIT3,TIAM2,0.4151163302435177
IFI16,TIAM2,0.4208335638327035
MRTFA,TIAM2,0.42455134162624436
IFITM3,TIAM2,0.4261471980980473
PVT1,TIAM2,0.4482120935448711
MAGI1,TIAM2,0.46034952853276645
NEAT1,TIAM2,0.46094485960835
ISG15,TIAM2,0.47022416538108247
TIAM2,TIAM2,1.0
TICRR,TICRR,0.9999999999998876
TIGD1,TIGD1,0.9999999999999348
TIGD2,TIGD2,0.9999999999999151
TIGD7,TIGD7,1.0
TIGIT,TIGIT,0.9999999999999633
TIMM23B,TIMM23B,1.0
SH3BGRL3,TIMP1,0.4271578939292558
TXN,TIMP1,0.4288831532764982
S100A6,TIMP1,0.4744252374901677
IGFBP6,TIMP1,0.4812060437727698
S100A11,TIMP1,0.4954898342867609
CD63,TIMP1,0.5163045214906611
CD59,TIMP1,0.5785510134412452
TIMP1,TIMP1,1.0
TIMP2,TIMP2,0.9999999999999812
TIMP3,TIMP3,0.9999999999999923
TIPARP,TIPARP,0.9999999999999554
TIRAP,TIRAP,0.999999999999759
TJAP1,TJAP1,1.0
SMC4,TK1,0.5429057786468336
CKS1B,TK1,0.5432911192135613
PBK,TK1,0.5439791221712765
ANLN,TK1,0.5461618355168391
DIAPH3,TK1,0.5462436775126017
TMPO,TK1,0.5495978621668297
CENPW,TK1,0.5543962523390854
MKI67,TK1,0.5608776693907283
BIRC5,TK1,0.5628454744948957
UBE2C,TK1,0.5686813836116204
CENPF,TK1,0.5727772166606588
TPX2,TK1,0.5736117381992272
H2AZ1,TK1,0.5740695702584407
PTTG1,TK1,0.5793528557553704
PRC1,TK1,0.5905827925881245
HMGB2,TK1,0.5931169842132996
NUSAP1,TK1,0.5934431187260677
TOP2A,TK1,0.5990968551348688
STMN1,TK1,0.6024316705968477
PCLAF,TK1,0.6170755309129389
TK1,TK1,0.9999999999999568
TKT,TKT,1.0
KRT18,TLE4,0.400322987955105
CLU,TLE4,0.40392293633780824
FLNB,TLE4,0.4076909209584718
THBS1,TLE4,0.4127593117338154
IFI6,TLE4,0.4174566735763348
CALD1,TLE4,0.4412192119024821
MGP,TLE4,0.44317884244638767
TLE4,TLE4,1.0
TLK1,TLK1,0.9999999999998147
TLN2,TLN2,1.0
TLR3,TLR3,0.9999999999999453
TLR4,TLR4,1.0
TM4SF1,TM4SF1,0.9999999999999107
TM4SF20,TM4SF20,1.0
TM6SF2,TM6SF2,1.0
TM7SF2,TM7SF2,1.0
TMC4,TMC4,0.9999999999996201
TMC6,TMC6,0.9999999999997011
TMC7,TMC7,1.0
PVT1,TMCC1,0.41263051263095035
MAGI1,TMCC1,0.42651287419868894
ISG15,TMCC1,0.42764094364140764
NEAT1,TMCC1,0.44708748580079366
TMCC1,TMCC1,1.0
TMCC2,TMCC2,0.9999999999999126
TMCO4,TMCO4,1.0
TMEFF1,TMEFF1,0.9999999999996528
TMEM104,TMEM104,0.9999999999997519
TMEM106A,TMEM106A,0.9999999999998966
TMEM11-DT,TMEM11-DT,0.9999999999998276
TMEM117,TMEM117,0.9999999999998125
TMEM119,TMEM119,0.9999999999999135
TMEM120B,TMEM120B,1.0
TMEM129,TMEM129,1.0
TMEM131L,TMEM131L,1.0
TMEM132A,TMEM132A,0.9999999999998224
TMEM132B,TMEM132B,1.0
TMEM132D,TMEM132D,1.0
TMEM135,TMEM135,0.9999999999997914
TMEM143,TMEM143,0.9999999999996978
TMEM158,TMEM158,1.0
TMEM161A,TMEM161A,1.0
TMEM161B,TMEM161B,1.0
TMEM161B-DT,TMEM161B-DT,0.9999999999997895
TMEM164,TMEM164,1.0
TMEM165,TMEM165,0.9999999999998853
TMEM168,TMEM168,0.9999999999998259
TMEM170B,TMEM170B,0.9999999999999837
TMEM178A,TMEM178A,0.9999999999998569
TMEM187,TMEM187,0.9999999999998228
TMEM190,TMEM190,1.0
TMEM198,TMEM198,1.0
TMEM200A,TMEM200A,1.0
TMEM202-AS1,TMEM202-AS1,1.0
TMEM217,TMEM217,1.0
TMEM220-AS1,TMEM220-AS1,1.0
TMEM222,TMEM222,0.9999999999998014
TMEM229B,TMEM229B,0.9999999999997652
TMEM232,TMEM232,1.0
TMEM236,TMEM236,1.0
TMEM239,TMEM239,0.9999999999993411
TMEM240,TMEM240,1.0
TMEM241,TMEM241,0.9999999999997002
TMEM245,TMEM245,1.0
TMEM259,TMEM259,0.9999999999999444
TMEM26,TMEM26,0.9999999999997777
TMEM26-AS1,TMEM26-AS1,1.0
TMEM266,TMEM266,1.0
TMEM267,TMEM267,1.0
TMEM268,TMEM268,1.0
TMEM30B,TMEM30B,1.0
TMEM35A,TMEM35A,0.9999999999997771
TMEM35B,TMEM35B,0.9999999999999569
TMEM38A,TMEM38A,1.0
TMEM39A,TMEM39A,0.9999999999998427
TMEM44,TMEM44,0.9999999999999775
TMEM47,TMEM47,1.0
TMEM54,TMEM54,0.9999999999999195
TMEM59L,TMEM59L,1.0
TMEM63A,TMEM63A,1.0
TMEM63B,TMEM63B,1.0
TMEM65,TMEM65,1.0
TMEM67,TMEM67,0.9999999999997445
TMEM86B,TMEM86B,0.999999999999919
TMEM87B,TMEM87B,1.0
TMEM88,TMEM88,1.0
TMEM91,TMEM91,1.0
TMEM92-AS1,TMEM92-AS1,1.0
TMEM94,TMEM94,1.0
TMEM97,TMEM97,0.999999999999974
TMEM9B-AS1,TMEM9B-AS1,0.9999999999997312
TMIGD3,TMIGD3,0.9999999999996689
TMLHE,TMLHE,1.0
TMLHE-AS1,TMLHE-AS1,1.0
TMOD2,TMOD2,1.0
PCLAF,TMPO,0.7060818174670445
GTSE1,TMPO,0.7080577448082188
DIAPH3,TMPO,0.7089701721990977
DLGAP5,TMPO,0.7105910228232892
PBK,TMPO,0.7116991376358404
BIRC5,TMPO,0.7161767476530498
ANLN,TMPO,0.7216211664559591
SMC4,TMPO,0.728770101725912
ASPM,TMPO,0.7296402110641499
PTTG1,TMPO,0.7363083123380294
UBE2C,TMPO,0.7434137982015451
CEP55,TMPO,0.755607858921379
MKI67,TMPO,0.761626593385068
STMN1,TMPO,0.7729580888607632
PRC1,TMPO,0.7738818372157297
TPX2,TMPO,0.7783821522734559
CENPF,TMPO,0.7789626087369053
NUSAP1,TMPO,0.7871810607676272
HMGB2,TMPO,0.7967913833445096
TOP2A,TMPO,0.7976663266077807
TMPO,TMPO,0.9999999999999708
TMPRSS11D,TMPRSS11D,0.9999999999998146
TMPRSS6,TMPRSS6,1.0
TMPRSS9,TMPRSS9,1.0
TMSB15A,TMSB15A,1.0
TMSB15B-AS1,TMSB15B-AS1,0.9999999999999288
PVT1,TMSB4X,0.46818132142100144
IFIT3,TMSB4X,0.47087897527981426
MIF,TMSB4X,0.4734977531690797
TPM4,TMSB4X,0.4736091220061477
IFITM1,TMSB4X,0.4780118280406623
B2M,TMSB4X,0.4798063005850044
MAGI1,TMSB4X,0.48097890868850696
TPM2,TMSB4X,0.48650455641382034
IFI16,TMSB4X,0.4871618184095685
PTMA,TMSB4X,0.49116078700965954
HSPB1,TMSB4X,0.4928185330235902
S100A11,TMSB4X,0.49714034090547665
LY6E,TMSB4X,0.500024683380327
ISG15,TMSB4X,0.5177942824212076
NEAT1,TMSB4X,0.5186859280749088
IFI6,TMSB4X,0.5232796205408735
SEC61G,TMSB4X,0.5446195177970279
IFITM3,TMSB4X,0.5640139527598977
VIM,TMSB4X,0.5718949703974988
RPL10,TMSB4X,0.607533314916124
TMSB4X,TMSB4X,0.9999999999999989
TMTC1,TMTC1,1.0
TMTC2,TMTC2,1.0
TMTC4,TMTC4,0.9999999999997152
TMUB1,TMUB1,1.0
TMUB2,TMUB2,1.0
HLA-B,TNC,0.47604995636284114
RBP1,TNC,0.47838591524716706
APP,TNC,0.4801997087527888
C1R,TNC,0.4812263856804038
LY6E,TNC,0.4874829328561749
LINC00842,TNC,0.488176939581849
TPST2,TNC,0.4896390524931543
CLU,TNC,0.49065117944828723
CTSK,TNC,0.4962512420726745
SLC12A8,TNC,0.5084871227434855
CALD1,TNC,0.5086724635320767
FLNB,TNC,0.5135363787956406
GREM1,TNC,0.5211271499136386
TNFRSF11B,TNC,0.5307761792316028
MGP,TNC,0.5461070669587039
KRT18,TNC,0.5589127583095871
IFI6,TNC,0.5938983008868348
LUM,TNC,0.6009536638090555
DCN,TNC,0.6146099049233659
THBS1,TNC,0.6326384676916653
TNC,TNC,0.9999999999999778
TNFAIP2,TNFAIP2,1.0
TNFAIP3,TNFAIP3,0.9999999999999531
TNFAIP6,TNFAIP6,0.9999999999998995
TNFAIP8,TNFAIP8,0.9999999999999951
TNFRSF10C,TNFRSF10C,0.9999999999998541
TNFRSF10D,TNFRSF10D,1.0
IFITM1,TNFRSF11B,0.512525362003852
TPST2,TNFRSF11B,0.513941276286389
CLU,TNFRSF11B,0.5139648411052764
C1R,TNFRSF11B,0.5149268789606402
RND3,TNFRSF11B,0.5164811924423709
HLA-B,TNFRSF11B,0.517683182915869
IFI16,TNFRSF11B,0.5248950021615894
CTSK,TNFRSF11B,0.5249626811173229
TNC,TNFRSF11B,0.5307761792316028
SLC12A8,TNFRSF11B,0.541295164467526
KRT18,TNFRSF11B,0.5568197466352921
LY6E,TNFRSF11B,0.5648132818867954
GREM1,TNFRSF11B,0.5666107208678469
FLNB,TNFRSF11B,0.5669860175412275
CALD1,TNFRSF11B,0.5873814563713481
MGP,TNFRSF11B,0.5879860716190737
LUM,TNFRSF11B,0.6608533496768216
IFI6,TNFRSF11B,0.6624759771918305
THBS1,TNFRSF11B,0.6807525915378033
DCN,TNFRSF11B,0.7109384509529553
TNFRSF11B,TNFRSF11B,1.0
TNFRSF14,TNFRSF14,1.0
TNFRSF14-AS1,TNFRSF14-AS1,1.0
TNFRSF19,TNFRSF19,1.0
TNFRSF1B,TNFRSF1B,1.0
TNFRSF25,TNFRSF25,1.0
TNFRSF6B,TNFRSF6B,1.0
RSAD2,TNFSF10,0.42509740304166016
ISG20,TNFSF10,0.48645166495841624
TNFSF10,TNFSF10,1.0
ISG20,TNFSF13B,0.4387766870448016
TNFSF13B,TNFSF13B,0.9999999999999651
TNFSF18,TNFSF18,0.9999999999999377
TNFSF4,TNFSF4,0.9999999999997989
TNIK,TNIK,1.0
TNIP1,TNIP1,1.0
TNIP3,TNIP3,1.0
TNK2,TNK2,1.0
TNKS,TNKS,0.9999999999998145
TNKS1BP1,TNKS1BP1,0.9999999999999114
TNNC2,TNNC2,1.0
TNNI3,TNNI3,1.0
TNNT1,TNNT1,1.0
TNRC18,TNRC18,0.9999999999998694
TNRC6A,TNRC6A,0.9999999999998913
TNRC6B,TNRC6B,0.999999999999934
TNRC6C,TNRC6C,0.9999999999999232
TNS1,TNS1,1.0
TNS1-AS1,TNS1-AS1,1.0
TNS2,TNS2,0.9999999999998941
TNS3,TNS3,1.0
TNXB,TNXB,0.99999999999956
AHNAK2,TOB1,0.493751495389156
LINC00842,TOB1,0.49401619845249345
GSN,TOB1,0.4941221903127025
EPSTI1,TOB1,0.5001011991529716
KRT19,TOB1,0.5040265531116754
IFIT3,TOB1,0.5088283832767734
STAT1,TOB1,0.5089889492190833
MX1,TOB1,0.5149453497864495
SLC44A1,TOB1,0.5196778976815861
TPST2,TOB1,0.5219490850394181
RBP1,TOB1,0.5276379317990338
MT-ATP8,TOB1,0.5288806288242519
FLNB,TOB1,0.5301913132964658
IFI6,TOB1,0.5380144245768929
IFI16,TOB1,0.5416892062540783
ISG15,TOB1,0.5437729176729837
SLC12A8,TOB1,0.5618946947261734
CLU,TOB1,0.5634305504634042
KRT18,TOB1,0.5825163154417075
MGP,TOB1,0.588967127795547
TOB1,TOB1,0.9999999999998632
TOGARAM1,TOGARAM1,1.0
TOM1,TOM1,0.9999999999998123
TOM1L1,TOM1L1,0.9999999999998821
TOM1L2,TOM1L2,0.9999999999997182
TOMM20L,TOMM20L,0.9999999999998291
TOMM20L-DT,TOMM20L-DT,1.0
PRR11,TOP2A,0.7997492919273909
SMC4,TOP2A,0.8001383367570906
PBK,TOP2A,0.8010754352786398
HMMR,TOP2A,0.8084123979283421
ANLN,TOP2A,0.8128858831021523
CEP55,TOP2A,0.8133404145609853
DLGAP5,TOP2A,0.8145983523581762
BIRC5,TOP2A,0.8162794269266738
CDK1,TOP2A,0.8225766451216742
STMN1,TOP2A,0.8227498894915194
GTSE1,TOP2A,0.8236947027368149
ASPM,TOP2A,0.8376124129040307
PTTG1,TOP2A,0.8403725562374041
MKI67,TOP2A,0.8472142340005369
TPX2,TOP2A,0.8547542057694475
HMGB2,TOP2A,0.8673251983148711
PRC1,TOP2A,0.8692387344514246
UBE2C,TOP2A,0.8885114958742484
CENPF,TOP2A,0.8891860494872718
NUSAP1,TOP2A,0.9013869885308365
TOP2A,TOP2A,0.999999999999932
TOP3B,TOP3B,0.9999999999997915
TOPBP1,TOPBP1,1.0
TOX,TOX,1.0
TP53,TP53,0.9999999999998437
TP53I11,TP53I11,1.0
TP53I3,TP53I3,1.0
TP53INP1,TP53INP1,0.999999999999683
TP53INP2,TP53INP2,1.0
TP53TG1,TP53TG1,0.99999999999991
TP73,TP73,0.9999999999999468
TPBG,TPBG,1.0
TPCN1,TPCN1,1.0
TPCN2,TPCN2,0.9999999999998896
TPD52,TPD52,0.99999999999999
TPD52L1,TPD52L1,0.9999999999998482
TPK1,TPK1,1.0
STAT1,TPM1,0.5235709787862592
IFI16,TPM1,0.5256080565384431
CLU,TPM1,0.5257811881210998
ACTB,TPM1,0.5269082959399
SLC12A8,TPM1,0.5286603398487644
IFIT1,TPM1,0.5291141870257675
VIM,TPM1,0.5327796190942469
MX1,TPM1,0.53433699124127
GBP1,TPM1,0.536439590669806
EPSTI1,TPM1,0.5431063771427045
MGP,TPM1,0.5467210377323521
IFIT3,TPM1,0.5567678576716016
MYL9,TPM1,0.5699078183015986
C12orf75,TPM1,0.5837438729382939
ISG15,TPM1,0.5873317461155612
HSPB1,TPM1,0.6055301447814013
CALD1,TPM1,0.6113488680129918
TPM4,TPM1,0.6415884447859451
TAGLN,TPM1,0.6891428355188329
TPM2,TPM1,0.7326552005379537
TPM1,TPM1,1.0
TPM1-AS,TPM1-AS,1.0
GBP1,TPM2,0.504034705246519
EPSTI1,TPM2,0.5054237265691996
RBP1,TPM2,0.5103552759561114
ACTB,TPM2,0.5182952704655
MGP,TPM2,0.5217205091745291
TPST2,TPM2,0.5265195684012046
VIM,TPM2,0.5281993437590026
IFI16,TPM2,0.529945500093023
IFI6,TPM2,0.5322215383291843
IFIT3,TPM2,0.5331661601585259
NEXN,TPM2,0.5349362076502713
SLC12A8,TPM2,0.5350050059798439
ISG15,TPM2,0.5545159684271915
C12orf75,TPM2,0.5649146568373048
HSPB1,TPM2,0.5791089611436572
TPM4,TPM2,0.5979603729157983
MYL9,TPM2,0.6145858670438593
CALD1,TPM2,0.6459169551360453
TPM1,TPM2,0.7326552005379537
TAGLN,TPM2,0.7356546337932189
TPM2,TPM2,1.0
HSPB1,TPM4,0.5176095928935112
NCL,TPM4,0.5209083280730206
MGP,TPM4,0.521641539217456
GBP1,TPM4,0.5217897674728228
DNAJA1,TPM4,0.5243584489004864
EIF2AK2,TPM4,0.5284359756638365
CALD1,TPM4,0.5302920914369641
C12orf75,TPM4,0.5326046612163525
ANP32B,TPM4,0.5412402653340801
TAGLN,TPM4,0.5505657626199245
EPSTI1,TPM4,0.5607153160360908
IFIT1,TPM4,0.5608789021019498
IFI16,TPM4,0.563864052903856
STAT1,TPM4,0.5803959321780974
ISG15,TPM4,0.583339338642684
VIM,TPM4,0.5840738924677604
MX1,TPM4,0.5863514552295035
IFIT3,TPM4,0.5929831680478372
TPM2,TPM4,0.5979603729157983
TPM1,TPM4,0.6415884447859451
TPM4,TPM4,1.0
TPRA1,TPRA1,1.0
TPRG1,TPRG1,0.999999999999926
TPST1,TPST1,1.0
THBS1,TPST2,0.6355425702253686
ISG15,TPST2,0.6409539563544451
CALD1,TPST2,0.642527989229794
AHNAK2,TPST2,0.6466385550265027
ABTB2,TPST2,0.65242769856701
NEBL,TPST2,0.6580637852479593
IFI16,TPST2,0.6606122178028401
LINC00842,TPST2,0.6765489621852191
CENPT,TPST2,0.6778432068135011
DCN,TPST2,0.6798022053823021
MIAT,TPST2,0.6949936292366893
MORC3,TPST2,0.6961081074917271
RBP1,TPST2,0.7079407508631133
IFI6,TPST2,0.7158494193150926
SLC44A1,TPST2,0.7163591466360076
CLU,TPST2,0.7278482839275856
KRT18,TPST2,0.7471079252498458
SLC12A8,TPST2,0.7502959786821489
FLNB,TPST2,0.7550582902854732
MGP,TPST2,0.7633193542161256
TPST2,TPST2,1.0
TPT1-AS1,TPT1-AS1,1.0
TPTEP1,TPTEP1,0.9999999999997613
SMC4,TPX2,0.7773324261774647
TMPO,TPX2,0.7783821522734559
CENPE,TPX2,0.7810680118449308
PRR11,TPX2,0.7814287618774919
STMN1,TPX2,0.7931115796021162
HMMR,TPX2,0.7931897831540008
GTSE1,TPX2,0.7957974809771982
BIRC5,TPX2,0.7976998801254825
UBE2C,TPX2,0.7990565027976124
ANLN,TPX2,0.8055930010267296
CEP55,TPX2,0.8122772359840357
DLGAP5,TPX2,0.8187201676467781
PTTG1,TPX2,0.8211404871920788
HMGB2,TPX2,0.8241640983327297
ASPM,TPX2,0.8299052895948814
MKI67,TPX2,0.8382953186675207
NUSAP1,TPX2,0.8486497593349261
TOP2A,TPX2,0.8547542057694475
PRC1,TPX2,0.859966186591226
CENPF,TPX2,0.8695076584206033
TPX2,TPX2,0.9999999999999984
TRA2A,TRA2A,0.9999999999999558
TRABD,TRABD,0.9999999999997978
TRAF1,TRAF1,0.9999999999998759
TRAF3,TRAF3,0.9999999999998828
TRAF3IP2,TRAF3IP2,1.0
TRAF3IP2-AS1,TRAF3IP2-AS1,1.0
TRAF4,TRAF4,1.0
TRAF5,TRAF5,0.999999999999954
TRAF6,TRAF6,1.0
TRAFD1,TRAFD1,1.0
TRAK1,TRAK1,1.0
TRAM1,TRAM1,1.0
TRAM1L1,TRAM1L1,1.0
TRAM2,TRAM2,1.0
TRANK1,TRANK1,1.0
TRAPPC10,TRAPPC10,0.9999999999999195
TRAPPC12,TRAPPC12,0.9999999999999758
TRAPPC14,TRAPPC14,1.0
TRAPPC3L,TRAPPC3L,0.9999999999998702
TRAPPC6A,TRAPPC6A,0.9999999999997861
TRAPPC9,TRAPPC9,1.0
TRBC2,TRBC2,1.0
TRDMT1,TRDMT1,0.9999999999998821
TREH,TREH,0.9999999999997881
TRERF1,TRERF1,1.0
TREX1,TREX1,0.9999999999999214
TREX2,TREX2,1.0
TRHDE,TRHDE,1.0
TRHDE-AS1,TRHDE-AS1,1.0
TRIB1,TRIB1,0.9999999999997747
TRIB2,TRIB2,1.0
TRIB3,TRIB3,1.0
TRIM14,TRIM14,0.9999999999999499
SLC44A1,TRIM16,0.4012667058135892
ISG15,TRIM16,0.40332028326498187
IFI16,TRIM16,0.40356935625600887
AHNAK2,TRIM16,0.40760172274120693
MIAT,TRIM16,0.41114299159596635
MGP,TRIM16,0.41944724868225886
IFI6,TRIM16,0.42033609609162514
CLU,TRIM16,0.42608093761242927
TPST2,TRIM16,0.4270399647309892
KRT18,TRIM16,0.42878662402197915
SLC12A8,TRIM16,0.43042243890377047
FLNB,TRIM16,0.4350286213600554
TRIM16,TRIM16,1.0
TRIM16L,TRIM16L,0.9999999999999977
TRIM2,TRIM2,1.0
GBP1,TRIM22,0.4592259014657054
XAF1,TRIM22,0.4597252867505738
EIF2AK2,TRIM22,0.4604497781998722
IFITM1,TRIM22,0.46461977396568194
MT-ATP8,TRIM22,0.46916858034037695
HERC5,TRIM22,0.472574689718051
IFIT2,TRIM22,0.47497770210756324
PARP14,TRIM22,0.4755188991744436
IFI6,TRIM22,0.47646593951922045
LAP3,TRIM22,0.48064017788367863
RIGI,TRIM22,0.48291671619423093
PLSCR1,TRIM22,0.49136786708386193
MX2,TRIM22,0.4977479452968829
IFI16,TRIM22,0.5171319647713309
IFIT3,TRIM22,0.5184048445350539
IFIT1,TRIM22,0.5254424248860453
STAT1,TRIM22,0.5265132137962919
ISG15,TRIM22,0.5297971883075508
EPSTI1,TRIM22,0.532869921181147
MX1,TRIM22,0.5637047461994894
TRIM22,TRIM22,1.0
TRIM25,TRIM25,1.0
TRIM26,TRIM26,0.9999999999999826
TRIM33,TRIM33,0.9999999999999627
TRIM35,TRIM35,0.9999999999997732
TRIM38,TRIM38,0.9999999999999658
TRIM41,TRIM41,1.0
TRIM44,TRIM44,1.0
TRIM46,TRIM46,0.9999999999997795
TRIM5,TRIM5,1.0
TRIM52,TRIM52,0.9999999999998055
TRIM52-AS1,TRIM52-AS1,0.9999999999997843
TRIM55,TRIM55,0.9999999999999533
TRIM56,TRIM56,1.0
CKAP2,TRIM59,0.519630735856214
ANLN,TRIM59,0.5229281762171358
BIRC5,TRIM59,0.5233004823897175
ARL6IP1,TRIM59,0.5252949126665654
CEP55,TRIM59,0.5295053580372379
CENPE,TRIM59,0.5310676488047251
PTTG1,TRIM59,0.5388491919971833
CDCA8,TRIM59,0.5396322211473817
HMMR,TRIM59,0.539706357626083
MKI67,TRIM59,0.5428103023590343
GTSE1,TRIM59,0.5461288232985789
UBE2C,TRIM59,0.5525014532671663
PRC1,TRIM59,0.5530207418291827
DLGAP5,TRIM59,0.5536742148936645
TPX2,TRIM59,0.5549941976917637
HMGB2,TRIM59,0.5598495584051413
ASPM,TRIM59,0.5601605824648147
NUSAP1,TRIM59,0.5615035482349265
TOP2A,TRIM59,0.561994158545434
CENPF,TRIM59,0.5704093248688809
TRIM59,TRIM59,0.9999999999999594
TRIM66,TRIM66,1.0
TRIM7-AS1,TRIM7-AS1,0.9999999999999573
TRIM8,TRIM8,0.9999999999998062
THSD4,TRIO,0.4027065422970063
VPS13B,TRIO,0.40507959905778984
DST,TRIO,0.40864319480381284
MIF,TRIO,0.4107362751747784
FNDC3B,TRIO,0.41289402983457546
FTX,TRIO,0.4145091436026399
MAGI2,TRIO,0.42359211313003464
S100A11,TRIO,0.4242667158604639
FBXL7,TRIO,0.42722883792783994
LINC-PINT,TRIO,0.4277456468239219
RPL10,TRIO,0.436556851041451
PRKCA,TRIO,0.43978976215344584
CACNA1C,TRIO,0.4468088231515266
EXT1,TRIO,0.5140300930286341
TRIO,TRIO,0.9999999999999732
CDK1,TRIP13,0.46308284230562313
HMMR,TRIP13,0.4640641908620426
PBK,TRIP13,0.4685752460859432
ASPM,TRIP13,0.46857607574144494
GTSE1,TRIP13,0.4698876295268118
DLGAP5,TRIP13,0.4701813419641122
BIRC5,TRIP13,0.4761544808894744
ANLN,TRIP13,0.4799309586754349
TMPO,TRIP13,0.48108732696405726
PTTG1,TRIP13,0.48817855376932784
STMN1,TRIP13,0.4901625201879297
CEP55,TRIP13,0.49514548268554937
UBE2C,TRIP13,0.4960710071683677
MKI67,TRIP13,0.4975364830243854
CENPF,TRIP13,0.505078950174145
PRC1,TRIP13,0.5056815894855701
NUSAP1,TRIP13,0.5085641975955115
HMGB2,TRIP13,0.5093234823581612
TPX2,TRIP13,0.5094110101002971
TOP2A,TRIP13,0.5114205837673577
TRIP13,TRIP13,0.9999999999998178
TRIT1,TRIT1,1.0
TRMO,TRMO,0.9999999999999294
TRMT1,TRMT1,1.0
TRMT10B,TRMT10B,0.9999999999998704
TRMT11,TRMT11,0.999999999999906
TRMT12,TRMT12,0.9999999999998493
TRMT2B,TRMT2B,0.9999999999998719
TRMT61A-DT,TRMT61A-DT,1.0
TRMT9B,TRMT9B,1.0
TRMU,TRMU,1.0
TRNAU1AP,TRNAU1AP,0.9999999999999186
TRNP1,TRNP1,0.99999999999985
TRO,TRO,1.0
HMMR,TROAP,0.5552232867371323
BIRC5,TROAP,0.5578109821950595
KIF20B,TROAP,0.5580996800551187
HMGB2,TROAP,0.5634064279556953
ARL6IP1,TROAP,0.5644669840142814
CDKN3,TROAP,0.5654103974518503
CDCA8,TROAP,0.5695016260137183
MKI67,TROAP,0.5696909935539012
CENPE,TROAP,0.5758015183431815
GTSE1,TROAP,0.5776917597502791
TPX2,TROAP,0.5831039725337773
UBE2C,TROAP,0.5897843796061275
PRC1,TROAP,0.5908557843884621
TOP2A,TROAP,0.5916801219191757
CCNB1,TROAP,0.5949274546610516
PTTG1,TROAP,0.5954006862036592
NUSAP1,TROAP,0.597537038810238
DLGAP5,TROAP,0.5982244846123038
ASPM,TROAP,0.6110046622771335
CENPF,TROAP,0.6115015762618881
TROAP,TROAP,0.9999999999999031
TRPA1,TRPA1,0.9999999999998958
TRPC1,TRPC1,1.0
TRPC3,TRPC3,1.0
TRPC4,TRPC4,0.9999999999999623
TRPC4AP,TRPC4AP,0.9999999999999214
TRPC6,TRPC6,1.0
TRPM3,TRPM3,1.0
TRPM4,TRPM4,0.999999999999682
TRPM7,TRPM7,1.0
TRPS1,TRPS1,0.9999999999997458
TRPS1-AS1,TRPS1-AS1,1.0
TRPV1,TRPV1,0.9999999999999969
TRPV3,TRPV3,1.0
TRPV4,TRPV4,0.9999999999997863
TRRAP,TRRAP,1.0
TSBP1,TSBP1,0.999999999999959
TSBP1-AS1,TSBP1-AS1,0.9999999999998405
TSC1,TSC1,0.9999999999997607
TSC2,TSC2,0.9999999999999083
IFIT3,TSC22D1,0.5319059822114014
DCN,TSC22D1,0.5387993234516264
MIAT,TSC22D1,0.539621752955084
ABTB2,TSC22D1,0.5400047729890182
MORC3,TSC22D1,0.5432056856308802
AHNAK2,TSC22D1,0.5438845894940314
NEBL,TSC22D1,0.5479663879177291
LINC00842,TSC22D1,0.5493213672073121
HIPK2,TSC22D1,0.549722914217425
SLC44A1,TSC22D1,0.5673712172042598
IFI16,TSC22D1,0.5678914927595302
RBP1,TSC22D1,0.5836020153334577
FLNB,TSC22D1,0.5855697090522993
ISG15,TSC22D1,0.5872291997681578
CLU,TSC22D1,0.5907975834422717
KRT18,TSC22D1,0.5919017625352789
IFI6,TSC22D1,0.5971202549746899
TPST2,TSC22D1,0.5986843489324118
SLC12A8,TSC22D1,0.6155969295731212
MGP,TSC22D1,0.6175470597306227
TSC22D1,TSC22D1,0.9999999999998378
TSC22D2,TSC22D2,1.0
TSC22D3,TSC22D3,1.0
TSEN2,TSEN2,0.9999999999999998
TSGA10,TSGA10,1.0
TSGA10IP,TSGA10IP,0.9999999999998135
TSHZ1,TSHZ1,0.9999999999999134
TSHZ2,TSHZ2,0.9999999999998861
TSHZ3,TSHZ3,1.0
TSHZ3-AS1,TSHZ3-AS1,1.0
TSKU-AS1,TSKU-AS1,0.999999999999922
TSLP,TSLP,0.9999999999998052
TSNARE1,TSNARE1,1.0
IFI16,TSNAXIP1,0.414454303136615
GAS7,TSNAXIP1,0.42904309995344814
CHAF1B,TSNAXIP1,0.4291181339776851
DCN,TSNAXIP1,0.43053411608318626
LINC00842,TSNAXIP1,0.4325658019914449
NEBL,TSNAXIP1,0.4333592456812891
HIP1,TSNAXIP1,0.4388496432672179
MIAT,TSNAXIP1,0.44224960202956076
CLU,TSNAXIP1,0.44308830907841845
MGP,TSNAXIP1,0.44524252894451244
SLC35F3,TSNAXIP1,0.4483805412654595
IFI6,TSNAXIP1,0.449705373780967
SLC44A1,TSNAXIP1,0.4597553069327136
ABTB2,TSNAXIP1,0.4622483277271934
KRT18,TSNAXIP1,0.4641301066845537
FLNB,TSNAXIP1,0.48967223791972864
TPST2,TSNAXIP1,0.49114324252019675
MORC3,TSNAXIP1,0.4928088291920105
SLC12A8,TSNAXIP1,0.5049571838414157
CENPT,TSNAXIP1,0.5137212164244842
TSNAXIP1,TSNAXIP1,0.9999999999998933
TSPAN10,TSPAN10,1.0
TSPAN11,TSPAN11,0.9999999999999653
TSPAN17,TSPAN17,0.9999999999999314
TSPAN2,TSPAN2,0.9999999999999759
TSPAN5,TSPAN5,1.0
TSPOAP1,TSPOAP1,1.0
TSPYL2,TSPYL2,1.0
TSPYL4,TSPYL4,1.0
TSSK3,TSSK3,1.0
TSSK4,TSSK4,1.0
TSTD1,TSTD1,0.9999999999995322
TTBK2,TTBK2,1.0
TTBK2-AS1,TTBK2-AS1,1.0
TTC12-DT,TTC12-DT,0.9999999999997239
TTC14,TTC14,0.9999999999998446
TTC17,TTC17,1.0
TTC19,TTC19,0.999999999999752
TTC21A,TTC21A,0.9999999999998969
TTC21B,TTC21B,1.0
TTC23,TTC23,1.0
TTC23L,TTC23L,0.999999999999934
TTC26,TTC26,0.9999999999998354
TTC27,TTC27,1.0
GLIS3,TTC28,0.41069321699997047
NXN,TTC28,0.41314555739615205
EXOC6B,TTC28,0.41692574551926037
FNIP1,TTC28,0.4188139971518128
PVT1,TTC28,0.4207631507643041
MBD5,TTC28,0.4212905083461876
RPL10,TTC28,0.42207255060341786
MAGI2,TTC28,0.422691944028555
LINC-PINT,TTC28,0.42575314208075465
PRKCA,TTC28,0.42740138413103307
ISG15,TTC28,0.42988409387358534
ZBTB20,TTC28,0.43113088087728074
MAGI1,TTC28,0.4375426351555039
CACNA1C,TTC28,0.44213789351357224
VPS13B,TTC28,0.4467614544840497
KANSL1,TTC28,0.45169776885238094
HSPB1,TTC28,0.4574206769932694
ATXN1,TTC28,0.4611689761960191
FTX,TTC28,0.48058416654009994
NEAT1,TTC28,0.4941518603681927
TTC28,TTC28,1.0
TTC28-AS1,TTC28-AS1,1.0
TTC38,TTC38,0.9999999999998025
TTC39B,TTC39B,0.9999999999999006
PDZRN3,TTC39C,0.40320459263949987
ATXN1,TTC39C,0.40335784227072624
EXT1,TTC39C,0.4072138016717531
SEMA5A,TTC39C,0.4256830630879424
TTC39C,TTC39C,0.9999999999999286
TTC39C-AS1,TTC39C-AS1,0.9999999999999257
TTC6,TTC6,1.0
TTC7A,TTC7A,1.0
TTC7B,TTC7B,0.999999999999883
TTC8,TTC8,1.0
TTF2,TTF2,0.9999999999999455
TTI1,TTI1,1.0
KIF20B,TTK,0.6560421962000715
PRR11,TTK,0.6578668815996555
ANLN,TTK,0.658826866472471
BIRC5,TTK,0.6594219872864525
CDCA8,TTK,0.661176965739011
CEP55,TTK,0.6691067272466718
CENPE,TTK,0.671185636726162
GTSE1,TTK,0.6715807658312728
HMMR,TTK,0.6744255612424511
PTTG1,TTK,0.6886308429245713
DLGAP5,TTK,0.6899481939229902
MKI67,TTK,0.6927001720214521
PRC1,TTK,0.6964715865022638
TPX2,TTK,0.7023497222656355
HMGB2,TTK,0.7028051302722614
ASPM,TTK,0.7044132292500438
UBE2C,TTK,0.7097124011911304
NUSAP1,TTK,0.7146863020144759
TOP2A,TTK,0.7253807073437515
CENPF,TTK,0.7279398490157628
TTK,TTK,1.0
TTLL11,TTLL11,0.9999999999995646
TTLL3,TTLL3,0.9999999999997911
TTLL5,TTLL5,1.0
TTLL7,TTLL7,0.9999999999999135
TTN,TTN,1.0
TTN-AS1,TTN-AS1,1.0
TTTY10,TTTY10,0.9999999999999352
TTTY14,TTTY14,1.0
TTYH1,TTYH1,0.9999999999999902
TTYH3,TTYH3,1.0
TUB,TUB,0.9999999999998599
TUBA1A,TUBA1A,1.0
GTSE1,TUBA1B,0.628200134066143
CKS1B,TUBA1B,0.6291131422709653
CEP55,TUBA1B,0.6314795209303671
ASPM,TUBA1B,0.6347073104583241
ANLN,TUBA1B,0.6377911665912245
MKI67,TUBA1B,0.6448204821392726
CENPW,TUBA1B,0.6450389311822031
BIRC5,TUBA1B,0.6505211688327881
TPX2,TUBA1B,0.6692377393931656
HMGB2,TUBA1B,0.6720842675301897
PCLAF,TUBA1B,0.6743655237123034
UBE2C,TUBA1B,0.674868356119448
CENPF,TUBA1B,0.6826096522025676
PRC1,TUBA1B,0.6826254399947387
H2AZ1,TUBA1B,0.683941960191472
PTTG1,TUBA1B,0.6839853933274216
TUBB,TUBA1B,0.6857398666126362
NUSAP1,TUBA1B,0.6911853219177858
TOP2A,TUBA1B,0.694883412778553
STMN1,TUBA1B,0.6975795167603318
TUBA1B,TUBA1B,0.999999999999987
TUBA1B-AS1,TUBA1B-AS1,1.0
PRR11,TUBA1C,0.5767736490195252
CEP55,TUBA1C,0.5770696156835993
HMMR,TUBA1C,0.5831649468466813
CKS2,TUBA1C,0.5831882320589565
ANLN,TUBA1C,0.5840732301543998
STMN1,TUBA1C,0.5866415621333397
MKI67,TUBA1C,0.5928969599370226
GTSE1,TUBA1C,0.5939397952580654
BIRC5,TUBA1C,0.5943462688793215
HMGB2,TUBA1C,0.5971478299242262
DLGAP5,TUBA1C,0.60136242746815
TPX2,TUBA1C,0.6063067489059853
ASPM,TUBA1C,0.6076004622051117
TUBA1B,TUBA1C,0.6170944279594792
PRC1,TUBA1C,0.619639234635881
PTTG1,TUBA1C,0.6239035206486976
NUSAP1,TUBA1C,0.62916967832224
TOP2A,TUBA1C,0.6320932394034294
CENPF,TUBA1C,0.6326125922711187
UBE2C,TUBA1C,0.6326607421098105
TUBA1C,TUBA1C,1.0
TUBA4A,TUBA4A,0.9999999999998922
TUBA8,TUBA8,0.9999999999998032
PRR11,TUBB,0.5964396591818327
PBK,TUBB,0.5980634216699273
ASPM,TUBB,0.6050866694972941
ANLN,TUBB,0.6086129317808073
BIRC5,TUBB,0.6096548632674671
CEP55,TUBB,0.6131602960767985
TMPO,TUBB,0.6167480485743785
H2AZ1,TUBB,0.6180429095471137
MKI67,TUBB,0.6249438133947659
PCLAF,TUBB,0.626948541366173
PTTG1,TUBB,0.630786196278929
UBE2C,TUBB,0.6391509923407231
TPX2,TUBB,0.6409319472994087
PRC1,TUBB,0.6461628188218173
CENPF,TUBB,0.6474803174789904
HMGB2,TUBB,0.6555963515244728
NUSAP1,TUBB,0.6627392355358008
TOP2A,TUBB,0.6709118013883886
STMN1,TUBB,0.673308933448603
TUBA1B,TUBB,0.6857398666126362
TUBB,TUBB,1.0
TUBB2A,TUBB2A,0.9999999999999721
TUBB3,TUBB3,1.0
CEP55,TUBB4B,0.5617098050724024
H2AZ1,TUBB4B,0.5637080225354815
ANLN,TUBB4B,0.5674959806610342
PRR11,TUBB4B,0.5694761430046558
HMMR,TUBB4B,0.5727441304393527
TUBA1B,TUBB4B,0.5763832893805607
GTSE1,TUBB4B,0.5795988085359797
STMN1,TUBB4B,0.5810982639028227
ASPM,TUBB4B,0.5827275493800599
DLGAP5,TUBB4B,0.5838358945271952
MKI67,TUBB4B,0.5855476250655319
BIRC5,TUBB4B,0.5856055014519351
HMGB2,TUBB4B,0.5933133714618557
TPX2,TUBB4B,0.5965325575027306
PTTG1,TUBB4B,0.6063085099765522
PRC1,TUBB4B,0.6088590531754048
UBE2C,TUBB4B,0.6112959874086759
TOP2A,TUBB4B,0.6113393448252366
CENPF,TUBB4B,0.6114972165210908
NUSAP1,TUBB4B,0.6182155955479671
TUBB4B,TUBB4B,0.9999999999999803
TUBG2,TUBG2,1.0
TUBGCP5,TUBGCP5,0.9999999999998378
TUBGCP6,TUBGCP6,0.9999999999997826
TUFT1,TUFT1,0.9999999999996374
TUG1,TUG1,1.0
TULP2,TULP2,1.0
TULP4,TULP4,0.9999999999999536
TUT1,TUT1,1.0
TUT4,TUT4,0.9999999999999624
TUT7,TUT7,1.0
TVP23C,TVP23C,1.0
TWF2-DT,TWF2-DT,0.9999999999997209
TWIST1,TWIST1,0.9999999999999484
TWIST2,TWIST2,0.9999999999999791
TWSG1-DT,TWSG1-DT,0.9999999999999015
TXK,TXK,0.9999999999998405
TXLNB,TXLNB,0.9999999999998201
TXLNGY,TXLNGY,0.9999999999997942
MT-ND2,TXN,0.42052857407946126
TIMP1,TXN,0.4288831532764982
MAML2,TXN,0.43019015632262114
S100A10,TXN,0.43094186019200237
LGALS3,TXN,0.4343041022805823
CD59,TXN,0.43779537194794904
SEC61G,TXN,0.4378733052183446
S100A4,TXN,0.4439469771645032
KIRREL3,TXN,0.4507914258239908
PRDX5,TXN,0.47145479689647335
MIF,TXN,0.49204700875960455
RPS27L,TXN,0.49929107870021383
S100A13,TXN,0.5127573579230191
MGST3,TXN,0.5134960394705285
CSTB,TXN,0.5156998837388993
SH3BGRL3,TXN,0.5251698262910448
FTL,TXN,0.546577804990152
ELOB,TXN,0.5604521853360906
S100A6,TXN,0.6235941683155726
S100A11,TXN,0.652211579327658
TXN,TXN,1.0
TXNIP,TXNIP,1.0
TXNRD1,TXNRD1,0.9999999999999947
TXNRD3,TXNRD3,0.9999999999996314
TYK2,TYK2,0.9999999999998224
TYMP,TYMP,0.9999999999999545
ASPM,TYMS,0.5593950684960135
CEP55,TYMS,0.5615304473199997
CLSPN,TYMS,0.5617307340111081
GTSE1,TYMS,0.5670943453565283
PBK,TYMS,0.5779960112502394
H2AZ1,TYMS,0.5783892447932576
DIAPH3,TYMS,0.5785497494596661
BIRC5,TYMS,0.5804264189782913
ANLN,TYMS,0.583342040342136
UBE2C,TYMS,0.584458297126806
PTTG1,TYMS,0.59121917537387
CENPF,TYMS,0.5924513652451859
TPX2,TYMS,0.5940933205872879
MKI67,TYMS,0.5981967099300817
HMGB2,TYMS,0.6020842732773996
STMN1,TYMS,0.6082290173429779
PRC1,TYMS,0.613173936872514
TOP2A,TYMS,0.6256841169329802
NUSAP1,TYMS,0.631672173273568
PCLAF,TYMS,0.643234641375377
TYMS,TYMS,1.0
TYMSOS,TYMSOS,1.0
TYW1B,TYW1B,1.0
U2AF1L4,U2AF1L4,0.9999999999999123
UACA,UACA,1.0
UAP1,UAP1,0.9999999999999789
UAP1L1,UAP1L1,0.9999999999997553
UBA6-DT,UBA6-DT,0.9999999999997261
UBA7,UBA7,0.9999999999998829
UBAC2,UBAC2,1.0
UBALD2,UBALD2,0.9999999999999684
UBAP1,UBAP1,0.9999999999998977
UBAP1L,UBAP1L,1.0
CLU,UBASH3B,0.5134343583583874
LINC00842,UBASH3B,0.5147409570896021
HIP1,UBASH3B,0.5173619813998699
PRUNE2,UBASH3B,0.5181965819550733
DCN,UBASH3B,0.5182563905862887
MAGI1,UBASH3B,0.5184598781965168
GAS7,UBASH3B,0.5194952856937635
KCNMA1,UBASH3B,0.5211682394383992
ABTB2,UBASH3B,0.5246477305347528
KRT18,UBASH3B,0.5267631754145472
SLC44A1,UBASH3B,0.5334343821028367
IFI16,UBASH3B,0.5357121638774223
HIPK2,UBASH3B,0.5369135605010659
ISG15,UBASH3B,0.5384092199661604
NEBL,UBASH3B,0.538999250338539
TPST2,UBASH3B,0.5402867016176145
MGP,UBASH3B,0.5535920084623424
IFI6,UBASH3B,0.5614584852040851
FLNB,UBASH3B,0.5730431515100646
SLC12A8,UBASH3B,0.5875711528811716
UBASH3B,UBASH3B,0.9999999999997351
CKS2,UBE2C,0.7621737214175567
ANLN,UBE2C,0.7626572608157929
CEP55,UBE2C,0.7631819024850477
PRR11,UBE2C,0.7686422289413649
CKS1B,UBE2C,0.7714252488107308
HMMR,UBE2C,0.7772743771236983
DLGAP5,UBE2C,0.7801549743856583
MKI67,UBE2C,0.7805316399803844
BIRC5,UBE2C,0.7847067819097198
ASPM,UBE2C,0.7860538581286598
STMN1,UBE2C,0.7925414085605232
GTSE1,UBE2C,0.797910225192306
TPX2,UBE2C,0.7990565027976124
PRC1,UBE2C,0.8137268482138129
PTTG1,UBE2C,0.821068438339607
CDK1,UBE2C,0.8210909750872655
CENPF,UBE2C,0.8369471380563227
HMGB2,UBE2C,0.8373499463675423
NUSAP1,UBE2C,0.8656952162554115
TOP2A,UBE2C,0.8885114958742484
UBE2C,UBE2C,1.0
UBE2D4,UBE2D4,0.9999999999998442
UBE2E1,UBE2E1,0.9999999999999678
UBE2E2,UBE2E2,0.9999999999997243
UBE2H-DT,UBE2H-DT,1.0
XAF1,UBE2L6,0.45366122182854723
GBP1,UBE2L6,0.4562339701538505
LY6E,UBE2L6,0.45896534948485884
IFITM2,UBE2L6,0.47142104645688926
IFIT2,UBE2L6,0.4729635917611385
HERC5,UBE2L6,0.47534554123949396
PLSCR1,UBE2L6,0.48294170765238104
LAP3,UBE2L6,0.48441013760029594
PSMB9,UBE2L6,0.48707287756541917
MX2,UBE2L6,0.48815759034231815
IFI6,UBE2L6,0.49278003920414554
STAT1,UBE2L6,0.49341021476036573
IFITM3,UBE2L6,0.5114661951633878
IFITM1,UBE2L6,0.5210499529384346
IFIT3,UBE2L6,0.5286476161747279
IFI16,UBE2L6,0.530030349437043
IFIT1,UBE2L6,0.5302233099639313
MX1,UBE2L6,0.5406549127270422
EPSTI1,UBE2L6,0.5466920528226819
ISG15,UBE2L6,0.5858934114687009
UBE2L6,UBE2L6,1.0
UBE2O,UBE2O,1.0
UBE2Q2P1,UBE2Q2P1,1.0
UBE2R2-AS1,UBE2R2-AS1,1.0
HMGB2,UBE2S,0.46424389539975536
ARL6IP1,UBE2S,0.4677227943163695
CKS2,UBE2S,0.4683586583732359
ANLN,UBE2S,0.4702982841768883
CDCA8,UBE2S,0.47187429045411927
HMMR,UBE2S,0.47578247283352126
MKI67,UBE2S,0.47641204933929854
BIRC5,UBE2S,0.47711101122230193
CCNB1,UBE2S,0.4791651725111572
CENPE,UBE2S,0.48316045948647135
TPX2,UBE2S,0.4868923950854019
DLGAP5,UBE2S,0.49099645170461664
GTSE1,UBE2S,0.4915588120906321
PTTG1,UBE2S,0.4949186050591106
UBE2C,UBE2S,0.4995142966625668
TOP2A,UBE2S,0.5008456257499778
NUSAP1,UBE2S,0.5023580369784619
PRC1,UBE2S,0.5034939896696385
CENPF,UBE2S,0.503794767240436
ASPM,UBE2S,0.5041090092214091
UBE2S,UBE2S,0.9999999999999443
CDK1,UBE2T,0.6269011325713169
CEP55,UBE2T,0.6289035570152107
CKS1B,UBE2T,0.629989503425124
GTSE1,UBE2T,0.6333916337400892
HMMR,UBE2T,0.6365044289834182
CENPW,UBE2T,0.6377299428338362
MKI67,UBE2T,0.6378242014548048
PBK,UBE2T,0.6435858421682281
BIRC5,UBE2T,0.6479249339467856
H2AZ1,UBE2T,0.6492507583781006
TPX2,UBE2T,0.6527082460108633
CENPF,UBE2T,0.6651950203556337
PTTG1,UBE2T,0.6679826510425496
PCLAF,UBE2T,0.6708994136911461
PRC1,UBE2T,0.6751609292552432
STMN1,UBE2T,0.6778145419566426
UBE2C,UBE2T,0.6893884247561981
HMGB2,UBE2T,0.7013095280051057
TOP2A,UBE2T,0.7024060396973216
NUSAP1,UBE2T,0.7075119037809575
UBE2T,UBE2T,0.999999999999907
UBE3D,UBE3D,0.9999999999999983
UBE4B,UBE4B,0.9999999999997687
UBL3,UBL3,0.9999999999999083
UBL7-DT,UBL7-DT,1.0
UBN1,UBN1,0.9999999999999958
UBN2,UBN2,1.0
UBOX5,UBOX5,1.0
UBOX5-AS1,UBOX5-AS1,1.0
UBQLN1-AS1,UBQLN1-AS1,1.0
UBQLN4,UBQLN4,0.9999999999996518
UBR2,UBR2,0.9999999999999879
UBR3,UBR3,1.0
UBR4,UBR4,0.9999999999999732
UBR5,UBR5,1.0
UBR5-DT,UBR5-DT,0.9999999999999759
UBTD2,UBTD2,1.0
UBXN11,UBXN11,1.0
UBXN2A,UBXN2A,1.0
UBXN7,UBXN7,1.0
UCHL1,UCHL1,0.9999999999999944
UCKL1-AS1,UCKL1-AS1,0.9999999999998911
UFL1-AS1,UFL1-AS1,0.9999999999999997
UGCG,UGCG,1.0
UGDH,UGDH,1.0
UGGT1,UGGT1,1.0
UGGT2,UGGT2,0.9999999999999117
UHRF1,UHRF1,1.0
UHRF2,UHRF2,1.0
UIMC1,UIMC1,1.0
ULK1,ULK1,0.9999999999999494
ULK2,ULK2,0.9999999999997513
ULK4,ULK4,0.9999999999998174
ULK4P2,ULK4P2,1.0
ULK4P3,ULK4P3,1.0
UMAD1,UMAD1,0.9999999999996864
UNC13B,UNC13B,1.0
UNC5B,UNC5B,0.9999999999996997
UNC5B-AS1,UNC5B-AS1,1.0
UNC79,UNC79,0.9999999999997671
UNG,UNG,1.0
UNK,UNK,1.0
UPF2,UPF2,1.0
UPF3B,UPF3B,1.0
UPK3BL2,UPK3BL2,0.9999999999996867
UPP1,UPP1,0.9999999999997924
UPP2,UPP2,0.9999999999997975
UQCC1,UQCC1,1.0
UQCRB-AS1,UQCRB-AS1,0.9999999999999325
URAHP,URAHP,1.0
URB1,URB1,1.0
URGCP,URGCP,1.0
USF3,USF3,1.0
USH2A,USH2A,1.0
CEP55,USP1,0.49895415294666245
CDK1,USP1,0.5004151808977567
SMC4,USP1,0.5076290365079127
DIAPH3,USP1,0.5083001960253903
DUT,USP1,0.5095129352143652
DEK,USP1,0.5119354448405695
GMNN,USP1,0.5122916274897633
H2AZ1,USP1,0.512351723103812
MKI67,USP1,0.5129045430258296
CENPF,USP1,0.5176219204883536
PRC1,USP1,0.5176434932329047
TPX2,USP1,0.519098196462488
UBE2C,USP1,0.52093022597767
TMPO,USP1,0.5395363297865009
CLSPN,USP1,0.5437898127723961
NUSAP1,USP1,0.5444414895875942
STMN1,USP1,0.5548919724992514
TOP2A,USP1,0.5596304983308185
PCLAF,USP1,0.5607165982341602
HMGB2,USP1,0.5619477046311688
USP1,USP1,1.0
USP11,USP11,0.999999999999888
USP12,USP12,0.9999999999997372
USP12-AS1,USP12-AS1,1.0
USP13,USP13,1.0
IFI16,USP18,0.4082992279537308
IFIT1,USP18,0.41655437530919204
EPSTI1,USP18,0.4228368636149358
ISG15,USP18,0.4358211320027133
IFIT3,USP18,0.4455629174687175
MX1,USP18,0.45017343098757895
USP18,USP18,0.9999999999999076
USP20,USP20,1.0
USP24,USP24,0.9999999999996712
USP25,USP25,0.9999999999996579
USP3-AS1,USP3-AS1,1.0
USP30-AS1,USP30-AS1,0.9999999999998246
USP31,USP31,0.9999999999997811
NEAT1,USP32,0.4055379800802084
USP32,USP32,1.0
USP33,USP33,0.9999999999999686
NEAT1,USP34,0.4153665268602972
ISG15,USP34,0.4225950091042622
USP34,USP34,0.9999999999999615
USP34-DT,USP34-DT,0.9999999999998288
USP36,USP36,1.0
USP37,USP37,1.0
USP38-DT,USP38-DT,0.9999999999997768
USP4,USP4,0.9999999999997387
USP40,USP40,1.0
USP42,USP42,0.99999999999974
USP43,USP43,1.0
USP44,USP44,1.0
USP45,USP45,1.0
USP49,USP49,0.9999999999998774
USP50,USP50,0.9999999999996286
USP51,USP51,0.9999999999999212
THBS1,USP53,0.4129114557863439
CALD1,USP53,0.42930879883099465
USP53,USP53,0.9999999999999409
USP54,USP54,1.0
USP9Y,USP9Y,1.0
UST,UST,0.9999999999996957
UST-AS1,UST-AS1,1.0
UST-AS2,UST-AS2,1.0
UTP20,UTP20,0.999999999999958
UTP25,UTP25,1.0
UTRN,UTRN,0.999999999999976
UTY,UTY,1.0
UVRAG,UVRAG,1.0
UVRAG-DT,UVRAG-DT,0.999999999999849
UVSSA,UVSSA,0.9999999999998459
UXT-AS1,UXT-AS1,0.9999999999997523
VAC14-AS1,VAC14-AS1,1.0
VAMP4,VAMP4,0.9999999999998735
SH3BGRL3,VAMP5,0.40586383402486603
S100A11,VAMP5,0.4130713972055398
S100A6,VAMP5,0.43770647241415583
VAMP5,VAMP5,1.0
VARS2,VARS2,1.0
VASH1,VASH1,0.9999999999999546
VASH1-AS1,VASH1-AS1,1.0
VASN,VASN,0.9999999999999294
VAT1L,VAT1L,1.0
VAV2,VAV2,1.0
VCAN,VCAN,0.9999999999999934
VCL,VCL,0.9999999999999981
VDR,VDR,0.9999999999997152
VEGFA,VEGFA,0.9999999999998829
VEGFC,VEGFC,1.0
VEPH1,VEPH1,0.9999999999998748
VGLL3,VGLL3,0.9999999999998872
VGLL4,VGLL4,1.0
VIL1,VIL1,1.0
VILL,VILL,0.9999999999998117
TPM1,VIM,0.5327796190942469
IFI16,VIM,0.5351888566528508
RPL10,VIM,0.536006255567702
DEK,VIM,0.537987650336643
ACTG1,VIM,0.5418477968229344
RANBP1,VIM,0.5435179990818471
STMN1,VIM,0.550998107410981
ACTB,VIM,0.5510600131003027
C12orf75,VIM,0.5558934528817038
HSP90AA1,VIM,0.5565502185260515
NEAT1,VIM,0.5576088566067583
TMSB4X,VIM,0.5718949703974988
ANP32B,VIM,0.5756883763169165
HSPB1,VIM,0.5815716891866466
HMGB1,VIM,0.5839763416091289
TPM4,VIM,0.5840738924677604
ISG15,VIM,0.5878422016136068
HSP90B1,VIM,0.5889985217598465
IFIT3,VIM,0.5895634410980467
PTMA,VIM,0.6109092923623679
VIM,VIM,0.999999999999999
VIT,VIT,1.0
VLDLR-AS1,VLDLR-AS1,1.0
VMP1,VMP1,0.9999999999998901
VOPP1,VOPP1,1.0
VPS11-DT,VPS11-DT,1.0
VPS13A,VPS13A,0.9999999999997891
RPL10,VPS13B,0.4146220694432875
EXT1,VPS13B,0.4157467447234763
FNIP1,VPS13B,0.4188875651968124
EXOC6B,VPS13B,0.42104972861929957
MBD5,VPS13B,0.4219093793340819
ZBTB20,VPS13B,0.42520523941422517
FNDC3B,VPS13B,0.4267941439782611
CACNA1C,VPS13B,0.42779946931153706
MAGI2,VPS13B,0.4333179748466654
LINC-PINT,VPS13B,0.43856268147508
PRKCA,VPS13B,0.4390287892611476
PVT1,VPS13B,0.4425008580307399
MAGI1,VPS13B,0.4454241640473005
TTC28,VPS13B,0.4467614544840497
KANSL1,VPS13B,0.4470919439620136
ISG15,VPS13B,0.4474114041466744
HSPB1,VPS13B,0.45818054825862686
ATXN1,VPS13B,0.46924326574485226
FTX,VPS13B,0.47797273780761634
NEAT1,VPS13B,0.507501213709888
VPS13B,VPS13B,0.9999999999998833
VPS13B-DT,VPS13B-DT,1.0
VPS13C,VPS13C,0.9999999999999185
VPS13D,VPS13D,1.0
VPS26B,VPS26B,1.0
VPS33B,VPS33B,0.9999999999998574
VPS35L,VPS35L,1.0
VPS37B,VPS37B,1.0
VPS37C,VPS37C,0.9999999999998684
VPS37D,VPS37D,0.9999999999997625
VPS39,VPS39,0.9999999999998606
VPS45,VPS45,1.0
VPS50,VPS50,0.999999999999792
VPS53,VPS53,1.0
VPS54,VPS54,1.0
VPS8,VPS8,1.0
VPS9D1,VPS9D1,1.0
VPS9D1-AS1,VPS9D1-AS1,1.0
CEP55,VRK1,0.4016667802416747
UBE2C,VRK1,0.40457844136535176
MKI67,VRK1,0.4046334274881047
CENPF,VRK1,0.4053963953524307
CLSPN,VRK1,0.405652564918742
TMPO,VRK1,0.40684740397613206
TPX2,VRK1,0.40927132159361573
DIAPH3,VRK1,0.409753944263144
PRC1,VRK1,0.4116395022150662
NUSAP1,VRK1,0.41624194423214206
STMN1,VRK1,0.4171863889833406
PCLAF,VRK1,0.4295660423978422
TOP2A,VRK1,0.4317664617378572
HMGB2,VRK1,0.4363339633746283
VRK1,VRK1,1.0
VRK2,VRK2,0.9999999999998248
VSTM4,VSTM4,1.0
MAGI1,VTI1A,0.4015807333397579
NEAT1,VTI1A,0.4258168106866677
VTI1A,VTI1A,1.0
VTN,VTN,1.0
VWA1,VWA1,0.9999999999998299
VWA5A,VWA5A,0.9999999999998365
VWA8,VWA8,0.9999999999999996
VWCE,VWCE,1.0
VWF,VWF,0.9999999999997243
WAPL,WAPL,0.999999999999941
WAPL-DT,WAPL-DT,0.9999999999995314
WARS1,WARS1,0.9999999999999717
WARS2,WARS2,1.0
WARS2-AS1,WARS2-AS1,0.9999999999998349
WASF1,WASF1,0.9999999999999288
WASF3,WASF3,1.0
WASH2P,WASH2P,0.9999999999998954
WASHC1,WASHC1,0.9999999999999094
WASHC5-AS1,WASHC5-AS1,1.0
WASL-DT,WASL-DT,1.0
WBP2,WBP2,1.0
WBP2NL,WBP2NL,1.0
WDFY2,WDFY2,0.9999999999997534
WDFY3,WDFY3,0.99999999999975
WDHD1,WDHD1,0.9999999999999268
WDPCP,WDPCP,0.9999999999998561
WDR11-DT,WDR11-DT,0.9999999999995873
WDR19,WDR19,1.0
WDR25,WDR25,0.9999999999998439
WDR27,WDR27,0.9999999999999005
WDR35,WDR35,0.9999999999999999
WDR37,WDR37,0.9999999999999759
WDR41,WDR41,0.999999999999888
WDR44,WDR44,0.9999999999999887
WDR46,WDR46,0.9999999999999926
WDR53,WDR53,1.0
WDR55,WDR55,1.0
WDR59,WDR59,1.0
WDR62,WDR62,1.0
WDR64,WDR64,0.9999999999996797
WDR7,WDR7,1.0
WDR7-OT1,WDR7-OT1,1.0
WDR70,WDR70,0.9999999999999218
WDR73,WDR73,1.0
WDR76,WDR76,1.0
WDR81,WDR81,1.0
WDR86,WDR86,1.0
WDR88,WDR88,1.0
WDR90,WDR90,0.9999999999998624
WDR97,WDR97,1.0
WDSUB1,WDSUB1,1.0
WDTC1,WDTC1,1.0
WEE1,WEE1,0.9999999999998299
WFDC1,WFDC1,0.9999999999998782
WFDC10B,WFDC10B,0.9999999999999017
WFDC2,WFDC2,0.9999999999997516
STAT1,WFDC3,0.40753373859610337
PRSS3,WFDC3,0.4173888594000432
KRT19,WFDC3,0.421717257912114
THBS1,WFDC3,0.4218238924225604
GSN,WFDC3,0.42273399995179917
LINC00842,WFDC3,0.42277079621704167
IFI16,WFDC3,0.4261965748198526
SLC44A1,WFDC3,0.42626679117795674
AHNAK2,WFDC3,0.43591634923690453
CALD1,WFDC3,0.4443794984682007
DCN,WFDC3,0.4454117609535405
TPST2,WFDC3,0.45116931544355315
CFB,WFDC3,0.4535190471551906
IFI6,WFDC3,0.4600539003950838
FLNB,WFDC3,0.46151702033701886
SLC12A8,WFDC3,0.4759029671538154
RBP1,WFDC3,0.48569054431694486
CLU,WFDC3,0.49604355341229783
KRT18,WFDC3,0.4966248828592616
MGP,WFDC3,0.5099206891284243
WFDC3,WFDC3,0.9999999999997212
WHAMM,WHAMM,0.9999999999998616
WHRN,WHRN,0.9999999999996452
WIPI1,WIPI1,0.9999999999999354
WLS,WLS,1.0
WNK3,WNK3,0.999999999999674
WNT11,WNT11,1.0
WNT2,WNT2,1.0
WNT2B,WNT2B,0.9999999999998088
WNT5A,WNT5A,0.9999999999999388
WNT5A-AS1,WNT5A-AS1,1.0
WNT5B,WNT5B,0.9999999999999494
WNT8B,WNT8B,0.9999999999997358
WNT9A,WNT9A,1.0
WRAP73,WRAP73,1.0
WRN,WRN,0.9999999999996864
WSB1,WSB1,1.0
WTAP,WTAP,1.0
WTIP,WTIP,1.0
WWC2,WWC2,0.9999999999999978
WWC2-AS2,WWC2-AS2,1.0
NEAT1,WWOX,0.4016582390805112
WWOX,WWOX,0.999999999999844
WWOX-AS1,WWOX-AS1,1.0
WWP1,WWP1,0.9999999999999263
WWP2,WWP2,0.9999999999997286
WWTR1,WWTR1,0.9999999999999405
LAP3,XAF1,0.5500133752548032
SLC12A8,XAF1,0.5570971846812857
RIGI,XAF1,0.5596834729945658
PARP14,XAF1,0.5600015269074411
KRT18,XAF1,0.5663953480505606
MT-ND4L,XAF1,0.5806453013947388
EIF2AK2,XAF1,0.5816627562844314
IFITM1,XAF1,0.5882685805448754
MX2,XAF1,0.6013690578364722
MGP,XAF1,0.6145953777828552
PLSCR1,XAF1,0.616409947239907
IFI6,XAF1,0.6164368488847561
MT-ATP8,XAF1,0.6300645839122164
IFIT1,XAF1,0.6422238460136416
STAT1,XAF1,0.6428927771221993
IFI16,XAF1,0.6497466125258615
IFIT3,XAF1,0.6548001630755295
EPSTI1,XAF1,0.6578002904010727
ISG15,XAF1,0.6901879780101953
MX1,XAF1,0.6921514838853581
XAF1,XAF1,1.0
XDH,XDH,1.0
XG,XG,1.0
XKR6,XKR6,1.0
XKR9,XKR9,0.9999999999999633
XNDC1N,XNDC1N,1.0
XPA,XPA,1.0
XPC,XPC,1.0
XPNPEP3,XPNPEP3,1.0
XPO4,XPO4,0.9999999999998211
XPO5,XPO5,1.0
XPO6,XPO6,0.9999999999999096
XPR1,XPR1,0.9999999999997652
XRCC2,XRCC2,1.0
XRN1,XRN1,0.9999999999999696
XRRA1,XRRA1,0.999999999999785
XXYLT1-AS2,XXYLT1-AS2,1.0
XYLB,XYLB,0.9999999999997602
XYLT1,XYLT1,1.0
XYLT2,XYLT2,1.0
YEATS2,YEATS2,0.9999999999997825
YEATS4,YEATS4,1.0
YJEFN3,YJEFN3,1.0
YJU2B,YJU2B,1.0
YLPM1,YLPM1,0.999999999999977
YOD1,YOD1,1.0
YPEL1,YPEL1,0.9999999999997619
YPEL2,YPEL2,1.0
YPEL3,YPEL3,0.999999999999651
YPEL4,YPEL4,1.0
YTHDC2,YTHDC2,0.9999999999998208
YWHAQ,YWHAQ,0.9999999999999741
CLU,YWHAZ,0.4176353592947621
KRT18,YWHAZ,0.424177079094823
FLNB,YWHAZ,0.4334586482868454
S100A6,YWHAZ,0.4340455508708745
ENO1,YWHAZ,0.4444189965395916
S100A10,YWHAZ,0.48255015239246135
YWHAZ,YWHAZ,1.0
ZACN,ZACN,0.9999999999998057
ZBED3,ZBED3,0.999999999999789
ZBED3-AS1,ZBED3-AS1,1.0
ZBED4,ZBED4,0.9999999999998116
ZBED6,ZBED6,1.0
ZBTB12,ZBTB12,0.9999999999996235
ZBTB17,ZBTB17,0.9999999999998179
EXOC6B,ZBTB20,0.4040054966171487
ISG15,ZBTB20,0.40488963770985
MIF,ZBTB20,0.4068845896217596
PTMA,ZBTB20,0.4068862729856552
VIM,ZBTB20,0.41119432405567985
FNDC3B,ZBTB20,0.4115479606003934
MAGI2,ZBTB20,0.41216676502373756
CACNA1C,ZBTB20,0.4161048888922319
PRKG1,ZBTB20,0.41861105060563103
FNIP1,ZBTB20,0.42008772671810124
MBD5,ZBTB20,0.42460363499635134
VPS13B,ZBTB20,0.42520523941422517
KANSL1,ZBTB20,0.4260239682586546
TTC28,ZBTB20,0.43113088087728074
LINC-PINT,ZBTB20,0.437650962781353
ATXN1,ZBTB20,0.4783712757477888
HSPB1,ZBTB20,0.47907879019183275
FTX,ZBTB20,0.5075765373747787
NEAT1,ZBTB20,0.517533754975281
ZBTB20,ZBTB20,1.0
ZBTB20-AS1,ZBTB20-AS1,1.0
ZBTB20-AS2,ZBTB20-AS2,1.0
ZBTB20-AS3,ZBTB20-AS3,1.0
ZBTB20-AS4,ZBTB20-AS4,1.0
ZBTB20-AS5,ZBTB20-AS5,0.9999999999995353
ZBTB25,ZBTB25,0.9999999999997033
ZBTB3,ZBTB3,0.9999999999999977
ZBTB32,ZBTB32,0.9999999999996867
ZBTB34,ZBTB34,1.0
ZBTB37,ZBTB37,0.9999999999996947
ZBTB38,ZBTB38,1.0
ZBTB4,ZBTB4,0.9999999999997111
ZBTB40,ZBTB40,0.9999999999999558
ZBTB42,ZBTB42,1.0
ZBTB43,ZBTB43,0.9999999999998782
ZBTB44,ZBTB44,1.0
ZBTB44-DT,ZBTB44-DT,1.0
ZBTB46,ZBTB46,0.9999999999999981
ZBTB47,ZBTB47,0.999999999999988
ZBTB47-AS1,ZBTB47-AS1,0.9999999999995108
ZBTB5,ZBTB5,0.999999999999899
ZBTB6,ZBTB6,1.0
ZBTB8A,ZBTB8A,1.0
ZC2HC1A,ZC2HC1A,0.9999999999999764
ZC2HC1C,ZC2HC1C,1.0
ZC3H10,ZC3H10,1.0
ZC3H12A-DT,ZC3H12A-DT,0.9999999999995761
ZC3H12B,ZC3H12B,0.99999999999998
ZC3H12C,ZC3H12C,1.0
ZC3H14,ZC3H14,0.9999999999998831
ZC3H3,ZC3H3,1.0
ZC3H6,ZC3H6,1.0
ZC3H8,ZC3H8,1.0
ZC3HAV1,ZC3HAV1,0.9999999999999147
ZC4H2,ZC4H2,1.0
ZCCHC2,ZCCHC2,1.0
ZCCHC24,ZCCHC24,0.9999999999998166
ZCCHC4,ZCCHC4,0.9999999999998973
ZCCHC8,ZCCHC8,0.9999999999999978
ZCWPW1,ZCWPW1,0.9999999999998612
ZCWPW2,ZCWPW2,1.0
ZDBF2,ZDBF2,0.9999999999999081
ZDHHC1,ZDHHC1,0.9999999999998543
ZDHHC11,ZDHHC11,1.0
ZDHHC14,ZDHHC14,1.0
ZDHHC17,ZDHHC17,0.9999999999999855
ZDHHC2,ZDHHC2,0.9999999999998613
ZDHHC21,ZDHHC21,1.0
ZDHHC7,ZDHHC7,1.0
ZDHHC8,ZDHHC8,1.0
ZEB1,ZEB1,1.0
ZEB1-AS1,ZEB1-AS1,0.9999999999998003
ZEB2,ZEB2,0.9999999999998166
ZER1,ZER1,0.9999999999999173
NEAT1,ZFAND3,0.4177459579885345
ZFAND3,ZFAND3,0.9999999999998971
ZFAND5,ZFAND5,1.0
RPL10,ZFAS1,0.4546455901207264
ZFAS1,ZFAS1,0.9999999999999993
ZFAT,ZFAT,1.0
ZFC3H1,ZFC3H1,1.0
ZFHX2,ZFHX2,1.0
HIP1,ZFHX3,0.51282332827045
LINC00842,ZFHX3,0.5146598229952363
SLC35F3,ZFHX3,0.5172376236580493
HIPK2,ZFHX3,0.5175268226780968
NEBL,ZFHX3,0.5180792147292645
CLU,ZFHX3,0.5192777505843047
NEAT1,ZFHX3,0.5193219224371245
MAGI1,ZFHX3,0.5222609485363782
CENPT,ZFHX3,0.5347678395502121
KRT18,ZFHX3,0.5350189256716256
ABTB2,ZFHX3,0.5456514104207795
IFI16,ZFHX3,0.5490740051910604
MORC3,ZFHX3,0.5526918614378236
SLC44A1,ZFHX3,0.5528190730863406
IFI6,ZFHX3,0.5594993692183425
MGP,ZFHX3,0.5650178307358682
TPST2,ZFHX3,0.5684274087996676
FLNB,ZFHX3,0.576129831489523
ISG15,ZFHX3,0.5772848369181397
SLC12A8,ZFHX3,0.579817728384939
ZFHX3,ZFHX3,1.0
ZFHX3-AS1,ZFHX3-AS1,1.0
ZFHX4,ZFHX4,1.0
ZFHX4-AS1,ZFHX4-AS1,1.0
ZFP28-DT,ZFP28-DT,1.0
ZFP30,ZFP30,0.9999999999997593
ZFP36,ZFP36,0.9999999999999937
ZFP36L1,ZFP36L1,0.9999999999999956
ZFP36L2,ZFP36L2,0.999999999999919
ZFP37,ZFP37,0.9999999999999535
ZFP41,ZFP41,1.0
ZFP64,ZFP64,1.0
ZFP69,ZFP69,1.0
ZFP69B,ZFP69B,0.9999999999996281
ZFP82,ZFP82,0.9999999999998679
ZFP90,ZFP90,1.0
ZFPM1-AS1,ZFPM1-AS1,1.0
ZFPM2,ZFPM2,0.9999999999999042
ZFPM2-AS1,ZFPM2-AS1,1.0
ZFTRAF1,ZFTRAF1,0.9999999999999246
ZFX,ZFX,0.999999999999787
ZFY,ZFY,1.0
ZFY-AS1,ZFY-AS1,1.0
ZFYVE1,ZFYVE1,1.0
ZFYVE16,ZFYVE16,0.9999999999999218
ZFYVE19,ZFYVE19,1.0
ZFYVE26,ZFYVE26,1.0
ZFYVE27,ZFYVE27,1.0
ZFYVE28,ZFYVE28,1.0
ZFYVE9,ZFYVE9,0.9999999999997561
ZGLP1,ZGLP1,0.9999999999999992
ZGPAT,ZGPAT,0.9999999999999937
ZGRF1,ZGRF1,1.0
ZHX2,ZHX2,0.9999999999995468
ZHX3,ZHX3,0.9999999999998564
ZIC1,ZIC1,0.999999999999828
ZIC4,ZIC4,0.9999999999997116
ZIK1,ZIK1,1.0
ZKSCAN2,ZKSCAN2,1.0
ZKSCAN2-DT,ZKSCAN2-DT,1.0
ZKSCAN3,ZKSCAN3,0.9999999999998483
ZKSCAN4,ZKSCAN4,1.0
ZKSCAN5,ZKSCAN5,1.0
ZKSCAN7,ZKSCAN7,0.9999999999997756
ZKSCAN7-AS1,ZKSCAN7-AS1,0.9999999999997402
ZKSCAN8,ZKSCAN8,0.9999999999997582
MX1,ZMAT3,0.403471246765671
NEAT1,ZMAT3,0.4165251289075005
ISG15,ZMAT3,0.4479582416455916
ZMAT3,ZMAT3,0.9999999999997744
ZMIZ1-AS1,ZMIZ1-AS1,0.9999999999999881
NEAT1,ZMYM2,0.44555302097760296
ZMYM2,ZMYM2,1.0
ZMYM4,ZMYM4,0.9999999999999077
ZMYM4-AS1,ZMYM4-AS1,1.0
ZMYM6,ZMYM6,0.9999999999998523
ZMYND8,ZMYND8,1.0
ZNF10,ZNF10,1.0
ZNF100,ZNF100,1.0
ZNF101,ZNF101,0.9999999999996939
ZNF107,ZNF107,1.0
ZNF112,ZNF112,1.0
ZNF114,ZNF114,1.0
ZNF114-AS1,ZNF114-AS1,1.0
ZNF117,ZNF117,1.0
ZNF12,ZNF12,1.0
ZNF121,ZNF121,0.9999999999998015
ZNF124,ZNF124,0.9999999999997575
ZNF131,ZNF131,0.9999999999999796
ZNF132,ZNF132,0.9999999999999063
ZNF132-DT,ZNF132-DT,0.9999999999999398
ZNF135,ZNF135,1.0
ZNF136,ZNF136,0.9999999999997633
ZNF14,ZNF14,1.0
ZNF141,ZNF141,1.0
ZNF142,ZNF142,0.9999999999997001
ZNF148,ZNF148,0.9999999999998892
ZNF154,ZNF154,0.9999999999998417
ZNF16,ZNF16,1.0
ZNF160,ZNF160,1.0
ZNF165,ZNF165,1.0
ZNF169,ZNF169,0.9999999999995722
ZNF175,ZNF175,0.9999999999997948
ZNF177,ZNF177,1.0
ZNF18,ZNF18,0.9999999999997121
ZNF180,ZNF180,0.9999999999996778
ZNF189,ZNF189,0.9999999999998332
ZNF19,ZNF19,0.9999999999997419
ZNF2,ZNF2,0.9999999999995507
ZNF202,ZNF202,0.9999999999999988
ZNF208,ZNF208,0.9999999999997589
ZNF211,ZNF211,0.9999999999999872
ZNF212,ZNF212,0.9999999999996635
ZNF213-AS1,ZNF213-AS1,1.0
ZNF214,ZNF214,0.9999999999999953
ZNF217,ZNF217,0.9999999999999538
ZNF219,ZNF219,1.0
ZNF22,ZNF22,1.0
ZNF222,ZNF222,0.9999999999999984
ZNF225,ZNF225,1.0
ZNF230,ZNF230,0.9999999999997964
ZNF230-DT,ZNF230-DT,0.9999999999998206
ZNF232,ZNF232,0.9999999999999912
ZNF233,ZNF233,0.9999999999997308
ZNF235,ZNF235,1.0
ZNF236,ZNF236,1.0
ZNF248,ZNF248,0.9999999999998703
ZNF24TR,ZNF24TR,1.0
ZNF25,ZNF25,0.999999999999883
ZNF251,ZNF251,1.0
ZNF252P-AS1,ZNF252P-AS1,1.0
ZNF253,ZNF253,0.9999999999996628
ZNF254,ZNF254,1.0
ZNF26,ZNF26,1.0
ZNF263,ZNF263,0.9999999999999094
ZNF264,ZNF264,0.9999999999999694
ZNF266,ZNF266,1.0
ZNF274,ZNF274,0.9999999999998762
ZNF276,ZNF276,1.0
ZNF280C,ZNF280C,0.9999999999997666
ZNF280D,ZNF280D,0.9999999999998724
ZNF281,ZNF281,1.0
ZNF282,ZNF282,0.9999999999998849
ZNF283,ZNF283,1.0
ZNF284,ZNF284,1.0
ZNF285,ZNF285,1.0
ZNF292,ZNF292,0.9999999999999197
ZNF295-AS1,ZNF295-AS1,0.9999999999999255
ZNF300,ZNF300,0.999999999999927
ZNF302,ZNF302,0.9999999999999741
ZNF304,ZNF304,1.0
ZNF316,ZNF316,0.9999999999999967
ZNF320,ZNF320,1.0
ZNF324,ZNF324,0.9999999999999636
ZNF329,ZNF329,1.0
ZNF331,ZNF331,0.9999999999997865
ZNF333,ZNF333,1.0
ZNF334,ZNF334,1.0
ZNF335,ZNF335,1.0
ZNF337,ZNF337,1.0
ZNF337-AS1,ZNF337-AS1,0.999999999999682
ZNF33B,ZNF33B,1.0
ZNF341,ZNF341,0.9999999999998201
ZNF341-AS1,ZNF341-AS1,0.9999999999998614
ZNF343,ZNF343,1.0
ZNF345,ZNF345,0.999999999999873
ZNF346,ZNF346,1.0
ZNF347,ZNF347,1.0
ZNF350,ZNF350,1.0
ZNF350-AS1,ZNF350-AS1,1.0
ZNF354C,ZNF354C,0.9999999999998873
ZNF358,ZNF358,0.9999999999998025
ZNF37A,ZNF37A,0.9999999999998425
ZNF383,ZNF383,0.9999999999999067
ZNF385A,ZNF385A,0.9999999999997053
ZNF385C,ZNF385C,1.0
ZNF385D,ZNF385D,0.9999999999998117
ZNF394,ZNF394,1.0
ZNF397,ZNF397,0.9999999999998302
ZNF398,ZNF398,1.0
ZNF404,ZNF404,1.0
ZNF407,ZNF407,1.0
ZNF41,ZNF41,0.9999999999998455
ZNF416,ZNF416,1.0
ZNF417,ZNF417,1.0
ZNF418,ZNF418,0.9999999999998335
ZNF425,ZNF425,1.0
ZNF429,ZNF429,1.0
ZNF43,ZNF43,1.0
ZNF431,ZNF431,1.0
ZNF432,ZNF432,1.0
ZNF433-AS1,ZNF433-AS1,1.0
ZNF436-AS1,ZNF436-AS1,1.0
ZNF438,ZNF438,0.9999999999999515
ZNF439,ZNF439,0.9999999999999392
ZNF44,ZNF44,1.0
ZNF440,ZNF440,0.9999999999997725
ZNF443,ZNF443,1.0
ZNF444,ZNF444,0.9999999999999964
ZNF445,ZNF445,0.9999999999997116
ZNF45-AS1,ZNF45-AS1,1.0
ZNF451-AS1,ZNF451-AS1,0.9999999999997167
ZNF460,ZNF460,1.0
ZNF460-AS1,ZNF460-AS1,1.0
ZNF461,ZNF461,1.0
ZNF462,ZNF462,0.9999999999998632
ZNF469,ZNF469,1.0
ZNF470-DT,ZNF470-DT,0.9999999999998919
ZNF473,ZNF473,0.9999999999998146
ZNF48,ZNF48,0.9999999999998725
ZNF483,ZNF483,1.0
ZNF484,ZNF484,0.9999999999998758
ZNF486,ZNF486,1.0
ZNF487,ZNF487,1.0
ZNF488,ZNF488,1.0
ZNF490,ZNF490,0.9999999999997681
ZNF491,ZNF491,0.9999999999997771
ZNF493,ZNF493,1.0
ZNF496,ZNF496,0.999999999999947
ZNF496-DT,ZNF496-DT,0.9999999999996477
ZNF497-AS1,ZNF497-AS1,0.9999999999997341
ZNF500,ZNF500,0.9999999999995994
ZNF503,ZNF503,1.0
ZNF503-AS2,ZNF503-AS2,1.0
ZNF506,ZNF506,0.9999999999998735
ZNF512,ZNF512,1.0
ZNF512B,ZNF512B,0.9999999999998407
ZNF514,ZNF514,0.9999999999999333
PVT1,ZNF516,0.41301070851632377
MAGI1,ZNF516,0.4152604010317933
NEAT1,ZNF516,0.4307144926444656
ISG15,ZNF516,0.4319046288187803
ZNF516,ZNF516,1.0
ZNF516-DT,ZNF516-DT,1.0
ZNF518A,ZNF518A,0.9999999999998043
ZNF518B,ZNF518B,1.0
ZNF519,ZNF519,0.9999999999997363
SEMA5A,ZNF521,0.40976741849960574
ZNF521,ZNF521,1.0
ZNF525,ZNF525,0.9999999999996332
ZNF527,ZNF527,1.0
ZNF528,ZNF528,0.9999999999998723
ZNF528-AS1,ZNF528-AS1,0.9999999999996553
ZNF529,ZNF529,1.0
ZNF532,ZNF532,1.0
ZNF543,ZNF543,1.0
ZNF544,ZNF544,1.0
ZNF546,ZNF546,0.9999999999998397
ZNF547,ZNF547,0.9999999999998127
ZNF550,ZNF550,0.9999999999998602
ZNF551,ZNF551,1.0
ZNF552,ZNF552,0.9999999999998768
ZNF554,ZNF554,1.0
ZNF559,ZNF559,0.9999999999998381
ZNF564,ZNF564,1.0
ZNF565,ZNF565,0.9999999999996744
ZNF566,ZNF566,0.9999999999997657
ZNF566-AS1,ZNF566-AS1,1.0
ZNF567-DT,ZNF567-DT,0.9999999999999861
ZNF568,ZNF568,0.9999999999995949
ZNF57,ZNF57,0.9999999999997766
ZNF571,ZNF571,0.9999999999998176
ZNF574,ZNF574,1.0
ZNF575,ZNF575,0.9999999999998384
ZNF577,ZNF577,1.0
ZNF578,ZNF578,0.9999999999998879
ZNF582,ZNF582,0.9999999999998209
ZNF582-DT,ZNF582-DT,0.9999999999997793
ZNF584,ZNF584,0.9999999999995788
ZNF585B,ZNF585B,0.9999999999997256
ZNF586,ZNF586,1.0
ZNF587,ZNF587,1.0
ZNF587B,ZNF587B,0.9999999999997771
ZNF589,ZNF589,0.9999999999999918
ZNF594-DT,ZNF594-DT,1.0
ZNF595,ZNF595,1.0
ZNF596,ZNF596,0.9999999999998113
ZNF597,ZNF597,1.0
ZNF598,ZNF598,1.0
ZNF607,ZNF607,1.0
ZNF608,ZNF608,1.0
FNIP1,ZNF609,0.4002024313700756
NXN,ZNF609,0.40169779098438657
IFITM3,ZNF609,0.4027832996104597
HSPB1,ZNF609,0.4048251677581455
MRTFA,ZNF609,0.40569605683542526
PVT1,ZNF609,0.40696851012970725
KANSL1,ZNF609,0.4131774502724543
MAGI1,ZNF609,0.4197019479823364
NEAT1,ZNF609,0.44442406738254947
ISG15,ZNF609,0.4525173728079195
ZNF609,ZNF609,1.0
ZNF610,ZNF610,0.9999999999998405
ZNF611,ZNF611,0.999999999999853
ZNF616,ZNF616,1.0
ZNF618,ZNF618,0.9999999999997593
ZNF620,ZNF620,0.9999999999999757
ZNF621,ZNF621,0.9999999999996697
ZNF623,ZNF623,1.0
ZNF625,ZNF625,0.9999999999998145
ZNF627,ZNF627,1.0
ZNF628,ZNF628,1.0
ZNF629,ZNF629,1.0
ZNF630,ZNF630,0.9999999999996492
ZNF638,ZNF638,1.0
ZNF644,ZNF644,0.9999999999999819
ISG15,ZNF652,0.40505659130532246
ZNF652,ZNF652,0.9999999999998124
ZNF652-AS1,ZNF652-AS1,0.9999999999997615
ZNF654,ZNF654,1.0
ZNF655,ZNF655,0.9999999999999793
ZNF658,ZNF658,0.9999999999998688
ZNF66,ZNF66,1.0
ZNF660,ZNF660,1.0
ZNF667-AS1,ZNF667-AS1,0.999999999999735
ZNF670,ZNF670,0.9999999999999575
ZNF671,ZNF671,1.0
ZNF674,ZNF674,1.0
ZNF674-AS1,ZNF674-AS1,0.999999999999698
ZNF675,ZNF675,0.9999999999996948
ZNF678,ZNF678,0.9999999999999294
ZNF680,ZNF680,0.9999999999997368
ZNF682,ZNF682,0.9999999999998541
ZNF69,ZNF69,1.0
ZNF692,ZNF692,0.9999999999998278
ZNF697,ZNF697,0.9999999999997983
ZNF699,ZNF699,0.9999999999997923
ZNF7,ZNF7,1.0
ZNF70,ZNF70,1.0
ZNF700,ZNF700,1.0
ZNF701,ZNF701,1.0
ZNF707,ZNF707,1.0
ZNF708,ZNF708,0.9999999999998498
ZNF709,ZNF709,0.9999999999996434
ZNF71,ZNF71,0.99999999999986
ZNF710,ZNF710,0.9999999999998131
ZNF710-AS1,ZNF710-AS1,1.0
ZNF713,ZNF713,0.9999999999996368
ZNF714,ZNF714,1.0
ZNF717,ZNF717,1.0
ZNF718,ZNF718,1.0
ZNF721,ZNF721,0.9999999999999578
ZNF730,ZNF730,0.9999999999998068
ZNF732,ZNF732,0.9999999999997824
ZNF736,ZNF736,1.0
ZNF737,ZNF737,1.0
ZNF740,ZNF740,0.9999999999999419
ZNF746,ZNF746,0.9999999999997086
ZNF747-DT,ZNF747-DT,0.9999999999996848
ZNF750,ZNF750,1.0
ZNF75A,ZNF75A,1.0
ZNF75D,ZNF75D,0.9999999999998929
ZNF76,ZNF76,0.9999999999997209
ZNF761,ZNF761,1.0
ZNF763,ZNF763,0.9999999999999695
ZNF765,ZNF765,0.9999999999997613
ZNF767P,ZNF767P,0.9999999999997089
ZNF773,ZNF773,0.9999999999997924
ZNF774,ZNF774,0.9999999999999412
ZNF775,ZNF775,0.9999999999999756
ZNF776,ZNF776,1.0
ZNF777,ZNF777,0.9999999999998512
ZNF780B,ZNF780B,0.9999999999997651
ZNF782,ZNF782,1.0
ZNF783,ZNF783,1.0
ZNF785,ZNF785,0.9999999999996875
ZNF786,ZNF786,0.9999999999998314
ZNF789,ZNF789,1.0
ZNF79,ZNF79,0.9999999999997466
ZNF790,ZNF790,0.9999999999999027
ZNF790-AS1,ZNF790-AS1,1.0
ZNF793-AS1,ZNF793-AS1,1.0
ZNF8,ZNF8,0.9999999999998198
ZNF8-DT,ZNF8-DT,0.9999999999997813
ZNF800,ZNF800,1.0
ZNF804A,ZNF804A,0.999999999999973
ZNF805,ZNF805,1.0
ZNF808,ZNF808,0.9999999999997807
ZNF81,ZNF81,1.0
ZNF814,ZNF814,1.0
ZNF823,ZNF823,1.0
ZNF827,ZNF827,0.9999999999998533
ZNF83,ZNF83,0.9999999999999304
ZNF830,ZNF830,1.0
ZNF837,ZNF837,1.0
ZNF839,ZNF839,1.0
ZNF84,ZNF84,1.0
ZNF841,ZNF841,1.0
ZNF843,ZNF843,0.9999999999998345
ZNF844,ZNF844,1.0
ZNF846,ZNF846,1.0
ZNF850,ZNF850,1.0
ZNF852,ZNF852,1.0
ZNF862,ZNF862,0.9999999999998237
ZNF865,ZNF865,0.9999999999996615
ZNF875,ZNF875,0.999999999999811
ZNF876P,ZNF876P,0.9999999999999715
ZNF878,ZNF878,1.0
ZNF879,ZNF879,0.9999999999997466
ZNF880,ZNF880,1.0
ZNF883,ZNF883,0.9999999999999444
ZNF888,ZNF888,1.0
ZNF888-AS1,ZNF888-AS1,1.0
ZNF891,ZNF891,1.0
ZNF892,ZNF892,0.9999999999998115
ZNF91,ZNF91,1.0
ZNF92,ZNF92,0.9999999999998707
ZNFX1,ZNFX1,1.0
ZNHIT6,ZNHIT6,1.0
ZNNT1,ZNNT1,1.0
ZNRF1,ZNRF1,0.9999999999996362
ZNRF2,ZNRF2,0.9999999999998768
ZNRF3,ZNRF3,0.9999999999997246
ZNRF3-AS1,ZNRF3-AS1,1.0
ZRANB2-AS1,ZRANB2-AS1,1.0
ZRANB2-DT,ZRANB2-DT,1.0
ZRANB3,ZRANB3,0.9999999999999489
ZRSR2,ZRSR2,0.9999999999999231
ZSCAN12,ZSCAN12,0.9999999999999967
ZSCAN18,ZSCAN18,1.0
ZSCAN2-AS1,ZSCAN2-AS1,0.9999999999997515
ZSCAN20,ZSCAN20,1.0
ZSCAN21,ZSCAN21,1.0
ZSCAN23,ZSCAN23,1.0
ZSCAN25,ZSCAN25,1.0
ZSCAN30,ZSCAN30,0.9999999999998818
ZSCAN5A,ZSCAN5A,1.0
ZSWIM4,ZSWIM4,1.0
ZSWIM5,ZSWIM5,1.0
NEAT1,ZSWIM6,0.4304822187002292
ZSWIM6,ZSWIM6,0.9999999999999867
ZSWIM9,ZSWIM9,1.0
DIAPH3,ZWINT,0.4714217684633044
TMPO,ZWINT,0.4720457869687277
ASPM,ZWINT,0.47630902070446285
H2AZ1,ZWINT,0.47725332249767327
BIRC5,ZWINT,0.48266616896972087
GTSE1,ZWINT,0.4850638439273413
PBK,ZWINT,0.48997481501445633
PTTG1,ZWINT,0.49028549631576096
ANLN,ZWINT,0.49121027204519907
CDK1,ZWINT,0.4936118322154578
STMN1,ZWINT,0.5007245896928845
TPX2,ZWINT,0.5007468809552722
MKI67,ZWINT,0.5017859103632907
CENPF,ZWINT,0.5025478422938834
PRC1,ZWINT,0.5096477480684913
UBE2C,ZWINT,0.5105930301511336
HMGB2,ZWINT,0.5135646280689858
PCLAF,ZWINT,0.5173219779904101
NUSAP1,ZWINT,0.5312166327636147
TOP2A,ZWINT,0.5357350856848397
ZWINT,ZWINT,1.0
ZXDC,ZXDC,0.9999999999999701
ZYG11A,ZYG11A,1.0
ZYX,ZYX,0.9999999999999711
ZZEF1,ZZEF1,0.9999999999997806
ZZZ3,ZZZ3,1.0
