2025-04-08 13:25:25,363 [INFO] Config file path: ./config.yaml
2025-04-08 13:25:25,364 [INFO] Force overwrite: True
2025-04-08 13:25:26,490 [INFO] Nextflow is available.
2025-04-08 13:25:26,492 [INFO] Configuration for: paths
2025-04-08 13:25:26,492 [INFO] 	 output_directory : /scratch/indikar_root/indikar1/shared_data/hsc_epi2me_full/
2025-04-08 13:25:26,492 [INFO] 	 fastq_paths : fastq_paths.txt
2025-04-08 13:25:26,492 [INFO] 	 ref_genome_dir : /nfs/turbo/umms-indikar/shared/projects/reference_genome/prebuilt/refdata-gex-GRCh38-2024-A
2025-04-08 13:25:26,492 [INFO] 	 nextflow : /nfs/turbo/umms-indikar/Ram/tools
2025-04-08 13:25:26,492 [INFO] Configuration for: nextflow
2025-04-08 13:25:26,492 [INFO] 	 process_name : hsc_epi2me_nextflow
2025-04-08 13:25:26,492 [INFO] 	 sample_name : hsc
2025-04-08 13:25:26,492 [INFO] 	 nextflow_config : ./nextflow.config
2025-04-08 13:25:26,492 [INFO] Configuration for: pipeline
2025-04-08 13:25:26,492 [INFO] 	 expected_cells : 10000
2025-04-08 13:25:26,492 [INFO] 	 kit : 3prime:v3
2025-04-08 13:25:26,492 [INFO] 	 full_length_only : True
2025-04-08 13:25:26,492 [INFO] 	 threads : 32
2025-04-08 13:25:26,492 [INFO] 	 fastq_chunk : 1000000
2025-04-08 13:25:26,492 [INFO] 	 barcode_adapter1_suff_length : 10
2025-04-08 13:25:26,493 [INFO] 	 barcode_min_quality : 15
2025-04-08 13:25:26,493 [INFO] 	 barcode_max_ed : 2
2025-04-08 13:25:26,493 [INFO] 	 barcode_min_ed_diff : 2
2025-04-08 13:25:26,493 [INFO] 	 gene_assigns_minqv : 30
2025-04-08 13:25:26,493 [INFO] 	 matrix_min_genes : 5
2025-04-08 13:25:26,493 [INFO] 	 matrix_min_cells : 3
2025-04-08 13:25:26,493 [INFO] 	 matrix_max_mito : 20
2025-04-08 13:25:26,493 [INFO] 	 matrix_norm_count : 10000
2025-04-08 13:25:26,520 [INFO] Created output directory: /scratch/indikar_root/indikar1/shared_data/hsc_epi2me_full/
2025-04-08 13:25:26,521 [INFO] Created working directory: /scratch/indikar_root/indikar1/shared_data/hsc_epi2me_full/work/
2025-04-08 13:25:26,525 [INFO] Running pipeline for 28 FASTQs from: fastq_paths.txt
2025-04-08 13:25:26,525 [INFO] Compiling inputs to: /scratch/indikar_root/indikar1/shared_data/hsc_epi2me_full/fastq
2025-04-08 13:25:26,529 [INFO] 	Created symlink: /scratch/indikar_root/indikar1/shared_data/hsc_epi2me_full/fastq/minion_384/Gridr1.fastq.gz -> /nfs/turbo/umms-indikar/shared/projects/HSC/data/10xBarcoded_SingleCell/GridION_run1/merged.fastq.gz
2025-04-08 13:25:26,529 [INFO] 	Created symlink: /scratch/indikar_root/indikar1/shared_data/hsc_epi2me_full/fastq/fast_v3.4/Run8x0426.fastq.gz -> /nfs/turbo/umms-indikar/shared/projects/HSC/data/adaptive_sampling/merged_fastq/Run8_04_26.fastq.gz
2025-04-08 13:25:26,530 [INFO] 	Created symlink: /scratch/indikar_root/indikar1/shared_data/hsc_epi2me_full/fastq/fast_v3.4/Run9x0503.fastq.gz -> /nfs/turbo/umms-indikar/shared/projects/HSC/data/adaptive_sampling/merged_fastq/Run9_05_03.fastq.gz
2025-04-08 13:25:26,530 [INFO] 	Created symlink: /scratch/indikar_root/indikar1/shared_data/hsc_epi2me_full/fastq/fast_v4.2.0/Run1x0312.fastq.gz -> /nfs/turbo/umms-indikar/shared/projects/HSC/data/adaptive_sampling/merged_fastq/Run1_03_12.fastq.gz
2025-04-08 13:25:26,530 [INFO] 	Created symlink: /scratch/indikar_root/indikar1/shared_data/hsc_epi2me_full/fastq/fast_v4.2.0/Run2x0313.fastq.gz -> /nfs/turbo/umms-indikar/shared/projects/HSC/data/adaptive_sampling/merged_fastq/Run2_03_13.fastq.gz
2025-04-08 13:25:26,531 [INFO] 	Created symlink: /scratch/indikar_root/indikar1/shared_data/hsc_epi2me_full/fastq/fast_v4.2.0/Run3x0314.fastq.gz -> /nfs/turbo/umms-indikar/shared/projects/HSC/data/adaptive_sampling/merged_fastq/Run3_03_14.fastq.gz
2025-04-08 13:25:26,531 [INFO] 	Created symlink: /scratch/indikar_root/indikar1/shared_data/hsc_epi2me_full/fastq/fast_v4.2.0/Run4x0314.fastq.gz -> /nfs/turbo/umms-indikar/shared/projects/HSC/data/adaptive_sampling/merged_fastq/Run4_03_14.fastq.gz
2025-04-08 13:25:26,532 [INFO] 	Created symlink: /scratch/indikar_root/indikar1/shared_data/hsc_epi2me_full/fastq/fast_v4.2.0/Run5x0314.fastq.gz -> /nfs/turbo/umms-indikar/shared/projects/HSC/data/adaptive_sampling/merged_fastq/Run5_03_14.fastq.gz
2025-04-08 13:25:26,532 [INFO] 	Created symlink: /scratch/indikar_root/indikar1/shared_data/hsc_epi2me_full/fastq/fast_v4.2.0/Run6x0314.fastq.gz -> /nfs/turbo/umms-indikar/shared/projects/HSC/data/adaptive_sampling/merged_fastq/Run6_03_14.fastq.gz
2025-04-08 13:25:26,532 [INFO] 	Created symlink: /scratch/indikar_root/indikar1/shared_data/hsc_epi2me_full/fastq/hac_v3.3/Gridr2.fastq.gz -> /nfs/turbo/umms-indikar/shared/projects/HSC/data/10xBarcoded_SingleCell/GridION_run2/merged.fastq.gz
2025-04-08 13:25:26,533 [INFO] 	Created symlink: /scratch/indikar_root/indikar1/shared_data/hsc_epi2me_full/fastq/hac_v3.3/Gridr3.fastq.gz -> /nfs/turbo/umms-indikar/shared/projects/HSC/data/10xBarcoded_SingleCell/GridION_run3/merged.fastq.gz
2025-04-08 13:25:26,533 [INFO] 	Created symlink: /scratch/indikar_root/indikar1/shared_data/hsc_epi2me_full/fastq/hac_v3.3/Gridr4.fastq.gz -> /nfs/turbo/umms-indikar/shared/projects/HSC/data/10xBarcoded_SingleCell/GridION_run4/merged.fastq.gz
2025-04-08 13:25:26,533 [INFO] 	Created symlink: /scratch/indikar_root/indikar1/shared_data/hsc_epi2me_full/fastq/hac_v3.3/Gridr5.fastq.gz -> /nfs/turbo/umms-indikar/shared/projects/HSC/data/10xBarcoded_SingleCell/05_17_2024_iHSC_merged/Gridr5_merged.fastq.gz
2025-04-08 13:25:26,534 [INFO] 	Created symlink: /scratch/indikar_root/indikar1/shared_data/hsc_epi2me_full/fastq/hac_v3.3/Run1x0415.fastq.gz -> /nfs/turbo/umms-indikar/shared/projects/HSC/data/adaptive_sampling/merged_fastq/Run1_04_15.fastq.gz
2025-04-08 13:25:26,534 [INFO] 	Created symlink: /scratch/indikar_root/indikar1/shared_data/hsc_epi2me_full/fastq/hac_v3.3/Run2x0416.fastq.gz -> /nfs/turbo/umms-indikar/shared/projects/HSC/data/adaptive_sampling/merged_fastq/Run2_04_16.fastq.gz
2025-04-08 13:25:26,535 [INFO] 	Created symlink: /scratch/indikar_root/indikar1/shared_data/hsc_epi2me_full/fastq/hac_v3.3/Run3x0418.fastq.gz -> /nfs/turbo/umms-indikar/shared/projects/HSC/data/adaptive_sampling/merged_fastq/Run3_04_18.fastq.gz
2025-04-08 13:25:26,535 [INFO] 	Created symlink: /scratch/indikar_root/indikar1/shared_data/hsc_epi2me_full/fastq/hac_v3.3/Run4x0422.fastq.gz -> /nfs/turbo/umms-indikar/shared/projects/HSC/data/adaptive_sampling/merged_fastq/Run4_04_22.fastq.gz
2025-04-08 13:25:26,535 [INFO] 	Created symlink: /scratch/indikar_root/indikar1/shared_data/hsc_epi2me_full/fastq/hac_v3.3/Run6x0426.fastq.gz -> /nfs/turbo/umms-indikar/shared/projects/HSC/data/adaptive_sampling/merged_fastq/Run6_04_26.fastq.gz
2025-04-08 13:25:26,536 [INFO] 	Created symlink: /scratch/indikar_root/indikar1/shared_data/hsc_epi2me_full/fastq/hac_v3.3/Run7x0426.fastq.gz -> /nfs/turbo/umms-indikar/shared/projects/HSC/data/adaptive_sampling/merged_fastq/Run7_04_26.fastq.gz
2025-04-08 13:25:26,536 [INFO] 	Created symlink: /scratch/indikar_root/indikar1/shared_data/hsc_epi2me_full/fastq/hac_v4.2.0/P2r5.fastq.gz -> /nfs/turbo/umms-indikar/shared/projects/HSC/data/10xBarcoded_SingleCell/P2_run5/merged.fastq.gz
2025-04-08 13:25:26,536 [INFO] 	Created symlink: /scratch/indikar_root/indikar1/shared_data/hsc_epi2me_full/fastq/hac_v4.2.0/P2r6.fastq.gz -> /nfs/turbo/umms-indikar/shared/projects/HSC/data/10xBarcoded_SingleCell/P2_run6/merged.fastq.gz
2025-04-08 13:25:26,537 [INFO] 	Created symlink: /scratch/indikar_root/indikar1/shared_data/hsc_epi2me_full/fastq/hac_v4.2.0/P2r7.fastq.gz -> /nfs/turbo/umms-indikar/shared/projects/HSC/data/10xBarcoded_SingleCell/P2_run7/merged.fastq.gz
2025-04-08 13:25:26,537 [INFO] 	Created symlink: /scratch/indikar_root/indikar1/shared_data/hsc_epi2me_full/fastq/hac_v4.2.0/Run7x0315.fastq.gz -> /nfs/turbo/umms-indikar/shared/projects/HSC/data/adaptive_sampling/merged_fastq/Run7_03_15.fastq.gz
2025-04-08 13:25:26,537 [INFO] 	Created symlink: /scratch/indikar_root/indikar1/shared_data/hsc_epi2me_full/fastq/hac_v4.3.0/P2r8.fastq.gz -> /nfs/turbo/umms-indikar/shared/projects/HSC/data/10xBarcoded_SingleCell/05_17_2024_iHSC_merged/P2r8_merged.fastq.gz
2025-04-08 13:25:26,538 [INFO] 	Created symlink: /scratch/indikar_root/indikar1/shared_data/hsc_epi2me_full/fastq/hac_v4.3.0/P2r8a.fastq.gz -> /nfs/turbo/umms-indikar/shared/projects/HSC/data/10xBarcoded_SingleCell/05_17_2024_iHSC_merged/P2r8a_merged.fastq.gz
2025-04-08 13:25:26,538 [INFO] 	Created symlink: /scratch/indikar_root/indikar1/shared_data/hsc_epi2me_full/fastq/hac_v4.3.0/P2r8b.fastq.gz -> /nfs/turbo/umms-indikar/shared/projects/HSC/data/10xBarcoded_SingleCell/05_17_2024_iHSC_merged/P2r8b_merged.fastq.gz
2025-04-08 13:25:26,538 [INFO] 	Created symlink: /scratch/indikar_root/indikar1/shared_data/hsc_epi2me_full/fastq/hac_v4.3.0/P2r8c.fastq.gz -> /nfs/turbo/umms-indikar/shared/projects/HSC/data/10xBarcoded_SingleCell/05_17_2024_iHSC_merged/P2r8c_merged.fastq.gz
2025-04-08 13:25:26,539 [INFO] 	Created symlink: /scratch/indikar_root/indikar1/shared_data/hsc_epi2me_full/fastq/hac_v4.3.0/P2r8d.fastq.gz -> /nfs/turbo/umms-indikar/shared/projects/HSC/data/10xBarcoded_SingleCell/05_17_2024_iHSC_merged/P2r8d_merged.fastq.gz
2025-04-08 13:25:26,539 [INFO]  ---------- Prepared Nextflow command: 
2025-04-08 13:25:26,539 [INFO] nextflow run epi2me-labs/wf-single-cell --fastq /scratch/indikar_root/indikar1/shared_data/hsc_epi2me_full/fastq --ref_genome_dir /nfs/turbo/umms-indikar/shared/projects/reference_genome/prebuilt/refdata-gex-GRCh38-2024-A --out_dir /scratch/indikar_root/indikar1/shared_data/hsc_epi2me_full/ --sample hsc -work-dir /scratch/indikar_root/indikar1/shared_data/hsc_epi2me_full/work/ -c ./nextflow.config -resume -name hsc_epi2me_nextflow -ansi-log false -with-report -with-dag -with-timeline -with-trace -profile singularity --expected_cells 10000  --kit 3prime:v3  --full_length_only True  --threads 32  --fastq_chunk 1000000  --barcode_adapter1_suff_length 10  --barcode_min_quality 15  --barcode_max_ed 2  --barcode_min_ed_diff 2  --gene_assigns_minqv 30  --matrix_min_genes 5  --matrix_min_cells 3  --matrix_max_mito 20  --matrix_norm_count 10000
[33mNextflow 24.10.5 is available - Please consider updating your version to it(B[m
N E X T F L O W  ~  version 24.10.4
WARN: It appears you have never run this project before -- Option `-resume` is ignored
Launching `https://github.com/epi2me-labs/wf-single-cell` [hsc_epi2me_nextflow] DSL2 - revision: eaceb66db1 [master]

[0;92m||||||||||   [0m[2m_____ ____ ___ ____  __  __ _____      _       _
[0;92m||||||||||  [0m[2m| ____|  _ \_ _|___ \|  \/  | ____|    | | __ _| |__  ___
[0;33m|||||       [0m[2m|  _| | |_) | |  __) | |\/| |  _| _____| |/ _` | '_ \/ __|
[0;33m|||||       [0m[2m| |___|  __/| | / __/| |  | | |__|_____| | (_| | |_) \__ \
[0;94m||||||||||  [0m[2m|_____|_|  |___|_____|_|  |_|_____|    |_|\__,_|_.__/|___/
[0;94m||||||||||  [0m[1mwf-single-cell v3.0.1-geaceb66[0m
[2m--------------------------------------------------------------------------------[0m
[1mCore Nextflow options[0m
[0;34mrevision        : [0;32mmaster[0m
[0;34mrunName         : [0;32mhsc_epi2me_nextflow[0m
[0;34mcontainerEngine : [0;32msingularity[0m
[0;34mcontainer       : [0;32m[withLabel:singlecell:ontresearch/wf-single-cell:shab5b0dea0efc4685f74c8b4f91c979c587e23a020, withLabel:wf_common:ontresearch/wf-common:shaabceef445fb63214073cbf5836fdd33c04be4ac7][0m
[0;34mlaunchDir       : [0;32m/home/cstansbu/git_repositories/hematokytos/pipeline[0m
[0;34mworkDir         : [0;32m/scratch/indikar_root/indikar1/shared_data/hsc_epi2me_full/work[0m
[0;34mprojectDir      : [0;32m/home/cstansbu/.nextflow/assets/epi2me-labs/wf-single-cell[0m
[0;34muserName        : [0;32mcstansbu[0m
[0;34mprofile         : [0;32msingularity[0m
[0;34mconfigFiles     : [0;32m/home/cstansbu/.nextflow/assets/epi2me-labs/wf-single-cell/nextflow.config, /home/cstansbu/git_repositories/hematokytos/pipeline/nextflow.config, /home/cstansbu/git_repositories/hematokytos/pipeline/./nextflow.config[0m

[1mInput Options[0m
[0;34mfastq           : [0;32m/scratch/indikar_root/indikar1/shared_data/hsc_epi2me_full/fastq[0m
[0;34mref_genome_dir  : [0;32m/nfs/turbo/umms-indikar/shared/projects/reference_genome/prebuilt/refdata-gex-GRCh38-2024-A[0m
[0;34mkit             : [0;32m3prime:v3[0m
[0;34mexpected_cells  : [0;32m10000[0m

[1mSample Options[0m
[0;34msample          : [0;32mhsc[0m

[1mOutput Options[0m
[0;34mout_dir         : [0;32m/scratch/indikar_root/indikar1/shared_data/hsc_epi2me_full/[0m

[1mAdvanced options[0m
[0;34mthreads         : [0;32m32[0m
[0;34mmatrix_min_genes: [0;32m5[0m

!! Only displaying parameters that differ from the pipeline defaults !!
[2m--------------------------------------------------------------------------------[0m
If you use epi2me-labs/wf-single-cell for your analysis please cite:

* The nf-core framework
https://doi.org/10.1038/s41587-020-0439-x


[2m--------------------------------------------------------------------------------[0m
This is epi2me-labs/wf-single-cell v3.0.1-geaceb66.
[2m--------------------------------------------------------------------------------[0m
Searching input for [.fastq, .fastq.gz, .fq, .fq.gz] files.
WARN: Singularity cache directory has not been defined -- Remote image will be stored in the path: /scratch/indikar_root/indikar1/shared_data/hsc_epi2me_full/work/singularity -- Use the environment variable NXF_SINGULARITY_CACHEDIR to specify a different location
Pulling Singularity image docker://ontresearch/wf-single-cell:shab5b0dea0efc4685f74c8b4f91c979c587e23a020 [cache /scratch/indikar_root/indikar1/shared_data/hsc_epi2me_full/work/singularity/ontresearch-wf-single-cell-shab5b0dea0efc4685f74c8b4f91c979c587e23a020.img]
Pulling Singularity image docker://ontresearch/wf-common:shaabceef445fb63214073cbf5836fdd33c04be4ac7 [cache /scratch/indikar_root/indikar1/shared_data/hsc_epi2me_full/work/singularity/ontresearch-wf-common-shaabceef445fb63214073cbf5836fdd33c04be4ac7.img]
[9d/33f5d2] Submitted process > fastcat (5)
[e8/3dcfa2] Submitted process > fastcat (6)
[60/25ea14] Submitted process > fastcat (1)
[b2/a014dd] Submitted process > fastcat (3)
[9b/64dce4] Submitted process > fastcat (4)
[fc/a48ed5] Submitted process > fastcat (2)
[9e/e5d748] Submitted process > pipeline:getParams
[b3/543954] Submitted process > pipeline:getVersions
[7a/68a397] Submitted process > pipeline:process_bams:split_gtf_by_chroms
[18/7bffa9] Submitted process > pipeline:preprocess:call_paftools
[10/5dca25] Submitted process > pipeline:preprocess:build_minimap_index
[58/50f6a8] Submitted process > parse_kit_metadata (1)
[1e/20392f] Submitted process > pipeline:preprocess:call_adapter_scan (19)
[4b/4009c8] Submitted process > pipeline:preprocess:call_adapter_scan (10)
[38/f8c109] Submitted process > pipeline:preprocess:call_adapter_scan (23)
[99/aea391] Submitted process > pipeline:preprocess:call_adapter_scan (11)
[cd/a775f0] Submitted process > pipeline:preprocess:call_adapter_scan (28)
[bc/400a7e] Submitted process > pipeline:preprocess:call_adapter_scan (12)
[6d/f14ffe] Submitted process > pipeline:preprocess:call_adapter_scan (5)
[93/fb3b93] Submitted process > pipeline:preprocess:call_adapter_scan (8)
[d7/e37853] Submitted process > pipeline:preprocess:call_adapter_scan (25)
[aa/d79d13] Submitted process > pipeline:preprocess:call_adapter_scan (32)
[d2/b8a303] Submitted process > pipeline:preprocess:call_adapter_scan (15)
[00/98e88a] Submitted process > pipeline:preprocess:call_adapter_scan (4)
[df/0c6936] Submitted process > pipeline:preprocess:call_adapter_scan (30)
[93/f8aa3c] Submitted process > pipeline:preprocess:call_adapter_scan (6)
[d4/9eee3e] Submitted process > pipeline:preprocess:call_adapter_scan (26)
[3a/fbf30e] Submitted process > pipeline:preprocess:call_adapter_scan (9)
[ba/19bc81] Submitted process > pipeline:preprocess:call_adapter_scan (27)
[b8/f6fdc4] Submitted process > pipeline:preprocess:call_adapter_scan (22)
[f2/637410] Submitted process > pipeline:preprocess:call_adapter_scan (24)
[0f/df4bcb] Submitted process > pipeline:preprocess:call_adapter_scan (3)
[ff/13b911] Submitted process > pipeline:preprocess:call_adapter_scan (20)
[dd/c3a7df] Submitted process > pipeline:preprocess:call_adapter_scan (16)
[2c/98c894] Submitted process > pipeline:preprocess:call_adapter_scan (1)
[ce/1989e1] Submitted process > pipeline:preprocess:call_adapter_scan (21)
[95/c31500] Submitted process > pipeline:preprocess:call_adapter_scan (2)
[8d/675a15] Submitted process > pipeline:preprocess:call_adapter_scan (31)
[71/cef5ac] Submitted process > pipeline:preprocess:call_adapter_scan (14)
[dc/86dc43] Submitted process > pipeline:preprocess:call_adapter_scan (17)
[20/374285] Submitted process > pipeline:preprocess:call_adapter_scan (18)
[b9/358d09] Submitted process > pipeline:preprocess:call_adapter_scan (7)
[ea/3c5e71] Submitted process > pipeline:preprocess:call_adapter_scan (29)
[f1/ed117f] Submitted process > pipeline:preprocess:call_adapter_scan (13)
[9c/8e156d] Submitted process > pipeline:preprocess:call_adapter_scan (35)
[ce/c36be7] Submitted process > pipeline:preprocess:call_adapter_scan (33)
[9e/f66bc6] Submitted process > pipeline:preprocess:call_adapter_scan (36)
[9e/9356c3] Submitted process > pipeline:preprocess:call_adapter_scan (34)
[db/f0cba2] Submitted process > pipeline:preprocess:call_adapter_scan (37)
[a2/3af599] Submitted process > pipeline:preprocess:call_adapter_scan (38)
[52/b8d0af] Submitted process > pipeline:preprocess:call_adapter_scan (39)
[fa/b33a27] Submitted process > pipeline:preprocess:call_adapter_scan (40)
[e8/2a74c2] Submitted process > pipeline:preprocess:call_adapter_scan (41)
[eb/8372f5] Submitted process > pipeline:preprocess:call_adapter_scan (43)
[2f/2d8580] Submitted process > pipeline:preprocess:call_adapter_scan (44)
[32/7d7bfe] Submitted process > pipeline:preprocess:call_adapter_scan (42)
[12/ce3bbc] Submitted process > pipeline:preprocess:call_adapter_scan (45)
[63/be2fbb] Submitted process > pipeline:preprocess:call_adapter_scan (46)
[04/2cab9f] Submitted process > pipeline:preprocess:call_adapter_scan (47)
[f2/698788] Submitted process > pipeline:preprocess:call_adapter_scan (48)
[a4/a87bbc] Submitted process > pipeline:preprocess:call_adapter_scan (49)
[b0/60d9b6] Submitted process > pipeline:preprocess:call_adapter_scan (51)
[8f/04d2f5] Submitted process > pipeline:preprocess:call_adapter_scan (50)
[18/dcb147] Submitted process > pipeline:preprocess:call_adapter_scan (52)
[17/60c784] Submitted process > pipeline:preprocess:call_adapter_scan (53)
[2d/243d5b] Submitted process > pipeline:preprocess:call_adapter_scan (54)
[dc/e7655e] Submitted process > pipeline:preprocess:call_adapter_scan (57)
[cc/9144ff] Submitted process > pipeline:preprocess:call_adapter_scan (58)
[5c/49878e] Submitted process > pipeline:preprocess:call_adapter_scan (56)
[e9/0492dc] Submitted process > pipeline:preprocess:call_adapter_scan (59)
[2f/4af587] Submitted process > pipeline:preprocess:call_adapter_scan (55)
[04/53c628] Submitted process > pipeline:preprocess:call_adapter_scan (60)
[9f/05f5c2] Submitted process > pipeline:preprocess:call_adapter_scan (61)
[15/89d7b1] Submitted process > pipeline:preprocess:call_adapter_scan (62)
[02/93f7ce] Submitted process > pipeline:preprocess:call_adapter_scan (63)
[9c/590081] Submitted process > pipeline:preprocess:call_adapter_scan (64)
[f5/c5fd13] Submitted process > pipeline:preprocess:call_adapter_scan (65)
[bf/25d901] Submitted process > pipeline:preprocess:call_adapter_scan (67)
[b1/b2d75a] Submitted process > pipeline:preprocess:call_adapter_scan (66)
[ef/719585] Submitted process > pipeline:preprocess:call_adapter_scan (68)
[40/696507] Submitted process > pipeline:preprocess:call_adapter_scan (69)
[b6/806f9d] Submitted process > pipeline:preprocess:call_adapter_scan (70)
[56/9915a7] Submitted process > pipeline:preprocess:call_adapter_scan (71)
[17/b7ea4d] Submitted process > pipeline:preprocess:call_adapter_scan (74)
[0d/f77d17] Submitted process > pipeline:preprocess:call_adapter_scan (73)
[13/0e6cef] Submitted process > pipeline:preprocess:call_adapter_scan (72)
[94/4c1b2f] Submitted process > pipeline:preprocess:call_adapter_scan (75)
[30/c938a3] Submitted process > pipeline:preprocess:call_adapter_scan (76)
[d4/f5ec9d] Submitted process > pipeline:preprocess:call_adapter_scan (77)
[71/3dbd8b] Submitted process > pipeline:preprocess:call_adapter_scan (78)
[d2/d61fcd] Submitted process > pipeline:preprocess:call_adapter_scan (79)
[04/298cfe] Submitted process > pipeline:preprocess:call_adapter_scan (80)
[5c/e61634] Submitted process > pipeline:preprocess:call_adapter_scan (81)
[0b/20ecfc] Submitted process > pipeline:preprocess:call_adapter_scan (82)
[c6/9a54b6] Submitted process > pipeline:preprocess:call_adapter_scan (83)
[3d/24c855] Submitted process > pipeline:preprocess:call_adapter_scan (84)
[fd/cf06df] Submitted process > pipeline:preprocess:call_adapter_scan (85)
[6d/06548d] Submitted process > pipeline:preprocess:call_adapter_scan (86)
[bf/b80f32] Submitted process > pipeline:preprocess:call_adapter_scan (88)
[a8/7238bb] Submitted process > pipeline:preprocess:call_adapter_scan (87)
[78/fad3c7] Submitted process > pipeline:preprocess:call_adapter_scan (90)
[13/1aabb2] Submitted process > pipeline:preprocess:call_adapter_scan (89)
[e3/ee473e] Submitted process > pipeline:preprocess:call_adapter_scan (91)
[96/fc9513] Submitted process > pipeline:preprocess:call_adapter_scan (92)
[b1/586819] Submitted process > pipeline:preprocess:call_adapter_scan (93)
[2b/38efb9] Submitted process > pipeline:preprocess:call_adapter_scan (94)
[22/a79125] Submitted process > pipeline:preprocess:call_adapter_scan (95)
[30/7517d8] Submitted process > pipeline:preprocess:call_adapter_scan (96)
[3c/a570aa] Submitted process > pipeline:preprocess:call_adapter_scan (97)
[be/b8c1f3] Submitted process > pipeline:preprocess:call_adapter_scan (100)
[2d/5affd0] Submitted process > pipeline:preprocess:call_adapter_scan (99)
[22/5937f8] Submitted process > pipeline:preprocess:call_adapter_scan (98)
[24/ce962d] Submitted process > pipeline:preprocess:call_adapter_scan (101)
[22/08a67a] Submitted process > pipeline:preprocess:call_adapter_scan (102)
[42/f39428] Submitted process > pipeline:preprocess:call_adapter_scan (103)
[dc/2221df] Submitted process > pipeline:preprocess:call_adapter_scan (104)
[c7/3d9e8b] Submitted process > pipeline:preprocess:call_adapter_scan (106)
[80/6639a1] Submitted process > pipeline:preprocess:call_adapter_scan (105)
[44/569bf8] Submitted process > pipeline:preprocess:call_adapter_scan (107)
[fa/457eac] Submitted process > pipeline:preprocess:call_adapter_scan (108)
[d4/0f5b07] Submitted process > pipeline:preprocess:call_adapter_scan (109)
[8f/2fa8c3] Submitted process > pipeline:preprocess:call_adapter_scan (111)
[c9/a0771e] Submitted process > pipeline:preprocess:call_adapter_scan (110)
[f5/8f6112] Submitted process > pipeline:preprocess:call_adapter_scan (113)
[ef/1a5add] Submitted process > pipeline:preprocess:call_adapter_scan (112)
[70/11ff4a] Submitted process > pipeline:preprocess:call_adapter_scan (114)
[f4/e32c37] Submitted process > pipeline:preprocess:call_adapter_scan (115)
[ba/c00057] Submitted process > pipeline:preprocess:call_adapter_scan (116)
[0d/bcb17f] Submitted process > pipeline:preprocess:call_adapter_scan (117)
[c5/05b2eb] Submitted process > pipeline:preprocess:call_adapter_scan (118)
[13/03d343] Submitted process > pipeline:preprocess:call_adapter_scan (122)
[04/f12c7b] Submitted process > pipeline:preprocess:call_adapter_scan (123)
[d6/daa9b2] Submitted process > pipeline:preprocess:call_adapter_scan (121)
[35/d0fe66] Submitted process > pipeline:preprocess:call_adapter_scan (125)
[a0/2f0784] Submitted process > pipeline:preprocess:call_adapter_scan (120)
[7d/55a373] Submitted process > pipeline:preprocess:call_adapter_scan (119)
[b0/6900ac] Submitted process > pipeline:preprocess:call_adapter_scan (126)
[86/a5a250] Submitted process > pipeline:preprocess:call_adapter_scan (124)
[c4/ee8843] Submitted process > pipeline:preprocess:call_adapter_scan (127)
[32/066b0c] Submitted process > pipeline:preprocess:call_adapter_scan (128)
[e1/ee02ae] Submitted process > pipeline:preprocess:call_adapter_scan (130)
[a7/c4dfda] Submitted process > pipeline:preprocess:call_adapter_scan (129)
[72/b2d79a] Submitted process > pipeline:preprocess:call_adapter_scan (131)
[8f/79bee2] Submitted process > pipeline:preprocess:call_adapter_scan (133)
[b8/2a8c8a] Submitted process > pipeline:preprocess:call_adapter_scan (132)
[a3/a64c97] Submitted process > pipeline:preprocess:call_adapter_scan (134)
[b7/68e486] Submitted process > pipeline:preprocess:call_adapter_scan (137)
[37/5d47c2] Submitted process > pipeline:preprocess:call_adapter_scan (135)
[61/f7739c] Submitted process > pipeline:preprocess:call_adapter_scan (138)
[2a/62605b] Submitted process > pipeline:preprocess:call_adapter_scan (136)
[63/42ad60] Submitted process > pipeline:preprocess:call_adapter_scan (140)
[58/09c418] Submitted process > pipeline:preprocess:call_adapter_scan (141)
[19/22b75e] Submitted process > pipeline:preprocess:call_adapter_scan (139)
[23/3ee860] Submitted process > pipeline:preprocess:call_adapter_scan (142)
[26/4c5794] Submitted process > pipeline:preprocess:call_adapter_scan (143)
[af/8f5b6f] Submitted process > pipeline:preprocess:call_adapter_scan (144)
[b4/536cf0] Submitted process > pipeline:preprocess:call_adapter_scan (145)
[58/d4e8a7] Submitted process > pipeline:preprocess:call_adapter_scan (147)
[f7/e4eeb7] Submitted process > pipeline:preprocess:call_adapter_scan (146)
[85/b2c4a1] Submitted process > pipeline:preprocess:call_adapter_scan (148)
[75/3934db] Submitted process > pipeline:preprocess:call_adapter_scan (149)
[e9/59e4ba] Submitted process > pipeline:preprocess:call_adapter_scan (150)
[f0/8c5fb5] Submitted process > pipeline:preprocess:call_adapter_scan (151)
[da/3778d2] Submitted process > pipeline:preprocess:call_adapter_scan (152)
[0d/96fc29] Submitted process > pipeline:preprocess:call_adapter_scan (153)
[16/6a1691] Submitted process > pipeline:preprocess:call_adapter_scan (154)
[c1/e9f28d] Submitted process > pipeline:preprocess:call_adapter_scan (155)
[df/2b0928] Submitted process > pipeline:preprocess:call_adapter_scan (156)
[94/9690c3] Submitted process > pipeline:preprocess:call_adapter_scan (157)
[5b/8948d3] Submitted process > pipeline:preprocess:call_adapter_scan (158)
[cd/27474a] Submitted process > pipeline:preprocess:call_adapter_scan (159)
[0d/706c77] Submitted process > pipeline:preprocess:call_adapter_scan (161)
[5b/f4426d] Submitted process > pipeline:preprocess:call_adapter_scan (160)
[4c/4bcabc] Submitted process > pipeline:preprocess:call_adapter_scan (162)
[e5/c9e853] Submitted process > pipeline:preprocess:call_adapter_scan (163)
[fc/163748] Submitted process > pipeline:preprocess:call_adapter_scan (164)
[4c/eacebf] Submitted process > pipeline:preprocess:call_adapter_scan (165)
[e3/864123] Submitted process > pipeline:preprocess:call_adapter_scan (166)
[c6/2f66fb] Submitted process > pipeline:preprocess:call_adapter_scan (167)
[05/729df5] Submitted process > pipeline:preprocess:call_adapter_scan (169)
[de/cdc0a0] Submitted process > pipeline:preprocess:call_adapter_scan (168)
[eb/7f65e7] Submitted process > pipeline:preprocess:call_adapter_scan (170)
[78/d0cb3f] Submitted process > pipeline:preprocess:call_adapter_scan (171)
[f8/aa24cd] Submitted process > pipeline:preprocess:call_adapter_scan (172)
[b0/637cfc] Submitted process > pipeline:preprocess:call_adapter_scan (173)
[75/3459fc] Submitted process > pipeline:preprocess:call_adapter_scan (174)
[ea/1634b5] Submitted process > pipeline:preprocess:call_adapter_scan (175)
[78/f09aa6] Submitted process > pipeline:preprocess:call_adapter_scan (177)
[5a/f57dc0] Submitted process > pipeline:preprocess:call_adapter_scan (176)
[df/8f745d] Submitted process > pipeline:preprocess:call_adapter_scan (179)
[6b/4fc224] Submitted process > pipeline:preprocess:call_adapter_scan (178)
[c8/672897] Submitted process > pipeline:preprocess:call_adapter_scan (180)
[fc/2366ba] Submitted process > pipeline:preprocess:call_adapter_scan (181)
[d9/f0472c] Submitted process > pipeline:preprocess:call_adapter_scan (182)
[6c/c7fa78] Submitted process > pipeline:preprocess:call_adapter_scan (183)
[5d/d93927] Submitted process > pipeline:preprocess:call_adapter_scan (184)
[52/d36b66] Submitted process > pipeline:preprocess:call_adapter_scan (185)
[ac/2bd54d] Submitted process > pipeline:preprocess:call_adapter_scan (186)
[a9/29e9eb] Submitted process > pipeline:preprocess:call_adapter_scan (187)
[61/7ca800] Submitted process > pipeline:preprocess:call_adapter_scan (189)
[8d/b08563] Submitted process > pipeline:preprocess:call_adapter_scan (190)
[71/88c278] Submitted process > pipeline:preprocess:call_adapter_scan (188)
[a2/329739] Submitted process > pipeline:preprocess:call_adapter_scan (191)
[3c/6a4726] Submitted process > pipeline:preprocess:call_adapter_scan (192)
[f6/cae26a] Submitted process > pipeline:preprocess:call_adapter_scan (193)
[b9/0bc278] Submitted process > pipeline:process_bams:merge_bams (5)
[09/6fdbea] Submitted process > pipeline:preprocess:summarize_adapter_table (5)
[b2/e8ca61] Submitted process > pipeline:preprocess:summarize_adapter_table (4)
[cd/ac3d6f] Submitted process > pipeline:preprocess:summarize_adapter_table (1)
[c1/8725b4] Submitted process > pipeline:process_bams:generate_whitelist (4)
[f2/060b50] Submitted process > pipeline:process_bams:generate_whitelist (5)
[46/86e8a3] Submitted process > pipeline:process_bams:generate_whitelist (1)
[60/0eca59] Submitted process > pipeline:preprocess:summarize_adapter_table (2)
[b7/8db401] Submitted process > pipeline:process_bams:generate_whitelist (2)
[8c/ef0112] Submitted process > pipeline:preprocess:summarize_adapter_table (6)
[9b/32f546] Submitted process > pipeline:process_bams:generate_whitelist (6)
[fe/057513] Submitted process > pipeline:process_bams:generate_whitelist (3)
[c4/2f63ce] Submitted process > pipeline:preprocess:summarize_adapter_table (3)
[5f/c1fb91] Submitted process > pipeline:process_bams:assign_barcodes (2)
[11/058d60] Submitted process > pipeline:process_bams:assign_barcodes (1)
[12/c2093c] Submitted process > pipeline:process_bams:assign_barcodes (4)
[e7/abbc19] Submitted process > pipeline:process_bams:assign_barcodes (3)
[34/f737dc] Submitted process > pipeline:process_bams:assign_barcodes (9)
[39/e2b59f] Submitted process > pipeline:process_bams:assign_barcodes (19)
[31/5999b2] Submitted process > pipeline:process_bams:assign_barcodes (15)
[7f/1957bd] Submitted process > pipeline:process_bams:assign_barcodes (12)
[1a/b4fe87] Submitted process > pipeline:process_bams:assign_barcodes (13)
[93/39118a] Submitted process > pipeline:process_bams:assign_barcodes (11)
[cb/8cb0e4] Submitted process > pipeline:process_bams:assign_barcodes (8)
[93/e9ad24] Submitted process > pipeline:process_bams:assign_barcodes (16)
[8d/eb6ce2] Submitted process > pipeline:process_bams:assign_barcodes (14)
[cb/b3c583] Submitted process > pipeline:process_bams:assign_barcodes (7)
[3e/bc0912] Submitted process > pipeline:process_bams:assign_barcodes (5)
[bd/cef0e6] Submitted process > pipeline:process_bams:assign_barcodes (6)
[3b/1b1bc5] Submitted process > pipeline:process_bams:assign_barcodes (17)
[59/e1cee8] Submitted process > pipeline:process_bams:assign_barcodes (10)
[6e/dab609] Submitted process > pipeline:process_bams:assign_barcodes (18)
[02/076184] Submitted process > pipeline:process_bams:assign_barcodes (25)
[e5/68b743] Submitted process > pipeline:process_bams:assign_barcodes (23)
[5a/deb04b] Submitted process > pipeline:process_bams:assign_barcodes (29)
[da/8b8272] Submitted process > pipeline:process_bams:assign_barcodes (30)
[91/187d94] Submitted process > pipeline:process_bams:assign_barcodes (32)
[da/cdeb2b] Submitted process > pipeline:process_bams:assign_barcodes (35)
[08/c35dc1] Submitted process > pipeline:process_bams:assign_barcodes (21)
[e2/3a29e4] Submitted process > pipeline:process_bams:assign_barcodes (34)
[ea/450b2e] Submitted process > pipeline:process_bams:assign_barcodes (20)
[19/9583ae] Submitted process > pipeline:process_bams:assign_barcodes (28)
[b9/0a9466] Submitted process > pipeline:process_bams:assign_barcodes (26)
[97/6b69e8] Submitted process > pipeline:process_bams:assign_barcodes (31)
[db/3e311c] Submitted process > pipeline:process_bams:assign_barcodes (27)
[83/ee8dec] Submitted process > pipeline:process_bams:assign_barcodes (24)
[89/6dced5] Submitted process > pipeline:process_bams:assign_barcodes (22)
[ed/aee7eb] Submitted process > pipeline:process_bams:assign_barcodes (33)
[0f/e21f41] Submitted process > pipeline:process_bams:assign_barcodes (38)
[64/8b6753] Submitted process > pipeline:process_bams:assign_barcodes (40)
[62/0b47d6] Submitted process > pipeline:process_bams:assign_barcodes (47)
[b4/5991d8] Submitted process > pipeline:process_bams:assign_barcodes (45)
[40/84b22b] Submitted process > pipeline:process_bams:assign_barcodes (44)
[e1/4598d7] Submitted process > pipeline:process_bams:assign_barcodes (36)
[66/40ae05] Submitted process > pipeline:process_bams:assign_barcodes (43)
[ab/4ca168] Submitted process > pipeline:process_bams:assign_barcodes (37)
[99/3e7aba] Submitted process > pipeline:process_bams:assign_barcodes (46)
[4d/98ac59] Submitted process > pipeline:process_bams:assign_barcodes (39)
[6c/dca769] Submitted process > pipeline:process_bams:assign_barcodes (48)
[ef/060d91] Submitted process > pipeline:process_bams:assign_barcodes (50)
[a9/e55846] Submitted process > pipeline:process_bams:assign_barcodes (42)
[a1/417bc8] Submitted process > pipeline:process_bams:assign_barcodes (41)
[f9/ac73ec] Submitted process > pipeline:process_bams:assign_barcodes (49)
[19/22258a] Submitted process > pipeline:process_bams:assign_barcodes (55)
[6c/28206d] Submitted process > pipeline:process_bams:assign_barcodes (53)
[97/8a1bfc] Submitted process > pipeline:process_bams:assign_barcodes (54)
[29/74ee71] Submitted process > pipeline:process_bams:assign_barcodes (59)
[0a/7e527d] Submitted process > pipeline:process_bams:assign_barcodes (63)
[56/e51677] Submitted process > pipeline:process_bams:assign_barcodes (52)
[aa/b35b5d] Submitted process > pipeline:process_bams:assign_barcodes (51)
[ba/73a790] Submitted process > pipeline:process_bams:assign_barcodes (62)
[bf/0db9df] Submitted process > pipeline:process_bams:assign_barcodes (61)
[c2/53fe70] Submitted process > pipeline:process_bams:assign_barcodes (56)
[4a/3100cb] Submitted process > pipeline:process_bams:assign_barcodes (60)
[aa/616ae4] Submitted process > pipeline:process_bams:assign_barcodes (57)
[b8/99d387] Submitted process > pipeline:process_bams:assign_barcodes (70)
[f2/ab563e] Submitted process > pipeline:process_bams:assign_barcodes (71)
[33/3b3561] Submitted process > pipeline:process_bams:assign_barcodes (65)
[0a/396ab6] Submitted process > pipeline:process_bams:assign_barcodes (64)
[32/8e91e6] Submitted process > pipeline:process_bams:assign_barcodes (72)
[9c/a5908b] Submitted process > pipeline:process_bams:assign_barcodes (67)
[51/804817] Submitted process > pipeline:process_bams:assign_barcodes (66)
[83/f4d366] Submitted process > pipeline:process_bams:assign_barcodes (74)
[1f/9be7c0] Submitted process > pipeline:process_bams:assign_barcodes (69)
[f3/b9f9d5] Submitted process > pipeline:process_bams:assign_barcodes (68)
[d1/080bc6] Submitted process > pipeline:process_bams:assign_barcodes (73)
[74/08cbf3] Submitted process > pipeline:process_bams:assign_barcodes (76)
[f9/fff354] Submitted process > pipeline:process_bams:assign_barcodes (84)
[1d/98ff98] Submitted process > pipeline:process_bams:assign_barcodes (87)
[31/b5e084] Submitted process > pipeline:process_bams:assign_barcodes (83)
[fd/1e463c] Submitted process > pipeline:process_bams:assign_barcodes (77)
[3c/379bfa] Submitted process > pipeline:process_bams:assign_barcodes (78)
[94/cc775c] Submitted process > pipeline:process_bams:assign_barcodes (75)
[8a/a6e936] Submitted process > pipeline:process_bams:assign_barcodes (85)
[f7/852b15] Submitted process > pipeline:process_bams:assign_barcodes (86)
[eb/d689ad] Submitted process > pipeline:process_bams:assign_barcodes (82)
[e1/db9bc4] Submitted process > pipeline:process_bams:assign_barcodes (89)
[0e/9be50a] Submitted process > pipeline:process_bams:assign_barcodes (58)
[5e/bc9ccd] Submitted process > pipeline:process_bams:assign_barcodes (92)
[e5/afdd95] Submitted process > pipeline:process_bams:assign_barcodes (79)
[ab/46c19e] Submitted process > pipeline:process_bams:assign_barcodes (93)
[69/877a60] Submitted process > pipeline:process_bams:assign_barcodes (81)
[60/068ca8] Submitted process > pipeline:process_bams:assign_barcodes (90)
[85/378bd1] Submitted process > pipeline:process_bams:assign_barcodes (80)
[29/4cd8a3] Submitted process > pipeline:process_bams:assign_barcodes (88)
[b3/b05a85] Submitted process > pipeline:process_bams:assign_barcodes (91)
[0d/5d0aa2] Submitted process > pipeline:process_bams:assign_barcodes (97)
[6f/58970e] Submitted process > pipeline:process_bams:assign_barcodes (98)
[2a/3a9b39] Submitted process > pipeline:process_bams:assign_barcodes (94)
[aa/954a50] Submitted process > pipeline:process_bams:assign_barcodes (102)
[86/019d55] Submitted process > pipeline:process_bams:assign_barcodes (96)
[7a/bf6bf9] Submitted process > pipeline:process_bams:assign_barcodes (123)
[b7/0b0bae] Submitted process > pipeline:process_bams:assign_barcodes (127)
[22/bbb9c1] Submitted process > pipeline:process_bams:assign_barcodes (109)
[39/040262] Submitted process > pipeline:process_bams:assign_barcodes (99)
[8c/3cb7ff] Submitted process > pipeline:process_bams:assign_barcodes (120)
[f2/4e9b8f] Submitted process > pipeline:process_bams:assign_barcodes (119)
[0a/ab8e07] Submitted process > pipeline:process_bams:assign_barcodes (100)
[a3/bb5a77] Submitted process > pipeline:process_bams:assign_barcodes (95)
[14/1937df] Submitted process > pipeline:process_bams:assign_barcodes (104)
[46/327116] Submitted process > pipeline:process_bams:assign_barcodes (121)
[57/78ad86] Submitted process > pipeline:process_bams:assign_barcodes (122)
[ff/e11543] Submitted process > pipeline:process_bams:assign_barcodes (106)
[3e/70ee57] Submitted process > pipeline:process_bams:assign_barcodes (126)
[6f/bf2485] Submitted process > pipeline:process_bams:assign_barcodes (128)
[ea/4130d9] Submitted process > pipeline:process_bams:assign_barcodes (132)
[8c/c83330] Submitted process > pipeline:process_bams:assign_barcodes (136)
[6e/5980e9] Submitted process > pipeline:process_bams:assign_barcodes (103)
[93/148ac6] Submitted process > pipeline:process_bams:assign_barcodes (113)
[f4/e6f83b] Submitted process > pipeline:process_bams:assign_barcodes (142)
[f8/8357a6] Submitted process > pipeline:process_bams:assign_barcodes (110)
[f9/edfe55] Submitted process > pipeline:process_bams:assign_barcodes (129)
[11/57fcad] Submitted process > pipeline:process_bams:assign_barcodes (115)
[35/05ba59] Submitted process > pipeline:process_bams:assign_barcodes (117)
[5b/e640bd] Submitted process > pipeline:process_bams:assign_barcodes (118)
[6a/ab1979] Submitted process > pipeline:process_bams:assign_barcodes (111)
[7e/a1257b] Submitted process > pipeline:process_bams:assign_barcodes (105)
[35/a5f92c] Submitted process > pipeline:process_bams:assign_barcodes (125)
[d2/4d4f0a] Submitted process > pipeline:process_bams:assign_barcodes (124)
[cc/72d10e] Submitted process > pipeline:process_bams:assign_barcodes (101)
[e0/082be6] Submitted process > pipeline:process_bams:assign_barcodes (108)
[34/2064b0] Submitted process > pipeline:process_bams:assign_barcodes (114)
[67/1040ef] Submitted process > pipeline:process_bams:assign_barcodes (116)
[84/b1e180] Submitted process > pipeline:process_bams:assign_barcodes (112)
[50/f842f3] Submitted process > pipeline:process_bams:assign_barcodes (107)
[c2/9108cf] Submitted process > pipeline:process_bams:assign_barcodes (134)
[33/4a235c] Submitted process > pipeline:process_bams:assign_barcodes (140)
[a2/b707c2] Submitted process > pipeline:process_bams:assign_barcodes (130)
[46/068310] Submitted process > pipeline:process_bams:assign_barcodes (133)
[2a/6a6dd2] Submitted process > pipeline:process_bams:assign_barcodes (137)
[33/3969e5] Submitted process > pipeline:process_bams:assign_barcodes (141)
[d3/0ff954] Submitted process > pipeline:process_bams:assign_barcodes (144)
[17/d25285] Submitted process > pipeline:process_bams:assign_barcodes (138)
[11/f2ba88] Submitted process > pipeline:process_bams:assign_barcodes (131)
[a0/f06955] Submitted process > pipeline:process_bams:assign_barcodes (149)
[d7/edd791] Submitted process > pipeline:process_bams:assign_barcodes (148)
[2f/23c84a] Submitted process > pipeline:process_bams:assign_barcodes (145)
[68/ff731d] Submitted process > pipeline:process_bams:assign_barcodes (139)
[ea/b2cb2d] Submitted process > pipeline:process_bams:assign_barcodes (143)
[ca/dd9064] Submitted process > pipeline:process_bams:assign_barcodes (135)
[b4/ba27ee] Submitted process > pipeline:process_bams:assign_barcodes (158)
[a1/65b065] Submitted process > pipeline:process_bams:assign_barcodes (163)
[81/a5585d] Submitted process > pipeline:process_bams:assign_barcodes (146)
[56/4ab8c1] Submitted process > pipeline:process_bams:assign_barcodes (153)
[40/236121] Submitted process > pipeline:process_bams:assign_barcodes (156)
[06/78a31d] Submitted process > pipeline:process_bams:assign_barcodes (160)
[75/031839] Submitted process > pipeline:process_bams:assign_barcodes (155)
[46/ef9091] Submitted process > pipeline:process_bams:assign_barcodes (170)
[44/4482c6] Submitted process > pipeline:process_bams:assign_barcodes (154)
[c5/6dd9e7] Submitted process > pipeline:process_bams:assign_barcodes (157)
[06/5e0d33] Submitted process > pipeline:process_bams:assign_barcodes (152)
[a4/8cf5de] Submitted process > pipeline:process_bams:assign_barcodes (150)
[61/b3576a] Submitted process > pipeline:process_bams:assign_barcodes (174)
[f8/096cd3] Submitted process > pipeline:process_bams:assign_barcodes (159)
[b8/f9b9a3] Submitted process > pipeline:process_bams:assign_barcodes (165)
[57/49092b] Submitted process > pipeline:process_bams:assign_barcodes (151)
[dc/0013b3] Submitted process > pipeline:process_bams:assign_barcodes (162)
[f6/1299fa] Submitted process > pipeline:process_bams:assign_barcodes (171)
[84/24ace2] Submitted process > pipeline:process_bams:assign_barcodes (172)
[73/1ae180] Submitted process > pipeline:process_bams:assign_barcodes (161)
[e5/a5097e] Submitted process > pipeline:process_bams:assign_barcodes (179)
[7c/08679a] Submitted process > pipeline:process_bams:assign_barcodes (147)
[a5/954df2] Submitted process > pipeline:process_bams:assign_barcodes (184)
[28/41d4ae] Submitted process > pipeline:process_bams:assign_barcodes (167)
[6c/4006c0] Submitted process > pipeline:process_bams:assign_barcodes (169)
[ac/03e686] Submitted process > pipeline:process_bams:assign_barcodes (182)
[b2/ce805a] Submitted process > pipeline:process_bams:assign_barcodes (175)
[bc/2a4e4c] Submitted process > pipeline:process_bams:assign_barcodes (181)
[28/4223c8] Submitted process > pipeline:process_bams:assign_barcodes (188)
[47/2db1a2] Submitted process > pipeline:process_bams:assign_barcodes (168)
[3e/31b1cc] Submitted process > pipeline:process_bams:assign_barcodes (186)
[4e/11a677] Submitted process > pipeline:process_bams:assign_barcodes (180)
[6f/cf8d63] Submitted process > pipeline:process_bams:assign_barcodes (164)
[4c/52ba67] Submitted process > pipeline:process_bams:assign_barcodes (178)
[c5/d61a24] Submitted process > pipeline:process_bams:assign_barcodes (187)
[c4/a59ff5] Submitted process > pipeline:process_bams:assign_barcodes (190)
[fc/40f37c] Submitted process > pipeline:process_bams:assign_barcodes (166)
[a9/ec9fc8] Submitted process > pipeline:process_bams:assign_barcodes (176)
[0d/b3d805] Submitted process > pipeline:process_bams:assign_barcodes (183)
[bb/e41abd] Submitted process > pipeline:process_bams:assign_barcodes (193)
[44/14b930] Submitted process > pipeline:process_bams:assign_barcodes (189)
[83/0dbe07] Submitted process > pipeline:process_bams:assign_barcodes (173)
[9f/87b86a] Submitted process > pipeline:process_bams:assign_barcodes (192)
[c6/4285fc] Submitted process > pipeline:process_bams:assign_barcodes (177)
[03/0ef861] Submitted process > pipeline:process_bams:assign_barcodes (185)
[90/ab440e] Submitted process > pipeline:process_bams:assign_barcodes (191)
[91/00c9c9] Submitted process > pipeline:process_bams:merge_bams (4)
[94/9fea47] Submitted process > pipeline:process_bams:merge_bams (1)
[ae/bcb42c] Submitted process > pipeline:process_bams:merge_bams (2)
[f6/ebc950] Submitted process > pipeline:process_bams:merge_bams (6)
[12/b8a91b] Submitted process > pipeline:process_bams:merge_bams (3)
[46/f7eca6] Submitted process > pipeline:process_bams:stringtie (7)
[39/a45210] Submitted process > pipeline:process_bams:stringtie (5)
[e3/540edf] Submitted process > pipeline:process_bams:stringtie (17)
[56/de0b17] Submitted process > pipeline:process_bams:stringtie (24)
[ec/7ca136] Submitted process > pipeline:process_bams:stringtie (26)
[e8/281423] Submitted process > pipeline:process_bams:stringtie (16)
[f8/94189f] Submitted process > pipeline:process_bams:stringtie (25)
[06/c03150] Submitted process > pipeline:process_bams:stringtie (4)
[b0/1a9e22] Submitted process > pipeline:process_bams:stringtie (10)
[40/838ee3] Submitted process > pipeline:process_bams:stringtie (2)
[b2/3c78f2] Submitted process > pipeline:process_bams:stringtie (18)
[de/0cc527] Submitted process > pipeline:process_bams:stringtie (6)
[05/4b8413] Submitted process > pipeline:process_bams:stringtie (31)
[73/974d07] Submitted process > pipeline:process_bams:stringtie (14)
[b9/7db069] Submitted process > pipeline:process_bams:stringtie (28)
[3d/1ca8ce] Submitted process > pipeline:process_bams:stringtie (12)
[2a/8fa019] Submitted process > pipeline:process_bams:stringtie (30)
[5c/bcfa09] Submitted process > pipeline:process_bams:stringtie (32)
[e9/380092] Submitted process > pipeline:process_bams:stringtie (9)
[d8/d2de42] Submitted process > pipeline:process_bams:stringtie (8)
[ee/87fb20] Submitted process > pipeline:process_bams:stringtie (27)
[c7/f2f933] Submitted process > pipeline:process_bams:stringtie (21)
[66/66c5b1] Submitted process > pipeline:process_bams:stringtie (15)
[57/631984] Submitted process > pipeline:process_bams:stringtie (23)
[5e/47127d] Submitted process > pipeline:process_bams:stringtie (13)
[1d/588927] Submitted process > pipeline:process_bams:stringtie (3)
[34/8a8635] Submitted process > pipeline:process_bams:stringtie (22)
[1a/c1cac5] Submitted process > pipeline:process_bams:stringtie (19)
[1c/b778d5] Submitted process > pipeline:process_bams:stringtie (29)
[1c/0a66b1] Submitted process > pipeline:process_bams:stringtie (11)
[08/157412] Submitted process > pipeline:process_bams:stringtie (1)
[c3/6262f6] Submitted process > pipeline:process_bams:stringtie (20)
[39/e5f6f0] Submitted process > pipeline:process_bams:stringtie (34)
[5a/9256de] Submitted process > pipeline:process_bams:stringtie (35)
[d3/958abd] Submitted process > pipeline:process_bams:stringtie (33)
[d2/314375] Submitted process > pipeline:process_bams:stringtie (36)
[6c/dc272b] Submitted process > pipeline:process_bams:stringtie (37)
[28/a25647] Submitted process > pipeline:process_bams:stringtie (39)
[45/2e5b83] Submitted process > pipeline:process_bams:stringtie (38)
[f1/381c89] Submitted process > pipeline:process_bams:merge_and_publish_tsv (2)
[34/072ac0] Submitted process > pipeline:process_bams:merge_and_publish_tsv (4)
[a4/6d44a2] Submitted process > pipeline:process_bams:merge_and_publish_tsv (3)
[f0/2e94f9] Submitted process > pipeline:process_bams:merge_and_publish_tsv (1)
[66/1e64e2] Submitted process > pipeline:process_bams:merge_and_publish_tsv (5)
[10/e17d6b] Submitted process > pipeline:process_bams:merge_and_publish_tsv (6)
[fa/2c4dee] Submitted process > pipeline:process_bams:cat_tags_by_chrom (4)
[8d/05f2f7] Submitted process > pipeline:process_bams:cat_tags_by_chrom (2)
[83/8d04df] Submitted process > pipeline:process_bams:cat_tags_by_chrom (3)
[ad/471db2] Submitted process > pipeline:process_bams:cat_tags_by_chrom (1)
[01/ef3d16] Submitted process > pipeline:process_bams:cat_tags_by_chrom (5)
[10/a6c1df] Submitted process > pipeline:process_bams:cat_tags_by_chrom (6)
[fa/df4248] Submitted process > pipeline:process_bams:stringtie (65)
[52/cbf0f8] Submitted process > pipeline:process_bams:stringtie (44)
[fc/80019c] Submitted process > pipeline:process_bams:stringtie (58)
[fd/644570] Submitted process > pipeline:process_bams:stringtie (70)
[46/dbabfc] Submitted process > pipeline:process_bams:stringtie (40)
[53/cf5b84] Submitted process > pipeline:process_bams:stringtie (55)
[29/a9051c] Submitted process > pipeline:process_bams:stringtie (63)
[52/3c77cb] Submitted process > pipeline:process_bams:stringtie (64)
[93/93b8a0] Submitted process > pipeline:process_bams:stringtie (43)
[54/871888] Submitted process > pipeline:process_bams:stringtie (52)
[44/4f5ab6] Submitted process > pipeline:process_bams:stringtie (76)
[dd/e6119c] Submitted process > pipeline:process_bams:stringtie (71)
[d8/f5ddbb] Submitted process > pipeline:process_bams:stringtie (68)
[45/52fba5] Submitted process > pipeline:process_bams:stringtie (54)
[f5/bf9a31] Submitted process > pipeline:process_bams:stringtie (69)
[84/f54d57] Submitted process > pipeline:process_bams:stringtie (47)
[06/383178] Submitted process > pipeline:process_bams:stringtie (57)
[dd/a99191] Submitted process > pipeline:process_bams:stringtie (50)
[6e/5be905] Submitted process > pipeline:process_bams:stringtie (61)
[b1/153df3] Submitted process > pipeline:process_bams:stringtie (45)
[43/711c62] Submitted process > pipeline:process_bams:stringtie (49)
[66/a9641e] Submitted process > pipeline:process_bams:stringtie (67)
[33/bb62d2] Submitted process > pipeline:process_bams:stringtie (62)
[4e/94d633] Submitted process > pipeline:process_bams:stringtie (56)
[29/939c8b] Submitted process > pipeline:process_bams:stringtie (59)
[45/4b6bcc] Submitted process > pipeline:process_bams:stringtie (53)
[3b/3718d0] Submitted process > pipeline:process_bams:stringtie (60)
[0a/b2d9aa] Submitted process > pipeline:process_bams:stringtie (41)
[4c/0520c3] Submitted process > pipeline:process_bams:stringtie (46)
[d2/588f34] Submitted process > pipeline:process_bams:stringtie (48)
[6e/6f99b9] Submitted process > pipeline:process_bams:stringtie (51)
[9c/d7f2a7] Submitted process > pipeline:process_bams:stringtie (66)
[31/73eb25] Submitted process > pipeline:process_bams:stringtie (42)
[46/7b506b] Submitted process > pipeline:process_bams:stringtie (72)
[61/0d8eed] Submitted process > pipeline:process_bams:stringtie (73)
[c9/cbfdea] Submitted process > pipeline:process_bams:stringtie (74)
[e2/96b1f4] Submitted process > pipeline:process_bams:stringtie (75)
[8b/2ccf1f] Submitted process > pipeline:process_bams:stringtie (77)
[88/1185ca] Submitted process > pipeline:process_bams:stringtie (78)
[a4/9f3b55] Submitted process > pipeline:process_bams:stringtie (81)
[b9/0e25db] Submitted process > pipeline:process_bams:stringtie (80)
[bb/3fb86f] Submitted process > pipeline:process_bams:stringtie (99)
[32/428486] Submitted process > pipeline:process_bams:stringtie (105)
[b1/2df8c5] Submitted process > pipeline:process_bams:stringtie (108)
[eb/5efdc4] Submitted process > pipeline:process_bams:stringtie (97)
[d8/5ab5d1] Submitted process > pipeline:process_bams:stringtie (100)
[d6/bcd08c] Submitted process > pipeline:process_bams:stringtie (103)
[b9/97ec75] Submitted process > pipeline:process_bams:stringtie (79)
[c5/55c0d0] Submitted process > pipeline:process_bams:stringtie (107)
[6b/c49a96] Submitted process > pipeline:process_bams:stringtie (106)
[42/0da9d3] Submitted process > pipeline:process_bams:stringtie (95)
[6a/76c8a5] Submitted process > pipeline:process_bams:stringtie (102)
[f6/e89fbc] Submitted process > pipeline:process_bams:stringtie (83)
[72/1d29d7] Submitted process > pipeline:process_bams:stringtie (101)
[c6/b77e03] Submitted process > pipeline:process_bams:stringtie (93)
[ce/201ed6] Submitted process > pipeline:process_bams:stringtie (92)
[90/915c8b] Submitted process > pipeline:process_bams:stringtie (84)
[9d/0d6c52] Submitted process > pipeline:process_bams:stringtie (88)
[d5/83d251] Submitted process > pipeline:process_bams:stringtie (96)
[eb/f3f771] Submitted process > pipeline:process_bams:stringtie (82)
[27/872e03] Submitted process > pipeline:process_bams:stringtie (90)
[2b/849d3b] Submitted process > pipeline:process_bams:stringtie (110)
[92/1df92b] Submitted process > pipeline:process_bams:stringtie (86)
[f5/379209] Submitted process > pipeline:process_bams:stringtie (94)
[ce/bc4581] Submitted process > pipeline:process_bams:stringtie (85)
[73/473ac1] Submitted process > pipeline:process_bams:stringtie (98)
[e5/790c6d] Submitted process > pipeline:process_bams:stringtie (91)
[f4/a907a2] Submitted process > pipeline:process_bams:stringtie (109)
[d0/0308a4] Submitted process > pipeline:process_bams:stringtie (87)
[7d/ab145b] Submitted process > pipeline:process_bams:stringtie (89)
[d9/5e4c41] Submitted process > pipeline:process_bams:stringtie (104)
[9d/5cfe7b] Submitted process > pipeline:process_bams:stringtie (113)
[ce/ac1ca9] Submitted process > pipeline:process_bams:stringtie (112)
[a3/45ae2e] Submitted process > pipeline:process_bams:stringtie (111)
[87/4ca0d7] Submitted process > pipeline:process_bams:stringtie (114)
[0c/7493d5] Submitted process > pipeline:process_bams:stringtie (115)
[c9/5fb3e6] Submitted process > pipeline:process_bams:stringtie (117)
[86/cb3a86] Submitted process > pipeline:process_bams:stringtie (116)
[93/93a51f] Submitted process > pipeline:process_bams:stringtie (136)
[16/bbdd66] Submitted process > pipeline:process_bams:stringtie (118)
[8b/4265a4] Submitted process > pipeline:process_bams:stringtie (135)
[3e/2901ca] Submitted process > pipeline:process_bams:stringtie (121)
[10/b9781d] Submitted process > pipeline:process_bams:stringtie (120)
[9b/7a3fc6] Submitted process > pipeline:process_bams:stringtie (139)
[bc/7e8b30] Submitted process > pipeline:process_bams:stringtie (123)
[ee/dc5af4] Submitted process > pipeline:process_bams:stringtie (137)
[15/2ce0df] Submitted process > pipeline:process_bams:stringtie (140)
[39/9fa35c] Submitted process > pipeline:process_bams:stringtie (127)
[72/b6dd07] Submitted process > pipeline:process_bams:stringtie (126)
[31/308e10] Submitted process > pipeline:process_bams:stringtie (119)
[6d/856cbd] Submitted process > pipeline:process_bams:stringtie (128)
[80/92ff8a] Submitted process > pipeline:process_bams:stringtie (129)
[31/3e022c] Submitted process > pipeline:process_bams:stringtie (125)
[3a/c8a994] Submitted process > pipeline:process_bams:stringtie (130)
[66/60bc77] Submitted process > pipeline:process_bams:stringtie (131)
[7a/2c1117] Submitted process > pipeline:process_bams:stringtie (132)
[b6/4efe09] Submitted process > pipeline:process_bams:stringtie (133)
[6a/3f25b9] Submitted process > pipeline:process_bams:stringtie (134)
[9d/c221a2] Submitted process > pipeline:process_bams:stringtie (138)
[d5/fe7d81] Submitted process > pipeline:process_bams:stringtie (122)
[ba/220152] Submitted process > pipeline:process_bams:stringtie (124)
[d3/700e31] Submitted process > pipeline:process_bams:stringtie (143)
[8d/b23a00] Submitted process > pipeline:process_bams:stringtie (141)
[68/3eca4c] Submitted process > pipeline:process_bams:stringtie (145)
[f0/cfb1b1] Submitted process > pipeline:process_bams:stringtie (144)
[44/06e245] Submitted process > pipeline:process_bams:stringtie (142)
[20/f3734e] Submitted process > pipeline:process_bams:stringtie (146)
[0f/91be10] Submitted process > pipeline:process_bams:stringtie (147)
[3e/275a36] Submitted process > pipeline:process_bams:stringtie (148)
[27/f31c19] Submitted process > pipeline:process_bams:stringtie (150)
[64/872647] Submitted process > pipeline:process_bams:stringtie (149)
[95/ed6c1d] Submitted process > pipeline:process_bams:stringtie (152)
[6d/8b1979] Submitted process > pipeline:process_bams:stringtie (153)
[4f/774238] Submitted process > pipeline:process_bams:stringtie (151)
[65/005671] Submitted process > pipeline:process_bams:stringtie (154)
[ac/0d2178] Submitted process > pipeline:process_bams:stringtie (155)
[39/e75dd5] Submitted process > pipeline:process_bams:stringtie (156)
[30/8b26ba] Submitted process > pipeline:process_bams:stringtie (187)
[b4/6c0842] Submitted process > pipeline:process_bams:stringtie (185)
[06/13fe32] Submitted process > pipeline:process_bams:stringtie (170)
[d2/38c624] Submitted process > pipeline:process_bams:stringtie (163)
[13/8a546f] Submitted process > pipeline:process_bams:stringtie (164)
[c9/d9064b] Submitted process > pipeline:process_bams:stringtie (159)
[e7/26cb3a] Submitted process > pipeline:process_bams:stringtie (157)
[3e/71ab2c] Submitted process > pipeline:process_bams:stringtie (175)
[30/b1f5a6] Submitted process > pipeline:process_bams:stringtie (174)
[9d/ed0f40] Submitted process > pipeline:process_bams:stringtie (176)
[55/eeaf7c] Submitted process > pipeline:process_bams:stringtie (178)
[c1/fa4382] Submitted process > pipeline:process_bams:stringtie (165)
[e3/2fbcee] Submitted process > pipeline:process_bams:stringtie (184)
[3a/e5b0e0] Submitted process > pipeline:process_bams:stringtie (186)
[c1/996b27] Submitted process > pipeline:process_bams:stringtie (158)
[02/cfa0d3] Submitted process > pipeline:process_bams:stringtie (167)
[81/c29d8d] Submitted process > pipeline:process_bams:stringtie (171)
[5c/6e0b03] Submitted process > pipeline:process_bams:stringtie (182)
[1a/0ea07c] Submitted process > pipeline:process_bams:stringtie (168)
[a3/42a7be] Submitted process > pipeline:process_bams:stringtie (177)
[de/e43b9a] Submitted process > pipeline:process_bams:stringtie (161)
[4c/29bb1d] Submitted process > pipeline:process_bams:stringtie (180)
[39/084df2] Submitted process > pipeline:process_bams:stringtie (160)
[08/ddbcbc] Submitted process > pipeline:process_bams:stringtie (169)
[dc/1b5d8f] Submitted process > pipeline:process_bams:stringtie (181)
[e3/00851e] Submitted process > pipeline:process_bams:stringtie (183)
[07/d54d0d] Submitted process > pipeline:process_bams:align_to_transcriptome (155)
[c4/2ec2dd] Submitted process > pipeline:process_bams:stringtie (173)
[43/7e1404] Submitted process > pipeline:process_bams:stringtie (172)
[ba/218237] Submitted process > pipeline:process_bams:stringtie (162)
[57/916a04] Submitted process > pipeline:process_bams:stringtie (166)
[57/7ba207] Submitted process > pipeline:process_bams:stringtie (188)
[ef/6d02a0] Submitted process > pipeline:process_bams:stringtie (179)
[81/f1a5ae] Submitted process > pipeline:process_bams:stringtie (189)
[d3/e25cfa] Submitted process > pipeline:process_bams:stringtie (190)
[dd/5f407d] Submitted process > pipeline:process_bams:stringtie (191)
[2a/d31cd3] Submitted process > pipeline:process_bams:stringtie (193)
[9c/bd2f85] Submitted process > pipeline:process_bams:stringtie (192)
[8b/77b44a] Submitted process > pipeline:process_bams:stringtie (194)
[59/274a2c] Submitted process > pipeline:process_bams:stringtie (195)
[28/858036] Submitted process > pipeline:process_bams:stringtie (225)
[67/8e9418] Submitted process > pipeline:process_bams:stringtie (212)
[f7/38b93c] Submitted process > pipeline:process_bams:stringtie (216)
[47/96e1dc] Submitted process > pipeline:process_bams:stringtie (199)
[ac/7980d7] Submitted process > pipeline:process_bams:stringtie (215)
[5d/cc311e] Submitted process > pipeline:process_bams:stringtie (218)
[17/484ac2] Submitted process > pipeline:process_bams:stringtie (196)
[a9/40b009] Submitted process > pipeline:process_bams:stringtie (210)
[93/3b4848] Submitted process > pipeline:process_bams:stringtie (202)
[e8/41b9f5] Submitted process > pipeline:process_bams:stringtie (220)
[fd/fc7f9a] Submitted process > pipeline:process_bams:stringtie (213)
[06/bffa4f] Submitted process > pipeline:process_bams:stringtie (201)
[40/d5774f] Submitted process > pipeline:process_bams:stringtie (226)
[97/eb6ff8] Submitted process > pipeline:process_bams:stringtie (198)
[65/c6a018] Submitted process > pipeline:process_bams:stringtie (204)
[c5/97df81] Submitted process > pipeline:process_bams:stringtie (211)
[06/af1e97] Submitted process > pipeline:process_bams:stringtie (227)
[7d/ad2928] Submitted process > pipeline:process_bams:stringtie (219)
[e7/4bb174] Submitted process > pipeline:process_bams:stringtie (214)
[0d/8dbf31] Submitted process > pipeline:process_bams:stringtie (217)
[32/1e3573] Submitted process > pipeline:process_bams:stringtie (203)
[41/0804df] Submitted process > pipeline:process_bams:stringtie (208)
[ec/77026a] Submitted process > pipeline:process_bams:stringtie (205)
[cd/607975] Submitted process > pipeline:process_bams:stringtie (224)
[bd/019c43] Submitted process > pipeline:process_bams:stringtie (200)
[5f/17468f] Submitted process > pipeline:process_bams:stringtie (223)
[39/1cbd17] Submitted process > pipeline:process_bams:stringtie (197)
[48/679b96] Submitted process > pipeline:process_bams:stringtie (209)
[ab/5ad85e] Submitted process > pipeline:process_bams:stringtie (206)
[40/ca02cc] Submitted process > pipeline:process_bams:stringtie (222)
[81/3350c9] Submitted process > pipeline:process_bams:stringtie (207)
[81/9ea825] Submitted process > pipeline:process_bams:stringtie (221)
[fd/c6cd05] Submitted process > pipeline:process_bams:stringtie (228)
[20/c7017b] Submitted process > pipeline:process_bams:stringtie (229)
[62/f04f0b] Submitted process > pipeline:process_bams:stringtie (230)
[c0/f642ae] Submitted process > pipeline:process_bams:stringtie (231)
[22/f5ac8d] Submitted process > pipeline:process_bams:stringtie (232)
[80/57b4a9] Submitted process > pipeline:process_bams:stringtie (233)
[88/a407f8] Submitted process > pipeline:process_bams:stringtie (234)
[a4/52efd5] Submitted process > pipeline:process_bams:align_to_transcriptome (1)
[ea/a88ddb] Submitted process > pipeline:process_bams:align_to_transcriptome (2)
[0b/9eb37f] Submitted process > pipeline:process_bams:align_to_transcriptome (3)
[d3/05faff] Submitted process > pipeline:process_bams:align_to_transcriptome (4)
[80/887a1b] Submitted process > pipeline:process_bams:align_to_transcriptome (5)
[0b/208b42] Submitted process > pipeline:process_bams:align_to_transcriptome (6)
[77/672819] Submitted process > pipeline:process_bams:align_to_transcriptome (7)
[99/0a621e] Submitted process > pipeline:process_bams:align_to_transcriptome (8)
[b7/52a7cb] Submitted process > pipeline:process_bams:align_to_transcriptome (9)
[45/4e7d5b] Submitted process > pipeline:process_bams:align_to_transcriptome (10)
[46/70e89f] Submitted process > pipeline:process_bams:align_to_transcriptome (11)
[28/8a3cac] Submitted process > pipeline:process_bams:align_to_transcriptome (12)
[5b/4fac35] Submitted process > pipeline:process_bams:align_to_transcriptome (13)
[cc/0886d0] Submitted process > pipeline:process_bams:align_to_transcriptome (14)
[c0/c607c8] Submitted process > pipeline:process_bams:align_to_transcriptome (15)
[03/02cce8] Submitted process > pipeline:process_bams:align_to_transcriptome (16)
[49/885057] Submitted process > pipeline:process_bams:align_to_transcriptome (17)
[1d/91df3b] Submitted process > pipeline:process_bams:align_to_transcriptome (18)
[6f/b4ec44] Submitted process > pipeline:process_bams:align_to_transcriptome (19)
[d5/7cc773] Submitted process > pipeline:process_bams:align_to_transcriptome (20)
[ec/0bc47f] Submitted process > pipeline:process_bams:align_to_transcriptome (21)
[6c/4a7b09] Submitted process > pipeline:process_bams:align_to_transcriptome (22)
[a5/e0c86e] Submitted process > pipeline:process_bams:align_to_transcriptome (23)
[b8/c07fcc] Submitted process > pipeline:process_bams:align_to_transcriptome (24)
[c8/5106d5] Submitted process > pipeline:process_bams:align_to_transcriptome (25)
[2e/786428] Submitted process > pipeline:process_bams:align_to_transcriptome (26)
[a0/df26f9] Submitted process > pipeline:process_bams:align_to_transcriptome (27)
[75/869c21] Submitted process > pipeline:process_bams:align_to_transcriptome (28)
[b4/4dbc03] Submitted process > pipeline:process_bams:align_to_transcriptome (29)
[13/169e17] Submitted process > pipeline:process_bams:align_to_transcriptome (30)
[9a/2b1110] Submitted process > pipeline:process_bams:align_to_transcriptome (31)
[9c/511476] Submitted process > pipeline:process_bams:align_to_transcriptome (32)
[67/ba6380] Submitted process > pipeline:process_bams:align_to_transcriptome (33)
[be/b55491] Submitted process > pipeline:process_bams:align_to_transcriptome (34)
[97/06ae16] Submitted process > pipeline:process_bams:align_to_transcriptome (35)
[9b/a2eaf9] Submitted process > pipeline:process_bams:align_to_transcriptome (36)
[61/5a7f96] Submitted process > pipeline:process_bams:align_to_transcriptome (37)
[27/936b44] Submitted process > pipeline:process_bams:align_to_transcriptome (38)
[34/414d5a] Submitted process > pipeline:process_bams:align_to_transcriptome (39)
[db/6736e3] Submitted process > pipeline:process_bams:align_to_transcriptome (40)
[63/4ce0c0] Submitted process > pipeline:process_bams:align_to_transcriptome (41)
[97/b84054] Submitted process > pipeline:process_bams:align_to_transcriptome (42)
[b9/1c880c] Submitted process > pipeline:process_bams:align_to_transcriptome (43)
[87/308d93] Submitted process > pipeline:process_bams:align_to_transcriptome (44)
[27/c21f67] Submitted process > pipeline:process_bams:align_to_transcriptome (45)
[22/e14622] Submitted process > pipeline:process_bams:align_to_transcriptome (46)
[0d/34c0d5] Submitted process > pipeline:process_bams:align_to_transcriptome (47)
[af/6096c9] Submitted process > pipeline:process_bams:align_to_transcriptome (48)
[52/9147d4] Submitted process > pipeline:process_bams:align_to_transcriptome (49)
[0d/cae8bf] Submitted process > pipeline:process_bams:align_to_transcriptome (50)
[82/0235da] Submitted process > pipeline:process_bams:align_to_transcriptome (51)
[f3/8d238e] Submitted process > pipeline:process_bams:align_to_transcriptome (52)
[c1/7d9cfa] Submitted process > pipeline:process_bams:align_to_transcriptome (53)
[7c/a59e6e] Submitted process > pipeline:process_bams:align_to_transcriptome (54)
[1f/3a2b86] Submitted process > pipeline:process_bams:align_to_transcriptome (55)
[4d/80e12d] Submitted process > pipeline:process_bams:align_to_transcriptome (56)
[be/240df2] Submitted process > pipeline:process_bams:align_to_transcriptome (57)
[b9/ff1e55] Submitted process > pipeline:process_bams:align_to_transcriptome (58)
[21/e6b9b5] Submitted process > pipeline:process_bams:align_to_transcriptome (59)
[49/bb27f8] Submitted process > pipeline:process_bams:align_to_transcriptome (60)
[4a/e5dbb5] Submitted process > pipeline:process_bams:align_to_transcriptome (61)
[67/89468a] Submitted process > pipeline:process_bams:align_to_transcriptome (62)
[ca/6b4d46] Submitted process > pipeline:process_bams:align_to_transcriptome (63)
[d2/d823a4] Submitted process > pipeline:process_bams:align_to_transcriptome (64)
[59/4c0320] Submitted process > pipeline:process_bams:align_to_transcriptome (65)
[af/a2a1f4] Submitted process > pipeline:process_bams:align_to_transcriptome (66)
[2c/a20d35] Submitted process > pipeline:process_bams:align_to_transcriptome (67)
[75/a29de3] Submitted process > pipeline:process_bams:align_to_transcriptome (68)
[36/d12529] Submitted process > pipeline:process_bams:align_to_transcriptome (69)
[33/8531dd] Submitted process > pipeline:process_bams:align_to_transcriptome (70)
[7b/e92757] Submitted process > pipeline:process_bams:align_to_transcriptome (71)
[9e/ba6ec1] Submitted process > pipeline:process_bams:align_to_transcriptome (72)
[55/f1ee86] Submitted process > pipeline:process_bams:align_to_transcriptome (73)
[47/ac5801] Submitted process > pipeline:process_bams:align_to_transcriptome (74)
[a7/f4e248] Submitted process > pipeline:process_bams:align_to_transcriptome (75)
[25/74e913] Submitted process > pipeline:process_bams:align_to_transcriptome (76)
[9c/a0df4a] Submitted process > pipeline:process_bams:align_to_transcriptome (77)
[c8/35cb1b] Submitted process > pipeline:process_bams:align_to_transcriptome (78)
[ed/347c43] Submitted process > pipeline:process_bams:align_to_transcriptome (79)
[e4/8c8007] Submitted process > pipeline:process_bams:align_to_transcriptome (80)
[32/40a6aa] Submitted process > pipeline:process_bams:align_to_transcriptome (81)
[17/1b39e8] Submitted process > pipeline:process_bams:align_to_transcriptome (82)
[1b/bdebee] Submitted process > pipeline:process_bams:align_to_transcriptome (83)
[73/1c7a27] Submitted process > pipeline:process_bams:align_to_transcriptome (84)
[51/69e6a9] Submitted process > pipeline:process_bams:align_to_transcriptome (85)
[23/aaf673] Submitted process > pipeline:process_bams:align_to_transcriptome (86)
[47/48e66c] Submitted process > pipeline:process_bams:align_to_transcriptome (87)
[4e/d5a9ea] Submitted process > pipeline:process_bams:align_to_transcriptome (88)
[74/46dc05] Submitted process > pipeline:process_bams:align_to_transcriptome (89)
[b8/a83730] Submitted process > pipeline:process_bams:align_to_transcriptome (90)
[39/2402e5] Submitted process > pipeline:process_bams:align_to_transcriptome (91)
[bf/b26cb9] Submitted process > pipeline:process_bams:align_to_transcriptome (92)
[19/adb00b] Submitted process > pipeline:process_bams:align_to_transcriptome (93)
[f7/f589fe] Submitted process > pipeline:process_bams:align_to_transcriptome (94)
[d1/b92cba] Submitted process > pipeline:process_bams:align_to_transcriptome (95)
[d5/32edae] Submitted process > pipeline:process_bams:align_to_transcriptome (96)
[ec/aed08c] Submitted process > pipeline:process_bams:align_to_transcriptome (97)
[28/4c2cf0] Submitted process > pipeline:process_bams:align_to_transcriptome (98)
[ca/e72025] Submitted process > pipeline:process_bams:align_to_transcriptome (99)
[b2/fd0874] Submitted process > pipeline:process_bams:align_to_transcriptome (100)
[aa/5be5ce] Submitted process > pipeline:process_bams:align_to_transcriptome (101)
[42/9f7f00] Submitted process > pipeline:process_bams:align_to_transcriptome (102)
[85/538c6a] Submitted process > pipeline:process_bams:align_to_transcriptome (103)
[17/712b06] Submitted process > pipeline:process_bams:align_to_transcriptome (104)
[21/7d1804] Submitted process > pipeline:process_bams:align_to_transcriptome (105)
[8c/134dd0] Submitted process > pipeline:process_bams:align_to_transcriptome (106)
[3e/3f1629] Submitted process > pipeline:process_bams:align_to_transcriptome (107)
[48/2a26ca] Submitted process > pipeline:process_bams:align_to_transcriptome (108)
[bb/a2440d] Submitted process > pipeline:process_bams:align_to_transcriptome (109)
[7e/c6f9d7] Submitted process > pipeline:process_bams:align_to_transcriptome (110)
[b5/04f1c0] Submitted process > pipeline:process_bams:align_to_transcriptome (111)
[d3/65d56c] Submitted process > pipeline:process_bams:align_to_transcriptome (112)
[e2/3d8eac] Submitted process > pipeline:process_bams:align_to_transcriptome (113)
[f5/028627] Submitted process > pipeline:process_bams:align_to_transcriptome (114)
[24/8a1a39] Submitted process > pipeline:process_bams:align_to_transcriptome (115)
[a2/24d9a6] Submitted process > pipeline:process_bams:align_to_transcriptome (116)
[e3/4d6049] Submitted process > pipeline:process_bams:align_to_transcriptome (117)
[2e/8d1811] Submitted process > pipeline:process_bams:align_to_transcriptome (118)
[50/770171] Submitted process > pipeline:process_bams:align_to_transcriptome (119)
[77/7deeaa] Submitted process > pipeline:process_bams:align_to_transcriptome (120)
[b9/8dc691] Submitted process > pipeline:process_bams:align_to_transcriptome (121)
[f4/289fbf] Submitted process > pipeline:process_bams:align_to_transcriptome (122)
[ac/114fdb] Submitted process > pipeline:process_bams:align_to_transcriptome (123)
[3c/9cc68b] Submitted process > pipeline:process_bams:align_to_transcriptome (124)
[19/3d1e6c] Submitted process > pipeline:process_bams:align_to_transcriptome (125)
[01/f3538f] Submitted process > pipeline:process_bams:align_to_transcriptome (126)
[54/dd2111] Submitted process > pipeline:process_bams:align_to_transcriptome (127)
[5e/15527e] Submitted process > pipeline:process_bams:align_to_transcriptome (128)
[7e/1024df] Submitted process > pipeline:process_bams:align_to_transcriptome (129)
[64/9a3242] Submitted process > pipeline:process_bams:align_to_transcriptome (130)
[07/b70394] Submitted process > pipeline:process_bams:align_to_transcriptome (131)
[67/f4cf44] Submitted process > pipeline:process_bams:align_to_transcriptome (132)
[32/1e0469] Submitted process > pipeline:process_bams:align_to_transcriptome (133)
[21/609c8b] Submitted process > pipeline:process_bams:align_to_transcriptome (134)
[41/0a862e] Submitted process > pipeline:process_bams:align_to_transcriptome (135)
[8a/16baa0] Submitted process > pipeline:process_bams:align_to_transcriptome (136)
[13/a082cf] Submitted process > pipeline:process_bams:align_to_transcriptome (137)
[50/17279c] Submitted process > pipeline:process_bams:align_to_transcriptome (138)
[66/3ae126] Submitted process > pipeline:process_bams:align_to_transcriptome (139)
[ba/badddc] Submitted process > pipeline:process_bams:align_to_transcriptome (140)
[b4/c3b238] Submitted process > pipeline:process_bams:align_to_transcriptome (141)
[06/6b7078] Submitted process > pipeline:process_bams:align_to_transcriptome (142)
[61/609911] Submitted process > pipeline:process_bams:align_to_transcriptome (143)
[3f/0df3ed] Submitted process > pipeline:process_bams:align_to_transcriptome (144)
[07/c7b6f0] Submitted process > pipeline:process_bams:align_to_transcriptome (145)
[29/5310a0] Submitted process > pipeline:process_bams:align_to_transcriptome (146)
[53/11b804] Submitted process > pipeline:process_bams:align_to_transcriptome (147)
[5e/ab39b2] Submitted process > pipeline:process_bams:align_to_transcriptome (148)
[71/d9ed1a] Submitted process > pipeline:process_bams:align_to_transcriptome (149)
[c5/632e93] Submitted process > pipeline:process_bams:align_to_transcriptome (150)
[30/4022b1] Submitted process > pipeline:process_bams:align_to_transcriptome (151)
[f7/aab384] Submitted process > pipeline:process_bams:align_to_transcriptome (152)
[02/973df9] Submitted process > pipeline:process_bams:align_to_transcriptome (153)
[e4/d0c777] Submitted process > pipeline:process_bams:align_to_transcriptome (154)
[98/5bc1f0] Submitted process > pipeline:process_bams:align_to_transcriptome (156)
[3b/1ab7b9] Submitted process > pipeline:process_bams:align_to_transcriptome (157)
[e0/dc3b42] Submitted process > pipeline:process_bams:align_to_transcriptome (158)
[72/b53ef6] Submitted process > pipeline:process_bams:align_to_transcriptome (159)
[8b/b096ea] Submitted process > pipeline:process_bams:align_to_transcriptome (160)
[46/6a855a] Submitted process > pipeline:process_bams:align_to_transcriptome (161)
[4d/dc80e8] Submitted process > pipeline:process_bams:align_to_transcriptome (162)
[8f/d270d9] Submitted process > pipeline:process_bams:align_to_transcriptome (163)
[9d/29970e] Submitted process > pipeline:process_bams:align_to_transcriptome (164)
[be/544edc] Submitted process > pipeline:process_bams:align_to_transcriptome (165)
[5d/987e79] Submitted process > pipeline:process_bams:align_to_transcriptome (166)
[c7/935572] Submitted process > pipeline:process_bams:align_to_transcriptome (167)
[b8/0efd6a] Submitted process > pipeline:process_bams:align_to_transcriptome (168)
[b9/6dce4c] Submitted process > pipeline:process_bams:align_to_transcriptome (169)
[91/c2783a] Submitted process > pipeline:process_bams:align_to_transcriptome (170)
[f8/241c8f] Submitted process > pipeline:process_bams:align_to_transcriptome (171)
[64/4e18c1] Submitted process > pipeline:process_bams:align_to_transcriptome (172)
[b0/52b073] Submitted process > pipeline:process_bams:align_to_transcriptome (173)
[3c/193b52] Submitted process > pipeline:process_bams:align_to_transcriptome (174)
[b5/bcfead] Submitted process > pipeline:process_bams:align_to_transcriptome (175)
[0f/21b1a9] Submitted process > pipeline:process_bams:align_to_transcriptome (176)
[b7/848aa5] Submitted process > pipeline:process_bams:align_to_transcriptome (177)
[8e/d67cdb] Submitted process > pipeline:process_bams:align_to_transcriptome (178)
[32/aee127] Submitted process > pipeline:process_bams:align_to_transcriptome (179)
[f5/dbb5a6] Submitted process > pipeline:process_bams:align_to_transcriptome (180)
[88/bbed68] Submitted process > pipeline:process_bams:align_to_transcriptome (181)
[1e/0794a7] Submitted process > pipeline:process_bams:align_to_transcriptome (182)
[e9/cbf61c] Submitted process > pipeline:process_bams:assign_features (1)
[97/513d4f] Submitted process > pipeline:process_bams:assign_features (2)
[b1/23fdf4] Submitted process > pipeline:process_bams:assign_features (3)
[d6/cffef7] Submitted process > pipeline:process_bams:assign_features (4)
[a6/5d3e65] Submitted process > pipeline:process_bams:assign_features (5)
[06/0feeea] Submitted process > pipeline:process_bams:assign_features (6)
[9e/11c267] Submitted process > pipeline:process_bams:assign_features (7)
[74/72a044] Submitted process > pipeline:process_bams:assign_features (8)
[3e/725194] Submitted process > pipeline:process_bams:assign_features (9)
[82/62aa52] Submitted process > pipeline:process_bams:assign_features (10)
[f8/2e0883] Submitted process > pipeline:process_bams:assign_features (11)
[f4/829f83] Submitted process > pipeline:process_bams:assign_features (12)
[5b/7c5506] Submitted process > pipeline:process_bams:assign_features (13)
[3b/4ebaa1] Submitted process > pipeline:process_bams:assign_features (14)
[05/5cf6aa] Submitted process > pipeline:process_bams:assign_features (15)
[7f/82eb51] Submitted process > pipeline:process_bams:assign_features (16)
[d3/e638fa] Submitted process > pipeline:process_bams:assign_features (17)
[21/499fc4] Submitted process > pipeline:process_bams:assign_features (18)
[d5/3f850a] Submitted process > pipeline:process_bams:assign_features (19)
[57/3d2305] Submitted process > pipeline:process_bams:assign_features (20)
[68/4113f6] Submitted process > pipeline:process_bams:assign_features (21)
[d9/cbded8] Submitted process > pipeline:process_bams:assign_features (22)
[d7/1655e8] Submitted process > pipeline:process_bams:assign_features (23)
[dc/052a84] Submitted process > pipeline:process_bams:assign_features (24)
[90/6bea67] Submitted process > pipeline:process_bams:assign_features (25)
[ed/5c81c4] Submitted process > pipeline:process_bams:assign_features (26)
[17/230655] Submitted process > pipeline:process_bams:assign_features (27)
[38/835aea] Submitted process > pipeline:process_bams:assign_features (28)
[e0/4f3a67] Submitted process > pipeline:process_bams:assign_features (29)
[72/5f80ed] Submitted process > pipeline:process_bams:assign_features (30)
[ce/32bcd2] Submitted process > pipeline:process_bams:assign_features (31)
[39/1c17af] Submitted process > pipeline:process_bams:assign_features (32)
[1c/47a9ba] Submitted process > pipeline:process_bams:assign_features (33)
[35/c61f03] Submitted process > pipeline:process_bams:assign_features (34)
[6f/4a7513] Submitted process > pipeline:process_bams:assign_features (35)
[e8/565273] Submitted process > pipeline:process_bams:assign_features (36)
[05/805a80] Submitted process > pipeline:process_bams:assign_features (37)
[54/06e5cc] Submitted process > pipeline:process_bams:assign_features (38)
[8c/74eb97] Submitted process > pipeline:process_bams:assign_features (39)
[2e/92b63a] Submitted process > pipeline:process_bams:assign_features (40)
[43/d6f4f5] Submitted process > pipeline:process_bams:assign_features (41)
[7d/0c16c6] Submitted process > pipeline:process_bams:assign_features (42)
[23/ab7981] Submitted process > pipeline:process_bams:assign_features (43)
[c6/a2342d] Submitted process > pipeline:process_bams:assign_features (44)
[d6/37d3f5] Submitted process > pipeline:process_bams:assign_features (45)
[86/a6c29f] Submitted process > pipeline:process_bams:assign_features (46)
[bd/1a5939] Submitted process > pipeline:process_bams:assign_features (47)
[aa/8b02be] Submitted process > pipeline:process_bams:assign_features (48)
[1d/d5bbde] Submitted process > pipeline:process_bams:assign_features (49)
[48/13d448] Submitted process > pipeline:process_bams:assign_features (50)
[5b/933cd1] Submitted process > pipeline:process_bams:assign_features (51)
[b1/f36352] Submitted process > pipeline:process_bams:assign_features (52)
[f2/7f7f05] Submitted process > pipeline:process_bams:assign_features (53)
[70/d2d425] Submitted process > pipeline:process_bams:assign_features (54)
[5e/631694] Submitted process > pipeline:process_bams:assign_features (55)
[02/97e126] Submitted process > pipeline:process_bams:assign_features (56)
[cf/9293ee] Submitted process > pipeline:process_bams:assign_features (57)
[d1/e3d662] Submitted process > pipeline:process_bams:assign_features (58)
[4b/3b8418] Submitted process > pipeline:process_bams:assign_features (59)
[08/f9f7eb] Submitted process > pipeline:process_bams:assign_features (60)
[67/7252bc] Submitted process > pipeline:process_bams:assign_features (61)
[ed/0f1ce7] Submitted process > pipeline:process_bams:assign_features (62)
[0c/93592d] Submitted process > pipeline:process_bams:assign_features (63)
[70/1143cf] Submitted process > pipeline:process_bams:assign_features (64)
[51/ba88f0] Submitted process > pipeline:process_bams:assign_features (65)
[b9/dcfd14] Submitted process > pipeline:process_bams:assign_features (66)
[b9/329ca4] Submitted process > pipeline:process_bams:assign_features (67)
[e4/e8113b] Submitted process > pipeline:process_bams:assign_features (68)
[84/e03c76] Submitted process > pipeline:process_bams:assign_features (69)
[e6/233fd6] Submitted process > pipeline:process_bams:assign_features (70)
[9e/d24f23] Submitted process > pipeline:process_bams:assign_features (71)
[08/f20e1f] Submitted process > pipeline:process_bams:assign_features (72)
[ed/ca3881] Submitted process > pipeline:process_bams:assign_features (73)
[c9/560b20] Submitted process > pipeline:process_bams:assign_features (74)
[7c/1fe351] Submitted process > pipeline:process_bams:assign_features (75)
[2a/7fa8a1] Submitted process > pipeline:process_bams:assign_features (76)
[c9/47fc39] Submitted process > pipeline:process_bams:assign_features (77)
[15/92d201] Submitted process > pipeline:process_bams:assign_features (78)
[4d/8ee92d] Submitted process > pipeline:process_bams:assign_features (79)
[3b/41f368] Submitted process > pipeline:process_bams:assign_features (80)
[2a/7de5f4] Submitted process > pipeline:process_bams:assign_features (81)
[52/6ec459] Submitted process > pipeline:process_bams:assign_features (82)
[96/3d5fd8] Submitted process > pipeline:process_bams:assign_features (83)
[38/6aa83d] Submitted process > pipeline:process_bams:assign_features (84)
[d4/0db463] Submitted process > pipeline:process_bams:assign_features (85)
[ac/a34af4] Submitted process > pipeline:process_bams:assign_features (86)
[98/e8d345] Submitted process > pipeline:process_bams:assign_features (87)
[8f/5708db] Submitted process > pipeline:process_bams:assign_features (88)
[5a/3e8e68] Submitted process > pipeline:process_bams:assign_features (89)
[49/49c115] Submitted process > pipeline:process_bams:assign_features (90)
[54/273156] Submitted process > pipeline:process_bams:assign_features (91)
[2b/b71c1e] Submitted process > pipeline:process_bams:assign_features (92)
[93/9ce2ac] Submitted process > pipeline:process_bams:assign_features (93)
[a6/9f8874] Submitted process > pipeline:process_bams:assign_features (94)
[51/a4290a] Submitted process > pipeline:process_bams:assign_features (95)
[38/29a6b4] Submitted process > pipeline:process_bams:assign_features (96)
[41/74080e] Submitted process > pipeline:process_bams:assign_features (97)
[2e/eac134] Submitted process > pipeline:process_bams:assign_features (98)
[20/671625] Submitted process > pipeline:process_bams:assign_features (99)
[76/a7ec5b] Submitted process > pipeline:process_bams:assign_features (100)
[57/6a796a] Submitted process > pipeline:process_bams:assign_features (101)
[27/bcc83d] Submitted process > pipeline:process_bams:assign_features (102)
[b9/b0f541] Submitted process > pipeline:process_bams:assign_features (103)
[26/cddb64] Submitted process > pipeline:process_bams:assign_features (104)
[a8/c9ce4d] Submitted process > pipeline:process_bams:assign_features (105)
[ca/bb03a8] Submitted process > pipeline:process_bams:assign_features (106)
[ed/d38d63] Submitted process > pipeline:process_bams:assign_features (107)
[b8/11691d] Submitted process > pipeline:process_bams:assign_features (108)
[20/d353ea] Submitted process > pipeline:process_bams:assign_features (109)
[14/b92cb4] Submitted process > pipeline:process_bams:assign_features (110)
[a0/e244aa] Submitted process > pipeline:process_bams:assign_features (111)
[52/aa98d6] Submitted process > pipeline:process_bams:assign_features (112)
[da/f583d8] Submitted process > pipeline:process_bams:assign_features (113)
[cd/2303ae] Submitted process > pipeline:process_bams:assign_features (114)
[44/7637fb] Submitted process > pipeline:process_bams:assign_features (115)
[99/aa17b6] Submitted process > pipeline:process_bams:assign_features (116)
[fa/a02c58] Submitted process > pipeline:process_bams:assign_features (117)
[b3/753939] Submitted process > pipeline:process_bams:assign_features (118)
[0e/226fa9] Submitted process > pipeline:process_bams:assign_features (119)
[08/5f4e80] Submitted process > pipeline:process_bams:assign_features (120)
[28/f0a5e7] Submitted process > pipeline:process_bams:assign_features (121)
[4c/3d6c7e] Submitted process > pipeline:process_bams:assign_features (122)
[1e/6a5bec] Submitted process > pipeline:process_bams:assign_features (123)
[93/5b5f8f] Submitted process > pipeline:process_bams:assign_features (124)
[a8/1e1910] Submitted process > pipeline:process_bams:assign_features (125)
[92/b3b462] Submitted process > pipeline:process_bams:assign_features (126)
[5e/b81c37] Submitted process > pipeline:process_bams:assign_features (127)
[29/d26774] Submitted process > pipeline:process_bams:assign_features (128)
[0f/4eecff] Submitted process > pipeline:process_bams:assign_features (129)
[9f/8060ae] Submitted process > pipeline:process_bams:assign_features (130)
[a4/2ce3dc] Submitted process > pipeline:process_bams:assign_features (131)
[8b/c4c68a] Submitted process > pipeline:process_bams:assign_features (132)
[f7/34522e] Submitted process > pipeline:process_bams:assign_features (133)
[6d/8112c4] Submitted process > pipeline:process_bams:assign_features (134)
[50/836fec] Submitted process > pipeline:process_bams:assign_features (135)
[44/0df091] Submitted process > pipeline:process_bams:assign_features (136)
[14/2f9fe0] Submitted process > pipeline:process_bams:assign_features (137)
[24/d3d6bd] Submitted process > pipeline:process_bams:assign_features (138)
[1e/7c9881] Submitted process > pipeline:process_bams:assign_features (139)
[db/a9108c] Submitted process > pipeline:process_bams:assign_features (140)
[e1/7f00de] Submitted process > pipeline:process_bams:assign_features (141)
[66/a5e4f8] Submitted process > pipeline:process_bams:assign_features (142)
[c3/31b8a1] Submitted process > pipeline:process_bams:assign_features (143)
[4b/404029] Submitted process > pipeline:process_bams:assign_features (144)
[37/90dfb8] Submitted process > pipeline:process_bams:assign_features (145)
[32/135eec] Submitted process > pipeline:process_bams:assign_features (146)
[21/b4a27e] Submitted process > pipeline:process_bams:assign_features (147)
[9d/15115c] Submitted process > pipeline:process_bams:assign_features (148)
[72/85b18a] Submitted process > pipeline:process_bams:assign_features (149)
[72/27ea4a] Submitted process > pipeline:process_bams:assign_features (150)
[af/e45a13] Submitted process > pipeline:process_bams:assign_features (151)
[a1/2bf64f] Submitted process > pipeline:process_bams:assign_features (152)
[e8/865896] Submitted process > pipeline:process_bams:assign_features (153)
[b1/9c6478] Submitted process > pipeline:process_bams:assign_features (154)
[18/6be049] Submitted process > pipeline:process_bams:assign_features (155)
[51/df01c9] Submitted process > pipeline:process_bams:assign_features (156)
[49/47b7f6] Submitted process > pipeline:process_bams:assign_features (157)
[e8/1e7b07] Submitted process > pipeline:process_bams:assign_features (158)
[e0/ee8d11] Submitted process > pipeline:process_bams:assign_features (159)
[58/808ce6] Submitted process > pipeline:process_bams:assign_features (160)
[bc/f960e7] Submitted process > pipeline:process_bams:assign_features (161)
[f8/785b32] Submitted process > pipeline:process_bams:assign_features (162)
[c9/dc5688] Submitted process > pipeline:process_bams:assign_features (163)
[dc/99c65f] Submitted process > pipeline:process_bams:assign_features (164)
[00/cdac49] Submitted process > pipeline:process_bams:assign_features (165)
[63/c7d16c] Submitted process > pipeline:process_bams:assign_features (166)
[68/540c63] Submitted process > pipeline:process_bams:assign_features (167)
[e5/8a0b29] Submitted process > pipeline:process_bams:assign_features (168)
[6d/cde78c] Submitted process > pipeline:process_bams:create_matrix (1)
[83/7d0510] Submitted process > pipeline:process_bams:create_matrix (2)
[41/7ca797] Submitted process > pipeline:process_bams:create_matrix (3)
[ba/04466f] Submitted process > pipeline:process_bams:create_matrix (4)
[c9/2d26a4] Submitted process > pipeline:process_bams:create_matrix (6)
[ef/ddcfd0] Submitted process > pipeline:process_bams:create_matrix (5)
[c0/6f243a] Submitted process > pipeline:process_bams:create_matrix (7)
[13/b395f4] Submitted process > pipeline:process_bams:create_matrix (9)
[ca/881161] Submitted process > pipeline:process_bams:create_matrix (10)
[ae/070c36] Submitted process > pipeline:process_bams:create_matrix (8)
[55/597d4e] Submitted process > pipeline:process_bams:create_matrix (11)
[21/b852a1] Submitted process > pipeline:process_bams:create_matrix (12)
[7e/e61b3b] Submitted process > pipeline:process_bams:create_matrix (13)
[b2/a56cf0] Submitted process > pipeline:process_bams:create_matrix (14)
[7f/49aa85] Submitted process > pipeline:process_bams:create_matrix (15)
[f0/a8af04] Submitted process > pipeline:process_bams:create_matrix (16)
[39/d00823] Submitted process > pipeline:process_bams:create_matrix (17)
[55/3a983e] Submitted process > pipeline:process_bams:create_matrix (18)
[99/bad236] Submitted process > pipeline:process_bams:create_matrix (20)
[58/bbbc28] Submitted process > pipeline:process_bams:create_matrix (19)
[12/3959af] Submitted process > pipeline:process_bams:create_matrix (21)
[4d/e8015e] Submitted process > pipeline:process_bams:create_matrix (22)
[dd/81db74] Submitted process > pipeline:process_bams:create_matrix (23)
[50/4d6f47] Submitted process > pipeline:process_bams:create_matrix (24)
[c6/032e4d] Submitted process > pipeline:process_bams:create_matrix (25)
[e8/d7ace8] Submitted process > pipeline:process_bams:create_matrix (26)
[6f/02ba7d] Submitted process > pipeline:process_bams:create_matrix (27)
[f4/8077b6] Submitted process > pipeline:process_bams:create_matrix (28)
[72/9f7096] Submitted process > pipeline:process_bams:create_matrix (29)
[0c/ac2359] Submitted process > pipeline:process_bams:create_matrix (30)
[23/d020bc] Submitted process > pipeline:process_bams:create_matrix (31)
[23/f0262b] Submitted process > pipeline:process_bams:create_matrix (32)
[44/ee212e] Submitted process > pipeline:process_bams:create_matrix (33)
[ea/3fb431] Submitted process > pipeline:process_bams:create_matrix (34)
[a8/bcdf94] Submitted process > pipeline:process_bams:create_matrix (35)
[0d/aa1294] Submitted process > pipeline:process_bams:create_matrix (36)
[50/6e7c4c] Submitted process > pipeline:process_bams:create_matrix (37)
[bb/4ce1df] Submitted process > pipeline:process_bams:create_matrix (38)
[86/6e3829] Submitted process > pipeline:process_bams:create_matrix (39)
[c0/b00b91] Submitted process > pipeline:process_bams:create_matrix (40)
[a0/02a3c6] Submitted process > pipeline:process_bams:create_matrix (41)
[28/5de669] Submitted process > pipeline:process_bams:create_matrix (42)
[bd/1ba08c] Submitted process > pipeline:process_bams:create_matrix (43)
[e8/1e6a9f] Submitted process > pipeline:process_bams:create_matrix (44)
[ea/04ed8b] Submitted process > pipeline:process_bams:create_matrix (45)
[58/8be9e2] Submitted process > pipeline:process_bams:create_matrix (46)
[6d/3ba902] Submitted process > pipeline:process_bams:create_matrix (47)
[4a/cba797] Submitted process > pipeline:process_bams:create_matrix (48)
[c5/880435] Submitted process > pipeline:process_bams:create_matrix (49)
[43/3df934] Submitted process > pipeline:process_bams:create_matrix (50)
[e8/23e5dc] Submitted process > pipeline:process_bams:create_matrix (51)
[13/3f82ff] Submitted process > pipeline:process_bams:create_matrix (52)
[d7/1333e8] Submitted process > pipeline:process_bams:create_matrix (53)
[56/d1d26e] Submitted process > pipeline:process_bams:create_matrix (54)
[01/7576c2] Submitted process > pipeline:process_bams:create_matrix (55)
[fc/e1b1cb] Submitted process > pipeline:process_bams:create_matrix (56)
[e5/fd48aa] Submitted process > pipeline:process_bams:create_matrix (57)
[67/056e85] Submitted process > pipeline:process_bams:create_matrix (58)
[de/aacea1] Submitted process > pipeline:process_bams:create_matrix (59)
[e7/2eefa3] Submitted process > pipeline:process_bams:create_matrix (60)
[8a/23f88a] Submitted process > pipeline:process_bams:create_matrix (61)
[ab/5cb98f] Submitted process > pipeline:process_bams:create_matrix (62)
[70/de0106] Submitted process > pipeline:process_bams:create_matrix (63)
[5a/11360a] Submitted process > pipeline:process_bams:create_matrix (64)
[46/1e187e] Submitted process > pipeline:process_bams:create_matrix (65)
[d7/beb639] Submitted process > pipeline:process_bams:create_matrix (66)
[13/7fb76b] Submitted process > pipeline:process_bams:create_matrix (67)
[3b/5b6ff0] Submitted process > pipeline:process_bams:create_matrix (68)
[a5/d8d38b] Submitted process > pipeline:process_bams:create_matrix (69)
[46/947f36] Submitted process > pipeline:process_bams:create_matrix (70)
[98/68057c] Submitted process > pipeline:process_bams:create_matrix (71)
[f1/bd590e] Submitted process > pipeline:process_bams:create_matrix (72)
[f6/edda09] Submitted process > pipeline:process_bams:create_matrix (73)
[0e/53095d] Submitted process > pipeline:process_bams:create_matrix (74)
[86/bb8338] Submitted process > pipeline:process_bams:create_matrix (76)
[2f/bfc2a5] Submitted process > pipeline:process_bams:create_matrix (75)
[d6/08c599] Submitted process > pipeline:process_bams:create_matrix (77)
[5c/f79e95] Submitted process > pipeline:process_bams:create_matrix (78)
[3c/4d2ec4] Submitted process > pipeline:process_bams:create_matrix (79)
[38/768f47] Submitted process > pipeline:process_bams:create_matrix (80)
[84/412783] Submitted process > pipeline:process_bams:create_matrix (81)
[99/0e70b0] Submitted process > pipeline:process_bams:create_matrix (82)
[da/0e1aff] Submitted process > pipeline:process_bams:create_matrix (83)
[07/683793] Submitted process > pipeline:process_bams:create_matrix (84)
[c2/bc2b18] Submitted process > pipeline:process_bams:create_matrix (85)
[bf/5db5fd] Submitted process > pipeline:process_bams:create_matrix (86)
[9f/f73758] Submitted process > pipeline:process_bams:create_matrix (87)
[7b/b010b1] Submitted process > pipeline:process_bams:create_matrix (88)
[77/b498fd] Submitted process > pipeline:process_bams:create_matrix (89)
[7e/201a0a] Submitted process > pipeline:process_bams:create_matrix (90)
[39/38d53e] Submitted process > pipeline:process_bams:create_matrix (91)
[13/e7cc54] Submitted process > pipeline:process_bams:create_matrix (92)
[77/cc6b41] Submitted process > pipeline:process_bams:create_matrix (93)
[c8/0a6dc3] Submitted process > pipeline:process_bams:create_matrix (94)
[52/ad9a43] Submitted process > pipeline:process_bams:create_matrix (95)
[92/7a6717] Submitted process > pipeline:process_bams:create_matrix (96)
[44/abcd44] Submitted process > pipeline:process_bams:create_matrix (97)
[9d/57bc46] Submitted process > pipeline:process_bams:create_matrix (98)
[9a/31b01c] Submitted process > pipeline:process_bams:create_matrix (99)
[3d/eee58f] Submitted process > pipeline:process_bams:create_matrix (100)
[30/899f92] Submitted process > pipeline:process_bams:create_matrix (101)
[85/9aeb3f] Submitted process > pipeline:process_bams:create_matrix (102)
[6e/18b467] Submitted process > pipeline:process_bams:create_matrix (103)
[a9/aba13b] Submitted process > pipeline:process_bams:create_matrix (104)
[6d/655e5b] Submitted process > pipeline:process_bams:create_matrix (105)
[74/852d30] Submitted process > pipeline:process_bams:create_matrix (106)
[06/7052ec] Submitted process > pipeline:process_bams:create_matrix (107)
[c5/037126] Submitted process > pipeline:process_bams:create_matrix (108)
[42/91e0cf] Submitted process > pipeline:process_bams:create_matrix (109)
[52/f48555] Submitted process > pipeline:process_bams:create_matrix (110)
[78/2f0f29] Submitted process > pipeline:process_bams:create_matrix (111)
[29/32610e] Submitted process > pipeline:process_bams:create_matrix (112)
[6c/35cd54] Submitted process > pipeline:process_bams:create_matrix (113)
[f1/9a57d3] Submitted process > pipeline:process_bams:create_matrix (114)
[4c/142ca6] Submitted process > pipeline:process_bams:create_matrix (115)
[d3/c9a2cf] Submitted process > pipeline:process_bams:create_matrix (116)
[96/3ff1c1] Submitted process > pipeline:process_bams:create_matrix (117)
[b0/5b999d] Submitted process > pipeline:process_bams:create_matrix (118)
[90/8a3145] Submitted process > pipeline:process_bams:create_matrix (119)
[0b/464cdc] Submitted process > pipeline:process_bams:create_matrix (120)
[5b/38b3fe] Submitted process > pipeline:process_bams:create_matrix (121)
[30/412c2a] Submitted process > pipeline:process_bams:create_matrix (122)
[6c/673cbc] Submitted process > pipeline:process_bams:create_matrix (123)
[69/432982] Submitted process > pipeline:process_bams:create_matrix (124)
[f9/490038] Submitted process > pipeline:process_bams:create_matrix (125)
[35/48731f] Submitted process > pipeline:process_bams:create_matrix (126)
[2d/2e753b] Submitted process > pipeline:process_bams:create_matrix (127)
[b9/dc5f00] Submitted process > pipeline:process_bams:create_matrix (128)
[2a/8e0d46] Submitted process > pipeline:process_bams:create_matrix (129)
[82/84060e] Submitted process > pipeline:process_bams:create_matrix (130)
[1a/8245ac] Submitted process > pipeline:process_bams:create_matrix (131)
[3f/75bba1] Submitted process > pipeline:process_bams:create_matrix (132)
[22/3e7e35] Submitted process > pipeline:process_bams:create_matrix (133)
[72/de3c1b] Submitted process > pipeline:process_bams:create_matrix (134)
[32/851b0c] Submitted process > pipeline:process_bams:create_matrix (135)
[87/e51eec] Submitted process > pipeline:process_bams:create_matrix (136)
[9e/c6d8e6] Submitted process > pipeline:process_bams:create_matrix (137)
[0c/aab598] Submitted process > pipeline:process_bams:create_matrix (138)
[91/c27713] Submitted process > pipeline:process_bams:create_matrix (139)
[de/6ed68b] Submitted process > pipeline:process_bams:create_matrix (140)
[bd/9c8a7e] Submitted process > pipeline:process_bams:create_matrix (141)
[69/89bfb5] Submitted process > pipeline:process_bams:create_matrix (142)
[08/62d142] Submitted process > pipeline:process_bams:create_matrix (143)
[d2/aae6f0] Submitted process > pipeline:process_bams:create_matrix (144)
[8d/69b0f6] Submitted process > pipeline:process_bams:create_matrix (145)
[56/60215b] Submitted process > pipeline:process_bams:create_matrix (146)
[4f/e2f5cb] Submitted process > pipeline:process_bams:create_matrix (147)
[d7/58f823] Submitted process > pipeline:process_bams:create_matrix (148)
[d3/9cfffb] Submitted process > pipeline:process_bams:create_matrix (149)
[7f/756d16] Submitted process > pipeline:process_bams:create_matrix (150)
[35/16a85a] Submitted process > pipeline:process_bams:create_matrix (151)
[bd/ef8b44] Submitted process > pipeline:process_bams:create_matrix (152)
[36/467b1c] Submitted process > pipeline:process_bams:create_matrix (153)
[a3/b91d32] Submitted process > pipeline:process_bams:create_matrix (154)
[af/f33087] Submitted process > pipeline:process_bams:create_matrix (155)
[04/9340ff] Submitted process > pipeline:process_bams:create_matrix (156)
[4b/e0250c] Submitted process > pipeline:process_bams:create_matrix (157)
[c9/1d66cf] Submitted process > pipeline:process_bams:create_matrix (158)
[b7/6a78dd] Submitted process > pipeline:process_bams:create_matrix (159)
[03/19ef4f] Submitted process > pipeline:process_bams:create_matrix (160)
[76/4f9e3e] Submitted process > pipeline:process_bams:create_matrix (161)
[73/ce3948] Submitted process > pipeline:process_bams:create_matrix (162)
[7a/37163a] Submitted process > pipeline:process_bams:create_matrix (163)
[b0/1c3511] Submitted process > pipeline:process_bams:create_matrix (164)
[26/847b11] Submitted process > pipeline:process_bams:create_matrix (165)
[78/c00a84] Submitted process > pipeline:process_bams:create_matrix (166)
[db/28452b] Submitted process > pipeline:process_bams:create_matrix (167)
[4b/de9933] Submitted process > pipeline:process_bams:align_to_transcriptome (183)
[12/59d0ee] Submitted process > pipeline:process_bams:align_to_transcriptome (184)
[eb/c1860f] Submitted process > pipeline:process_bams:align_to_transcriptome (185)
[dc/e8e388] Submitted process > pipeline:process_bams:align_to_transcriptome (186)
[2f/312bbb] Submitted process > pipeline:process_bams:align_to_transcriptome (187)
[11/8b7824] Submitted process > pipeline:process_bams:align_to_transcriptome (188)
[ab/db25a0] Submitted process > pipeline:process_bams:align_to_transcriptome (189)
[80/cb9cfd] Submitted process > pipeline:process_bams:align_to_transcriptome (190)
[2b/0eabf7] Submitted process > pipeline:process_bams:align_to_transcriptome (191)
[17/beff9f] Submitted process > pipeline:process_bams:align_to_transcriptome (192)
[68/37c232] Submitted process > pipeline:process_bams:align_to_transcriptome (193)
[25/26ed96] Submitted process > pipeline:process_bams:align_to_transcriptome (194)
[bb/3b8993] Submitted process > pipeline:process_bams:align_to_transcriptome (195)
[14/8cc995] Submitted process > pipeline:process_bams:align_to_transcriptome (196)
[5a/45d01b] Submitted process > pipeline:process_bams:align_to_transcriptome (197)
[14/7b5e83] Submitted process > pipeline:process_bams:align_to_transcriptome (198)
[f1/3cba02] Submitted process > pipeline:process_bams:align_to_transcriptome (199)
[25/4b86f2] Submitted process > pipeline:process_bams:align_to_transcriptome (200)
[eb/a3a027] Submitted process > pipeline:process_bams:align_to_transcriptome (201)
[ee/8e44fb] Submitted process > pipeline:process_bams:align_to_transcriptome (202)
[ce/4c7c7b] Submitted process > pipeline:process_bams:align_to_transcriptome (203)
[b3/fbba4a] Submitted process > pipeline:process_bams:align_to_transcriptome (204)
[1d/321f4b] Submitted process > pipeline:process_bams:align_to_transcriptome (205)
[89/1567bc] Submitted process > pipeline:process_bams:align_to_transcriptome (206)
[dd/7629b0] Submitted process > pipeline:process_bams:align_to_transcriptome (207)
[10/2d2744] Submitted process > pipeline:process_bams:align_to_transcriptome (208)
[a3/492ee9] Submitted process > pipeline:process_bams:align_to_transcriptome (209)
[cf/998540] Submitted process > pipeline:process_bams:align_to_transcriptome (210)
[c9/559e8d] Submitted process > pipeline:process_bams:align_to_transcriptome (211)
[a1/790175] Submitted process > pipeline:process_bams:align_to_transcriptome (212)
[00/13f186] Submitted process > pipeline:process_bams:align_to_transcriptome (213)
[63/de1e45] Submitted process > pipeline:process_bams:align_to_transcriptome (214)
[2d/d112e8] Submitted process > pipeline:process_bams:align_to_transcriptome (215)
[ad/f320c0] Submitted process > pipeline:process_bams:align_to_transcriptome (216)
[bf/b25c2d] Submitted process > pipeline:process_bams:align_to_transcriptome (217)
[b1/7bca83] Submitted process > pipeline:process_bams:align_to_transcriptome (218)
[d3/c4f806] Submitted process > pipeline:process_bams:align_to_transcriptome (219)
[61/1a0623] Submitted process > pipeline:process_bams:align_to_transcriptome (220)
[20/46eef7] Submitted process > pipeline:process_bams:align_to_transcriptome (221)
[8f/7d1efb] Submitted process > pipeline:process_bams:align_to_transcriptome (222)
[3f/79dd04] Submitted process > pipeline:process_bams:align_to_transcriptome (223)
[d6/c5a57e] Submitted process > pipeline:process_bams:align_to_transcriptome (224)
[b2/f9f7db] Submitted process > pipeline:process_bams:align_to_transcriptome (225)
[b8/240d1d] Submitted process > pipeline:process_bams:align_to_transcriptome (226)
[2f/e7f641] Submitted process > pipeline:process_bams:align_to_transcriptome (227)
[85/a302c5] Submitted process > pipeline:process_bams:align_to_transcriptome (228)
[d2/870dd0] Submitted process > pipeline:process_bams:align_to_transcriptome (229)
[33/17549a] Submitted process > pipeline:process_bams:align_to_transcriptome (230)
[f0/78124c] Submitted process > pipeline:process_bams:align_to_transcriptome (231)
[6f/b871fd] Submitted process > pipeline:process_bams:align_to_transcriptome (232)
[bb/0c76d7] Submitted process > pipeline:process_bams:align_to_transcriptome (233)
[7a/cc2a31] Submitted process > pipeline:process_bams:align_to_transcriptome (234)
[ca/af98b4] Submitted process > pipeline:process_bams:create_matrix (168)
[f7/b1c1b7] Submitted process > pipeline:process_bams:assign_features (169)
[9e/469b0a] Submitted process > pipeline:process_bams:assign_features (170)
[47/6331d4] Submitted process > pipeline:process_bams:assign_features (171)
[6e/f5cc1c] Submitted process > pipeline:process_bams:assign_features (172)
[59/bdc6a0] Submitted process > pipeline:process_bams:assign_features (173)
[38/712e0b] Submitted process > pipeline:process_bams:assign_features (174)
[0b/11601d] Submitted process > pipeline:process_bams:assign_features (175)
[ba/be091d] Submitted process > pipeline:process_bams:assign_features (176)
[fe/f95845] Submitted process > pipeline:process_bams:assign_features (177)
[2b/5a838a] Submitted process > pipeline:process_bams:assign_features (178)
[75/24d416] Submitted process > pipeline:process_bams:assign_features (179)
[64/9fa75b] Submitted process > pipeline:process_bams:assign_features (180)
[c0/3467a2] Submitted process > pipeline:process_bams:assign_features (181)
[5c/e4b48f] Submitted process > pipeline:process_bams:assign_features (182)
[86/ec7bf1] Submitted process > pipeline:process_bams:assign_features (183)
[d4/de7c54] Submitted process > pipeline:process_bams:assign_features (184)
[ae/818428] Submitted process > pipeline:process_bams:assign_features (185)
[9b/cbc587] Submitted process > pipeline:process_bams:assign_features (186)
[ca/0342cd] Submitted process > pipeline:process_bams:assign_features (187)
[b0/37f042] Submitted process > pipeline:process_bams:assign_features (188)
[15/95b88b] Submitted process > pipeline:process_bams:assign_features (189)
[da/36e6de] Submitted process > pipeline:process_bams:assign_features (190)
[7a/b1bf5e] Submitted process > pipeline:process_bams:assign_features (191)
[ed/77fc84] Submitted process > pipeline:process_bams:assign_features (192)
[cf/481e68] Submitted process > pipeline:process_bams:assign_features (193)
[4a/f4626f] Submitted process > pipeline:process_bams:assign_features (194)
[8a/ada214] Submitted process > pipeline:process_bams:assign_features (195)
[a6/fd7463] Submitted process > pipeline:process_bams:assign_features (196)
[3e/8fa77c] Submitted process > pipeline:process_bams:assign_features (197)
[bc/bbc4bd] Submitted process > pipeline:process_bams:assign_features (198)
[9b/acd381] Submitted process > pipeline:process_bams:assign_features (199)
[78/687263] Submitted process > pipeline:process_bams:assign_features (200)
[ae/2656c3] Submitted process > pipeline:process_bams:assign_features (201)
[03/fc4fa9] Submitted process > pipeline:process_bams:assign_features (202)
[86/a41a4b] Submitted process > pipeline:process_bams:assign_features (203)
[5c/8729a5] Submitted process > pipeline:process_bams:assign_features (204)
[96/b6a7c0] Submitted process > pipeline:process_bams:assign_features (205)
[00/cc348e] Submitted process > pipeline:process_bams:assign_features (206)
[bb/4004e0] Submitted process > pipeline:process_bams:assign_features (207)
[e8/e4365d] Submitted process > pipeline:process_bams:assign_features (208)
[db/a59a16] Submitted process > pipeline:process_bams:assign_features (209)
[57/1e0110] Submitted process > pipeline:process_bams:assign_features (210)
[3f/981038] Submitted process > pipeline:process_bams:assign_features (211)
[8d/909bcc] Submitted process > pipeline:process_bams:assign_features (212)
[f0/4bf6de] Submitted process > pipeline:process_bams:assign_features (213)
[e5/253464] Submitted process > pipeline:process_bams:assign_features (214)
[fa/6d19c6] Submitted process > pipeline:process_bams:assign_features (215)
[32/14a98d] Submitted process > pipeline:process_bams:assign_features (216)
[3d/49197a] Submitted process > pipeline:process_bams:assign_features (217)
[65/6eb973] Submitted process > pipeline:process_bams:create_matrix (169)
[83/8edab4] Submitted process > pipeline:process_bams:create_matrix (170)
[f6/a0aeaf] Submitted process > pipeline:process_bams:create_matrix (171)
[06/65c0f2] Submitted process > pipeline:process_bams:create_matrix (172)
[fd/2d42eb] Submitted process > pipeline:process_bams:create_matrix (173)
[13/cddb2c] Submitted process > pipeline:process_bams:create_matrix (174)
[f5/d0f4ab] Submitted process > pipeline:process_bams:create_matrix (175)
[e6/681bde] Submitted process > pipeline:process_bams:create_matrix (176)
[93/97b1ab] Submitted process > pipeline:process_bams:create_matrix (177)
[05/7b3721] Submitted process > pipeline:process_bams:create_matrix (178)
[f0/8786cd] Submitted process > pipeline:process_bams:create_matrix (179)
[37/c30082] Submitted process > pipeline:process_bams:create_matrix (180)
[3c/4acf5c] Submitted process > pipeline:process_bams:create_matrix (181)
[15/2ad3ed] Submitted process > pipeline:process_bams:create_matrix (182)
[d6/4a8211] Submitted process > pipeline:process_bams:create_matrix (183)
[0c/4c92ed] Submitted process > pipeline:process_bams:create_matrix (184)
[32/d0f0b0] Submitted process > pipeline:process_bams:create_matrix (185)
[d9/45fbd6] Submitted process > pipeline:process_bams:create_matrix (186)
[87/c0ed9c] Submitted process > pipeline:process_bams:create_matrix (187)
[44/50ede5] Submitted process > pipeline:process_bams:create_matrix (188)
[b6/3a342d] Submitted process > pipeline:process_bams:create_matrix (189)
[31/f745a5] Submitted process > pipeline:process_bams:create_matrix (190)
[7e/a738b3] Submitted process > pipeline:process_bams:create_matrix (191)
[72/37f8fd] Submitted process > pipeline:process_bams:create_matrix (192)
[93/ccb6cf] Submitted process > pipeline:process_bams:create_matrix (193)
[b7/292b80] Submitted process > pipeline:process_bams:create_matrix (194)
[04/a20c17] Submitted process > pipeline:process_bams:create_matrix (195)
[36/079ea3] Submitted process > pipeline:process_bams:create_matrix (196)
[76/c8f822] Submitted process > pipeline:process_bams:create_matrix (197)
[a9/cd26a6] Submitted process > pipeline:process_bams:create_matrix (198)
[2c/3be800] Submitted process > pipeline:process_bams:create_matrix (199)
[89/6c8340] Submitted process > pipeline:process_bams:create_matrix (200)
[0f/73c459] Submitted process > pipeline:process_bams:create_matrix (201)
[87/7a95e4] Submitted process > pipeline:process_bams:create_matrix (202)
[1c/2e729c] Submitted process > pipeline:process_bams:create_matrix (203)
[ce/0540eb] Submitted process > pipeline:process_bams:create_matrix (204)
[e5/14bc53] Submitted process > pipeline:process_bams:create_matrix (205)
[23/898063] Submitted process > pipeline:process_bams:create_matrix (206)
[3e/690edc] Submitted process > pipeline:process_bams:create_matrix (207)
[8b/80e85c] Submitted process > pipeline:process_bams:create_matrix (208)
[a2/ab8bda] Submitted process > pipeline:process_bams:create_matrix (209)
[08/dc8b7f] Submitted process > pipeline:process_bams:create_matrix (210)
[65/00418c] Submitted process > pipeline:process_bams:create_matrix (211)
[d4/8c6aae] Submitted process > pipeline:process_bams:create_matrix (212)
[3d/e2ec80] Submitted process > pipeline:process_bams:create_matrix (213)
[2c/8abbc6] Submitted process > pipeline:process_bams:create_matrix (214)
[ef/eaf787] Submitted process > pipeline:process_bams:create_matrix (215)
[a4/8eef08] Submitted process > pipeline:process_bams:create_matrix (216)
[83/afc558] Submitted process > pipeline:process_bams:create_matrix (217)
[bf/2786d8] Submitted process > pipeline:process_bams:merge_transcriptome (6)
[97/fe52ff] Submitted process > pipeline:process_bams:merge_transcriptome (5)
[eb/66a13a] Submitted process > pipeline:process_bams:merge_transcriptome (4)
[e9/d3fcfc] Submitted process > pipeline:process_bams:merge_transcriptome (2)
[29/8be26a] Submitted process > pipeline:process_bams:merge_transcriptome (1)
[35/855769] Submitted process > pipeline:process_bams:merge_transcriptome (3)
[3e/2d447b] Submitted process > pipeline:process_bams:tag_bam (6)
[0b/75db8c] Submitted process > pipeline:process_bams:combine_final_tag_files (6)
[65/24b554] Submitted process > pipeline:process_bams:tag_bam (5)
[ce/b53694] Submitted process > pipeline:process_bams:combine_final_tag_files (5)
[37/cd2323] Submitted process > pipeline:process_bams:tag_bam (3)
[78/412def] Submitted process > pipeline:process_bams:combine_final_tag_files (3)
[c2/53a1cc] Submitted process > pipeline:process_bams:tag_bam (2)
[d8/6591cc] Submitted process > pipeline:process_bams:combine_final_tag_files (2)
[14/005e61] Submitted process > pipeline:process_bams:combine_final_tag_files (1)
[64/b7fd8e] Submitted process > pipeline:process_bams:tag_bam (4)
[28/6c3392] Submitted process > pipeline:process_bams:combine_final_tag_files (4)
[37/f79eb0] Submitted process > pipeline:process_bams:process_matrix (3)
[f9/e04ade] Submitted process > pipeline:process_bams:process_matrix (4)
[c1/d16a35] Submitted process > pipeline:process_bams:process_matrix (11)
[24/95d7ad] Submitted process > pipeline:process_bams:process_matrix (6)
[77/861fb2] Submitted process > pipeline:process_bams:process_matrix (9)
[1a/7d6882] Submitted process > pipeline:process_bams:process_matrix (2)
[cc/54523e] Submitted process > pipeline:process_bams:process_matrix (5)
[c6/80e3d1] Submitted process > pipeline:prepare_report_data (1)
[1d/295ead] Submitted process > pipeline:process_bams:process_matrix (8)
[89/d5566f] Submitted process > pipeline:process_bams:process_matrix (10)
[dc/f76eb2] Submitted process > pipeline:process_bams:tag_bam (1)
[6e/4f78f8] Submitted process > pipeline:process_bams:process_matrix (1)
[b5/9346ad] Submitted process > pipeline:process_bams:process_matrix (12)
[94/8c3210] Submitted process > pipeline:process_bams:process_matrix (7)
[2a/4a7b37] Submitted process > pipeline:prepare_report_data (2)
[70/ea15a4] Submitted process > pipeline:process_bams:umi_gene_saturation (1)
[22/bf8cc6] Submitted process > pipeline:prepare_report_data (3)
[0c/0433ca] Submitted process > pipeline:process_bams:umi_gene_saturation (2)
[82/636673] Submitted process > pipeline:process_bams:umi_gene_saturation (3)
[78/9c7fa1] Submitted process > pipeline:process_bams:umi_gene_saturation (4)
[f1/1ff076] Submitted process > pipeline:process_bams:umi_gene_saturation (5)
[c0/c4f4eb] Submitted process > pipeline:process_bams:umi_gene_saturation (6)
[c1/195487] Submitted process > pipeline:prepare_report_data (4)
[21/5e968d] Submitted process > pipeline:process_bams:pack_images (3)
[07/6ccefa] Submitted process > pipeline:process_bams:pack_images (6)
[d3/a5aa3c] Submitted process > pipeline:process_bams:pack_images (4)
[03/7e03b8] Submitted process > pipeline:process_bams:pack_images (1)
[52/3adf2a] Submitted process > pipeline:process_bams:pack_images (5)
[5a/3558f7] Submitted process > pipeline:process_bams:pack_images (2)
[f6/5e84ca] Submitted process > pipeline:prepare_report_data (5)
[aa/158240] Submitted process > pipeline:prepare_report_data (6)
[00/1769e5] Submitted process > pipeline:makeReport (1)
Removed /scratch/indikar_root/indikar1/shared_data/hsc_epi2me_full/work/9d/33f5d212a272cb8043a4fe35bd9b46
Removed /scratch/indikar_root/indikar1/shared_data/hsc_epi2me_full/work/e8/3dcfa2efbcccee005671e9df97c6dc
Removed /scratch/indikar_root/indikar1/shared_data/hsc_epi2me_full/work/60/25ea14b245d694159e65aba92a2f5e
Removed /scratch/indikar_root/indikar1/shared_data/hsc_epi2me_full/work/b2/a014dd8562358b11b2d037f380079b
Removed /scratch/indikar_root/indikar1/shared_data/hsc_epi2me_full/work/9b/64dce4c727723b6a6cd1c5d051229a
Removed /scratch/indikar_root/indikar1/shared_data/hsc_epi2me_full/work/fc/a48ed5deaa5882ae37204666166a58
Removed /scratch/indikar_root/indikar1/shared_data/hsc_epi2me_full/work/9e/e5d7485d94d43d026957dd1b266460
Removed /scratch/indikar_root/indikar1/shared_data/hsc_epi2me_full/work/b3/5439545c62a489343a27eac865a37e
Removed /scratch/indikar_root/indikar1/shared_data/hsc_epi2me_full/work/7a/68a397c1c03ea5f0b9cce957974716
Removed /scratch/indikar_root/indikar1/shared_data/hsc_epi2me_full/work/18/7bffa9c026cda3fb1654707dd8895a
Removed /scratch/indikar_root/indikar1/shared_data/hsc_epi2me_full/work/10/5dca252aa66843e68a9cbfcc113bd9
Removed /scratch/indikar_root/indikar1/shared_data/hsc_epi2me_full/work/58/50f6a8e508e9c633c490c25c53c18d
Removed /scratch/indikar_root/indikar1/shared_data/hsc_epi2me_full/work/1e/20392f2e7179cd64b0694d2bfd4148
Removed /scratch/indikar_root/indikar1/shared_data/hsc_epi2me_full/work/4b/4009c822b2b85a02f5a1944cfb4a5c
Removed /scratch/indikar_root/indikar1/shared_data/hsc_epi2me_full/work/38/f8c109092393968a9a55a0d7fee84c
Removed /scratch/indikar_root/indikar1/shared_data/hsc_epi2me_full/work/99/aea391f12d9dfc2978361ce89e9ef7
Removed /scratch/indikar_root/indikar1/shared_data/hsc_epi2me_full/work/cd/a775f05c9b842cd67a21f48c59d0f6
Removed /scratch/indikar_root/indikar1/shared_data/hsc_epi2me_full/work/bc/400a7e855c16a89610fa5cf7be401f
Removed /scratch/indikar_root/indikar1/shared_data/hsc_epi2me_full/work/6d/f14ffe545caf8ec6bce5ca4bd9b4b6
Removed /scratch/indikar_root/indikar1/shared_data/hsc_epi2me_full/work/93/fb3b938d0017f01d5116a333a1fbde
Removed /scratch/indikar_root/indikar1/shared_data/hsc_epi2me_full/work/d7/e37853584b04603a02bc5ce845fe4e
Removed /scratch/indikar_root/indikar1/shared_data/hsc_epi2me_full/work/aa/d79d13264d0627a860bf187366aa1c
Removed /scratch/indikar_root/indikar1/shared_data/hsc_epi2me_full/work/d2/b8a303d5013726ad3966c3d50c5001
Removed /scratch/indikar_root/indikar1/shared_data/hsc_epi2me_full/work/00/98e88a26f5194c7b5afc02c26077b2
Removed /scratch/indikar_root/indikar1/shared_data/hsc_epi2me_full/work/df/0c6936df2668604f154115a4960069
Removed /scratch/indikar_root/indikar1/shared_data/hsc_epi2me_full/work/93/f8aa3c7cc1bc84c274f6cb53db3f0d
Removed /scratch/indikar_root/indikar1/shared_data/hsc_epi2me_full/work/d4/9eee3e760f2aae6609f156b456b318
Removed /scratch/indikar_root/indikar1/shared_data/hsc_epi2me_full/work/3a/fbf30e969843e4b4700c19ac60e0e4
Removed /scratch/indikar_root/indikar1/shared_data/hsc_epi2me_full/work/ba/19bc8105b655c2db29bfe271099875
Removed /scratch/indikar_root/indikar1/shared_data/hsc_epi2me_full/work/b8/f6fdc4d18afc8c08b762ce4e4db8c7
Removed /scratch/indikar_root/indikar1/shared_data/hsc_epi2me_full/work/f2/637410d027826604b636f863f496f6
Removed /scratch/indikar_root/indikar1/shared_data/hsc_epi2me_full/work/0f/df4bcb9b26555a77f19bf0ea0c59a1
Removed /scratch/indikar_root/indikar1/shared_data/hsc_epi2me_full/work/ff/13b911ee77b3348349f1f0e0db813e
Removed /scratch/indikar_root/indikar1/shared_data/hsc_epi2me_full/work/dd/c3a7dfa5274150d42c8d160deac31a
Removed /scratch/indikar_root/indikar1/shared_data/hsc_epi2me_full/work/2c/98c8945847ba65a7c3e91707eda9ab
Removed /scratch/indikar_root/indikar1/shared_data/hsc_epi2me_full/work/ce/1989e10cac644b254907061bb17482
Removed /scratch/indikar_root/indikar1/shared_data/hsc_epi2me_full/work/95/c31500abf5dc0648cd6ad72a4837f3
Removed /scratch/indikar_root/indikar1/shared_data/hsc_epi2me_full/work/8d/675a15bee0665279357de1b16ee0f7
Removed /scratch/indikar_root/indikar1/shared_data/hsc_epi2me_full/work/71/cef5acc87a4142b944308633f3a545
Removed /scratch/indikar_root/indikar1/shared_data/hsc_epi2me_full/work/dc/86dc43f45802b0d6d72a6498f753d7
Removed /scratch/indikar_root/indikar1/shared_data/hsc_epi2me_full/work/20/374285d4490d170499451b3006c3e6
Removed /scratch/indikar_root/indikar1/shared_data/hsc_epi2me_full/work/b9/358d09c7b8b6bd265d648a3ea1a561
Removed /scratch/indikar_root/indikar1/shared_data/hsc_epi2me_full/work/ea/3c5e719f1002451a879ddc4195196c
Removed /scratch/indikar_root/indikar1/shared_data/hsc_epi2me_full/work/f1/ed117fe714ed2fdfcda6df4a9575bd
Removed /scratch/indikar_root/indikar1/shared_data/hsc_epi2me_full/work/9c/8e156d972fdb23835271631d0414a6
Removed /scratch/indikar_root/indikar1/shared_data/hsc_epi2me_full/work/ce/c36be7ca4a007e1bb55d0a50463d7a
Removed /scratch/indikar_root/indikar1/shared_data/hsc_epi2me_full/work/9e/f66bc6cac813607771b6f92434860c
Removed /scratch/indikar_root/indikar1/shared_data/hsc_epi2me_full/work/9e/9356c3eca57281bc9523f37bc092b5
Removed /scratch/indikar_root/indikar1/shared_data/hsc_epi2me_full/work/db/f0cba24be2e6323c1cb3fe83b443c1
Removed /scratch/indikar_root/indikar1/shared_data/hsc_epi2me_full/work/a2/3af5992e2d3ee32c61a363ec464b73
Removed /scratch/indikar_root/indikar1/shared_data/hsc_epi2me_full/work/52/b8d0af9728d28e1f07cb6a225857fe
Removed /scratch/indikar_root/indikar1/shared_data/hsc_epi2me_full/work/fa/b33a27a912d74d54c6a8f2160122cc
Removed /scratch/indikar_root/indikar1/shared_data/hsc_epi2me_full/work/e8/2a74c2cff83c2ee5b2e29a63df3f2e
Removed /scratch/indikar_root/indikar1/shared_data/hsc_epi2me_full/work/eb/8372f5067eeade2a4fce9d17180b3c
Removed /scratch/indikar_root/indikar1/shared_data/hsc_epi2me_full/work/2f/2d8580e37ce044c8f1a88bec44a57e
Removed /scratch/indikar_root/indikar1/shared_data/hsc_epi2me_full/work/32/7d7bfea35f74739f01bf64eb6451fc
Removed /scratch/indikar_root/indikar1/shared_data/hsc_epi2me_full/work/12/ce3bbc14d0fc4d9f73d22aec201f5a
Removed /scratch/indikar_root/indikar1/shared_data/hsc_epi2me_full/work/63/be2fbbf53e10f42bd4ba95bec17339
Removed /scratch/indikar_root/indikar1/shared_data/hsc_epi2me_full/work/04/2cab9f258ca74c65d68b625db6d59d
Removed /scratch/indikar_root/indikar1/shared_data/hsc_epi2me_full/work/f2/6987883253bb22c9c7c1093cee4442
Removed /scratch/indikar_root/indikar1/shared_data/hsc_epi2me_full/work/a4/a87bbc6f079e28d743b1f5ca2bfbec
Removed /scratch/indikar_root/indikar1/shared_data/hsc_epi2me_full/work/b0/60d9b6814019203025642a01b2a420
Removed /scratch/indikar_root/indikar1/shared_data/hsc_epi2me_full/work/8f/04d2f5f9aceb485f807b4ca027c2d0
Removed /scratch/indikar_root/indikar1/shared_data/hsc_epi2me_full/work/18/dcb1479e1e9cd023c307c16a9b736c
Removed /scratch/indikar_root/indikar1/shared_data/hsc_epi2me_full/work/17/60c784a4a5369eff8b47d0c78ffd85
Removed /scratch/indikar_root/indikar1/shared_data/hsc_epi2me_full/work/2d/243d5be00dd0109dc0da977f09100a
Removed /scratch/indikar_root/indikar1/shared_data/hsc_epi2me_full/work/dc/e7655e8ae82cd6de4a55f66fbfaf8f
Removed /scratch/indikar_root/indikar1/shared_data/hsc_epi2me_full/work/cc/9144ffc14d2538dd989ed0f0812e8d
Removed /scratch/indikar_root/indikar1/shared_data/hsc_epi2me_full/work/5c/49878ecf117322e9f261e1dca2e58c
Removed /scratch/indikar_root/indikar1/shared_data/hsc_epi2me_full/work/e9/0492dc9a7c14c3b914463cb3bfce5d
Removed /scratch/indikar_root/indikar1/shared_data/hsc_epi2me_full/work/2f/4af587f9354937c3ceaa828488655c
Removed /scratch/indikar_root/indikar1/shared_data/hsc_epi2me_full/work/04/53c62881ddc10b0554ff89fbb6dd50
Removed /scratch/indikar_root/indikar1/shared_data/hsc_epi2me_full/work/9f/05f5c29340900d543793df011c9e0e
Removed /scratch/indikar_root/indikar1/shared_data/hsc_epi2me_full/work/15/89d7b15d653ffdc0abc7913b4ee33d
Removed /scratch/indikar_root/indikar1/shared_data/hsc_epi2me_full/work/02/93f7ce428291bc9d594e32deb99810
Removed /scratch/indikar_root/indikar1/shared_data/hsc_epi2me_full/work/9c/5900817fe644d09b0c40354d4c7de6
Removed /scratch/indikar_root/indikar1/shared_data/hsc_epi2me_full/work/f5/c5fd13fe63639d0af926e96a309ce5
Removed /scratch/indikar_root/indikar1/shared_data/hsc_epi2me_full/work/bf/25d90131fc3bd7f3f08e098625c122
Removed /scratch/indikar_root/indikar1/shared_data/hsc_epi2me_full/work/b1/b2d75a1b68cfefee8dfa1d81ce7159
Removed /scratch/indikar_root/indikar1/shared_data/hsc_epi2me_full/work/ef/7195857856b0fef7b0669f113aab38
Removed /scratch/indikar_root/indikar1/shared_data/hsc_epi2me_full/work/40/6965076aebf8d4d2ad2d826c70bb74
Removed /scratch/indikar_root/indikar1/shared_data/hsc_epi2me_full/work/b6/806f9d5aac4f72684651c6cc697fcc
Removed /scratch/indikar_root/indikar1/shared_data/hsc_epi2me_full/work/56/9915a77ebdf3a5be62a9ae841b881b
Removed /scratch/indikar_root/indikar1/shared_data/hsc_epi2me_full/work/17/b7ea4db6bc5e2c610884b65d4767e0
Removed /scratch/indikar_root/indikar1/shared_data/hsc_epi2me_full/work/0d/f77d17dd8eeb5c7385f80e1f346fc7
Removed /scratch/indikar_root/indikar1/shared_data/hsc_epi2me_full/work/13/0e6cefabb389e5a7656becc862212a
Removed /scratch/indikar_root/indikar1/shared_data/hsc_epi2me_full/work/94/4c1b2f6d90e91bec2f1980d7b2a328
Removed /scratch/indikar_root/indikar1/shared_data/hsc_epi2me_full/work/30/c938a3dfa2cc701e57fd549a32215f
Removed /scratch/indikar_root/indikar1/shared_data/hsc_epi2me_full/work/d4/f5ec9d509d3cf633838c6df53b7867
Removed /scratch/indikar_root/indikar1/shared_data/hsc_epi2me_full/work/71/3dbd8bba2d04df4c6bc5cd5130c41c
Removed /scratch/indikar_root/indikar1/shared_data/hsc_epi2me_full/work/d2/d61fcd28e34366dbb9f6289dee7ad4
Removed /scratch/indikar_root/indikar1/shared_data/hsc_epi2me_full/work/04/298cfeccb374459c38efb87c36d7f2
Removed /scratch/indikar_root/indikar1/shared_data/hsc_epi2me_full/work/5c/e616343f03f6d1f6ac8629fa98a718
Removed /scratch/indikar_root/indikar1/shared_data/hsc_epi2me_full/work/0b/20ecfc1ec5c2f425566c8739d8a1b5
Removed /scratch/indikar_root/indikar1/shared_data/hsc_epi2me_full/work/c6/9a54b68ae02856acc79156355e9f3b
Removed /scratch/indikar_root/indikar1/shared_data/hsc_epi2me_full/work/3d/24c855f64175d0041edcf2044d7b76
Removed /scratch/indikar_root/indikar1/shared_data/hsc_epi2me_full/work/fd/cf06df948fb465d15cb260c210dbf5
Removed /scratch/indikar_root/indikar1/shared_data/hsc_epi2me_full/work/6d/06548d464408b288db3eb0d25c05e6
Removed /scratch/indikar_root/indikar1/shared_data/hsc_epi2me_full/work/bf/b80f3236d58d8610ca816df36f629b
Removed /scratch/indikar_root/indikar1/shared_data/hsc_epi2me_full/work/a8/7238bbb29a4a690c2e6a9b1b116660
Removed /scratch/indikar_root/indikar1/shared_data/hsc_epi2me_full/work/78/fad3c739012fdc1c6996451896472f
Removed /scratch/indikar_root/indikar1/shared_data/hsc_epi2me_full/work/13/1aabb2740377f255a078054d41a52b
Removed /scratch/indikar_root/indikar1/shared_data/hsc_epi2me_full/work/e3/ee473ee835e5f272b864d2a2ca24de
Removed /scratch/indikar_root/indikar1/shared_data/hsc_epi2me_full/work/96/fc95136d4f8b05bd7e6358b8dd4aff
Removed /scratch/indikar_root/indikar1/shared_data/hsc_epi2me_full/work/b1/586819f1e6d13e5ef010ba4dd63ac0
Removed /scratch/indikar_root/indikar1/shared_data/hsc_epi2me_full/work/2b/38efb99caddcbba269cf4b09060223
Removed /scratch/indikar_root/indikar1/shared_data/hsc_epi2me_full/work/22/a791253fbf64ed98b59286d464de16
Removed /scratch/indikar_root/indikar1/shared_data/hsc_epi2me_full/work/30/7517d85b7f27c1cbcfeccdbe4dc2b8
Removed /scratch/indikar_root/indikar1/shared_data/hsc_epi2me_full/work/3c/a570aa0c47b4bc22675b05ce415104
Removed /scratch/indikar_root/indikar1/shared_data/hsc_epi2me_full/work/be/b8c1f32669d5b224c7e465840c489e
Removed /scratch/indikar_root/indikar1/shared_data/hsc_epi2me_full/work/2d/5affd0a7db44f5cf36c6bf4bce2ebb
Removed /scratch/indikar_root/indikar1/shared_data/hsc_epi2me_full/work/22/5937f855c329ee7cb73d3dff08caff
Removed /scratch/indikar_root/indikar1/shared_data/hsc_epi2me_full/work/24/ce962d236007778a7804fb1a3cea2f
Removed /scratch/indikar_root/indikar1/shared_data/hsc_epi2me_full/work/22/08a67a666e2d282c9338cfd5280b6a
Removed /scratch/indikar_root/indikar1/shared_data/hsc_epi2me_full/work/42/f394285ad136a88947cd2928c802a3
Removed /scratch/indikar_root/indikar1/shared_data/hsc_epi2me_full/work/dc/2221df1749fe2bd15b9a3091cfa9f6
Removed /scratch/indikar_root/indikar1/shared_data/hsc_epi2me_full/work/c7/3d9e8bfdab04e0d7cc99d51e4ad27e
Removed /scratch/indikar_root/indikar1/shared_data/hsc_epi2me_full/work/80/6639a140d2682654a7453dc896b38a
Removed /scratch/indikar_root/indikar1/shared_data/hsc_epi2me_full/work/44/569bf8315dc8ca1fd5e103e7d47309
Removed /scratch/indikar_root/indikar1/shared_data/hsc_epi2me_full/work/fa/457eac5737a794041ce168c65c4c2c
Removed /scratch/indikar_root/indikar1/shared_data/hsc_epi2me_full/work/d4/0f5b0747e3906d1b7fb4188b5a64c7
Removed /scratch/indikar_root/indikar1/shared_data/hsc_epi2me_full/work/8f/2fa8c3a38c115c2fa4a33646c6bc0c
Removed /scratch/indikar_root/indikar1/shared_data/hsc_epi2me_full/work/c9/a0771eaf2c16f762d197badee69da1
Removed /scratch/indikar_root/indikar1/shared_data/hsc_epi2me_full/work/f5/8f6112e307817ea85243edc38202e2
Removed /scratch/indikar_root/indikar1/shared_data/hsc_epi2me_full/work/ef/1a5addd893c726db39925739976e9b
Removed /scratch/indikar_root/indikar1/shared_data/hsc_epi2me_full/work/70/11ff4a471d30543c82d3edab62166e
Removed /scratch/indikar_root/indikar1/shared_data/hsc_epi2me_full/work/f4/e32c37132787a51db75419a1eb9ceb
Removed /scratch/indikar_root/indikar1/shared_data/hsc_epi2me_full/work/ba/c00057efadfdf19aff448dda954a61
Removed /scratch/indikar_root/indikar1/shared_data/hsc_epi2me_full/work/0d/bcb17f74820db2dc666c56a6ce4874
Removed /scratch/indikar_root/indikar1/shared_data/hsc_epi2me_full/work/c5/05b2eb90a4a3185b43f56d332124ec
Removed /scratch/indikar_root/indikar1/shared_data/hsc_epi2me_full/work/13/03d34376bab6a8acfd43766a6e1a19
Removed /scratch/indikar_root/indikar1/shared_data/hsc_epi2me_full/work/04/f12c7bfc7ff4e50dd853ac40518a23
Removed /scratch/indikar_root/indikar1/shared_data/hsc_epi2me_full/work/d6/daa9b2b14f44aa6f8584d856b50c6e
Removed /scratch/indikar_root/indikar1/shared_data/hsc_epi2me_full/work/35/d0fe668077a7e5435a8d76c0b6c3c1
Removed /scratch/indikar_root/indikar1/shared_data/hsc_epi2me_full/work/a0/2f078411f0844d4a2b42b53646eeea
Removed /scratch/indikar_root/indikar1/shared_data/hsc_epi2me_full/work/7d/55a373fd8af2d7e3f76fcd0fb01378
Removed /scratch/indikar_root/indikar1/shared_data/hsc_epi2me_full/work/b0/6900ac3bffa8aedb797cd09900182a
Removed /scratch/indikar_root/indikar1/shared_data/hsc_epi2me_full/work/86/a5a250f3cc0959d8c6d4cc3af79675
Removed /scratch/indikar_root/indikar1/shared_data/hsc_epi2me_full/work/c4/ee88436b7c3a7f27985079fcdba083
Removed /scratch/indikar_root/indikar1/shared_data/hsc_epi2me_full/work/32/066b0c0fe96df3090d442d0ce853d2
Removed /scratch/indikar_root/indikar1/shared_data/hsc_epi2me_full/work/e1/ee02aed5ae768160d06105b32810c7
Removed /scratch/indikar_root/indikar1/shared_data/hsc_epi2me_full/work/a7/c4dfda31159d524d0ff1c617ab4bc5
Removed /scratch/indikar_root/indikar1/shared_data/hsc_epi2me_full/work/72/b2d79aeea9a50bdb3d894ff20dbefc
Removed /scratch/indikar_root/indikar1/shared_data/hsc_epi2me_full/work/8f/79bee25c489f9518c0c1efbd89f779
Removed /scratch/indikar_root/indikar1/shared_data/hsc_epi2me_full/work/b8/2a8c8a4b66b63c77766f00dedb16dc
Removed /scratch/indikar_root/indikar1/shared_data/hsc_epi2me_full/work/a3/a64c972b5f59679cf3670fecf83444
Removed /scratch/indikar_root/indikar1/shared_data/hsc_epi2me_full/work/b7/68e486ea589572c4022018bc0c4422
Removed /scratch/indikar_root/indikar1/shared_data/hsc_epi2me_full/work/37/5d47c29124f7b1d0a0e87804a37649
Removed /scratch/indikar_root/indikar1/shared_data/hsc_epi2me_full/work/61/f7739cbda5e75cf5c4f11939cf4b0e
Removed /scratch/indikar_root/indikar1/shared_data/hsc_epi2me_full/work/2a/62605bdc0940fd157005d7e783b689
Removed /scratch/indikar_root/indikar1/shared_data/hsc_epi2me_full/work/63/42ad60373c2df6c515c762f022ef75
Removed /scratch/indikar_root/indikar1/shared_data/hsc_epi2me_full/work/58/09c418e4eae7cb39b935188ddcba6d
Removed /scratch/indikar_root/indikar1/shared_data/hsc_epi2me_full/work/19/22b75e712e89ec2134fd08ce1ef4d0
Removed /scratch/indikar_root/indikar1/shared_data/hsc_epi2me_full/work/23/3ee8609e97c08f6e67f3f6319e6e34
Removed /scratch/indikar_root/indikar1/shared_data/hsc_epi2me_full/work/26/4c5794b3df58705c0a94420c7d41e8
Removed /scratch/indikar_root/indikar1/shared_data/hsc_epi2me_full/work/af/8f5b6f9f09b10fed06e44fc50b37bb
Removed /scratch/indikar_root/indikar1/shared_data/hsc_epi2me_full/work/b4/536cf0ecf75d93105f0f8875e8e078
Removed /scratch/indikar_root/indikar1/shared_data/hsc_epi2me_full/work/58/d4e8a767751c16dfdce803b2c937a8
Removed /scratch/indikar_root/indikar1/shared_data/hsc_epi2me_full/work/f7/e4eeb762b0f4d2ccc61ecea7479327
Removed /scratch/indikar_root/indikar1/shared_data/hsc_epi2me_full/work/85/b2c4a1649d50bf1d422e6d3ff9ab80
Removed /scratch/indikar_root/indikar1/shared_data/hsc_epi2me_full/work/75/3934db05215ca86c87ba5a7194f4fa
Removed /scratch/indikar_root/indikar1/shared_data/hsc_epi2me_full/work/e9/59e4ba7ba11bce94ae2315579c1afe
Removed /scratch/indikar_root/indikar1/shared_data/hsc_epi2me_full/work/f0/8c5fb5565adac12a3cb6175f612cd3
Removed /scratch/indikar_root/indikar1/shared_data/hsc_epi2me_full/work/da/3778d248ed15f9f771d0fb023bf4f8
Removed /scratch/indikar_root/indikar1/shared_data/hsc_epi2me_full/work/0d/96fc29c49d2b62b44011e204405fc9
Removed /scratch/indikar_root/indikar1/shared_data/hsc_epi2me_full/work/16/6a1691849fa61e941f32246510ed51
Removed /scratch/indikar_root/indikar1/shared_data/hsc_epi2me_full/work/c1/e9f28dbd986cff587cda5aac0ced2e
Removed /scratch/indikar_root/indikar1/shared_data/hsc_epi2me_full/work/df/2b0928097ef83999ff44bb35508ca0
Removed /scratch/indikar_root/indikar1/shared_data/hsc_epi2me_full/work/94/9690c39761871c3ded9e7d8d096ffd
Removed /scratch/indikar_root/indikar1/shared_data/hsc_epi2me_full/work/5b/8948d3fd60eaced7e7329e4aa1a9ce
Removed /scratch/indikar_root/indikar1/shared_data/hsc_epi2me_full/work/cd/27474a706e02e7917ad3b7aa589bcc
Removed /scratch/indikar_root/indikar1/shared_data/hsc_epi2me_full/work/0d/706c77f168d07d968b3caea29732f7
Removed /scratch/indikar_root/indikar1/shared_data/hsc_epi2me_full/work/5b/f4426d58b0cfabc9f96d35e998a91d
Removed /scratch/indikar_root/indikar1/shared_data/hsc_epi2me_full/work/4c/4bcabcc6a59d5374ab24f8f6158c3c
Removed /scratch/indikar_root/indikar1/shared_data/hsc_epi2me_full/work/e5/c9e85333bfe37b65886ec577ee7aa1
Removed /scratch/indikar_root/indikar1/shared_data/hsc_epi2me_full/work/fc/163748ded8460635bc67f211a2801c
Removed /scratch/indikar_root/indikar1/shared_data/hsc_epi2me_full/work/4c/eacebf102a52b12aebc99474a7d2fc
Removed /scratch/indikar_root/indikar1/shared_data/hsc_epi2me_full/work/e3/8641235f58d9b1a838357e55ea440c
Removed /scratch/indikar_root/indikar1/shared_data/hsc_epi2me_full/work/c6/2f66fbb744b331b29d70470422280c
Removed /scratch/indikar_root/indikar1/shared_data/hsc_epi2me_full/work/05/729df5f22b04a489fa43146fbc64ff
Removed /scratch/indikar_root/indikar1/shared_data/hsc_epi2me_full/work/de/cdc0a09eb54bc0bd5e89cd1da36381
Removed /scratch/indikar_root/indikar1/shared_data/hsc_epi2me_full/work/eb/7f65e7c11efd6022651dfbc0b2f7b6
Removed /scratch/indikar_root/indikar1/shared_data/hsc_epi2me_full/work/78/d0cb3f8476388c5e7a8feaaed5d12e
Removed /scratch/indikar_root/indikar1/shared_data/hsc_epi2me_full/work/f8/aa24cdc6a3b676a7214e288e87f2ff
Removed /scratch/indikar_root/indikar1/shared_data/hsc_epi2me_full/work/b0/637cfcb8b088eba5aaee9af89b630c
Removed /scratch/indikar_root/indikar1/shared_data/hsc_epi2me_full/work/75/3459fcdeab915f35a84b2f10e93113
Removed /scratch/indikar_root/indikar1/shared_data/hsc_epi2me_full/work/ea/1634b5b06dfa07f3f30054b45aa29c
Removed /scratch/indikar_root/indikar1/shared_data/hsc_epi2me_full/work/78/f09aa60805325c8b8052e7c5f706e4
Removed /scratch/indikar_root/indikar1/shared_data/hsc_epi2me_full/work/5a/f57dc05477bd59f2dd0f789121a63c
Removed /scratch/indikar_root/indikar1/shared_data/hsc_epi2me_full/work/df/8f745d121ea7fdc77f8d58814ce4c5
Removed /scratch/indikar_root/indikar1/shared_data/hsc_epi2me_full/work/6b/4fc2242fe35e8b8b8be3c749d36ebf
Removed /scratch/indikar_root/indikar1/shared_data/hsc_epi2me_full/work/c8/672897ead08e75dd328ca16f8aa24c
Removed /scratch/indikar_root/indikar1/shared_data/hsc_epi2me_full/work/fc/2366ba8c6cc226c5d2b05d05daae38
Removed /scratch/indikar_root/indikar1/shared_data/hsc_epi2me_full/work/d9/f0472cd0ab120072ce0b9d2148069d
Removed /scratch/indikar_root/indikar1/shared_data/hsc_epi2me_full/work/6c/c7fa7875be6654892fc21715267729
Removed /scratch/indikar_root/indikar1/shared_data/hsc_epi2me_full/work/5d/d93927c440bf37c1cca13caba845a8
Removed /scratch/indikar_root/indikar1/shared_data/hsc_epi2me_full/work/52/d36b66062d400aed043976e8de7114
Removed /scratch/indikar_root/indikar1/shared_data/hsc_epi2me_full/work/ac/2bd54d33791cacfc29efb16ed55fcd
Removed /scratch/indikar_root/indikar1/shared_data/hsc_epi2me_full/work/a9/29e9eb6cc113c783c108de145bbb38
Removed /scratch/indikar_root/indikar1/shared_data/hsc_epi2me_full/work/61/7ca8009f2f519287fc19777d67e284
Removed /scratch/indikar_root/indikar1/shared_data/hsc_epi2me_full/work/8d/b08563ac104254872d609f8d070477
Removed /scratch/indikar_root/indikar1/shared_data/hsc_epi2me_full/work/71/88c2783cb4555371b62bd6828b37e0
Removed /scratch/indikar_root/indikar1/shared_data/hsc_epi2me_full/work/a2/32973930d66821ac3ac8995cae55f3
Removed /scratch/indikar_root/indikar1/shared_data/hsc_epi2me_full/work/3c/6a4726e286479738e8085e039ef490
Removed /scratch/indikar_root/indikar1/shared_data/hsc_epi2me_full/work/f6/cae26a05e1d74358062f31f59ac31b
Removed /scratch/indikar_root/indikar1/shared_data/hsc_epi2me_full/work/b9/0bc278b1c30720c24e967d9f3c4c8b
Removed /scratch/indikar_root/indikar1/shared_data/hsc_epi2me_full/work/09/6fdbeab556b1d87c4ba2e24262a583
Removed /scratch/indikar_root/indikar1/shared_data/hsc_epi2me_full/work/b2/e8ca618ad39baf8fe3f98e7f71aef7
Removed /scratch/indikar_root/indikar1/shared_data/hsc_epi2me_full/work/cd/ac3d6fe99e9a00e40885730b370cd3
Removed /scratch/indikar_root/indikar1/shared_data/hsc_epi2me_full/work/c1/8725b43cd39305abdadbf5a6ca0fae
Removed /scratch/indikar_root/indikar1/shared_data/hsc_epi2me_full/work/f2/060b505e2fd665a9721db991345c6a
Removed /scratch/indikar_root/indikar1/shared_data/hsc_epi2me_full/work/46/86e8a39d00b3438c0210abd982a8dc
Removed /scratch/indikar_root/indikar1/shared_data/hsc_epi2me_full/work/60/0eca59e15fb43220686792e24516dc
Removed /scratch/indikar_root/indikar1/shared_data/hsc_epi2me_full/work/b7/8db401887761dd49efea1fb39c88ab
Removed /scratch/indikar_root/indikar1/shared_data/hsc_epi2me_full/work/8c/ef01128981306eac088268eded1a34
Removed /scratch/indikar_root/indikar1/shared_data/hsc_epi2me_full/work/9b/32f54661c9b8c4d1f498697a42e594
Removed /scratch/indikar_root/indikar1/shared_data/hsc_epi2me_full/work/fe/05751328263a5ef9c0960fb73015eb
Removed /scratch/indikar_root/indikar1/shared_data/hsc_epi2me_full/work/c4/2f63ce0d0fd07a5e7677bee634ecc0
Removed /scratch/indikar_root/indikar1/shared_data/hsc_epi2me_full/work/5f/c1fb915a46f541f33f6365cc45e344
Removed /scratch/indikar_root/indikar1/shared_data/hsc_epi2me_full/work/11/058d60d406ede7de99bb10d2bee4ae
Removed /scratch/indikar_root/indikar1/shared_data/hsc_epi2me_full/work/12/c2093cf818f91f812eac8a2361024b
Removed /scratch/indikar_root/indikar1/shared_data/hsc_epi2me_full/work/e7/abbc19bee53646b27193c3648e2783
Removed /scratch/indikar_root/indikar1/shared_data/hsc_epi2me_full/work/34/f737dcde1cb9e278ba7d232f273e85
Removed /scratch/indikar_root/indikar1/shared_data/hsc_epi2me_full/work/39/e2b59f0457f7d2ddfcde6f86a01d74
Removed /scratch/indikar_root/indikar1/shared_data/hsc_epi2me_full/work/31/5999b27b5b3f93b47546c6f6e93ddd
Removed /scratch/indikar_root/indikar1/shared_data/hsc_epi2me_full/work/7f/1957bd9520d175693e5e3f92417433
Removed /scratch/indikar_root/indikar1/shared_data/hsc_epi2me_full/work/1a/b4fe87d1689314e3fdb3c199c41585
Removed /scratch/indikar_root/indikar1/shared_data/hsc_epi2me_full/work/93/39118a858007801af08d288d75607a
Removed /scratch/indikar_root/indikar1/shared_data/hsc_epi2me_full/work/cb/8cb0e40a32185b58386098606672ca
Removed /scratch/indikar_root/indikar1/shared_data/hsc_epi2me_full/work/93/e9ad24493ed7aeb7b73fb4c885f340
Removed /scratch/indikar_root/indikar1/shared_data/hsc_epi2me_full/work/8d/eb6ce2ff4c715bcaa08b6bc2df47c7
Removed /scratch/indikar_root/indikar1/shared_data/hsc_epi2me_full/work/cb/b3c583a773e58ca41ddd2faf4e41b9
Removed /scratch/indikar_root/indikar1/shared_data/hsc_epi2me_full/work/3e/bc0912b32e7322ad65101ca5ba7a5a
Removed /scratch/indikar_root/indikar1/shared_data/hsc_epi2me_full/work/bd/cef0e60a6553e0ccf8653f6b12d15e
Removed /scratch/indikar_root/indikar1/shared_data/hsc_epi2me_full/work/3b/1b1bc501328cfb0968a8cda52b7e6b
Removed /scratch/indikar_root/indikar1/shared_data/hsc_epi2me_full/work/59/e1cee836cd2b761c66d2d0856a5c63
Removed /scratch/indikar_root/indikar1/shared_data/hsc_epi2me_full/work/6e/dab609c108a92b417051b8bb4f53b3
Removed /scratch/indikar_root/indikar1/shared_data/hsc_epi2me_full/work/02/0761840f36d037492e6cb78cac18b4
Removed /scratch/indikar_root/indikar1/shared_data/hsc_epi2me_full/work/e5/68b74307c9d81349160631817301b4
Removed /scratch/indikar_root/indikar1/shared_data/hsc_epi2me_full/work/5a/deb04bc9f64c29a393a947a3c35c98
Removed /scratch/indikar_root/indikar1/shared_data/hsc_epi2me_full/work/da/8b82726a750e16a265c966be0fcbc8
Removed /scratch/indikar_root/indikar1/shared_data/hsc_epi2me_full/work/91/187d943f1adffd05ac9c87a325e0fe
Removed /scratch/indikar_root/indikar1/shared_data/hsc_epi2me_full/work/da/cdeb2bdc4b4f06233e9b8e20af73a0
Removed /scratch/indikar_root/indikar1/shared_data/hsc_epi2me_full/work/08/c35dc19e003bf8bda3dc2bddc7cfee
Removed /scratch/indikar_root/indikar1/shared_data/hsc_epi2me_full/work/e2/3a29e4bf534f6c6d92d2d82d8f093b
Removed /scratch/indikar_root/indikar1/shared_data/hsc_epi2me_full/work/ea/450b2ed41ea1784a4726af6d8e83ff
Removed /scratch/indikar_root/indikar1/shared_data/hsc_epi2me_full/work/19/9583ae3f7e8027de700ae5003ac667
Removed /scratch/indikar_root/indikar1/shared_data/hsc_epi2me_full/work/b9/0a9466e087334250ee14c3b3f31304
Removed /scratch/indikar_root/indikar1/shared_data/hsc_epi2me_full/work/97/6b69e82db07905b6ac9c8b30bbe4b4
Removed /scratch/indikar_root/indikar1/shared_data/hsc_epi2me_full/work/db/3e311c79a119466c971f3d6587c9f5
Removed /scratch/indikar_root/indikar1/shared_data/hsc_epi2me_full/work/83/ee8decf8a2782f27b01230e7b3bac5
Removed /scratch/indikar_root/indikar1/shared_data/hsc_epi2me_full/work/89/6dced59a57245884ba4579a1c4aca4
Removed /scratch/indikar_root/indikar1/shared_data/hsc_epi2me_full/work/ed/aee7ebecb8efa8303cfeee109f3ae0
Removed /scratch/indikar_root/indikar1/shared_data/hsc_epi2me_full/work/0f/e21f41581d005cf20d2c8f9ea80fc2
Removed /scratch/indikar_root/indikar1/shared_data/hsc_epi2me_full/work/64/8b6753eee557f74f4e92e98dfc4490
Removed /scratch/indikar_root/indikar1/shared_data/hsc_epi2me_full/work/62/0b47d6944785e32fd2254ba7850ab1
Removed /scratch/indikar_root/indikar1/shared_data/hsc_epi2me_full/work/b4/5991d841196b3e90c1dd2e764b6152
Removed /scratch/indikar_root/indikar1/shared_data/hsc_epi2me_full/work/40/84b22b83c3f2adfe534869e349a053
Removed /scratch/indikar_root/indikar1/shared_data/hsc_epi2me_full/work/e1/4598d7468b46e2116569406c9cc0c8
Removed /scratch/indikar_root/indikar1/shared_data/hsc_epi2me_full/work/66/40ae05595bbfcec311901f7f1017bb
Removed /scratch/indikar_root/indikar1/shared_data/hsc_epi2me_full/work/ab/4ca168f04c9102bea24984643e07f1
Removed /scratch/indikar_root/indikar1/shared_data/hsc_epi2me_full/work/99/3e7aba74db573d20ba47247b6a2ec5
Removed /scratch/indikar_root/indikar1/shared_data/hsc_epi2me_full/work/4d/98ac596213ae5567657da0a3e1d658
Removed /scratch/indikar_root/indikar1/shared_data/hsc_epi2me_full/work/6c/dca76934f61716740e5883d35b57d3
Removed /scratch/indikar_root/indikar1/shared_data/hsc_epi2me_full/work/ef/060d915b1c05131a16cecbeb1ec756
Removed /scratch/indikar_root/indikar1/shared_data/hsc_epi2me_full/work/a9/e55846873b2d26822ba5c15efeeed2
Removed /scratch/indikar_root/indikar1/shared_data/hsc_epi2me_full/work/a1/417bc8bff168de8a148ef4f655ab47
Removed /scratch/indikar_root/indikar1/shared_data/hsc_epi2me_full/work/f9/ac73ec3f50a3bd92395f2f2f4da9b5
Removed /scratch/indikar_root/indikar1/shared_data/hsc_epi2me_full/work/19/22258aee59b8dd2e37977d9107815d
Removed /scratch/indikar_root/indikar1/shared_data/hsc_epi2me_full/work/6c/28206dbe14f3c920611661a3cda1df
Removed /scratch/indikar_root/indikar1/shared_data/hsc_epi2me_full/work/97/8a1bfcd8ff6525e6262edbdff0b7dc
Removed /scratch/indikar_root/indikar1/shared_data/hsc_epi2me_full/work/29/74ee71482e7d9fd1135913f75545dd
Removed /scratch/indikar_root/indikar1/shared_data/hsc_epi2me_full/work/0a/7e527d91e06128e8c864688937877d
Removed /scratch/indikar_root/indikar1/shared_data/hsc_epi2me_full/work/56/e516771fefd685397b3beadfca9fd3
Removed /scratch/indikar_root/indikar1/shared_data/hsc_epi2me_full/work/aa/b35b5d3fde1a9ebc7ed94e1053c22f
Removed /scratch/indikar_root/indikar1/shared_data/hsc_epi2me_full/work/ba/73a79073ef6fb59115e238f1c8df31
Removed /scratch/indikar_root/indikar1/shared_data/hsc_epi2me_full/work/bf/0db9dfd9bc4bf80afb2015931ca10f
Removed /scratch/indikar_root/indikar1/shared_data/hsc_epi2me_full/work/c2/53fe703a07bfa45feb31c02838e1ff
Removed /scratch/indikar_root/indikar1/shared_data/hsc_epi2me_full/work/4a/3100cbd3b7d4854138c2dc7e989c05
Removed /scratch/indikar_root/indikar1/shared_data/hsc_epi2me_full/work/aa/616ae41b52407a4997cd9461920899
Removed /scratch/indikar_root/indikar1/shared_data/hsc_epi2me_full/work/b8/99d387251e2f75e5d6c27a2d7a0c6d
Removed /scratch/indikar_root/indikar1/shared_data/hsc_epi2me_full/work/f2/ab563e1b386ee94aa38cf8848dd457
Removed /scratch/indikar_root/indikar1/shared_data/hsc_epi2me_full/work/33/3b3561de560efc0a663759770fc44c
Removed /scratch/indikar_root/indikar1/shared_data/hsc_epi2me_full/work/0a/396ab6b416d902370a711c0dd64e8b
Removed /scratch/indikar_root/indikar1/shared_data/hsc_epi2me_full/work/32/8e91e6e7ae714c6512d087cf8afc23
Removed /scratch/indikar_root/indikar1/shared_data/hsc_epi2me_full/work/9c/a5908bf0c997da417de6851ab6c8c6
Removed /scratch/indikar_root/indikar1/shared_data/hsc_epi2me_full/work/51/804817398b99c981a401e5ecaa2489
Removed /scratch/indikar_root/indikar1/shared_data/hsc_epi2me_full/work/83/f4d3663498ac00bfdb8871ecf1c2e3
Removed /scratch/indikar_root/indikar1/shared_data/hsc_epi2me_full/work/1f/9be7c01cafb3439cc48b6d751930d9
Removed /scratch/indikar_root/indikar1/shared_data/hsc_epi2me_full/work/f3/b9f9d5e009619a9875dddaea94f2d6
Removed /scratch/indikar_root/indikar1/shared_data/hsc_epi2me_full/work/d1/080bc68e383823fcede05927ff961a
Removed /scratch/indikar_root/indikar1/shared_data/hsc_epi2me_full/work/74/08cbf334a65429b7218b352af09c6b
Removed /scratch/indikar_root/indikar1/shared_data/hsc_epi2me_full/work/f9/fff3544479df46c00aea21436cd97d
Removed /scratch/indikar_root/indikar1/shared_data/hsc_epi2me_full/work/1d/98ff988cca2788972896e574769c06
Removed /scratch/indikar_root/indikar1/shared_data/hsc_epi2me_full/work/31/b5e0847a413b0bdc4052bdc105bcb7
Removed /scratch/indikar_root/indikar1/shared_data/hsc_epi2me_full/work/fd/1e463c801f212fe161151482359c31
Removed /scratch/indikar_root/indikar1/shared_data/hsc_epi2me_full/work/3c/379bfa65734d029eb9f3d699cb35c2
Removed /scratch/indikar_root/indikar1/shared_data/hsc_epi2me_full/work/94/cc775c18d110139409df9e6317e44b
Removed /scratch/indikar_root/indikar1/shared_data/hsc_epi2me_full/work/8a/a6e9360d21407245838145a08dc121
Removed /scratch/indikar_root/indikar1/shared_data/hsc_epi2me_full/work/f7/852b159e18bbefab14c90069242326
Removed /scratch/indikar_root/indikar1/shared_data/hsc_epi2me_full/work/eb/d689ad3ef012b3e5b6f30b691d2f8a
Removed /scratch/indikar_root/indikar1/shared_data/hsc_epi2me_full/work/e1/db9bc40bcdb1d463aebeb8e6a02374
Removed /scratch/indikar_root/indikar1/shared_data/hsc_epi2me_full/work/0e/9be50aacc5e30f62d48be2c902798b
Removed /scratch/indikar_root/indikar1/shared_data/hsc_epi2me_full/work/5e/bc9ccd40fe32385260f7635c6e3b34
Removed /scratch/indikar_root/indikar1/shared_data/hsc_epi2me_full/work/e5/afdd950c9e88dfa71d2f43afa9000e
Removed /scratch/indikar_root/indikar1/shared_data/hsc_epi2me_full/work/ab/46c19ea5277a95b488d17104757ee1
Removed /scratch/indikar_root/indikar1/shared_data/hsc_epi2me_full/work/69/877a605a97f3ae69065e5c80f77745
Removed /scratch/indikar_root/indikar1/shared_data/hsc_epi2me_full/work/60/068ca8c43954cee093c76e9195fa0d
Removed /scratch/indikar_root/indikar1/shared_data/hsc_epi2me_full/work/85/378bd10498d5240adf08def475b1d7
Removed /scratch/indikar_root/indikar1/shared_data/hsc_epi2me_full/work/29/4cd8a38e2ac5e28486c25d15d21ca4
Removed /scratch/indikar_root/indikar1/shared_data/hsc_epi2me_full/work/b3/b05a85d5eeb8de86c515db57594202
Removed /scratch/indikar_root/indikar1/shared_data/hsc_epi2me_full/work/0d/5d0aa28d4926492f94addac59c5d52
Removed /scratch/indikar_root/indikar1/shared_data/hsc_epi2me_full/work/6f/58970efe569e67360b1c0639a69cda
Removed /scratch/indikar_root/indikar1/shared_data/hsc_epi2me_full/work/2a/3a9b394d796d03bf3e9004f144b145
Removed /scratch/indikar_root/indikar1/shared_data/hsc_epi2me_full/work/aa/954a500fda6423ad8406081e55e936
Removed /scratch/indikar_root/indikar1/shared_data/hsc_epi2me_full/work/86/019d55642411aec4295fe57850b041
Removed /scratch/indikar_root/indikar1/shared_data/hsc_epi2me_full/work/7a/bf6bf9b5b303962a4d33f69818cba0
Removed /scratch/indikar_root/indikar1/shared_data/hsc_epi2me_full/work/b7/0b0baed8e12d9164a06082d33888ed
Removed /scratch/indikar_root/indikar1/shared_data/hsc_epi2me_full/work/22/bbb9c1e18f985be003f4e72bd6acff
Removed /scratch/indikar_root/indikar1/shared_data/hsc_epi2me_full/work/39/040262fa11a91a9175d4496c0b8d20
Removed /scratch/indikar_root/indikar1/shared_data/hsc_epi2me_full/work/8c/3cb7ffe7430643f2803c19de0d65a5
Removed /scratch/indikar_root/indikar1/shared_data/hsc_epi2me_full/work/f2/4e9b8fb281fa2fba2caf07b88d5a2b
Removed /scratch/indikar_root/indikar1/shared_data/hsc_epi2me_full/work/0a/ab8e07546cfac032f033b9b1ba4d92
Removed /scratch/indikar_root/indikar1/shared_data/hsc_epi2me_full/work/a3/bb5a77818a276570b8d4d84b002e4e
Removed /scratch/indikar_root/indikar1/shared_data/hsc_epi2me_full/work/14/1937df3313589019e1541460d837c0
Removed /scratch/indikar_root/indikar1/shared_data/hsc_epi2me_full/work/46/327116d0db902d76c133bc4543c12a
Removed /scratch/indikar_root/indikar1/shared_data/hsc_epi2me_full/work/57/78ad86673630627afcfea547819a6b
Removed /scratch/indikar_root/indikar1/shared_data/hsc_epi2me_full/work/ff/e11543173c3924496a55f8cbfac745
Removed /scratch/indikar_root/indikar1/shared_data/hsc_epi2me_full/work/3e/70ee574c74ca6755b92e3afab856e1
Removed /scratch/indikar_root/indikar1/shared_data/hsc_epi2me_full/work/6f/bf248500c8072c7b3033e35560fa2f
Removed /scratch/indikar_root/indikar1/shared_data/hsc_epi2me_full/work/ea/4130d929dce9f935a4bbf462837b03
Removed /scratch/indikar_root/indikar1/shared_data/hsc_epi2me_full/work/8c/c833301e1948193a684a7d2e149243
Removed /scratch/indikar_root/indikar1/shared_data/hsc_epi2me_full/work/6e/5980e9096320b4bfb95a725e37972a
Removed /scratch/indikar_root/indikar1/shared_data/hsc_epi2me_full/work/93/148ac6bd7276328ad02aa885b19088
Removed /scratch/indikar_root/indikar1/shared_data/hsc_epi2me_full/work/f4/e6f83b7e879fb3f78c4c5238c4ee72
Removed /scratch/indikar_root/indikar1/shared_data/hsc_epi2me_full/work/f8/8357a69785f73d4ce35a2fa769a209
Removed /scratch/indikar_root/indikar1/shared_data/hsc_epi2me_full/work/f9/edfe5510a22e7f84de5f4de98c410b
Removed /scratch/indikar_root/indikar1/shared_data/hsc_epi2me_full/work/11/57fcadf315a4d7b95b89594bb8affb
Removed /scratch/indikar_root/indikar1/shared_data/hsc_epi2me_full/work/35/05ba592a0c6cb749fb9aae567e5f29
Removed /scratch/indikar_root/indikar1/shared_data/hsc_epi2me_full/work/5b/e640bdef4b6985e02bcc29b32e8081
Removed /scratch/indikar_root/indikar1/shared_data/hsc_epi2me_full/work/6a/ab1979f637ddcbf42fe3b1fc408024
Removed /scratch/indikar_root/indikar1/shared_data/hsc_epi2me_full/work/7e/a1257b71d74cbac6e5942d620067ae
Removed /scratch/indikar_root/indikar1/shared_data/hsc_epi2me_full/work/35/a5f92c69f5580a040e3a6e398ece24
Removed /scratch/indikar_root/indikar1/shared_data/hsc_epi2me_full/work/d2/4d4f0a73c07b2b44e6787a881c8344
Removed /scratch/indikar_root/indikar1/shared_data/hsc_epi2me_full/work/cc/72d10ec2360b5c09c3902269bfbf83
Removed /scratch/indikar_root/indikar1/shared_data/hsc_epi2me_full/work/e0/082be6593d333d448e56e1c6cc2954
Removed /scratch/indikar_root/indikar1/shared_data/hsc_epi2me_full/work/34/2064b09ed8df285cbaad4422925fa5
Removed /scratch/indikar_root/indikar1/shared_data/hsc_epi2me_full/work/67/1040ef43ed990e91573526d51c8378
Removed /scratch/indikar_root/indikar1/shared_data/hsc_epi2me_full/work/84/b1e180d03ef5e3a710e0f924749d4a
Removed /scratch/indikar_root/indikar1/shared_data/hsc_epi2me_full/work/50/f842f3f4a1224826260a44bb7042fb
Removed /scratch/indikar_root/indikar1/shared_data/hsc_epi2me_full/work/c2/9108cf4a953960671cef0293baa72e
Removed /scratch/indikar_root/indikar1/shared_data/hsc_epi2me_full/work/33/4a235cf27f5642661fe9b8dfbc4d81
Removed /scratch/indikar_root/indikar1/shared_data/hsc_epi2me_full/work/a2/b707c2318c4d1f9f94ab2de83fb998
Removed /scratch/indikar_root/indikar1/shared_data/hsc_epi2me_full/work/46/068310d92d5a2030a072501ee649fb
Removed /scratch/indikar_root/indikar1/shared_data/hsc_epi2me_full/work/2a/6a6dd29104066d33d00e425b4ea00b
Removed /scratch/indikar_root/indikar1/shared_data/hsc_epi2me_full/work/33/3969e50671a360be04ef997d1edbaa
Removed /scratch/indikar_root/indikar1/shared_data/hsc_epi2me_full/work/d3/0ff9547d9309b6dff6738bbb3f6131
Removed /scratch/indikar_root/indikar1/shared_data/hsc_epi2me_full/work/17/d2528587ca7ceb282f208cb8731b1a
Removed /scratch/indikar_root/indikar1/shared_data/hsc_epi2me_full/work/11/f2ba88a6520c5d907ee1b8b7ea630e
Removed /scratch/indikar_root/indikar1/shared_data/hsc_epi2me_full/work/a0/f069559b41f8b95d83fd19606dfafa
Removed /scratch/indikar_root/indikar1/shared_data/hsc_epi2me_full/work/d7/edd791a85fe879ac4e8f2919599e15
Removed /scratch/indikar_root/indikar1/shared_data/hsc_epi2me_full/work/2f/23c84a2a1f0fb0410ecc65faa4d5ed
Removed /scratch/indikar_root/indikar1/shared_data/hsc_epi2me_full/work/68/ff731dfac24201c6680c9aa6a4e1d3
Removed /scratch/indikar_root/indikar1/shared_data/hsc_epi2me_full/work/ea/b2cb2d44407e6a177e51924d32a400
Removed /scratch/indikar_root/indikar1/shared_data/hsc_epi2me_full/work/ca/dd9064bc31f82e83cbf879a560e645
Removed /scratch/indikar_root/indikar1/shared_data/hsc_epi2me_full/work/b4/ba27ee4aac85468daeab26e2ed269b
Removed /scratch/indikar_root/indikar1/shared_data/hsc_epi2me_full/work/a1/65b065bd2db6738be2059858830c09
Removed /scratch/indikar_root/indikar1/shared_data/hsc_epi2me_full/work/81/a5585d8533642b9423e6d6f6085cba
Removed /scratch/indikar_root/indikar1/shared_data/hsc_epi2me_full/work/56/4ab8c141a6dc04b789195d394898bc
Removed /scratch/indikar_root/indikar1/shared_data/hsc_epi2me_full/work/40/2361212836ade680ee5ecc13d1585f
Removed /scratch/indikar_root/indikar1/shared_data/hsc_epi2me_full/work/06/78a31da025b31d309b054ef99b06c6
Removed /scratch/indikar_root/indikar1/shared_data/hsc_epi2me_full/work/75/031839baa9da5ed95a9b9a42f20305
Removed /scratch/indikar_root/indikar1/shared_data/hsc_epi2me_full/work/46/ef909166ddd04b8d761af5e888908d
Removed /scratch/indikar_root/indikar1/shared_data/hsc_epi2me_full/work/44/4482c604f54a2d5e62430b2796f364
Removed /scratch/indikar_root/indikar1/shared_data/hsc_epi2me_full/work/c5/6dd9e7cc008e0a79d2029df46d3c25
Removed /scratch/indikar_root/indikar1/shared_data/hsc_epi2me_full/work/06/5e0d3374cfe0f517b0fb5277373ad2
Removed /scratch/indikar_root/indikar1/shared_data/hsc_epi2me_full/work/a4/8cf5deb446ca787944fb57d1c3a13d
Removed /scratch/indikar_root/indikar1/shared_data/hsc_epi2me_full/work/61/b3576a4a978b63f81ac7dbbe53d070
Removed /scratch/indikar_root/indikar1/shared_data/hsc_epi2me_full/work/f8/096cd303d2810829ce395ca7ed5d1e
Removed /scratch/indikar_root/indikar1/shared_data/hsc_epi2me_full/work/b8/f9b9a32e0839a92f53ae8867c2eabc
Removed /scratch/indikar_root/indikar1/shared_data/hsc_epi2me_full/work/57/49092b0bc969db8d97be90613e3e4f
Removed /scratch/indikar_root/indikar1/shared_data/hsc_epi2me_full/work/dc/0013b3e237570cd2c567264582e2ed
Removed /scratch/indikar_root/indikar1/shared_data/hsc_epi2me_full/work/f6/1299fa38fa1add27bb21e9e039a333
Removed /scratch/indikar_root/indikar1/shared_data/hsc_epi2me_full/work/84/24ace2f3884e2baf7019b6cb0f0687
Removed /scratch/indikar_root/indikar1/shared_data/hsc_epi2me_full/work/73/1ae18039a2ca972589ff0628480244
Removed /scratch/indikar_root/indikar1/shared_data/hsc_epi2me_full/work/e5/a5097eb7b9325a53eb41f58e126127
Removed /scratch/indikar_root/indikar1/shared_data/hsc_epi2me_full/work/7c/08679a48ae46ab4dcda53caed6d8df
Removed /scratch/indikar_root/indikar1/shared_data/hsc_epi2me_full/work/a5/954df2e03f669584fe25628c88a5bd
Removed /scratch/indikar_root/indikar1/shared_data/hsc_epi2me_full/work/28/41d4aeaf4ed0365e6e5157aa0f8749
Removed /scratch/indikar_root/indikar1/shared_data/hsc_epi2me_full/work/6c/4006c077553a1ce1e954db6c15d0d8
Removed /scratch/indikar_root/indikar1/shared_data/hsc_epi2me_full/work/ac/03e68636732fc04904887a6a87c4ef
Removed /scratch/indikar_root/indikar1/shared_data/hsc_epi2me_full/work/b2/ce805a2f4999a39b8ed38c2cedde71
Removed /scratch/indikar_root/indikar1/shared_data/hsc_epi2me_full/work/bc/2a4e4c12557a4c825b53f80531d534
Removed /scratch/indikar_root/indikar1/shared_data/hsc_epi2me_full/work/28/4223c8768eaf107ed6557a4f022f55
Removed /scratch/indikar_root/indikar1/shared_data/hsc_epi2me_full/work/47/2db1a266ed65a2727e0101c508409f
Removed /scratch/indikar_root/indikar1/shared_data/hsc_epi2me_full/work/3e/31b1cc3c3a75aa7c2dc4f8bdeb9e50
Removed /scratch/indikar_root/indikar1/shared_data/hsc_epi2me_full/work/4e/11a67758f2d8043cae1e5adb947348
Removed /scratch/indikar_root/indikar1/shared_data/hsc_epi2me_full/work/6f/cf8d6371587770f45ecb40bc82262c
Removed /scratch/indikar_root/indikar1/shared_data/hsc_epi2me_full/work/4c/52ba677cb8f4a1da1b9da3cf621868
Removed /scratch/indikar_root/indikar1/shared_data/hsc_epi2me_full/work/c5/d61a24061c2b879bb96deef4e7c7e5
Removed /scratch/indikar_root/indikar1/shared_data/hsc_epi2me_full/work/c4/a59ff5516103a8f0ff400213b3fb54
Removed /scratch/indikar_root/indikar1/shared_data/hsc_epi2me_full/work/fc/40f37c2fa44b357c1e3b3b4fcc203a
Removed /scratch/indikar_root/indikar1/shared_data/hsc_epi2me_full/work/a9/ec9fc80aaf2b575480f74bb422b595
Removed /scratch/indikar_root/indikar1/shared_data/hsc_epi2me_full/work/0d/b3d805145d7558f9a5c40ee94a6b56
Removed /scratch/indikar_root/indikar1/shared_data/hsc_epi2me_full/work/bb/e41abd6be735033d213b4ba4e51d0d
Removed /scratch/indikar_root/indikar1/shared_data/hsc_epi2me_full/work/44/14b930d64fc480e05886bb4a968854
Removed /scratch/indikar_root/indikar1/shared_data/hsc_epi2me_full/work/83/0dbe07abb0d0266df8fc64fe69f0b2
Removed /scratch/indikar_root/indikar1/shared_data/hsc_epi2me_full/work/9f/87b86adebd9ba6580a98758fd165b6
Removed /scratch/indikar_root/indikar1/shared_data/hsc_epi2me_full/work/c6/4285fcada0657ff5a731ef86002992
Removed /scratch/indikar_root/indikar1/shared_data/hsc_epi2me_full/work/03/0ef861e580fb6a4f3ff4a4d1e9eca5
Removed /scratch/indikar_root/indikar1/shared_data/hsc_epi2me_full/work/90/ab440ed5ea03b1768271ff5d05bbf1
Removed /scratch/indikar_root/indikar1/shared_data/hsc_epi2me_full/work/91/00c9c98d58d13422c105813b6d5de4
Removed /scratch/indikar_root/indikar1/shared_data/hsc_epi2me_full/work/94/9fea4759ba3501709a19717bae82b1
Removed /scratch/indikar_root/indikar1/shared_data/hsc_epi2me_full/work/ae/bcb42c7017f65d14bbcc70f66d0de6
Removed /scratch/indikar_root/indikar1/shared_data/hsc_epi2me_full/work/f6/ebc950c1bc46da6648d1f2ef879e82
Removed /scratch/indikar_root/indikar1/shared_data/hsc_epi2me_full/work/12/b8a91b5da07323e22f709803924c3c
Removed /scratch/indikar_root/indikar1/shared_data/hsc_epi2me_full/work/46/f7eca6e20b28c617d5a57f7f6d37e4
Removed /scratch/indikar_root/indikar1/shared_data/hsc_epi2me_full/work/39/a45210115fb0aa2e7d61f9184faf3f
Removed /scratch/indikar_root/indikar1/shared_data/hsc_epi2me_full/work/e3/540edfb91f3ec2a70ec61e87762d4c
Removed /scratch/indikar_root/indikar1/shared_data/hsc_epi2me_full/work/56/de0b17e038882dde758d8e8c01c546
Removed /scratch/indikar_root/indikar1/shared_data/hsc_epi2me_full/work/ec/7ca13696b29e79a2a0920b9ca66c5d
Removed /scratch/indikar_root/indikar1/shared_data/hsc_epi2me_full/work/e8/28142379ea7f168b6c1fab4bc42d6a
Removed /scratch/indikar_root/indikar1/shared_data/hsc_epi2me_full/work/f8/94189f1857de4e5a9053b416bebe59
Removed /scratch/indikar_root/indikar1/shared_data/hsc_epi2me_full/work/06/c031500a3c548c83031b33ad5d6e5e
Removed /scratch/indikar_root/indikar1/shared_data/hsc_epi2me_full/work/b0/1a9e22e1fb78e276f91afa1b97ea4d
Removed /scratch/indikar_root/indikar1/shared_data/hsc_epi2me_full/work/40/838ee376409ecdb532afe97a63bb23
Removed /scratch/indikar_root/indikar1/shared_data/hsc_epi2me_full/work/b2/3c78f289cf746fe9488aa87a9b5b47
Removed /scratch/indikar_root/indikar1/shared_data/hsc_epi2me_full/work/de/0cc527fddad5961455a21025d94818
Removed /scratch/indikar_root/indikar1/shared_data/hsc_epi2me_full/work/05/4b84130959b53f1b66f1f85a01de8c
Removed /scratch/indikar_root/indikar1/shared_data/hsc_epi2me_full/work/73/974d0759490df462dde9484e757d62
Removed /scratch/indikar_root/indikar1/shared_data/hsc_epi2me_full/work/b9/7db0691038655f1d80988b4e4e6e57
Removed /scratch/indikar_root/indikar1/shared_data/hsc_epi2me_full/work/3d/1ca8ce6324822476a1d4ddbca2069a
Removed /scratch/indikar_root/indikar1/shared_data/hsc_epi2me_full/work/2a/8fa019b81d2689252dae9d6b0dfae5
Removed /scratch/indikar_root/indikar1/shared_data/hsc_epi2me_full/work/5c/bcfa0932d8f6fff5b9c382d0b7be63
Removed /scratch/indikar_root/indikar1/shared_data/hsc_epi2me_full/work/e9/3800923206b040f43117d25b433f87
Removed /scratch/indikar_root/indikar1/shared_data/hsc_epi2me_full/work/d8/d2de42ccd31db2bc8e6ec0b9a2040f
Removed /scratch/indikar_root/indikar1/shared_data/hsc_epi2me_full/work/ee/87fb2052eefd41850283b3095969d5
Removed /scratch/indikar_root/indikar1/shared_data/hsc_epi2me_full/work/c7/f2f933ca5a38f2feb0fc4725e0ad76
Removed /scratch/indikar_root/indikar1/shared_data/hsc_epi2me_full/work/66/66c5b1e10e210860bb709cb387364b
Removed /scratch/indikar_root/indikar1/shared_data/hsc_epi2me_full/work/57/631984c3cfde29d0244c7ad9cdb4cc
Removed /scratch/indikar_root/indikar1/shared_data/hsc_epi2me_full/work/5e/47127daad87f9441eea04e71343c3b
Removed /scratch/indikar_root/indikar1/shared_data/hsc_epi2me_full/work/1d/5889275d4f4879da9765fda4a7fcfe
Removed /scratch/indikar_root/indikar1/shared_data/hsc_epi2me_full/work/34/8a8635d5838a53a6735c7e52d19937
Removed /scratch/indikar_root/indikar1/shared_data/hsc_epi2me_full/work/1a/c1cac5fa909375451272361d3ce7fa
Removed /scratch/indikar_root/indikar1/shared_data/hsc_epi2me_full/work/1c/b778d5e42984761231c3abd861e46e
Removed /scratch/indikar_root/indikar1/shared_data/hsc_epi2me_full/work/1c/0a66b1b899ce60e41bb437a5abac13
Removed /scratch/indikar_root/indikar1/shared_data/hsc_epi2me_full/work/08/157412d5c12adbb3c1f63697a684fd
Removed /scratch/indikar_root/indikar1/shared_data/hsc_epi2me_full/work/c3/6262f670497b80c079ae997a08fa6e
Removed /scratch/indikar_root/indikar1/shared_data/hsc_epi2me_full/work/39/e5f6f046f089ba3c57cf289948b3d5
Removed /scratch/indikar_root/indikar1/shared_data/hsc_epi2me_full/work/5a/9256dee43f3c35dc6d02660787cee0
Removed /scratch/indikar_root/indikar1/shared_data/hsc_epi2me_full/work/d3/958abd7d3d4674edccd92691204a8a
Removed /scratch/indikar_root/indikar1/shared_data/hsc_epi2me_full/work/d2/31437572fa528fd326f5baf832d8d9
Removed /scratch/indikar_root/indikar1/shared_data/hsc_epi2me_full/work/6c/dc272b80b02475ab103007c6060b20
Removed /scratch/indikar_root/indikar1/shared_data/hsc_epi2me_full/work/28/a256470c7612b59e3311c63ec9a754
Removed /scratch/indikar_root/indikar1/shared_data/hsc_epi2me_full/work/45/2e5b8374bb7f9773e68e51dceb24ba
Removed /scratch/indikar_root/indikar1/shared_data/hsc_epi2me_full/work/f1/381c892db6475438067ca691ed3374
Removed /scratch/indikar_root/indikar1/shared_data/hsc_epi2me_full/work/34/072ac02f6dea9a1e4a293990109f22
Removed /scratch/indikar_root/indikar1/shared_data/hsc_epi2me_full/work/a4/6d44a294c70e4ca335ec957aef3e1e
Removed /scratch/indikar_root/indikar1/shared_data/hsc_epi2me_full/work/f0/2e94f9575fef20be8df7eac43fc4d9
Removed /scratch/indikar_root/indikar1/shared_data/hsc_epi2me_full/work/66/1e64e2cfa2d034aff9e3b355caeb1b
Removed /scratch/indikar_root/indikar1/shared_data/hsc_epi2me_full/work/10/e17d6ba6407c68ae998a348f0ef3bc
Removed /scratch/indikar_root/indikar1/shared_data/hsc_epi2me_full/work/fa/2c4dee1e39a2698176c29971012f7f
Removed /scratch/indikar_root/indikar1/shared_data/hsc_epi2me_full/work/8d/05f2f78ced09d37f2c841b7edfdbe5
Removed /scratch/indikar_root/indikar1/shared_data/hsc_epi2me_full/work/83/8d04dfefd0a253a66b065c6686cce0
Removed /scratch/indikar_root/indikar1/shared_data/hsc_epi2me_full/work/ad/471db29b318d0080901e312dfbe5d7
Removed /scratch/indikar_root/indikar1/shared_data/hsc_epi2me_full/work/01/ef3d16e64dc4f7c4ea1e1484e622c6
Removed /scratch/indikar_root/indikar1/shared_data/hsc_epi2me_full/work/10/a6c1df2ad4f6b66e13f42d6e0c4ba8
Removed /scratch/indikar_root/indikar1/shared_data/hsc_epi2me_full/work/fa/df4248ffe14a004823d25fce903188
Removed /scratch/indikar_root/indikar1/shared_data/hsc_epi2me_full/work/52/cbf0f81a5e211a0ca609dec9f3fcb0
Removed /scratch/indikar_root/indikar1/shared_data/hsc_epi2me_full/work/fc/80019c7f8d16a4742aca116438ed92
Removed /scratch/indikar_root/indikar1/shared_data/hsc_epi2me_full/work/fd/644570f615171bc547db4b2b1201b6
Removed /scratch/indikar_root/indikar1/shared_data/hsc_epi2me_full/work/46/dbabfc43242c7c58f4588bb169e913
Removed /scratch/indikar_root/indikar1/shared_data/hsc_epi2me_full/work/53/cf5b847e0e33dc82257804fd180170
Removed /scratch/indikar_root/indikar1/shared_data/hsc_epi2me_full/work/29/a9051c1247502df32c288dacb8ef76
Removed /scratch/indikar_root/indikar1/shared_data/hsc_epi2me_full/work/52/3c77cb6fe6a722e4601dc3d8e915f3
Removed /scratch/indikar_root/indikar1/shared_data/hsc_epi2me_full/work/93/93b8a028ce026abaf33cc77da7a658
Removed /scratch/indikar_root/indikar1/shared_data/hsc_epi2me_full/work/54/87188809dbb4382d08e61a4cc9917e
Removed /scratch/indikar_root/indikar1/shared_data/hsc_epi2me_full/work/44/4f5ab6c94cc04d61c98775f01b727c
Removed /scratch/indikar_root/indikar1/shared_data/hsc_epi2me_full/work/dd/e6119c03b144f679d258519e47a317
Removed /scratch/indikar_root/indikar1/shared_data/hsc_epi2me_full/work/d8/f5ddbba084cd0ad7ff91263b3bbcb0
Removed /scratch/indikar_root/indikar1/shared_data/hsc_epi2me_full/work/45/52fba5c7477ff43355c886509e1c01
Removed /scratch/indikar_root/indikar1/shared_data/hsc_epi2me_full/work/f5/bf9a31dea9d23aa8cff45f09d517fa
Removed /scratch/indikar_root/indikar1/shared_data/hsc_epi2me_full/work/84/f54d57d7a801fa79150b59cbbd086a
Removed /scratch/indikar_root/indikar1/shared_data/hsc_epi2me_full/work/06/383178f6b1abca874b74414fd38c1f
Removed /scratch/indikar_root/indikar1/shared_data/hsc_epi2me_full/work/dd/a99191ced3a37f6736dca90137076d
Removed /scratch/indikar_root/indikar1/shared_data/hsc_epi2me_full/work/6e/5be9051780f5518db8719194af437f
Removed /scratch/indikar_root/indikar1/shared_data/hsc_epi2me_full/work/b1/153df340edfa6d0e7dcdde4dda03b4
Removed /scratch/indikar_root/indikar1/shared_data/hsc_epi2me_full/work/43/711c622e5e93f1054a71a19e77c17e
Removed /scratch/indikar_root/indikar1/shared_data/hsc_epi2me_full/work/66/a9641e73c7c8c0f7b639d949639274
Removed /scratch/indikar_root/indikar1/shared_data/hsc_epi2me_full/work/33/bb62d2355d2bd5f6ede6638cb9b801
Removed /scratch/indikar_root/indikar1/shared_data/hsc_epi2me_full/work/4e/94d63340b3789d6f940dca1a27c77c
Removed /scratch/indikar_root/indikar1/shared_data/hsc_epi2me_full/work/29/939c8bae3e9deba414730bcabf5f4f
Removed /scratch/indikar_root/indikar1/shared_data/hsc_epi2me_full/work/45/4b6bcc0820f99c3a802030e9fd2d3f
Removed /scratch/indikar_root/indikar1/shared_data/hsc_epi2me_full/work/3b/3718d02e14d74eb5d754d2b9026d74
Removed /scratch/indikar_root/indikar1/shared_data/hsc_epi2me_full/work/0a/b2d9aada970e3fdeb8d107c6476b5d
Removed /scratch/indikar_root/indikar1/shared_data/hsc_epi2me_full/work/4c/0520c379215113ea9ff13feff0c87a
Removed /scratch/indikar_root/indikar1/shared_data/hsc_epi2me_full/work/d2/588f34ac192c4a10ad80848cc6d30e
Removed /scratch/indikar_root/indikar1/shared_data/hsc_epi2me_full/work/6e/6f99b96e09f54c7b9d165dfe4b68d4
Removed /scratch/indikar_root/indikar1/shared_data/hsc_epi2me_full/work/9c/d7f2a7b22a3a356ec2a6c93b5d57af
Removed /scratch/indikar_root/indikar1/shared_data/hsc_epi2me_full/work/31/73eb2549c1328f124f6e8504a13641
Removed /scratch/indikar_root/indikar1/shared_data/hsc_epi2me_full/work/46/7b506b7bad5e283b363d957bc0d70f
Removed /scratch/indikar_root/indikar1/shared_data/hsc_epi2me_full/work/61/0d8eed950186090ecd38aa802a49ee
Removed /scratch/indikar_root/indikar1/shared_data/hsc_epi2me_full/work/c9/cbfdeaf8f4b46c9a2faf24a6e5be03
Removed /scratch/indikar_root/indikar1/shared_data/hsc_epi2me_full/work/e2/96b1f4dcc35d6d83d300d101962f62
Removed /scratch/indikar_root/indikar1/shared_data/hsc_epi2me_full/work/8b/2ccf1f4e95ccbe88484b2d001a6d4d
Removed /scratch/indikar_root/indikar1/shared_data/hsc_epi2me_full/work/88/1185ca0bb5c558ffff3887fa8239e5
Removed /scratch/indikar_root/indikar1/shared_data/hsc_epi2me_full/work/a4/9f3b55edf1f5c107b7368e3dcd0e66
Removed /scratch/indikar_root/indikar1/shared_data/hsc_epi2me_full/work/b9/0e25dbcfb3f88558b24e21368c1569
Removed /scratch/indikar_root/indikar1/shared_data/hsc_epi2me_full/work/bb/3fb86f60db85b288eba1238ba34e91
Removed /scratch/indikar_root/indikar1/shared_data/hsc_epi2me_full/work/32/428486d3b2cedd24cd4cdbb524b4b7
Removed /scratch/indikar_root/indikar1/shared_data/hsc_epi2me_full/work/b1/2df8c5c87d3baf28a1c41816500fd6
Removed /scratch/indikar_root/indikar1/shared_data/hsc_epi2me_full/work/eb/5efdc4dc73d4a82143563deabefc70
Removed /scratch/indikar_root/indikar1/shared_data/hsc_epi2me_full/work/d8/5ab5d1816e7967111a1b2109dd9f95
Removed /scratch/indikar_root/indikar1/shared_data/hsc_epi2me_full/work/d6/bcd08c6e44ba7b374d7304c27e7c04
Removed /scratch/indikar_root/indikar1/shared_data/hsc_epi2me_full/work/b9/97ec75f4efbd424fbe714c8a02e9ab
Removed /scratch/indikar_root/indikar1/shared_data/hsc_epi2me_full/work/c5/55c0d0183e4a196d2e74f79bd0cd1c
Removed /scratch/indikar_root/indikar1/shared_data/hsc_epi2me_full/work/6b/c49a961c8adc31370596121cd534dc
Removed /scratch/indikar_root/indikar1/shared_data/hsc_epi2me_full/work/42/0da9d3f61d67c597c79acaac6b02c0
Removed /scratch/indikar_root/indikar1/shared_data/hsc_epi2me_full/work/6a/76c8a50aa0dc89f4447f2bab46d105
Removed /scratch/indikar_root/indikar1/shared_data/hsc_epi2me_full/work/f6/e89fbc8fff10bae88b7874571c548d
Removed /scratch/indikar_root/indikar1/shared_data/hsc_epi2me_full/work/72/1d29d77f41fc9f3245833dafd00647
Removed /scratch/indikar_root/indikar1/shared_data/hsc_epi2me_full/work/c6/b77e03d044cf73558d600105f9b238
Removed /scratch/indikar_root/indikar1/shared_data/hsc_epi2me_full/work/ce/201ed6b1c2fffc5034ecd865a4314e
Removed /scratch/indikar_root/indikar1/shared_data/hsc_epi2me_full/work/90/915c8b14ea54a7870bcb6ac0101700
Removed /scratch/indikar_root/indikar1/shared_data/hsc_epi2me_full/work/9d/0d6c52bce7f809874bf1b241a564dc
Removed /scratch/indikar_root/indikar1/shared_data/hsc_epi2me_full/work/d5/83d251827f37172a56d7683575f1b2
Removed /scratch/indikar_root/indikar1/shared_data/hsc_epi2me_full/work/eb/f3f771084fc0f4986859186f226e61
Removed /scratch/indikar_root/indikar1/shared_data/hsc_epi2me_full/work/27/872e0309fff6e8a15fe118bdb9f5c2
Removed /scratch/indikar_root/indikar1/shared_data/hsc_epi2me_full/work/2b/849d3bc7367d57dd5fd503df874ce6
Removed /scratch/indikar_root/indikar1/shared_data/hsc_epi2me_full/work/92/1df92b9fa916329689fa56a19ef172
Removed /scratch/indikar_root/indikar1/shared_data/hsc_epi2me_full/work/f5/37920912e66c65557ad3c96083f91b
Removed /scratch/indikar_root/indikar1/shared_data/hsc_epi2me_full/work/ce/bc458119758bd75a1a07af6045ea04
Removed /scratch/indikar_root/indikar1/shared_data/hsc_epi2me_full/work/73/473ac1e6b6f78a910c0510e6af29b7
Removed /scratch/indikar_root/indikar1/shared_data/hsc_epi2me_full/work/e5/790c6d795da5e5dad944939853d60f
Removed /scratch/indikar_root/indikar1/shared_data/hsc_epi2me_full/work/f4/a907a28f4b8a1e6151cbbcaa6b6909
Removed /scratch/indikar_root/indikar1/shared_data/hsc_epi2me_full/work/d0/0308a4d1e177004da98c3991d202f5
Removed /scratch/indikar_root/indikar1/shared_data/hsc_epi2me_full/work/7d/ab145b69688fc5f157eca1fb1834b0
Removed /scratch/indikar_root/indikar1/shared_data/hsc_epi2me_full/work/d9/5e4c41d21b05b83bf755c8023cbd8e
Removed /scratch/indikar_root/indikar1/shared_data/hsc_epi2me_full/work/9d/5cfe7b7b0fe218c96db4d970a6384b
Removed /scratch/indikar_root/indikar1/shared_data/hsc_epi2me_full/work/ce/ac1ca9a0b0eba352e7c27f363ae468
Removed /scratch/indikar_root/indikar1/shared_data/hsc_epi2me_full/work/a3/45ae2eb24f8285a4d4537703a648e4
Removed /scratch/indikar_root/indikar1/shared_data/hsc_epi2me_full/work/87/4ca0d79745dafdc89ed3d6a6c8cdec
Removed /scratch/indikar_root/indikar1/shared_data/hsc_epi2me_full/work/0c/7493d57c57bdfb31b69cc133e428c5
Removed /scratch/indikar_root/indikar1/shared_data/hsc_epi2me_full/work/c9/5fb3e6405ed6cbd9f57293db39de70
Removed /scratch/indikar_root/indikar1/shared_data/hsc_epi2me_full/work/86/cb3a8620e8f1b37c0ac17005a3562a
Removed /scratch/indikar_root/indikar1/shared_data/hsc_epi2me_full/work/93/93a51fe8a92456c632ef0aa8beb820
Removed /scratch/indikar_root/indikar1/shared_data/hsc_epi2me_full/work/16/bbdd666db55340b2d4aef99b9dfce7
Removed /scratch/indikar_root/indikar1/shared_data/hsc_epi2me_full/work/8b/4265a48babee5fb556d6008364715d
Removed /scratch/indikar_root/indikar1/shared_data/hsc_epi2me_full/work/3e/2901ca8b1e22bcbb8fc1c9ef40d0ad
Removed /scratch/indikar_root/indikar1/shared_data/hsc_epi2me_full/work/10/b9781d6c656573954c3a8cf592d02d
Removed /scratch/indikar_root/indikar1/shared_data/hsc_epi2me_full/work/9b/7a3fc679dfb319c7b51d6c9ed626cf
Removed /scratch/indikar_root/indikar1/shared_data/hsc_epi2me_full/work/bc/7e8b3047a25f0cade4016fda897d9d
Removed /scratch/indikar_root/indikar1/shared_data/hsc_epi2me_full/work/ee/dc5af48f274be6cc82452a9c62b3cc
Removed /scratch/indikar_root/indikar1/shared_data/hsc_epi2me_full/work/15/2ce0df286551ed0f91fe565c4c523b
Removed /scratch/indikar_root/indikar1/shared_data/hsc_epi2me_full/work/39/9fa35ca20b6745b0f9b3b77b4ef709
Removed /scratch/indikar_root/indikar1/shared_data/hsc_epi2me_full/work/72/b6dd07f869cd21e5e5c040a16a3c6d
Removed /scratch/indikar_root/indikar1/shared_data/hsc_epi2me_full/work/31/308e10ff5519a8ced7690aed415e11
Removed /scratch/indikar_root/indikar1/shared_data/hsc_epi2me_full/work/6d/856cbd5b523f07be442770e348058e
Removed /scratch/indikar_root/indikar1/shared_data/hsc_epi2me_full/work/80/92ff8a2e9537f98833866da1212f93
Removed /scratch/indikar_root/indikar1/shared_data/hsc_epi2me_full/work/31/3e022c3cb435008982f3027ffbcbe5
Removed /scratch/indikar_root/indikar1/shared_data/hsc_epi2me_full/work/3a/c8a99442c620e193dcd415808b747f
Removed /scratch/indikar_root/indikar1/shared_data/hsc_epi2me_full/work/66/60bc771a9dcede89e3447006144d2f
Removed /scratch/indikar_root/indikar1/shared_data/hsc_epi2me_full/work/7a/2c1117cc715e4d732c76412fb52b51
Removed /scratch/indikar_root/indikar1/shared_data/hsc_epi2me_full/work/b6/4efe09b2be4f7ead42daa94eb0d70c
Removed /scratch/indikar_root/indikar1/shared_data/hsc_epi2me_full/work/6a/3f25b9b5820cadecb0a3ef93aa33c0
Removed /scratch/indikar_root/indikar1/shared_data/hsc_epi2me_full/work/9d/c221a27445c2220b6b0623702ce885
Removed /scratch/indikar_root/indikar1/shared_data/hsc_epi2me_full/work/d5/fe7d818fdeca1fe4244a8e36e5e235
Removed /scratch/indikar_root/indikar1/shared_data/hsc_epi2me_full/work/ba/22015293fcc431e24c0cbd4b245de1
Removed /scratch/indikar_root/indikar1/shared_data/hsc_epi2me_full/work/d3/700e315adac0cdeb33ade0d69996a9
Removed /scratch/indikar_root/indikar1/shared_data/hsc_epi2me_full/work/8d/b23a00d2426a0601b1f8feeba224c9
Removed /scratch/indikar_root/indikar1/shared_data/hsc_epi2me_full/work/68/3eca4ce5430fb63ad09efb8d8dfad2
Removed /scratch/indikar_root/indikar1/shared_data/hsc_epi2me_full/work/f0/cfb1b1bc78791c3c2f07ff3f5b112b
Removed /scratch/indikar_root/indikar1/shared_data/hsc_epi2me_full/work/44/06e24579c8b5c0b4c61587f3cb34c2
Removed /scratch/indikar_root/indikar1/shared_data/hsc_epi2me_full/work/20/f3734e1b7f4ecd673f3049599a6b37
Removed /scratch/indikar_root/indikar1/shared_data/hsc_epi2me_full/work/0f/91be10eb752621371a44d85e9e4001
Removed /scratch/indikar_root/indikar1/shared_data/hsc_epi2me_full/work/3e/275a361a5a448347a7f57f5c42789f
Removed /scratch/indikar_root/indikar1/shared_data/hsc_epi2me_full/work/27/f31c19ab3b4d5a0c17df935d6d7adb
Removed /scratch/indikar_root/indikar1/shared_data/hsc_epi2me_full/work/64/872647b4af6ce4c2b52c8e19959eac
Removed /scratch/indikar_root/indikar1/shared_data/hsc_epi2me_full/work/95/ed6c1d5973117fa756cce66bc9e9fc
Removed /scratch/indikar_root/indikar1/shared_data/hsc_epi2me_full/work/6d/8b1979bd38594d9026f5efad5080a6
Removed /scratch/indikar_root/indikar1/shared_data/hsc_epi2me_full/work/4f/77423835cee38e8a2645e9369cddd0
Removed /scratch/indikar_root/indikar1/shared_data/hsc_epi2me_full/work/65/0056711b522d0db854f6367a6f0366
Removed /scratch/indikar_root/indikar1/shared_data/hsc_epi2me_full/work/ac/0d217830716b4b70d024a2e6ebe458
Removed /scratch/indikar_root/indikar1/shared_data/hsc_epi2me_full/work/39/e75dd527c7ff2f7da1e4b3f65bcf2e
Removed /scratch/indikar_root/indikar1/shared_data/hsc_epi2me_full/work/30/8b26ba86e6ebfbc8c31e06beffb8b9
Removed /scratch/indikar_root/indikar1/shared_data/hsc_epi2me_full/work/b4/6c084292b322a1503e7bce200e1c93
Removed /scratch/indikar_root/indikar1/shared_data/hsc_epi2me_full/work/06/13fe327a34573b11ed271f34db2a1c
Removed /scratch/indikar_root/indikar1/shared_data/hsc_epi2me_full/work/d2/38c62422d47583eac42bca655db61c
Removed /scratch/indikar_root/indikar1/shared_data/hsc_epi2me_full/work/13/8a546fc825d2b210398914595b5b7d
Removed /scratch/indikar_root/indikar1/shared_data/hsc_epi2me_full/work/c9/d9064bf06c90d2183056f2363d7df7
Removed /scratch/indikar_root/indikar1/shared_data/hsc_epi2me_full/work/e7/26cb3a3bb50f001d7b1d90c2e99f3c
Removed /scratch/indikar_root/indikar1/shared_data/hsc_epi2me_full/work/3e/71ab2c1e76bd0f3d98f257ece1a84e
Removed /scratch/indikar_root/indikar1/shared_data/hsc_epi2me_full/work/30/b1f5a6abda67802faa483710386c58
Removed /scratch/indikar_root/indikar1/shared_data/hsc_epi2me_full/work/9d/ed0f40094fc995766dfb32fdde1c9a
Removed /scratch/indikar_root/indikar1/shared_data/hsc_epi2me_full/work/55/eeaf7c4e0b47212c6ce8b81a7da366
Removed /scratch/indikar_root/indikar1/shared_data/hsc_epi2me_full/work/c1/fa43822bbf274f9aa0cf04357d110f
Removed /scratch/indikar_root/indikar1/shared_data/hsc_epi2me_full/work/e3/2fbcee12764942ba79fe72817f1743
Removed /scratch/indikar_root/indikar1/shared_data/hsc_epi2me_full/work/3a/e5b0e0c5fa94bf7449d9369a2db92d
Removed /scratch/indikar_root/indikar1/shared_data/hsc_epi2me_full/work/c1/996b27c34686ba63b2732ba71d36de
Removed /scratch/indikar_root/indikar1/shared_data/hsc_epi2me_full/work/02/cfa0d3b38779e847c6aeeb7b567e5b
Removed /scratch/indikar_root/indikar1/shared_data/hsc_epi2me_full/work/81/c29d8dd968418f5a98dec2461218e1
Removed /scratch/indikar_root/indikar1/shared_data/hsc_epi2me_full/work/5c/6e0b03650e381127038e6d918fb541
Removed /scratch/indikar_root/indikar1/shared_data/hsc_epi2me_full/work/1a/0ea07c4db25a710a1910cf4a17da7d
Removed /scratch/indikar_root/indikar1/shared_data/hsc_epi2me_full/work/a3/42a7be5bc641fd8009eacf9f4658a7
Removed /scratch/indikar_root/indikar1/shared_data/hsc_epi2me_full/work/de/e43b9a944d6caa744d84820640aabe
Removed /scratch/indikar_root/indikar1/shared_data/hsc_epi2me_full/work/4c/29bb1dbe2646e943a4cb7d3c77b491
Removed /scratch/indikar_root/indikar1/shared_data/hsc_epi2me_full/work/39/084df2ccf788149e66a126630a4f38
Removed /scratch/indikar_root/indikar1/shared_data/hsc_epi2me_full/work/08/ddbcbc353fe8bc602f0a871b7b85b1
Removed /scratch/indikar_root/indikar1/shared_data/hsc_epi2me_full/work/dc/1b5d8f2e2dd041554e8cbb7779d90c
Removed /scratch/indikar_root/indikar1/shared_data/hsc_epi2me_full/work/e3/00851efee05ae20fe1832426fb0251
Removed /scratch/indikar_root/indikar1/shared_data/hsc_epi2me_full/work/07/d54d0d7f5d09eb12edb60cb85e8eda
Removed /scratch/indikar_root/indikar1/shared_data/hsc_epi2me_full/work/c4/2ec2dda16b4a373179e7c1b5e93dd6
Removed /scratch/indikar_root/indikar1/shared_data/hsc_epi2me_full/work/43/7e14040f126f7580e5134dac0d6ff6
Removed /scratch/indikar_root/indikar1/shared_data/hsc_epi2me_full/work/ba/218237817bcaf1d51e3c5668fb273e
Removed /scratch/indikar_root/indikar1/shared_data/hsc_epi2me_full/work/57/916a04db8179402b006b6369756c14
Removed /scratch/indikar_root/indikar1/shared_data/hsc_epi2me_full/work/57/7ba20798306f3d3c1317c273c1772f
Removed /scratch/indikar_root/indikar1/shared_data/hsc_epi2me_full/work/ef/6d02a09245ec3834b77e98a3aaf8b1
Removed /scratch/indikar_root/indikar1/shared_data/hsc_epi2me_full/work/81/f1a5aeef65bfe570ffbb3d69943dad
Removed /scratch/indikar_root/indikar1/shared_data/hsc_epi2me_full/work/d3/e25cfa2f819258bb8f266ef56f4284
Removed /scratch/indikar_root/indikar1/shared_data/hsc_epi2me_full/work/dd/5f407de554db4f551c82d22d07cb20
Removed /scratch/indikar_root/indikar1/shared_data/hsc_epi2me_full/work/2a/d31cd33bad8b5d8e444d38ff6856db
Removed /scratch/indikar_root/indikar1/shared_data/hsc_epi2me_full/work/9c/bd2f850e7c69f0375c89cc7b5486ca
Removed /scratch/indikar_root/indikar1/shared_data/hsc_epi2me_full/work/8b/77b44ae7f8f93ecb65f911178e9f26
Removed /scratch/indikar_root/indikar1/shared_data/hsc_epi2me_full/work/59/274a2cb4c37f3d93d5da0b29d474f0
Removed /scratch/indikar_root/indikar1/shared_data/hsc_epi2me_full/work/28/858036f41eeb8b3f2d5687f58657a0
Removed /scratch/indikar_root/indikar1/shared_data/hsc_epi2me_full/work/67/8e9418e9978c81aeb03b0a43333708
Removed /scratch/indikar_root/indikar1/shared_data/hsc_epi2me_full/work/f7/38b93c081d82192110d4ff97a3ce5b
Removed /scratch/indikar_root/indikar1/shared_data/hsc_epi2me_full/work/47/96e1dc67cd50905a7630d8556d9558
Removed /scratch/indikar_root/indikar1/shared_data/hsc_epi2me_full/work/ac/7980d75bd872d7ec44284882e42d0e
Removed /scratch/indikar_root/indikar1/shared_data/hsc_epi2me_full/work/5d/cc311ea832013e74a2b3c61d3e289d
Removed /scratch/indikar_root/indikar1/shared_data/hsc_epi2me_full/work/17/484ac2352f580758f1ce4af195d3c8
Removed /scratch/indikar_root/indikar1/shared_data/hsc_epi2me_full/work/a9/40b00957b94a79215a567d77b26eec
Removed /scratch/indikar_root/indikar1/shared_data/hsc_epi2me_full/work/93/3b4848dabdcef5ad1bc288c19cb2d5
Removed /scratch/indikar_root/indikar1/shared_data/hsc_epi2me_full/work/e8/41b9f50d27e81455bd15f38cad1286
Removed /scratch/indikar_root/indikar1/shared_data/hsc_epi2me_full/work/fd/fc7f9a9a2826d5340a8150b76b3014
Removed /scratch/indikar_root/indikar1/shared_data/hsc_epi2me_full/work/06/bffa4f4eb56e8958df750b4398ad3c
Removed /scratch/indikar_root/indikar1/shared_data/hsc_epi2me_full/work/40/d5774f5b4119c2fbc3aa28888d50f9
Removed /scratch/indikar_root/indikar1/shared_data/hsc_epi2me_full/work/97/eb6ff8e0ef541debb2333a99fbf3a6
Removed /scratch/indikar_root/indikar1/shared_data/hsc_epi2me_full/work/65/c6a0185189ed2f2b9e7b1a2b7efef5
Removed /scratch/indikar_root/indikar1/shared_data/hsc_epi2me_full/work/c5/97df81d03f4dc3c033ceb148c7d94c
Removed /scratch/indikar_root/indikar1/shared_data/hsc_epi2me_full/work/06/af1e971995a6c8804c358d232804e0
Removed /scratch/indikar_root/indikar1/shared_data/hsc_epi2me_full/work/7d/ad2928a720c9f678b7c7484f7b62aa
Removed /scratch/indikar_root/indikar1/shared_data/hsc_epi2me_full/work/e7/4bb1743e3525bf84afcc21ea7288de
Removed /scratch/indikar_root/indikar1/shared_data/hsc_epi2me_full/work/0d/8dbf3116268b2650c7bd3f4d6a6874
Removed /scratch/indikar_root/indikar1/shared_data/hsc_epi2me_full/work/32/1e35731535a11e48dd0bd528e9a66c
Removed /scratch/indikar_root/indikar1/shared_data/hsc_epi2me_full/work/41/0804df635c5dfe0317c7c0e8636108
Removed /scratch/indikar_root/indikar1/shared_data/hsc_epi2me_full/work/ec/77026acbc54a77d1953875af1b6e6f
Removed /scratch/indikar_root/indikar1/shared_data/hsc_epi2me_full/work/cd/607975aa1a852f51763380325f0289
Removed /scratch/indikar_root/indikar1/shared_data/hsc_epi2me_full/work/bd/019c43d104a65d51cf558b32f280fc
Removed /scratch/indikar_root/indikar1/shared_data/hsc_epi2me_full/work/5f/17468f1b4458308240b3290bdb7109
Removed /scratch/indikar_root/indikar1/shared_data/hsc_epi2me_full/work/39/1cbd17977c0b3020eb9c3ef02cc34b
Removed /scratch/indikar_root/indikar1/shared_data/hsc_epi2me_full/work/48/679b96dc1c8e1bbb6e47e9a145a471
Removed /scratch/indikar_root/indikar1/shared_data/hsc_epi2me_full/work/ab/5ad85ebf3a6bf7fb17665d04f56f24
Removed /scratch/indikar_root/indikar1/shared_data/hsc_epi2me_full/work/40/ca02ccd20e829b6345d299a4f4ef63
Removed /scratch/indikar_root/indikar1/shared_data/hsc_epi2me_full/work/81/3350c998bca7e4a2a1d105ca97868c
Removed /scratch/indikar_root/indikar1/shared_data/hsc_epi2me_full/work/81/9ea825281242cc16f943b3f4e88d5a
Removed /scratch/indikar_root/indikar1/shared_data/hsc_epi2me_full/work/fd/c6cd05841606704a18e50c7047e67b
Removed /scratch/indikar_root/indikar1/shared_data/hsc_epi2me_full/work/20/c7017b8ce6df46d3c8034f43bfdd6b
Removed /scratch/indikar_root/indikar1/shared_data/hsc_epi2me_full/work/62/f04f0be533e1d4e7b008e1cd9769b7
Removed /scratch/indikar_root/indikar1/shared_data/hsc_epi2me_full/work/c0/f642ae9b8af45a7488bbda26c8232b
Removed /scratch/indikar_root/indikar1/shared_data/hsc_epi2me_full/work/22/f5ac8d3ac866468f97a6614f369265
Removed /scratch/indikar_root/indikar1/shared_data/hsc_epi2me_full/work/80/57b4a9ca5ad47fe34faf8708529b6c
Removed /scratch/indikar_root/indikar1/shared_data/hsc_epi2me_full/work/88/a407f85f95befd9bec3190c1b3fdf6
Removed /scratch/indikar_root/indikar1/shared_data/hsc_epi2me_full/work/a4/52efd594994432bc02f303a46afb6b
Removed /scratch/indikar_root/indikar1/shared_data/hsc_epi2me_full/work/ea/a88ddb69ae6bcb0949c78a7aec3e02
Removed /scratch/indikar_root/indikar1/shared_data/hsc_epi2me_full/work/0b/9eb37ffac529e7c52aa1d4b9404908
Removed /scratch/indikar_root/indikar1/shared_data/hsc_epi2me_full/work/d3/05faff291ba14fa202129b445540fb
Removed /scratch/indikar_root/indikar1/shared_data/hsc_epi2me_full/work/80/887a1b0b088ba150d1e3777054fca5
Removed /scratch/indikar_root/indikar1/shared_data/hsc_epi2me_full/work/0b/208b42ff9cb9138377c03e6977c2cb
Removed /scratch/indikar_root/indikar1/shared_data/hsc_epi2me_full/work/77/67281986e8d6e61caa28df52c0a973
Removed /scratch/indikar_root/indikar1/shared_data/hsc_epi2me_full/work/99/0a621ef9ba154dcfc232d98554a048
Removed /scratch/indikar_root/indikar1/shared_data/hsc_epi2me_full/work/b7/52a7cbb65cf1fdc3eca438933cdebf
Removed /scratch/indikar_root/indikar1/shared_data/hsc_epi2me_full/work/45/4e7d5b4d47bb675d532c81691362ff
Removed /scratch/indikar_root/indikar1/shared_data/hsc_epi2me_full/work/46/70e89f0649ad979b4ef812831fec68
Removed /scratch/indikar_root/indikar1/shared_data/hsc_epi2me_full/work/28/8a3cacbc4a13c079e49aac4e4ca452
Removed /scratch/indikar_root/indikar1/shared_data/hsc_epi2me_full/work/5b/4fac3586ff9c52f06bb050d8d19ae8
Removed /scratch/indikar_root/indikar1/shared_data/hsc_epi2me_full/work/cc/0886d0e88121643066484ceb6beb5f
Removed /scratch/indikar_root/indikar1/shared_data/hsc_epi2me_full/work/c0/c607c81cc5eb812668d773c2ad7ca8
Removed /scratch/indikar_root/indikar1/shared_data/hsc_epi2me_full/work/03/02cce851a65553944bafd0e5cfa715
Removed /scratch/indikar_root/indikar1/shared_data/hsc_epi2me_full/work/49/88505774b0bd6905fe4980e3e30b1d
Removed /scratch/indikar_root/indikar1/shared_data/hsc_epi2me_full/work/1d/91df3b9d1ef4a6d650c3afecb945b9
Removed /scratch/indikar_root/indikar1/shared_data/hsc_epi2me_full/work/6f/b4ec44ced9a684410dad7fe4bb1bd3
Removed /scratch/indikar_root/indikar1/shared_data/hsc_epi2me_full/work/d5/7cc77335520a8a486f6729b71193a5
Removed /scratch/indikar_root/indikar1/shared_data/hsc_epi2me_full/work/ec/0bc47fcaacc9717f5b3cfa3a89e9a0
Removed /scratch/indikar_root/indikar1/shared_data/hsc_epi2me_full/work/6c/4a7b0996d66f248f63c4e21f6da66e
Removed /scratch/indikar_root/indikar1/shared_data/hsc_epi2me_full/work/a5/e0c86eeb89b20cdaf23a3931739056
Removed /scratch/indikar_root/indikar1/shared_data/hsc_epi2me_full/work/b8/c07fcc015478f3dc1b39bcfc1a3d5c
Removed /scratch/indikar_root/indikar1/shared_data/hsc_epi2me_full/work/c8/5106d50eb04a01c6e2bdd8ce86296d
Removed /scratch/indikar_root/indikar1/shared_data/hsc_epi2me_full/work/2e/786428677920785e2bb3e101674eca
Removed /scratch/indikar_root/indikar1/shared_data/hsc_epi2me_full/work/a0/df26f90ba6e836b9ee7c90314d85ae
Removed /scratch/indikar_root/indikar1/shared_data/hsc_epi2me_full/work/75/869c218a156251d6493c628179a964
Removed /scratch/indikar_root/indikar1/shared_data/hsc_epi2me_full/work/b4/4dbc0332464d05044da78b21b4d0d6
Removed /scratch/indikar_root/indikar1/shared_data/hsc_epi2me_full/work/13/169e17bb6c8e51952c7bc6779509cf
Removed /scratch/indikar_root/indikar1/shared_data/hsc_epi2me_full/work/9a/2b1110019c7f4f7db796dec02b7b64
Removed /scratch/indikar_root/indikar1/shared_data/hsc_epi2me_full/work/9c/511476c418d9d39a6f11331881180a
Removed /scratch/indikar_root/indikar1/shared_data/hsc_epi2me_full/work/67/ba638009c9b2038c8d6f30045d0d02
Removed /scratch/indikar_root/indikar1/shared_data/hsc_epi2me_full/work/be/b554915416881c4bcd4b9e90798827
Removed /scratch/indikar_root/indikar1/shared_data/hsc_epi2me_full/work/97/06ae16335b1b8ec475af4fff6fe29e
Removed /scratch/indikar_root/indikar1/shared_data/hsc_epi2me_full/work/9b/a2eaf90f3047720ef3123dcb9cef02
Removed /scratch/indikar_root/indikar1/shared_data/hsc_epi2me_full/work/61/5a7f96cc83619965bc60806494f1bf
Removed /scratch/indikar_root/indikar1/shared_data/hsc_epi2me_full/work/27/936b448a020914623ba3d177b8c4de
Removed /scratch/indikar_root/indikar1/shared_data/hsc_epi2me_full/work/34/414d5adcb02f30177793fe32fc02b1
Removed /scratch/indikar_root/indikar1/shared_data/hsc_epi2me_full/work/db/6736e340051e322f53a77b47d9964f
Removed /scratch/indikar_root/indikar1/shared_data/hsc_epi2me_full/work/63/4ce0c0cbe69b051035328fa5c80ce2
Removed /scratch/indikar_root/indikar1/shared_data/hsc_epi2me_full/work/97/b84054df6031d54c0a60a6503f8fd1
Removed /scratch/indikar_root/indikar1/shared_data/hsc_epi2me_full/work/b9/1c880c2420b332a53ab7005cc6673c
Removed /scratch/indikar_root/indikar1/shared_data/hsc_epi2me_full/work/87/308d9355784dad33f94ad88ffe2aa3
Removed /scratch/indikar_root/indikar1/shared_data/hsc_epi2me_full/work/27/c21f67dfc53642fe2b6c1818f300bb
Removed /scratch/indikar_root/indikar1/shared_data/hsc_epi2me_full/work/22/e14622436166a471639a2fc41951fa
Removed /scratch/indikar_root/indikar1/shared_data/hsc_epi2me_full/work/0d/34c0d5f557334f11787f305fd1d81f
Removed /scratch/indikar_root/indikar1/shared_data/hsc_epi2me_full/work/af/6096c94a79878ce454cbd976c40c92
Removed /scratch/indikar_root/indikar1/shared_data/hsc_epi2me_full/work/52/9147d4b20ab2ca33984e256c509b40
Removed /scratch/indikar_root/indikar1/shared_data/hsc_epi2me_full/work/0d/cae8bf485382b61a363d85fefe9496
Removed /scratch/indikar_root/indikar1/shared_data/hsc_epi2me_full/work/82/0235da37ade01e74be634e30c51301
Removed /scratch/indikar_root/indikar1/shared_data/hsc_epi2me_full/work/f3/8d238e15e5f49a350bb427c1a7fb08
Removed /scratch/indikar_root/indikar1/shared_data/hsc_epi2me_full/work/c1/7d9cfaf632f6f24285dfd294fce5f2
Removed /scratch/indikar_root/indikar1/shared_data/hsc_epi2me_full/work/7c/a59e6e624fa2e25406ba763abe0a01
Removed /scratch/indikar_root/indikar1/shared_data/hsc_epi2me_full/work/1f/3a2b8658d05d31166fede07162c487
Removed /scratch/indikar_root/indikar1/shared_data/hsc_epi2me_full/work/4d/80e12dd757d6e44467fe7285122ded
Removed /scratch/indikar_root/indikar1/shared_data/hsc_epi2me_full/work/be/240df2d0adf33cbc506ae3888fde62
Removed /scratch/indikar_root/indikar1/shared_data/hsc_epi2me_full/work/b9/ff1e55758e4a43c1062cb123d93f9e
Removed /scratch/indikar_root/indikar1/shared_data/hsc_epi2me_full/work/21/e6b9b5971cb391fa77860b5982682c
Removed /scratch/indikar_root/indikar1/shared_data/hsc_epi2me_full/work/49/bb27f8e27eb1432a048662a8d6153f
Removed /scratch/indikar_root/indikar1/shared_data/hsc_epi2me_full/work/4a/e5dbb50520a63f6af92d46461063f7
Removed /scratch/indikar_root/indikar1/shared_data/hsc_epi2me_full/work/67/89468acbf09300dd4cf1d9a73fd693
Removed /scratch/indikar_root/indikar1/shared_data/hsc_epi2me_full/work/ca/6b4d462993c598e76acde4aef2ac42
Removed /scratch/indikar_root/indikar1/shared_data/hsc_epi2me_full/work/d2/d823a450f66d7896b6129af2251282
Removed /scratch/indikar_root/indikar1/shared_data/hsc_epi2me_full/work/59/4c03205990179e791663b896b7de76
Removed /scratch/indikar_root/indikar1/shared_data/hsc_epi2me_full/work/af/a2a1f4f9d4fafd0f11635ffe0b59b7
Removed /scratch/indikar_root/indikar1/shared_data/hsc_epi2me_full/work/2c/a20d358e4d12f91458df9dee3be934
Removed /scratch/indikar_root/indikar1/shared_data/hsc_epi2me_full/work/75/a29de3d941a591c0243b0626e6f985
Removed /scratch/indikar_root/indikar1/shared_data/hsc_epi2me_full/work/36/d12529bedd93f0d3bc8327585898a5
Removed /scratch/indikar_root/indikar1/shared_data/hsc_epi2me_full/work/33/8531dd928a363822133cf94df922e1
Removed /scratch/indikar_root/indikar1/shared_data/hsc_epi2me_full/work/7b/e92757a98ce3f86534ad417d43b4c3
Removed /scratch/indikar_root/indikar1/shared_data/hsc_epi2me_full/work/9e/ba6ec18f50db9226b64ee63a1698ae
Removed /scratch/indikar_root/indikar1/shared_data/hsc_epi2me_full/work/55/f1ee862956ffee3a7adbe2c001cc58
Removed /scratch/indikar_root/indikar1/shared_data/hsc_epi2me_full/work/47/ac58011e931708f1cbca96d8343574
Removed /scratch/indikar_root/indikar1/shared_data/hsc_epi2me_full/work/a7/f4e24850ff42c653a6709e724e257a
Removed /scratch/indikar_root/indikar1/shared_data/hsc_epi2me_full/work/25/74e9134dc207cc9d6a7c391163d54e
Removed /scratch/indikar_root/indikar1/shared_data/hsc_epi2me_full/work/9c/a0df4a9c117c72d14ed5b69a499f83
Removed /scratch/indikar_root/indikar1/shared_data/hsc_epi2me_full/work/c8/35cb1bb11dda7b6c2135764d8b9998
Removed /scratch/indikar_root/indikar1/shared_data/hsc_epi2me_full/work/ed/347c43eefc66c11a61ec1689b56b91
Removed /scratch/indikar_root/indikar1/shared_data/hsc_epi2me_full/work/e4/8c8007861cb640054b7436d7d0b7e3
Removed /scratch/indikar_root/indikar1/shared_data/hsc_epi2me_full/work/32/40a6aa0efc28832b527f675ab6de15
Removed /scratch/indikar_root/indikar1/shared_data/hsc_epi2me_full/work/17/1b39e8a3f14a2dbaac03b7f247357f
Removed /scratch/indikar_root/indikar1/shared_data/hsc_epi2me_full/work/1b/bdebee2b3d79d98f76c65fc2d170e3
Removed /scratch/indikar_root/indikar1/shared_data/hsc_epi2me_full/work/73/1c7a273a24479cf30665ad6a0894d3
Removed /scratch/indikar_root/indikar1/shared_data/hsc_epi2me_full/work/51/69e6a9cfe9048c22c1484dc5ce17ef
Removed /scratch/indikar_root/indikar1/shared_data/hsc_epi2me_full/work/23/aaf67302dd02797692044b88957dec
Removed /scratch/indikar_root/indikar1/shared_data/hsc_epi2me_full/work/47/48e66c7b28c9f173ad864f42c22945
Removed /scratch/indikar_root/indikar1/shared_data/hsc_epi2me_full/work/4e/d5a9ea7df028d1c5ddd6c1ab984b00
Removed /scratch/indikar_root/indikar1/shared_data/hsc_epi2me_full/work/74/46dc05934dcdbb3e4b0d12ba0a6e6f
Removed /scratch/indikar_root/indikar1/shared_data/hsc_epi2me_full/work/b8/a837308813a8cc93e560410cb83207
Removed /scratch/indikar_root/indikar1/shared_data/hsc_epi2me_full/work/39/2402e58f5be8fd87ed17a6309a5cb5
Removed /scratch/indikar_root/indikar1/shared_data/hsc_epi2me_full/work/bf/b26cb996b42e80c394d680dd0f58c9
Removed /scratch/indikar_root/indikar1/shared_data/hsc_epi2me_full/work/19/adb00b2d841cebd096420931787d54
Removed /scratch/indikar_root/indikar1/shared_data/hsc_epi2me_full/work/f7/f589feeefc71df9976a8e439e4fd08
Removed /scratch/indikar_root/indikar1/shared_data/hsc_epi2me_full/work/d1/b92cba5ecf7375fd12d8a5afb8cb70
Removed /scratch/indikar_root/indikar1/shared_data/hsc_epi2me_full/work/d5/32edaef5ecf48f7e925d51de41443d
Removed /scratch/indikar_root/indikar1/shared_data/hsc_epi2me_full/work/ec/aed08c188664c4dc88d037f5568cd4
Removed /scratch/indikar_root/indikar1/shared_data/hsc_epi2me_full/work/28/4c2cf03f92545657b411b3202a068b
Removed /scratch/indikar_root/indikar1/shared_data/hsc_epi2me_full/work/ca/e72025bb44a22517845422683e0f23
Removed /scratch/indikar_root/indikar1/shared_data/hsc_epi2me_full/work/b2/fd087492319087c0570fbbfc07b338
Removed /scratch/indikar_root/indikar1/shared_data/hsc_epi2me_full/work/aa/5be5cebb05d510d69aeffc75f309c3
Removed /scratch/indikar_root/indikar1/shared_data/hsc_epi2me_full/work/42/9f7f0039ff67b744de281a5d1eb40c
Removed /scratch/indikar_root/indikar1/shared_data/hsc_epi2me_full/work/85/538c6ae022c10048a81f45cc8c6336
Removed /scratch/indikar_root/indikar1/shared_data/hsc_epi2me_full/work/17/712b06de5f811d0bd6d9ce97afe285
Removed /scratch/indikar_root/indikar1/shared_data/hsc_epi2me_full/work/21/7d1804bad27f5e0d9181a715e5c894
Removed /scratch/indikar_root/indikar1/shared_data/hsc_epi2me_full/work/8c/134dd06e8278dfd5dda6129dc94f2c
Removed /scratch/indikar_root/indikar1/shared_data/hsc_epi2me_full/work/3e/3f16298cbd2941fe37e98eda6b1d35
Removed /scratch/indikar_root/indikar1/shared_data/hsc_epi2me_full/work/48/2a26cac0d1c551c08c475b2960ce8a
Removed /scratch/indikar_root/indikar1/shared_data/hsc_epi2me_full/work/bb/a2440dc300258cf4fff7f39a1367fc
Removed /scratch/indikar_root/indikar1/shared_data/hsc_epi2me_full/work/7e/c6f9d76c8d54b1b06d5b079c6ef881
Removed /scratch/indikar_root/indikar1/shared_data/hsc_epi2me_full/work/b5/04f1c0da56ee7ddae4597df64ce55c
Removed /scratch/indikar_root/indikar1/shared_data/hsc_epi2me_full/work/d3/65d56c88fbaed60b347a0428b203f1
Removed /scratch/indikar_root/indikar1/shared_data/hsc_epi2me_full/work/e2/3d8eac4a1214a1d198111489b4c0a6
Removed /scratch/indikar_root/indikar1/shared_data/hsc_epi2me_full/work/f5/028627b12affbd53a78db8c182ad72
Removed /scratch/indikar_root/indikar1/shared_data/hsc_epi2me_full/work/24/8a1a39723297243a9f0ef6cb4964d2
Removed /scratch/indikar_root/indikar1/shared_data/hsc_epi2me_full/work/a2/24d9a69e6a54b4f7d0801aaad1e4d7
Removed /scratch/indikar_root/indikar1/shared_data/hsc_epi2me_full/work/e3/4d6049df6649af889cf896ce9fcb11
Removed /scratch/indikar_root/indikar1/shared_data/hsc_epi2me_full/work/2e/8d181165859f886e65e33d13865a95
Removed /scratch/indikar_root/indikar1/shared_data/hsc_epi2me_full/work/50/77017132e8e020732ebf36bee54f80
Removed /scratch/indikar_root/indikar1/shared_data/hsc_epi2me_full/work/77/7deeaa7ebafe61f976f5c8896ea5de
Removed /scratch/indikar_root/indikar1/shared_data/hsc_epi2me_full/work/b9/8dc69170acac420138263ca1bb4e75
Removed /scratch/indikar_root/indikar1/shared_data/hsc_epi2me_full/work/f4/289fbfb32e9271160a27ae1a1c1374
Removed /scratch/indikar_root/indikar1/shared_data/hsc_epi2me_full/work/ac/114fdba4b2aa5bb0fd01fdc6fe1a2c
Removed /scratch/indikar_root/indikar1/shared_data/hsc_epi2me_full/work/3c/9cc68bf6c3999c45b5317fc5eda04a
Removed /scratch/indikar_root/indikar1/shared_data/hsc_epi2me_full/work/19/3d1e6cc41409e0ae4d8e6bc924a665
Removed /scratch/indikar_root/indikar1/shared_data/hsc_epi2me_full/work/01/f3538f578c48d0b1b516a43a75f664
Removed /scratch/indikar_root/indikar1/shared_data/hsc_epi2me_full/work/54/dd2111716945540e73c9d9f0357988
Removed /scratch/indikar_root/indikar1/shared_data/hsc_epi2me_full/work/5e/15527eda9b852b9d68b5f05f8f952a
Removed /scratch/indikar_root/indikar1/shared_data/hsc_epi2me_full/work/7e/1024df0133a5f0dcce3186e703ccc2
Removed /scratch/indikar_root/indikar1/shared_data/hsc_epi2me_full/work/64/9a32422ab925c859b7ddb3422a1491
Removed /scratch/indikar_root/indikar1/shared_data/hsc_epi2me_full/work/07/b703942876ce0e7fbb697138827061
Removed /scratch/indikar_root/indikar1/shared_data/hsc_epi2me_full/work/67/f4cf44f4ea471ff99decd42e195178
Removed /scratch/indikar_root/indikar1/shared_data/hsc_epi2me_full/work/32/1e04690f0fc4448e964ade3ff376b3
Removed /scratch/indikar_root/indikar1/shared_data/hsc_epi2me_full/work/21/609c8b3918eb88442f39dbcf26d664
Removed /scratch/indikar_root/indikar1/shared_data/hsc_epi2me_full/work/41/0a862eef8e0ce79212cd5e62f35076
Removed /scratch/indikar_root/indikar1/shared_data/hsc_epi2me_full/work/8a/16baa0e4ada4365174df09844d730a
Removed /scratch/indikar_root/indikar1/shared_data/hsc_epi2me_full/work/13/a082cfa7c0f4360cd5f9dbe579ee5c
Removed /scratch/indikar_root/indikar1/shared_data/hsc_epi2me_full/work/50/17279cc19fb391058944ff1b50f879
Removed /scratch/indikar_root/indikar1/shared_data/hsc_epi2me_full/work/66/3ae126ffcb1e70b5be55dc026c0d2f
Removed /scratch/indikar_root/indikar1/shared_data/hsc_epi2me_full/work/ba/badddc7df62c9e2d86d3fd3903323e
Removed /scratch/indikar_root/indikar1/shared_data/hsc_epi2me_full/work/b4/c3b2380d61ac941b8dbcf29e8b57f2
Removed /scratch/indikar_root/indikar1/shared_data/hsc_epi2me_full/work/06/6b7078a2e6b97bfee4db4593be3e2d
Removed /scratch/indikar_root/indikar1/shared_data/hsc_epi2me_full/work/61/6099112442fdb65d0378970fbaaa4f
Removed /scratch/indikar_root/indikar1/shared_data/hsc_epi2me_full/work/3f/0df3ed66ac3e384ebd9ab8b0bcff85
Removed /scratch/indikar_root/indikar1/shared_data/hsc_epi2me_full/work/07/c7b6f028793eb9c64db1c73305b83c
Removed /scratch/indikar_root/indikar1/shared_data/hsc_epi2me_full/work/29/5310a067001b24c9970c646d154a2f
Removed /scratch/indikar_root/indikar1/shared_data/hsc_epi2me_full/work/53/11b80422ce8387336dde0124d6cc5a
Removed /scratch/indikar_root/indikar1/shared_data/hsc_epi2me_full/work/5e/ab39b28c2f04d3b08cdeb414d0daac
Removed /scratch/indikar_root/indikar1/shared_data/hsc_epi2me_full/work/71/d9ed1a006042df8db34221dec9507a
Removed /scratch/indikar_root/indikar1/shared_data/hsc_epi2me_full/work/c5/632e93248164b92ec964f7ef96aa0e
Removed /scratch/indikar_root/indikar1/shared_data/hsc_epi2me_full/work/30/4022b17461a12077701ab86d6a72a5
Removed /scratch/indikar_root/indikar1/shared_data/hsc_epi2me_full/work/f7/aab384622151cb0380acaed06ec7c5
Removed /scratch/indikar_root/indikar1/shared_data/hsc_epi2me_full/work/02/973df9762ae2e7dca5dec87da3b7f5
Removed /scratch/indikar_root/indikar1/shared_data/hsc_epi2me_full/work/e4/d0c77732d3b4dd541f5509bca2f9a6
Removed /scratch/indikar_root/indikar1/shared_data/hsc_epi2me_full/work/98/5bc1f0c00fe5afbff347668ec8286d
Removed /scratch/indikar_root/indikar1/shared_data/hsc_epi2me_full/work/3b/1ab7b95c59160bab5b7df2884bb44a
Removed /scratch/indikar_root/indikar1/shared_data/hsc_epi2me_full/work/e0/dc3b42a4d24dcd9fa700d3fb05b11e
Removed /scratch/indikar_root/indikar1/shared_data/hsc_epi2me_full/work/72/b53ef6edcc363ec94e45d74d7f2b90
Removed /scratch/indikar_root/indikar1/shared_data/hsc_epi2me_full/work/8b/b096ea766b38846865a3dc4b65c33b
Removed /scratch/indikar_root/indikar1/shared_data/hsc_epi2me_full/work/46/6a855abfd4c1ac3a71c706d1bc49c9
Removed /scratch/indikar_root/indikar1/shared_data/hsc_epi2me_full/work/4d/dc80e85d6f22a726143e24bf7cdb15
Removed /scratch/indikar_root/indikar1/shared_data/hsc_epi2me_full/work/8f/d270d9f14f57e6a0ccd2426d049842
Removed /scratch/indikar_root/indikar1/shared_data/hsc_epi2me_full/work/9d/29970e5215bbe6dee48b3fe6ed3be4
Removed /scratch/indikar_root/indikar1/shared_data/hsc_epi2me_full/work/be/544edc608155a3eedc22da814cbda9
Removed /scratch/indikar_root/indikar1/shared_data/hsc_epi2me_full/work/5d/987e79b321128195cb4007945e6222
Removed /scratch/indikar_root/indikar1/shared_data/hsc_epi2me_full/work/c7/935572d0812ad78e971889229057ab
Removed /scratch/indikar_root/indikar1/shared_data/hsc_epi2me_full/work/b8/0efd6a560b1e6ca375dcdccfb3cbd4
Removed /scratch/indikar_root/indikar1/shared_data/hsc_epi2me_full/work/b9/6dce4c624b5799195153b353003e30
Removed /scratch/indikar_root/indikar1/shared_data/hsc_epi2me_full/work/91/c2783a19792f6ce048a2789d6a447c
Removed /scratch/indikar_root/indikar1/shared_data/hsc_epi2me_full/work/f8/241c8ff1fbca709096886b489b580f
Removed /scratch/indikar_root/indikar1/shared_data/hsc_epi2me_full/work/64/4e18c118c7b04f9b354f00b4e528a6
Removed /scratch/indikar_root/indikar1/shared_data/hsc_epi2me_full/work/b0/52b073882fdf138698ca441d8f120c
Removed /scratch/indikar_root/indikar1/shared_data/hsc_epi2me_full/work/3c/193b520f50886a9ccbda8df24d1493
Removed /scratch/indikar_root/indikar1/shared_data/hsc_epi2me_full/work/b5/bcfead05eb0b16c222f6960387e9e3
Removed /scratch/indikar_root/indikar1/shared_data/hsc_epi2me_full/work/0f/21b1a976a459bc80c13b11c106f1af
Removed /scratch/indikar_root/indikar1/shared_data/hsc_epi2me_full/work/b7/848aa5b658dcade3bb2a511b4e011e
Removed /scratch/indikar_root/indikar1/shared_data/hsc_epi2me_full/work/8e/d67cdbdc3550fcc901cb80671e41bd
Removed /scratch/indikar_root/indikar1/shared_data/hsc_epi2me_full/work/32/aee1276192503c64ee6e285b5ba543
Removed /scratch/indikar_root/indikar1/shared_data/hsc_epi2me_full/work/f5/dbb5a6d6671c1abbe38ccb40932516
Removed /scratch/indikar_root/indikar1/shared_data/hsc_epi2me_full/work/88/bbed68f985456985f54d6a6924d65a
Removed /scratch/indikar_root/indikar1/shared_data/hsc_epi2me_full/work/1e/0794a75ac05a8aec4ae1ff89ed32db
Removed /scratch/indikar_root/indikar1/shared_data/hsc_epi2me_full/work/e9/cbf61ccf6bad9361a543bfc7d78bca
Removed /scratch/indikar_root/indikar1/shared_data/hsc_epi2me_full/work/97/513d4f61e08e0f85eed8e2a58a8085
Removed /scratch/indikar_root/indikar1/shared_data/hsc_epi2me_full/work/b1/23fdf48e7136ec03b4046b5942a180
Removed /scratch/indikar_root/indikar1/shared_data/hsc_epi2me_full/work/d6/cffef7499942cab9ba757e57ab15ec
Removed /scratch/indikar_root/indikar1/shared_data/hsc_epi2me_full/work/a6/5d3e65af5d5d62444217619ba427f4
Removed /scratch/indikar_root/indikar1/shared_data/hsc_epi2me_full/work/06/0feeeaef986e12c415546d33ef3c51
Removed /scratch/indikar_root/indikar1/shared_data/hsc_epi2me_full/work/9e/11c2676b5a9c846937f00f27ceca4c
Removed /scratch/indikar_root/indikar1/shared_data/hsc_epi2me_full/work/74/72a04423668ca2476e22a76745c02b
Removed /scratch/indikar_root/indikar1/shared_data/hsc_epi2me_full/work/3e/72519447c74b63be8baa278b651f61
Removed /scratch/indikar_root/indikar1/shared_data/hsc_epi2me_full/work/82/62aa52890376ef4c6bd1a3c4d781df
Removed /scratch/indikar_root/indikar1/shared_data/hsc_epi2me_full/work/f8/2e08831846bfc67476b19384814252
Removed /scratch/indikar_root/indikar1/shared_data/hsc_epi2me_full/work/f4/829f832638d6d65ee7a40619c5b211
Removed /scratch/indikar_root/indikar1/shared_data/hsc_epi2me_full/work/5b/7c55062fe130ea46a5bea44a620992
Removed /scratch/indikar_root/indikar1/shared_data/hsc_epi2me_full/work/3b/4ebaa185a042bbb095561ae901cf92
Removed /scratch/indikar_root/indikar1/shared_data/hsc_epi2me_full/work/05/5cf6aa4435a0efcca780ea1a1e2316
Removed /scratch/indikar_root/indikar1/shared_data/hsc_epi2me_full/work/7f/82eb519d874fe925b47dcd78b2cd18
Removed /scratch/indikar_root/indikar1/shared_data/hsc_epi2me_full/work/d3/e638fa40f715a52fd29163b1311d4d
Removed /scratch/indikar_root/indikar1/shared_data/hsc_epi2me_full/work/21/499fc45fc1c200fc0a8f35e61855be
Removed /scratch/indikar_root/indikar1/shared_data/hsc_epi2me_full/work/d5/3f850a796a0c0556dc5dfebf0b3cd4
Removed /scratch/indikar_root/indikar1/shared_data/hsc_epi2me_full/work/57/3d230523a28502b15b3aa1882c6a90
Removed /scratch/indikar_root/indikar1/shared_data/hsc_epi2me_full/work/68/4113f605f4b0fe40e15d2c3b4063df
Removed /scratch/indikar_root/indikar1/shared_data/hsc_epi2me_full/work/d9/cbded827892e607482c9a89bf38950
Removed /scratch/indikar_root/indikar1/shared_data/hsc_epi2me_full/work/d7/1655e8d4e2978eab020f8c172e99d9
Removed /scratch/indikar_root/indikar1/shared_data/hsc_epi2me_full/work/dc/052a843a46b41e88a0477b7641d48e
Removed /scratch/indikar_root/indikar1/shared_data/hsc_epi2me_full/work/90/6bea673c7f1c9d8ebabead7207cd5d
Removed /scratch/indikar_root/indikar1/shared_data/hsc_epi2me_full/work/ed/5c81c48d95a2fa9d1c99bbf72a258d
Removed /scratch/indikar_root/indikar1/shared_data/hsc_epi2me_full/work/17/230655ea0d573cb087b61610eb54c6
Removed /scratch/indikar_root/indikar1/shared_data/hsc_epi2me_full/work/38/835aeaca9b82483959167619c8ee2f
Removed /scratch/indikar_root/indikar1/shared_data/hsc_epi2me_full/work/e0/4f3a67499c5c70bd7626968bbbce0a
Removed /scratch/indikar_root/indikar1/shared_data/hsc_epi2me_full/work/72/5f80edc38ce332b52136f99c733869
Removed /scratch/indikar_root/indikar1/shared_data/hsc_epi2me_full/work/ce/32bcd2ec22c13086d4877306da5eec
Removed /scratch/indikar_root/indikar1/shared_data/hsc_epi2me_full/work/39/1c17af65c52a77cd9108b1460c27ff
Removed /scratch/indikar_root/indikar1/shared_data/hsc_epi2me_full/work/1c/47a9baa568ee2af4a809fd2c4fbeb2
Removed /scratch/indikar_root/indikar1/shared_data/hsc_epi2me_full/work/35/c61f0336f326a5472aedeba8620208
Removed /scratch/indikar_root/indikar1/shared_data/hsc_epi2me_full/work/6f/4a7513b23c9adbec9115fed18bc452
Removed /scratch/indikar_root/indikar1/shared_data/hsc_epi2me_full/work/e8/565273dd8db05c3d040edfcd0633ef
Removed /scratch/indikar_root/indikar1/shared_data/hsc_epi2me_full/work/05/805a80a10c5718550ccc2424408d3e
Removed /scratch/indikar_root/indikar1/shared_data/hsc_epi2me_full/work/54/06e5cc640e056fa43cbd8821d900f7
Removed /scratch/indikar_root/indikar1/shared_data/hsc_epi2me_full/work/8c/74eb9703674e3344b0528da5a046b0
Removed /scratch/indikar_root/indikar1/shared_data/hsc_epi2me_full/work/2e/92b63ade6abc23744430df352dc729
Removed /scratch/indikar_root/indikar1/shared_data/hsc_epi2me_full/work/43/d6f4f56d63b5ceb3e729bcaa163da6
Removed /scratch/indikar_root/indikar1/shared_data/hsc_epi2me_full/work/7d/0c16c6733f220d87a5b98592c74d1a
Removed /scratch/indikar_root/indikar1/shared_data/hsc_epi2me_full/work/23/ab79813e15d10273f652b95c8ff740
Removed /scratch/indikar_root/indikar1/shared_data/hsc_epi2me_full/work/c6/a2342d2f3fe748351df1256878ef39
Removed /scratch/indikar_root/indikar1/shared_data/hsc_epi2me_full/work/d6/37d3f5cfe190133fdb741c1bb00ac7
Removed /scratch/indikar_root/indikar1/shared_data/hsc_epi2me_full/work/86/a6c29f3140468a28299a72bc0aa1e0
Removed /scratch/indikar_root/indikar1/shared_data/hsc_epi2me_full/work/bd/1a5939e06e7f5970ac7f6e20aab38a
Removed /scratch/indikar_root/indikar1/shared_data/hsc_epi2me_full/work/aa/8b02be808788c9d8355edd848e5a00
Removed /scratch/indikar_root/indikar1/shared_data/hsc_epi2me_full/work/1d/d5bbde391478601bb400ebbd678705
Removed /scratch/indikar_root/indikar1/shared_data/hsc_epi2me_full/work/48/13d44863e6a3c3c827331541ab7b3c
Removed /scratch/indikar_root/indikar1/shared_data/hsc_epi2me_full/work/5b/933cd199f479d00c5861456eb83fc3
Removed /scratch/indikar_root/indikar1/shared_data/hsc_epi2me_full/work/b1/f363522ea46d07f44d09c08f51f7e8
Removed /scratch/indikar_root/indikar1/shared_data/hsc_epi2me_full/work/f2/7f7f0539dd77f7c318a43325d6aaec
Removed /scratch/indikar_root/indikar1/shared_data/hsc_epi2me_full/work/70/d2d4254eeab89b2d31ced67b5741bd
Removed /scratch/indikar_root/indikar1/shared_data/hsc_epi2me_full/work/5e/6316941cfefd005e4fc4852bba659f
Removed /scratch/indikar_root/indikar1/shared_data/hsc_epi2me_full/work/02/97e12650e14a4ed43fda6ca8c02ab1
Removed /scratch/indikar_root/indikar1/shared_data/hsc_epi2me_full/work/cf/9293ee76820a2afa9962b711f45b6e
Removed /scratch/indikar_root/indikar1/shared_data/hsc_epi2me_full/work/d1/e3d662eb23e3a764de410d8e230e75
Removed /scratch/indikar_root/indikar1/shared_data/hsc_epi2me_full/work/4b/3b84182f070e314bf519d208c38b5d
Removed /scratch/indikar_root/indikar1/shared_data/hsc_epi2me_full/work/08/f9f7eb624ce2a38ed34bf371c20f8e
Removed /scratch/indikar_root/indikar1/shared_data/hsc_epi2me_full/work/67/7252bc754967e37ea2d7d0b90f45af
Removed /scratch/indikar_root/indikar1/shared_data/hsc_epi2me_full/work/ed/0f1ce79f4637b0d6eb5003784cad92
Removed /scratch/indikar_root/indikar1/shared_data/hsc_epi2me_full/work/0c/93592d3496a3d3e3f26c4496019ec2
Removed /scratch/indikar_root/indikar1/shared_data/hsc_epi2me_full/work/70/1143cf2b315b4467ea15e5bd4d997e
Removed /scratch/indikar_root/indikar1/shared_data/hsc_epi2me_full/work/51/ba88f06d24a3dbef2bb6ae30062ebf
Removed /scratch/indikar_root/indikar1/shared_data/hsc_epi2me_full/work/b9/dcfd1463a6c133cda18fd1a52f1ecb
Removed /scratch/indikar_root/indikar1/shared_data/hsc_epi2me_full/work/b9/329ca47a560dd24eaaf47da7b009f6
Removed /scratch/indikar_root/indikar1/shared_data/hsc_epi2me_full/work/e4/e8113b7e515870c0c964f9baa1d7c7
Removed /scratch/indikar_root/indikar1/shared_data/hsc_epi2me_full/work/84/e03c76a607d100189826d9eeb9c7da
Removed /scratch/indikar_root/indikar1/shared_data/hsc_epi2me_full/work/e6/233fd6589fdb21029eaf89c49340a0
Removed /scratch/indikar_root/indikar1/shared_data/hsc_epi2me_full/work/9e/d24f236fa526c30f3b296e1b38ec06
Removed /scratch/indikar_root/indikar1/shared_data/hsc_epi2me_full/work/08/f20e1fb8984be3dd314751c3ff5ae2
Removed /scratch/indikar_root/indikar1/shared_data/hsc_epi2me_full/work/ed/ca38813bc4fa14dcaed1bbaa1f845d
Removed /scratch/indikar_root/indikar1/shared_data/hsc_epi2me_full/work/c9/560b20f8eba9a58fab757be7da1543
Removed /scratch/indikar_root/indikar1/shared_data/hsc_epi2me_full/work/7c/1fe3512f084cefbbf0d526aca2f0a1
Removed /scratch/indikar_root/indikar1/shared_data/hsc_epi2me_full/work/2a/7fa8a1ef790263d0865fe7b00f7cce
Removed /scratch/indikar_root/indikar1/shared_data/hsc_epi2me_full/work/c9/47fc3983930d9f827f79d13508ba99
Removed /scratch/indikar_root/indikar1/shared_data/hsc_epi2me_full/work/15/92d2013493e8917590d4367645fa25
Removed /scratch/indikar_root/indikar1/shared_data/hsc_epi2me_full/work/4d/8ee92da2b7a10cf3a4af0fc33f2d80
Removed /scratch/indikar_root/indikar1/shared_data/hsc_epi2me_full/work/3b/41f368b74b0315692553f31d3d4b72
Removed /scratch/indikar_root/indikar1/shared_data/hsc_epi2me_full/work/2a/7de5f4bf45736bc940c64d385ca316
Removed /scratch/indikar_root/indikar1/shared_data/hsc_epi2me_full/work/52/6ec4596c2b4eb1e0d21948ad8b149f
Removed /scratch/indikar_root/indikar1/shared_data/hsc_epi2me_full/work/96/3d5fd882c1f7bf88a4fc38ee28b59c
Removed /scratch/indikar_root/indikar1/shared_data/hsc_epi2me_full/work/38/6aa83d0522a15dfa6aec75017cbf44
Removed /scratch/indikar_root/indikar1/shared_data/hsc_epi2me_full/work/d4/0db46384b21e0f96c66cf51e1f837b
Removed /scratch/indikar_root/indikar1/shared_data/hsc_epi2me_full/work/ac/a34af4eb4f79d15dbfc503ae5534a4
Removed /scratch/indikar_root/indikar1/shared_data/hsc_epi2me_full/work/98/e8d345d8f79eed5d6dd935588b9c29
Removed /scratch/indikar_root/indikar1/shared_data/hsc_epi2me_full/work/8f/5708db7fd7a20a5d08447f9c9cd096
Removed /scratch/indikar_root/indikar1/shared_data/hsc_epi2me_full/work/5a/3e8e681e06bc11da9c452cb21a99b9
Removed /scratch/indikar_root/indikar1/shared_data/hsc_epi2me_full/work/49/49c115a2be17a10f5df66411e2db44
Removed /scratch/indikar_root/indikar1/shared_data/hsc_epi2me_full/work/54/2731566440154790f9a7de81160558
Removed /scratch/indikar_root/indikar1/shared_data/hsc_epi2me_full/work/2b/b71c1e0db29240b7680cd3e37b9b3b
Removed /scratch/indikar_root/indikar1/shared_data/hsc_epi2me_full/work/93/9ce2ac64ad930e973fd1821f8afe7e
Removed /scratch/indikar_root/indikar1/shared_data/hsc_epi2me_full/work/a6/9f88749c803dde6245c1ea6d7a459c
Removed /scratch/indikar_root/indikar1/shared_data/hsc_epi2me_full/work/51/a4290a04a8e777b46652f3c10337df
Removed /scratch/indikar_root/indikar1/shared_data/hsc_epi2me_full/work/38/29a6b4a20cc5524d4dd1d191c9eed3
Removed /scratch/indikar_root/indikar1/shared_data/hsc_epi2me_full/work/41/74080e65c1528313f26396e3744a09
Removed /scratch/indikar_root/indikar1/shared_data/hsc_epi2me_full/work/2e/eac134efcf1abc839e9e587cea1df0
Removed /scratch/indikar_root/indikar1/shared_data/hsc_epi2me_full/work/20/671625bc2b5f2f648908340b55b73e
Removed /scratch/indikar_root/indikar1/shared_data/hsc_epi2me_full/work/76/a7ec5ba01c82e6f120062697d0a4bb
Removed /scratch/indikar_root/indikar1/shared_data/hsc_epi2me_full/work/57/6a796a64742e2273327c7fff7717e8
Removed /scratch/indikar_root/indikar1/shared_data/hsc_epi2me_full/work/27/bcc83d3c9ed806b2ad7ca750807067
Removed /scratch/indikar_root/indikar1/shared_data/hsc_epi2me_full/work/b9/b0f54105524b315d51e1aabf16d4b4
Removed /scratch/indikar_root/indikar1/shared_data/hsc_epi2me_full/work/26/cddb64b75eb3d971947344229a9d49
Removed /scratch/indikar_root/indikar1/shared_data/hsc_epi2me_full/work/a8/c9ce4d5730bea7a6c8f542bcbe6fb4
Removed /scratch/indikar_root/indikar1/shared_data/hsc_epi2me_full/work/ca/bb03a808f9399af534d7d28b85d10f
Removed /scratch/indikar_root/indikar1/shared_data/hsc_epi2me_full/work/ed/d38d631c981c4d2a22cdd9f98f6f0c
Removed /scratch/indikar_root/indikar1/shared_data/hsc_epi2me_full/work/b8/11691d99bdc9e6cfee568691f535c6
Removed /scratch/indikar_root/indikar1/shared_data/hsc_epi2me_full/work/20/d353eaa9dbcb0ed83843cf92563bf5
Removed /scratch/indikar_root/indikar1/shared_data/hsc_epi2me_full/work/14/b92cb44caa2e0800fd47c45e173f91
Removed /scratch/indikar_root/indikar1/shared_data/hsc_epi2me_full/work/a0/e244aa769a49c91e87551282387c63
Removed /scratch/indikar_root/indikar1/shared_data/hsc_epi2me_full/work/52/aa98d6cf99e9eeee0a33aeeb244ad3
Removed /scratch/indikar_root/indikar1/shared_data/hsc_epi2me_full/work/da/f583d82a12845cbd43a6ad04798b84
Removed /scratch/indikar_root/indikar1/shared_data/hsc_epi2me_full/work/cd/2303ae04d910435f6146ab3270ad2c
Removed /scratch/indikar_root/indikar1/shared_data/hsc_epi2me_full/work/44/7637fb7c2434a458ddeef8fa0c71aa
Removed /scratch/indikar_root/indikar1/shared_data/hsc_epi2me_full/work/99/aa17b6ecfd3fff79ae5999d796242d
Removed /scratch/indikar_root/indikar1/shared_data/hsc_epi2me_full/work/fa/a02c5871789fab4a72134e414c20fb
Removed /scratch/indikar_root/indikar1/shared_data/hsc_epi2me_full/work/b3/753939c328d966a2c995a4dcd77fea
Removed /scratch/indikar_root/indikar1/shared_data/hsc_epi2me_full/work/0e/226fa98963fbbfe81c4ee2b1bc5c6e
Removed /scratch/indikar_root/indikar1/shared_data/hsc_epi2me_full/work/08/5f4e80dfd2fe07e4d844244976ac91
Removed /scratch/indikar_root/indikar1/shared_data/hsc_epi2me_full/work/28/f0a5e7807a3867c755d7ccec626710
Removed /scratch/indikar_root/indikar1/shared_data/hsc_epi2me_full/work/4c/3d6c7e8289d6e53541cfb9e784f756
Removed /scratch/indikar_root/indikar1/shared_data/hsc_epi2me_full/work/1e/6a5becc3342c881f885766a2a14358
Removed /scratch/indikar_root/indikar1/shared_data/hsc_epi2me_full/work/93/5b5f8f24775210741ac54d96bcfa90
Removed /scratch/indikar_root/indikar1/shared_data/hsc_epi2me_full/work/a8/1e1910e998d7d04fc69baaf8ab0877
Removed /scratch/indikar_root/indikar1/shared_data/hsc_epi2me_full/work/92/b3b462ccf61508fda3398a855f0c01
Removed /scratch/indikar_root/indikar1/shared_data/hsc_epi2me_full/work/5e/b81c37e73369e418cee388f05b00f9
Removed /scratch/indikar_root/indikar1/shared_data/hsc_epi2me_full/work/29/d26774f12e2c7c7fdbd84044553710
Removed /scratch/indikar_root/indikar1/shared_data/hsc_epi2me_full/work/0f/4eecff7ce1b1e21d08def823b7e069
Removed /scratch/indikar_root/indikar1/shared_data/hsc_epi2me_full/work/9f/8060ae8d71c7f39958e3c8d4df96ea
Removed /scratch/indikar_root/indikar1/shared_data/hsc_epi2me_full/work/a4/2ce3dc68b3cbee7436967c179921f7
Removed /scratch/indikar_root/indikar1/shared_data/hsc_epi2me_full/work/8b/c4c68a8c05d62cf8f49330b79a6984
Removed /scratch/indikar_root/indikar1/shared_data/hsc_epi2me_full/work/f7/34522eba234a5cc4d2e494fe29934b
Removed /scratch/indikar_root/indikar1/shared_data/hsc_epi2me_full/work/6d/8112c46faf524acdc8f6f0a39dcf1d
Removed /scratch/indikar_root/indikar1/shared_data/hsc_epi2me_full/work/50/836fecf5192b99417bf4f33ae42cad
Removed /scratch/indikar_root/indikar1/shared_data/hsc_epi2me_full/work/44/0df0919ae1d9fe3c889fc5bea322ca
Removed /scratch/indikar_root/indikar1/shared_data/hsc_epi2me_full/work/14/2f9fe0d7b36df0c32af9031f071736
Removed /scratch/indikar_root/indikar1/shared_data/hsc_epi2me_full/work/24/d3d6bdb4c35444da64d42154d4f31f
Removed /scratch/indikar_root/indikar1/shared_data/hsc_epi2me_full/work/1e/7c988192acb623618008562942a25e
Removed /scratch/indikar_root/indikar1/shared_data/hsc_epi2me_full/work/db/a9108cf78410601ffb04af1cd97aae
Removed /scratch/indikar_root/indikar1/shared_data/hsc_epi2me_full/work/e1/7f00ded236c965381d2b2db152e9a9
Removed /scratch/indikar_root/indikar1/shared_data/hsc_epi2me_full/work/66/a5e4f8c17d52db435e5ffbd2cfec0a
Removed /scratch/indikar_root/indikar1/shared_data/hsc_epi2me_full/work/c3/31b8a18a641e7d306eb84777f18c49
Removed /scratch/indikar_root/indikar1/shared_data/hsc_epi2me_full/work/4b/404029643fd1fe1ee21a4d80532b26
Removed /scratch/indikar_root/indikar1/shared_data/hsc_epi2me_full/work/37/90dfb85bc08540bdfb053d1e87b45a
Removed /scratch/indikar_root/indikar1/shared_data/hsc_epi2me_full/work/32/135eec3f451582535cdb41bcd2e048
Removed /scratch/indikar_root/indikar1/shared_data/hsc_epi2me_full/work/21/b4a27e9dd531c92db1529ba0f34de8
Removed /scratch/indikar_root/indikar1/shared_data/hsc_epi2me_full/work/9d/15115c0841d3e7049e5cc7e7228f1e
Removed /scratch/indikar_root/indikar1/shared_data/hsc_epi2me_full/work/72/85b18a4034c6179fb99484519ec77c
Removed /scratch/indikar_root/indikar1/shared_data/hsc_epi2me_full/work/72/27ea4a469440fa919049ae65fb9879
Removed /scratch/indikar_root/indikar1/shared_data/hsc_epi2me_full/work/af/e45a138f9b4bc8df74bfa575cee72c
Removed /scratch/indikar_root/indikar1/shared_data/hsc_epi2me_full/work/a1/2bf64fa31b2f3c237b7b8c9e0124a3
Removed /scratch/indikar_root/indikar1/shared_data/hsc_epi2me_full/work/e8/865896fcdb461f8f8c361faa202dd5
Removed /scratch/indikar_root/indikar1/shared_data/hsc_epi2me_full/work/b1/9c6478cc2aaa12385e4121763f5c69
Removed /scratch/indikar_root/indikar1/shared_data/hsc_epi2me_full/work/18/6be049a8ba2948a3c6aa989aa7b162
Removed /scratch/indikar_root/indikar1/shared_data/hsc_epi2me_full/work/51/df01c9620ea3e91215d542c4f36679
Removed /scratch/indikar_root/indikar1/shared_data/hsc_epi2me_full/work/49/47b7f6aea598f16928ad73f95d8783
Removed /scratch/indikar_root/indikar1/shared_data/hsc_epi2me_full/work/e8/1e7b07a4fcf1a4a52b25f8d69df925
Removed /scratch/indikar_root/indikar1/shared_data/hsc_epi2me_full/work/e0/ee8d11ad3b60968d5cf79ed977f4e4
Removed /scratch/indikar_root/indikar1/shared_data/hsc_epi2me_full/work/58/808ce691fdc51a6d7a658ee6a93016
Removed /scratch/indikar_root/indikar1/shared_data/hsc_epi2me_full/work/bc/f960e709da15323d5d87424f120bd8
Removed /scratch/indikar_root/indikar1/shared_data/hsc_epi2me_full/work/f8/785b32c967a6648cd3149db6000ab3
Removed /scratch/indikar_root/indikar1/shared_data/hsc_epi2me_full/work/c9/dc5688e0388981841f5fa9dca3fea7
Removed /scratch/indikar_root/indikar1/shared_data/hsc_epi2me_full/work/dc/99c65f8e935b980768d391d932c629
Removed /scratch/indikar_root/indikar1/shared_data/hsc_epi2me_full/work/00/cdac4912b43bab72c637d3ef80e03f
Removed /scratch/indikar_root/indikar1/shared_data/hsc_epi2me_full/work/63/c7d16cc39ee0aa1abcf4c0cc0f3938
Removed /scratch/indikar_root/indikar1/shared_data/hsc_epi2me_full/work/68/540c6326e32392553a2b19062eafce
Removed /scratch/indikar_root/indikar1/shared_data/hsc_epi2me_full/work/e5/8a0b29f3e8227c8dce90b0279cdba8
Removed /scratch/indikar_root/indikar1/shared_data/hsc_epi2me_full/work/6d/cde78c0aec54e577f5344b84f40d39
Removed /scratch/indikar_root/indikar1/shared_data/hsc_epi2me_full/work/83/7d05109e8aab6f56daed7043b709be
Removed /scratch/indikar_root/indikar1/shared_data/hsc_epi2me_full/work/41/7ca79734a596808482f22bc3c90e4d
Removed /scratch/indikar_root/indikar1/shared_data/hsc_epi2me_full/work/ba/04466fefbf23d070d5d5ec5a498319
Removed /scratch/indikar_root/indikar1/shared_data/hsc_epi2me_full/work/c9/2d26a4da145135697ec87693e373c6
Removed /scratch/indikar_root/indikar1/shared_data/hsc_epi2me_full/work/ef/ddcfd0de0ab5d2a1616a722a7caa6e
Removed /scratch/indikar_root/indikar1/shared_data/hsc_epi2me_full/work/c0/6f243ab14bcbfb70ea8bf1b44ae55f
Removed /scratch/indikar_root/indikar1/shared_data/hsc_epi2me_full/work/13/b395f49f0d1aaa6234882ed6f99008
Removed /scratch/indikar_root/indikar1/shared_data/hsc_epi2me_full/work/ca/88116132cf1e63babfa9ff92dccb93
Removed /scratch/indikar_root/indikar1/shared_data/hsc_epi2me_full/work/ae/070c36e0ef285e837f002f78a53f30
Removed /scratch/indikar_root/indikar1/shared_data/hsc_epi2me_full/work/55/597d4ee1a10e36fe87e2ecc9840454
Removed /scratch/indikar_root/indikar1/shared_data/hsc_epi2me_full/work/21/b852a13ecfe02d3c88ffec25bbd930
Removed /scratch/indikar_root/indikar1/shared_data/hsc_epi2me_full/work/7e/e61b3b2a1215cf6596d2b070a6fdce
Removed /scratch/indikar_root/indikar1/shared_data/hsc_epi2me_full/work/b2/a56cf0401ad8a60d11398458c48533
Removed /scratch/indikar_root/indikar1/shared_data/hsc_epi2me_full/work/7f/49aa85ffbe93b30c969a5bf90f8fb7
Removed /scratch/indikar_root/indikar1/shared_data/hsc_epi2me_full/work/f0/a8af04471c6502b0fd6b9438d69a1a
Removed /scratch/indikar_root/indikar1/shared_data/hsc_epi2me_full/work/39/d008239dd832e2c68ef5dbbd40b782
Removed /scratch/indikar_root/indikar1/shared_data/hsc_epi2me_full/work/55/3a983e7e4f5597bca649e6f2529f23
Removed /scratch/indikar_root/indikar1/shared_data/hsc_epi2me_full/work/99/bad2366beeab0903a7e062bc76034e
Removed /scratch/indikar_root/indikar1/shared_data/hsc_epi2me_full/work/58/bbbc28916d4fab4d709d14435b0213
Removed /scratch/indikar_root/indikar1/shared_data/hsc_epi2me_full/work/12/3959afe770cc828bfdbd8993b1b204
Removed /scratch/indikar_root/indikar1/shared_data/hsc_epi2me_full/work/4d/e8015eec856e00a7b9cb2c8e9516e2
Removed /scratch/indikar_root/indikar1/shared_data/hsc_epi2me_full/work/dd/81db743d03e0674d81b0bcfba45241
Removed /scratch/indikar_root/indikar1/shared_data/hsc_epi2me_full/work/50/4d6f478daf49edef0ed70f9d1ab822
Removed /scratch/indikar_root/indikar1/shared_data/hsc_epi2me_full/work/c6/032e4dcf32b8199f488ef37bafd230
Removed /scratch/indikar_root/indikar1/shared_data/hsc_epi2me_full/work/e8/d7ace8cc53f5142090d16719d17cff
Removed /scratch/indikar_root/indikar1/shared_data/hsc_epi2me_full/work/6f/02ba7d2b7d3a12a04dabdaeae3906e
Removed /scratch/indikar_root/indikar1/shared_data/hsc_epi2me_full/work/f4/8077b6e94459bfd579888264c4fc9d
Removed /scratch/indikar_root/indikar1/shared_data/hsc_epi2me_full/work/72/9f7096c7e776049e2adaa4390331cb
Removed /scratch/indikar_root/indikar1/shared_data/hsc_epi2me_full/work/0c/ac23593bc1362015225239d446ba22
Removed /scratch/indikar_root/indikar1/shared_data/hsc_epi2me_full/work/23/d020bcf833fe0030ca08dd3b21e1f2
Removed /scratch/indikar_root/indikar1/shared_data/hsc_epi2me_full/work/23/f0262b19a979a8ee1e89bb3547a652
Removed /scratch/indikar_root/indikar1/shared_data/hsc_epi2me_full/work/44/ee212e448b161c7967d6081a373957
Removed /scratch/indikar_root/indikar1/shared_data/hsc_epi2me_full/work/ea/3fb43158114b66294495dacc20da80
Removed /scratch/indikar_root/indikar1/shared_data/hsc_epi2me_full/work/a8/bcdf9435dfdbad87b512e7a3edfe53
Removed /scratch/indikar_root/indikar1/shared_data/hsc_epi2me_full/work/0d/aa129495d808c671e2867d5ed9688c
Removed /scratch/indikar_root/indikar1/shared_data/hsc_epi2me_full/work/50/6e7c4cf0c03f97dba0e481211de890
Removed /scratch/indikar_root/indikar1/shared_data/hsc_epi2me_full/work/bb/4ce1df31af5a28c53f6555f6f8635c
Removed /scratch/indikar_root/indikar1/shared_data/hsc_epi2me_full/work/86/6e38298e9e9dc882e34c0af82ff918
Removed /scratch/indikar_root/indikar1/shared_data/hsc_epi2me_full/work/c0/b00b9128234fa31c9bf9e639fcc97f
Removed /scratch/indikar_root/indikar1/shared_data/hsc_epi2me_full/work/a0/02a3c65a37b8a853069ec9d504fac7
Removed /scratch/indikar_root/indikar1/shared_data/hsc_epi2me_full/work/28/5de66994d2ab4efa0503f417e6b6f2
Removed /scratch/indikar_root/indikar1/shared_data/hsc_epi2me_full/work/bd/1ba08c2c924490127ad1eeb999b4f0
Removed /scratch/indikar_root/indikar1/shared_data/hsc_epi2me_full/work/e8/1e6a9f6b028b0814042ebb3f50ba5a
Removed /scratch/indikar_root/indikar1/shared_data/hsc_epi2me_full/work/ea/04ed8bc1dacc7600b59f7ef8c89898
Removed /scratch/indikar_root/indikar1/shared_data/hsc_epi2me_full/work/58/8be9e29b97ac903f2a52d8ddc8e9a9
Removed /scratch/indikar_root/indikar1/shared_data/hsc_epi2me_full/work/6d/3ba9026bd93dcf366b814a85407cb8
Removed /scratch/indikar_root/indikar1/shared_data/hsc_epi2me_full/work/4a/cba797b53596ec8f71ab7078b9d5a6
Removed /scratch/indikar_root/indikar1/shared_data/hsc_epi2me_full/work/c5/8804356386dbc639289133a214a11c
Removed /scratch/indikar_root/indikar1/shared_data/hsc_epi2me_full/work/43/3df934d39590a1695cf7fa4f01b4cf
Removed /scratch/indikar_root/indikar1/shared_data/hsc_epi2me_full/work/e8/23e5dc5631c47c29995c1cb40b3248
Removed /scratch/indikar_root/indikar1/shared_data/hsc_epi2me_full/work/13/3f82ff64d2f4891d56676a59423d75
Removed /scratch/indikar_root/indikar1/shared_data/hsc_epi2me_full/work/d7/1333e83c171c26feb70277b2b83c7b
Removed /scratch/indikar_root/indikar1/shared_data/hsc_epi2me_full/work/56/d1d26e04a5872929f8ea5950191602
Removed /scratch/indikar_root/indikar1/shared_data/hsc_epi2me_full/work/01/7576c24c7a5bcc6d152746276a9eda
Removed /scratch/indikar_root/indikar1/shared_data/hsc_epi2me_full/work/fc/e1b1cb067b45ab1611b38fa1bf7732
Removed /scratch/indikar_root/indikar1/shared_data/hsc_epi2me_full/work/e5/fd48aa4a1fc3d39927fc7aa5fa8d6c
Removed /scratch/indikar_root/indikar1/shared_data/hsc_epi2me_full/work/67/056e85b29d2f94a2125bac20b4da20
Removed /scratch/indikar_root/indikar1/shared_data/hsc_epi2me_full/work/de/aacea1021f59b773b797b15b09ca44
Removed /scratch/indikar_root/indikar1/shared_data/hsc_epi2me_full/work/e7/2eefa3a97b577cf658058aa18960fa
Removed /scratch/indikar_root/indikar1/shared_data/hsc_epi2me_full/work/8a/23f88afdcaaaf45f53e2c5a6778c11
Removed /scratch/indikar_root/indikar1/shared_data/hsc_epi2me_full/work/ab/5cb98fb69d479c3e224639779b180c
Removed /scratch/indikar_root/indikar1/shared_data/hsc_epi2me_full/work/70/de01064d7cecce8c4f2dc4df772e34
Removed /scratch/indikar_root/indikar1/shared_data/hsc_epi2me_full/work/5a/11360a3408440727c870444d2cd872
Removed /scratch/indikar_root/indikar1/shared_data/hsc_epi2me_full/work/46/1e187eec7d95d92e76fee7241b6813
Removed /scratch/indikar_root/indikar1/shared_data/hsc_epi2me_full/work/d7/beb6390b4ce961f93dfc5ed7de6d5e
Removed /scratch/indikar_root/indikar1/shared_data/hsc_epi2me_full/work/13/7fb76b2531dfda3ce7cf60f13d14d9
Removed /scratch/indikar_root/indikar1/shared_data/hsc_epi2me_full/work/3b/5b6ff060899abdd13daee6b26d5804
Removed /scratch/indikar_root/indikar1/shared_data/hsc_epi2me_full/work/a5/d8d38bb33e11bcdb82f08aa92cc51e
Removed /scratch/indikar_root/indikar1/shared_data/hsc_epi2me_full/work/46/947f367c049d315cd0101b58c5639a
Removed /scratch/indikar_root/indikar1/shared_data/hsc_epi2me_full/work/98/68057ceda63285ea6fd358946bba58
Removed /scratch/indikar_root/indikar1/shared_data/hsc_epi2me_full/work/f1/bd590e0c11a582a8cef6b9895c5ba7
Removed /scratch/indikar_root/indikar1/shared_data/hsc_epi2me_full/work/f6/edda0971bb45d25eb01eae4daff790
Removed /scratch/indikar_root/indikar1/shared_data/hsc_epi2me_full/work/0e/53095d11788261c3ee33fe2534051d
Removed /scratch/indikar_root/indikar1/shared_data/hsc_epi2me_full/work/86/bb8338586f6fc906d7d6403bc4054f
Removed /scratch/indikar_root/indikar1/shared_data/hsc_epi2me_full/work/2f/bfc2a5cc7bad33cd27f1443e1de99c
Removed /scratch/indikar_root/indikar1/shared_data/hsc_epi2me_full/work/d6/08c59939f17310e63bbd8d41a64337
Removed /scratch/indikar_root/indikar1/shared_data/hsc_epi2me_full/work/5c/f79e957362c35feac259b115351d49
Removed /scratch/indikar_root/indikar1/shared_data/hsc_epi2me_full/work/3c/4d2ec4c07823a5a66b5442cfb983ba
Removed /scratch/indikar_root/indikar1/shared_data/hsc_epi2me_full/work/38/768f47a1f532b0579f166537accc8d
Removed /scratch/indikar_root/indikar1/shared_data/hsc_epi2me_full/work/84/4127830178151c97480f8a4a152b10
Removed /scratch/indikar_root/indikar1/shared_data/hsc_epi2me_full/work/99/0e70b0b318ab424c6412e8867e846e
Removed /scratch/indikar_root/indikar1/shared_data/hsc_epi2me_full/work/da/0e1aff29b055b80ebab3e004dc5cfb
Removed /scratch/indikar_root/indikar1/shared_data/hsc_epi2me_full/work/07/683793ea5857ad8e36e37279e92e7d
Removed /scratch/indikar_root/indikar1/shared_data/hsc_epi2me_full/work/c2/bc2b187c2f529df386928ac98cdfb0
Removed /scratch/indikar_root/indikar1/shared_data/hsc_epi2me_full/work/bf/5db5fda7822315db92aaeb6d0919cb
Removed /scratch/indikar_root/indikar1/shared_data/hsc_epi2me_full/work/9f/f737589fa2fde16e25a003407d3d82
Removed /scratch/indikar_root/indikar1/shared_data/hsc_epi2me_full/work/7b/b010b1d1a1fb4a1f6271cd26a38866
Removed /scratch/indikar_root/indikar1/shared_data/hsc_epi2me_full/work/77/b498fd37cac22c4d66f673e8547dc9
Removed /scratch/indikar_root/indikar1/shared_data/hsc_epi2me_full/work/7e/201a0a10ae71754029fe65ec9543fe
Removed /scratch/indikar_root/indikar1/shared_data/hsc_epi2me_full/work/39/38d53e4e682fdb1e8e0c8920c0be97
Removed /scratch/indikar_root/indikar1/shared_data/hsc_epi2me_full/work/13/e7cc54011eabbf90fe0c7f63488026
Removed /scratch/indikar_root/indikar1/shared_data/hsc_epi2me_full/work/77/cc6b41ea796f602ea078be8614db94
Removed /scratch/indikar_root/indikar1/shared_data/hsc_epi2me_full/work/c8/0a6dc33c7fec7aa8e84c1d6b4ef15a
Removed /scratch/indikar_root/indikar1/shared_data/hsc_epi2me_full/work/52/ad9a43602c3e4c82b1193328c4e90b
Removed /scratch/indikar_root/indikar1/shared_data/hsc_epi2me_full/work/92/7a671781202ae978f25924e2a75a66
Removed /scratch/indikar_root/indikar1/shared_data/hsc_epi2me_full/work/44/abcd44d13010e24f7067cb6103b985
Removed /scratch/indikar_root/indikar1/shared_data/hsc_epi2me_full/work/9d/57bc4650e405597c504ce657a1c3f8
Removed /scratch/indikar_root/indikar1/shared_data/hsc_epi2me_full/work/9a/31b01c7fabcd012d1b97d0b39e72e3
Removed /scratch/indikar_root/indikar1/shared_data/hsc_epi2me_full/work/3d/eee58f398e7552a8f7b454954f7c6a
Removed /scratch/indikar_root/indikar1/shared_data/hsc_epi2me_full/work/30/899f92ace02f653d2492cf95337855
Removed /scratch/indikar_root/indikar1/shared_data/hsc_epi2me_full/work/85/9aeb3f0de0483d620238375920e982
Removed /scratch/indikar_root/indikar1/shared_data/hsc_epi2me_full/work/6e/18b4671fe9e1a7bd8f9b88b46b4f51
Removed /scratch/indikar_root/indikar1/shared_data/hsc_epi2me_full/work/a9/aba13bc356fc3cba7062c8e4f3bf2e
Removed /scratch/indikar_root/indikar1/shared_data/hsc_epi2me_full/work/6d/655e5b65d1bbde5aee97fe91d6ef9a
Removed /scratch/indikar_root/indikar1/shared_data/hsc_epi2me_full/work/74/852d30214aed5184c15ad6dba4deb1
Removed /scratch/indikar_root/indikar1/shared_data/hsc_epi2me_full/work/06/7052ec637844fcb37cacaab0e8c538
Removed /scratch/indikar_root/indikar1/shared_data/hsc_epi2me_full/work/c5/0371266c97bf4c3a75024e736c7e88
Removed /scratch/indikar_root/indikar1/shared_data/hsc_epi2me_full/work/42/91e0cf85b28188dbf7256acd03adab
Removed /scratch/indikar_root/indikar1/shared_data/hsc_epi2me_full/work/52/f4855506b44c9697d627f951c2774f
Removed /scratch/indikar_root/indikar1/shared_data/hsc_epi2me_full/work/78/2f0f29214971a16c21ddfa3020d017
Removed /scratch/indikar_root/indikar1/shared_data/hsc_epi2me_full/work/29/32610efbde9b88c7c0bcafd6508a18
Removed /scratch/indikar_root/indikar1/shared_data/hsc_epi2me_full/work/6c/35cd54f08f8f6a0bffa8dc3fd8e28c
Removed /scratch/indikar_root/indikar1/shared_data/hsc_epi2me_full/work/f1/9a57d350c978e9deb8a3fbbb199acc
Removed /scratch/indikar_root/indikar1/shared_data/hsc_epi2me_full/work/4c/142ca673502af45b759f31f9d75145
Removed /scratch/indikar_root/indikar1/shared_data/hsc_epi2me_full/work/d3/c9a2cf99900add5cbe6f08fc411a72
Removed /scratch/indikar_root/indikar1/shared_data/hsc_epi2me_full/work/96/3ff1c1d02bda82f019a4d15e9366cb
Removed /scratch/indikar_root/indikar1/shared_data/hsc_epi2me_full/work/b0/5b999dc8a909f81fb94d7edb11c70c
Removed /scratch/indikar_root/indikar1/shared_data/hsc_epi2me_full/work/90/8a3145186c2d11b6ad7e314182dd8b
Removed /scratch/indikar_root/indikar1/shared_data/hsc_epi2me_full/work/0b/464cdc3956f8bea9870771e8afb479
Removed /scratch/indikar_root/indikar1/shared_data/hsc_epi2me_full/work/5b/38b3fefe7f35b0d2da77cc65643461
Removed /scratch/indikar_root/indikar1/shared_data/hsc_epi2me_full/work/30/412c2a612d0c1bfcb4a4b4a3c944d9
Removed /scratch/indikar_root/indikar1/shared_data/hsc_epi2me_full/work/6c/673cbcbf3ee239c3b25491a3f6b643
Removed /scratch/indikar_root/indikar1/shared_data/hsc_epi2me_full/work/69/4329822f2e4a109effb7027fc25767
Removed /scratch/indikar_root/indikar1/shared_data/hsc_epi2me_full/work/f9/490038e2c9acc3d432db26efaaa820
Removed /scratch/indikar_root/indikar1/shared_data/hsc_epi2me_full/work/35/48731f39caaa9ca9895f0f015fd590
Removed /scratch/indikar_root/indikar1/shared_data/hsc_epi2me_full/work/2d/2e753b64b8b1ea59b409190b62bbcc
Removed /scratch/indikar_root/indikar1/shared_data/hsc_epi2me_full/work/b9/dc5f00f2d22097583da3b5f9645bbf
Removed /scratch/indikar_root/indikar1/shared_data/hsc_epi2me_full/work/2a/8e0d463e9e520666e29c7cb689e89b
Removed /scratch/indikar_root/indikar1/shared_data/hsc_epi2me_full/work/82/84060e598a5d11f660de57dbe358a5
Removed /scratch/indikar_root/indikar1/shared_data/hsc_epi2me_full/work/1a/8245acd7ec4034223819e3afdd4643
Removed /scratch/indikar_root/indikar1/shared_data/hsc_epi2me_full/work/3f/75bba14e43d66b125f626ff74c63d1
Removed /scratch/indikar_root/indikar1/shared_data/hsc_epi2me_full/work/22/3e7e354877e9a05e26470751ccdc97
Removed /scratch/indikar_root/indikar1/shared_data/hsc_epi2me_full/work/72/de3c1b2e8828b168ba49e5d9cfe619
Removed /scratch/indikar_root/indikar1/shared_data/hsc_epi2me_full/work/32/851b0c6230fd273e3a31119bbaced2
Removed /scratch/indikar_root/indikar1/shared_data/hsc_epi2me_full/work/87/e51eec97286691529c2035ab8a0a94
Removed /scratch/indikar_root/indikar1/shared_data/hsc_epi2me_full/work/9e/c6d8e625316d0d8ccbad480f2cefdf
Removed /scratch/indikar_root/indikar1/shared_data/hsc_epi2me_full/work/0c/aab5981591736ae6b3bcb9370c37ad
Removed /scratch/indikar_root/indikar1/shared_data/hsc_epi2me_full/work/91/c2771393ec8551b41f8b9705e78344
Removed /scratch/indikar_root/indikar1/shared_data/hsc_epi2me_full/work/de/6ed68b0d3aab718826698a4ecd7937
Removed /scratch/indikar_root/indikar1/shared_data/hsc_epi2me_full/work/bd/9c8a7e96a50be57ef4c256cd3c9bf8
Removed /scratch/indikar_root/indikar1/shared_data/hsc_epi2me_full/work/69/89bfb5949b1228c07d7de69e4c00a8
Removed /scratch/indikar_root/indikar1/shared_data/hsc_epi2me_full/work/08/62d1429ad168660464be200a0d1e74
Removed /scratch/indikar_root/indikar1/shared_data/hsc_epi2me_full/work/d2/aae6f0b89bf882993adcd7e05fa833
Removed /scratch/indikar_root/indikar1/shared_data/hsc_epi2me_full/work/8d/69b0f63de78809631c19e3a00f096d
Removed /scratch/indikar_root/indikar1/shared_data/hsc_epi2me_full/work/56/60215bb082f1cc7fe596fcbd80dceb
Removed /scratch/indikar_root/indikar1/shared_data/hsc_epi2me_full/work/4f/e2f5cbcfe3266d43d8f1514ae4cfdc
Removed /scratch/indikar_root/indikar1/shared_data/hsc_epi2me_full/work/d7/58f823ae906152fc3308c7be236053
Removed /scratch/indikar_root/indikar1/shared_data/hsc_epi2me_full/work/d3/9cfffba341884989576631e87f9a75
Removed /scratch/indikar_root/indikar1/shared_data/hsc_epi2me_full/work/7f/756d1651a65d7bd4f0286012844815
Removed /scratch/indikar_root/indikar1/shared_data/hsc_epi2me_full/work/35/16a85a2a0d86b0be91e788918f5777
Removed /scratch/indikar_root/indikar1/shared_data/hsc_epi2me_full/work/bd/ef8b446a42fb44516a64425d79df82
Removed /scratch/indikar_root/indikar1/shared_data/hsc_epi2me_full/work/36/467b1cb556e79ea1cede0ea9fdfd94
Removed /scratch/indikar_root/indikar1/shared_data/hsc_epi2me_full/work/a3/b91d32f42eadf1b371fcc258aa5285
Removed /scratch/indikar_root/indikar1/shared_data/hsc_epi2me_full/work/af/f33087f419e27312fac7d067115fdb
Removed /scratch/indikar_root/indikar1/shared_data/hsc_epi2me_full/work/04/9340ffb581ca718cf2a2fe6725f415
Removed /scratch/indikar_root/indikar1/shared_data/hsc_epi2me_full/work/4b/e0250c23576d2e8ba6bca0ee1f226c
Removed /scratch/indikar_root/indikar1/shared_data/hsc_epi2me_full/work/c9/1d66cf420d682f23583a94561f1f36
Removed /scratch/indikar_root/indikar1/shared_data/hsc_epi2me_full/work/b7/6a78ddcc21f1e2cb99a4a1f87719c7
Removed /scratch/indikar_root/indikar1/shared_data/hsc_epi2me_full/work/03/19ef4fcc20ef54509b71d1731f1ec6
Removed /scratch/indikar_root/indikar1/shared_data/hsc_epi2me_full/work/76/4f9e3e95d21c9ac6a29f2472835170
Removed /scratch/indikar_root/indikar1/shared_data/hsc_epi2me_full/work/73/ce3948fe0a24314cc57ce9f1a4876a
Removed /scratch/indikar_root/indikar1/shared_data/hsc_epi2me_full/work/7a/37163a6cc62b8b56a05e17675e7baa
Removed /scratch/indikar_root/indikar1/shared_data/hsc_epi2me_full/work/b0/1c3511ce30375ca52889695b2782cb
Removed /scratch/indikar_root/indikar1/shared_data/hsc_epi2me_full/work/26/847b111dcc575be815232758fd56c2
Removed /scratch/indikar_root/indikar1/shared_data/hsc_epi2me_full/work/78/c00a84a352431003902dbb8149ad0e
Removed /scratch/indikar_root/indikar1/shared_data/hsc_epi2me_full/work/db/28452b90eea8b74c0fe78a48a1ee61
Removed /scratch/indikar_root/indikar1/shared_data/hsc_epi2me_full/work/4b/de993326acf32717ab6d3041d3583c
Removed /scratch/indikar_root/indikar1/shared_data/hsc_epi2me_full/work/12/59d0eeea8cf4d5ddf34e4367ad64a1
Removed /scratch/indikar_root/indikar1/shared_data/hsc_epi2me_full/work/eb/c1860f140e8d9975a92ade9576095b
Removed /scratch/indikar_root/indikar1/shared_data/hsc_epi2me_full/work/dc/e8e3880bb98fa409c0974b20f54148
Removed /scratch/indikar_root/indikar1/shared_data/hsc_epi2me_full/work/2f/312bbbc5eda7aa1454b10483e91af4
Removed /scratch/indikar_root/indikar1/shared_data/hsc_epi2me_full/work/11/8b782475c093400120fa419654913e
Removed /scratch/indikar_root/indikar1/shared_data/hsc_epi2me_full/work/ab/db25a06845661b9658c46b9269f04e
Removed /scratch/indikar_root/indikar1/shared_data/hsc_epi2me_full/work/80/cb9cfd44faebd7a788f1758ddf4f07
Removed /scratch/indikar_root/indikar1/shared_data/hsc_epi2me_full/work/2b/0eabf7b4cab0fac1b4db93dcfcfc44
Removed /scratch/indikar_root/indikar1/shared_data/hsc_epi2me_full/work/17/beff9fcca477638a500aa181fc9570
Removed /scratch/indikar_root/indikar1/shared_data/hsc_epi2me_full/work/68/37c232688aad33b95bcd826ada4592
Removed /scratch/indikar_root/indikar1/shared_data/hsc_epi2me_full/work/25/26ed963eb4a70ba4e0985b1b294f4e
Removed /scratch/indikar_root/indikar1/shared_data/hsc_epi2me_full/work/bb/3b899371d32bbda6fca89fc592743b
Removed /scratch/indikar_root/indikar1/shared_data/hsc_epi2me_full/work/14/8cc995419d507b525b2b2f1b2d8441
Removed /scratch/indikar_root/indikar1/shared_data/hsc_epi2me_full/work/5a/45d01b47082985e3df8ed015c9e247
Removed /scratch/indikar_root/indikar1/shared_data/hsc_epi2me_full/work/14/7b5e834d8b7e96727f5b10c3069d83
Removed /scratch/indikar_root/indikar1/shared_data/hsc_epi2me_full/work/f1/3cba0251e8d9684f55bd903493caac
Removed /scratch/indikar_root/indikar1/shared_data/hsc_epi2me_full/work/25/4b86f21ecd4c92e2eac21acb322929
Removed /scratch/indikar_root/indikar1/shared_data/hsc_epi2me_full/work/eb/a3a027c24a48a6759856dc60bbf83f
Removed /scratch/indikar_root/indikar1/shared_data/hsc_epi2me_full/work/ee/8e44fbc800f28951b16ca109e41a72
Removed /scratch/indikar_root/indikar1/shared_data/hsc_epi2me_full/work/ce/4c7c7b0ce899697de6c3f29b9823ba
Removed /scratch/indikar_root/indikar1/shared_data/hsc_epi2me_full/work/b3/fbba4a4476aaa57e245e2bac39aa2b
Removed /scratch/indikar_root/indikar1/shared_data/hsc_epi2me_full/work/1d/321f4b360f40ba620930873ae6edb0
Removed /scratch/indikar_root/indikar1/shared_data/hsc_epi2me_full/work/89/1567bc500c069a4bd2e87225afb457
Removed /scratch/indikar_root/indikar1/shared_data/hsc_epi2me_full/work/dd/7629b0cd181f7adff847ebba1bee8d
Removed /scratch/indikar_root/indikar1/shared_data/hsc_epi2me_full/work/10/2d2744df02a3251ad3f575fa8e0bc3
Removed /scratch/indikar_root/indikar1/shared_data/hsc_epi2me_full/work/a3/492ee99c485255abf6fe0998a61f11
Removed /scratch/indikar_root/indikar1/shared_data/hsc_epi2me_full/work/cf/9985401d34d7c6ccb9b03d35bc434b
Removed /scratch/indikar_root/indikar1/shared_data/hsc_epi2me_full/work/c9/559e8d193f723abd654b351a7a68d2
Removed /scratch/indikar_root/indikar1/shared_data/hsc_epi2me_full/work/a1/79017512e7ca84ebd6aa3a6e1d5e50
Removed /scratch/indikar_root/indikar1/shared_data/hsc_epi2me_full/work/00/13f18620eda396c04069a29c07d582
Removed /scratch/indikar_root/indikar1/shared_data/hsc_epi2me_full/work/63/de1e45cd19c4b6dd7646d624b15ccd
Removed /scratch/indikar_root/indikar1/shared_data/hsc_epi2me_full/work/2d/d112e87a808800e0f5fe6410a33ffc
Removed /scratch/indikar_root/indikar1/shared_data/hsc_epi2me_full/work/ad/f320c03521b734a6b1b16201cb1caf
Removed /scratch/indikar_root/indikar1/shared_data/hsc_epi2me_full/work/bf/b25c2d141b1aa7d080365de6c3be2c
Removed /scratch/indikar_root/indikar1/shared_data/hsc_epi2me_full/work/b1/7bca833b9c40852daae174436422ea
Removed /scratch/indikar_root/indikar1/shared_data/hsc_epi2me_full/work/d3/c4f806ea65b5cb5ad9ca3286085e64
Removed /scratch/indikar_root/indikar1/shared_data/hsc_epi2me_full/work/61/1a0623e81d422d66000fce50af69a0
Removed /scratch/indikar_root/indikar1/shared_data/hsc_epi2me_full/work/20/46eef7d593a75cf7e9966d77f1f957
Removed /scratch/indikar_root/indikar1/shared_data/hsc_epi2me_full/work/8f/7d1efb3c9c06b47e4712af40730cb9
Removed /scratch/indikar_root/indikar1/shared_data/hsc_epi2me_full/work/3f/79dd044b4d71f41cb3c918ea9f8b3f
Removed /scratch/indikar_root/indikar1/shared_data/hsc_epi2me_full/work/d6/c5a57e4b3bc4c9f2960a7766f2bca5
Removed /scratch/indikar_root/indikar1/shared_data/hsc_epi2me_full/work/b2/f9f7dbd9fda4268c940359160f663d
Removed /scratch/indikar_root/indikar1/shared_data/hsc_epi2me_full/work/b8/240d1dcd3fa6728d1d6c8fa871de3d
Removed /scratch/indikar_root/indikar1/shared_data/hsc_epi2me_full/work/2f/e7f641a94c927d4ede714821cab9dd
Removed /scratch/indikar_root/indikar1/shared_data/hsc_epi2me_full/work/85/a302c5fe52c9268d1173b044602da4
Removed /scratch/indikar_root/indikar1/shared_data/hsc_epi2me_full/work/d2/870dd01916c799d097e857d80c6c17
Removed /scratch/indikar_root/indikar1/shared_data/hsc_epi2me_full/work/33/17549a9a4ed7a50d87346efc97ab50
Removed /scratch/indikar_root/indikar1/shared_data/hsc_epi2me_full/work/f0/78124c605ea3b6fdc1dab4fed3acf2
Removed /scratch/indikar_root/indikar1/shared_data/hsc_epi2me_full/work/6f/b871fd5552232c6dac14a4f51a5190
Removed /scratch/indikar_root/indikar1/shared_data/hsc_epi2me_full/work/bb/0c76d7818e0f8e9c0ff7ea650da69a
Removed /scratch/indikar_root/indikar1/shared_data/hsc_epi2me_full/work/7a/cc2a312469625c5aea4e80f1f26dee
Removed /scratch/indikar_root/indikar1/shared_data/hsc_epi2me_full/work/ca/af98b48136550ced11bb9ba8d0d3af
Removed /scratch/indikar_root/indikar1/shared_data/hsc_epi2me_full/work/f7/b1c1b7f81c9029b641d6121e11c605
Removed /scratch/indikar_root/indikar1/shared_data/hsc_epi2me_full/work/9e/469b0ab8c7b085edf9263bda5a4284
Removed /scratch/indikar_root/indikar1/shared_data/hsc_epi2me_full/work/47/6331d4f447d93308d59cbc9e34d73e
Removed /scratch/indikar_root/indikar1/shared_data/hsc_epi2me_full/work/6e/f5cc1c65f0f0003ba0fcbab3a117f4
Removed /scratch/indikar_root/indikar1/shared_data/hsc_epi2me_full/work/59/bdc6a02413a9ed0054b37dd6c8a4b2
Removed /scratch/indikar_root/indikar1/shared_data/hsc_epi2me_full/work/38/712e0bb9cde0c52a6563ecba915e28
Removed /scratch/indikar_root/indikar1/shared_data/hsc_epi2me_full/work/0b/11601dc3bf4399cd0ff5e13815d4f9
Removed /scratch/indikar_root/indikar1/shared_data/hsc_epi2me_full/work/ba/be091d2df7dce06ed74c2206e15b21
Removed /scratch/indikar_root/indikar1/shared_data/hsc_epi2me_full/work/fe/f9584523b7af543062936e6c06fb57
Removed /scratch/indikar_root/indikar1/shared_data/hsc_epi2me_full/work/2b/5a838ab7189a5560ad9ffc395e4aa7
Removed /scratch/indikar_root/indikar1/shared_data/hsc_epi2me_full/work/75/24d4167faaa65075f9d2731d821f44
Removed /scratch/indikar_root/indikar1/shared_data/hsc_epi2me_full/work/64/9fa75bb268e2e7c669769cdf8a74db
Removed /scratch/indikar_root/indikar1/shared_data/hsc_epi2me_full/work/c0/3467a27d85a204b8bf22911171b578
Removed /scratch/indikar_root/indikar1/shared_data/hsc_epi2me_full/work/5c/e4b48f2f733653bbc5a888462fefdc
Removed /scratch/indikar_root/indikar1/shared_data/hsc_epi2me_full/work/86/ec7bf1fa07fda0631947265839a840
Removed /scratch/indikar_root/indikar1/shared_data/hsc_epi2me_full/work/d4/de7c54790c68324f3e9319821a429f
Removed /scratch/indikar_root/indikar1/shared_data/hsc_epi2me_full/work/ae/8184281c61d6c0174b866764e34bb9
Removed /scratch/indikar_root/indikar1/shared_data/hsc_epi2me_full/work/9b/cbc5873837be2cd4ce61afe132126c
Removed /scratch/indikar_root/indikar1/shared_data/hsc_epi2me_full/work/ca/0342cd810eba11e404bc9ed9fe43a8
Removed /scratch/indikar_root/indikar1/shared_data/hsc_epi2me_full/work/b0/37f042907bc388ebb0365f1684d816
Removed /scratch/indikar_root/indikar1/shared_data/hsc_epi2me_full/work/15/95b88b06e3b423113b287da941dbc8
Removed /scratch/indikar_root/indikar1/shared_data/hsc_epi2me_full/work/da/36e6de10422cc2e50a8d62a19ee983
Removed /scratch/indikar_root/indikar1/shared_data/hsc_epi2me_full/work/7a/b1bf5ef8d2e404856cfb094829045b
Removed /scratch/indikar_root/indikar1/shared_data/hsc_epi2me_full/work/ed/77fc8400ab7c4790ed107cc72dc4bb
Removed /scratch/indikar_root/indikar1/shared_data/hsc_epi2me_full/work/cf/481e68cc45673bfdf46a9ff59f7f09
Removed /scratch/indikar_root/indikar1/shared_data/hsc_epi2me_full/work/4a/f4626f0be9c85f6ba9f3396c423024
Removed /scratch/indikar_root/indikar1/shared_data/hsc_epi2me_full/work/8a/ada21400649dc0dbf036dbf87aaa49
Removed /scratch/indikar_root/indikar1/shared_data/hsc_epi2me_full/work/a6/fd74633ad70bb20b1bed67a23e3faa
Removed /scratch/indikar_root/indikar1/shared_data/hsc_epi2me_full/work/3e/8fa77c15e69f8da593354e65b3bbe6
Removed /scratch/indikar_root/indikar1/shared_data/hsc_epi2me_full/work/bc/bbc4bdf7e2701f70c09f7fb276f0e0
Removed /scratch/indikar_root/indikar1/shared_data/hsc_epi2me_full/work/9b/acd3816d73131cc2b0cdcabc3c52b5
Removed /scratch/indikar_root/indikar1/shared_data/hsc_epi2me_full/work/78/6872636c6d42262dbc2a073345cda5
Removed /scratch/indikar_root/indikar1/shared_data/hsc_epi2me_full/work/ae/2656c36d64078238518224163714ea
Removed /scratch/indikar_root/indikar1/shared_data/hsc_epi2me_full/work/03/fc4fa905f83777d0dba5887916de3b
Removed /scratch/indikar_root/indikar1/shared_data/hsc_epi2me_full/work/86/a41a4b1f77dd09c3da99d775e5112d
Removed /scratch/indikar_root/indikar1/shared_data/hsc_epi2me_full/work/5c/8729a5087e0e1bb668ad377c99b392
Removed /scratch/indikar_root/indikar1/shared_data/hsc_epi2me_full/work/96/b6a7c0a083185cbcabdcb1efcd57ac
Removed /scratch/indikar_root/indikar1/shared_data/hsc_epi2me_full/work/00/cc348ea23e1bc8ac9d8ce5107afe66
Removed /scratch/indikar_root/indikar1/shared_data/hsc_epi2me_full/work/bb/4004e06111075fd09be8c31c59aec4
Removed /scratch/indikar_root/indikar1/shared_data/hsc_epi2me_full/work/e8/e4365d75a65590d0d916273b560db6
Removed /scratch/indikar_root/indikar1/shared_data/hsc_epi2me_full/work/db/a59a16237aea68e261142dcebc5c0e
Removed /scratch/indikar_root/indikar1/shared_data/hsc_epi2me_full/work/57/1e0110f37888591deaae4f68078b05
Removed /scratch/indikar_root/indikar1/shared_data/hsc_epi2me_full/work/3f/9810387bf09dfb275c5f5594611224
Removed /scratch/indikar_root/indikar1/shared_data/hsc_epi2me_full/work/8d/909bcc2c653e60828c36e1353d8d36
Removed /scratch/indikar_root/indikar1/shared_data/hsc_epi2me_full/work/f0/4bf6de135f711922b5914abded2d6d
Removed /scratch/indikar_root/indikar1/shared_data/hsc_epi2me_full/work/e5/2534649d2fe12c11beab8e5b1e9d91
Removed /scratch/indikar_root/indikar1/shared_data/hsc_epi2me_full/work/fa/6d19c6d33b01ebefefbdcdb3d15ff7
Removed /scratch/indikar_root/indikar1/shared_data/hsc_epi2me_full/work/32/14a98d87bdbe01a439780ef719d67f
Removed /scratch/indikar_root/indikar1/shared_data/hsc_epi2me_full/work/3d/49197a38b3430d6bc7458a1b815660
Removed /scratch/indikar_root/indikar1/shared_data/hsc_epi2me_full/work/65/6eb9733b85cb7c94dba5a187340ec8
Removed /scratch/indikar_root/indikar1/shared_data/hsc_epi2me_full/work/83/8edab427e4f9f1b21ec7979b8bdce9
Removed /scratch/indikar_root/indikar1/shared_data/hsc_epi2me_full/work/f6/a0aeaf6e223c7a6da2780a1afa53ae
Removed /scratch/indikar_root/indikar1/shared_data/hsc_epi2me_full/work/06/65c0f286e67e7025d322b564403253
Removed /scratch/indikar_root/indikar1/shared_data/hsc_epi2me_full/work/fd/2d42eb28e5c25ec14203c67b6fb309
Removed /scratch/indikar_root/indikar1/shared_data/hsc_epi2me_full/work/13/cddb2c5f746f67334e539eb057f887
Removed /scratch/indikar_root/indikar1/shared_data/hsc_epi2me_full/work/f5/d0f4ab0b5914fd824aed8ee8563e03
Removed /scratch/indikar_root/indikar1/shared_data/hsc_epi2me_full/work/e6/681bdee40d85b601b7dfa5a013d0f2
Removed /scratch/indikar_root/indikar1/shared_data/hsc_epi2me_full/work/93/97b1aba7121430192c5c430a35d508
Removed /scratch/indikar_root/indikar1/shared_data/hsc_epi2me_full/work/05/7b3721f31dec0afeeff16b24d0193e
Removed /scratch/indikar_root/indikar1/shared_data/hsc_epi2me_full/work/f0/8786cd1a911e8180f3dea6df8e59e4
Removed /scratch/indikar_root/indikar1/shared_data/hsc_epi2me_full/work/37/c30082d6fd902dee5f53298d0cc8ee
Removed /scratch/indikar_root/indikar1/shared_data/hsc_epi2me_full/work/3c/4acf5c017681a19c0a591bc0eadf75
Removed /scratch/indikar_root/indikar1/shared_data/hsc_epi2me_full/work/15/2ad3ed8dc8d18425c8d6908012ac7a
Removed /scratch/indikar_root/indikar1/shared_data/hsc_epi2me_full/work/d6/4a82117d06087a572bb8f6f087de6b
Removed /scratch/indikar_root/indikar1/shared_data/hsc_epi2me_full/work/0c/4c92ed4a2492e62d6025bfa808c106
Removed /scratch/indikar_root/indikar1/shared_data/hsc_epi2me_full/work/32/d0f0b094be7d351529614a598f9c38
Removed /scratch/indikar_root/indikar1/shared_data/hsc_epi2me_full/work/d9/45fbd6fabd135d269f2e8177640bff
Removed /scratch/indikar_root/indikar1/shared_data/hsc_epi2me_full/work/87/c0ed9cec90d59473ac61415a694fed
Removed /scratch/indikar_root/indikar1/shared_data/hsc_epi2me_full/work/44/50ede52852b3a6afb28771daea77a2
Removed /scratch/indikar_root/indikar1/shared_data/hsc_epi2me_full/work/b6/3a342d66b277579f48fafb90183c7e
Removed /scratch/indikar_root/indikar1/shared_data/hsc_epi2me_full/work/31/f745a5d50f005a1d2b962f6adf6cb4
Removed /scratch/indikar_root/indikar1/shared_data/hsc_epi2me_full/work/7e/a738b34e8b8b617c8fca8ba761affd
Removed /scratch/indikar_root/indikar1/shared_data/hsc_epi2me_full/work/72/37f8fd54ad3083bc9375da2bde7eef
Removed /scratch/indikar_root/indikar1/shared_data/hsc_epi2me_full/work/93/ccb6cf122059a64739d11715ed2e63
Removed /scratch/indikar_root/indikar1/shared_data/hsc_epi2me_full/work/b7/292b806cc9577a7d797e61df86f1bb
Removed /scratch/indikar_root/indikar1/shared_data/hsc_epi2me_full/work/04/a20c178c4a993256e8703643d5a49a
Removed /scratch/indikar_root/indikar1/shared_data/hsc_epi2me_full/work/36/079ea3774c3facb1cc9f05330560c2
Removed /scratch/indikar_root/indikar1/shared_data/hsc_epi2me_full/work/76/c8f82295222bafbe684ee1b20d4e5e
Removed /scratch/indikar_root/indikar1/shared_data/hsc_epi2me_full/work/a9/cd26a6cb53045b3e557ce45f3a63d8
Removed /scratch/indikar_root/indikar1/shared_data/hsc_epi2me_full/work/2c/3be80009beabdc60d2c6887fab68fe
Removed /scratch/indikar_root/indikar1/shared_data/hsc_epi2me_full/work/89/6c8340414301a0ad5072acf9a76e7b
Removed /scratch/indikar_root/indikar1/shared_data/hsc_epi2me_full/work/0f/73c459fffafe531d2e0ca2973a6717
Removed /scratch/indikar_root/indikar1/shared_data/hsc_epi2me_full/work/87/7a95e4934e43effe3292f7e9ea3853
Removed /scratch/indikar_root/indikar1/shared_data/hsc_epi2me_full/work/1c/2e729c6133843c396174a61f780303
Removed /scratch/indikar_root/indikar1/shared_data/hsc_epi2me_full/work/ce/0540eb8aba59fc4b9308338ae56d50
Removed /scratch/indikar_root/indikar1/shared_data/hsc_epi2me_full/work/e5/14bc539cbf5bd7cfab03ed7c16f47f
Removed /scratch/indikar_root/indikar1/shared_data/hsc_epi2me_full/work/23/898063421072acc11594f46ef4b439
Removed /scratch/indikar_root/indikar1/shared_data/hsc_epi2me_full/work/3e/690edc054ba221684005dbf2eec7cb
Removed /scratch/indikar_root/indikar1/shared_data/hsc_epi2me_full/work/8b/80e85c24ef60545a4bf996794a0bec
Removed /scratch/indikar_root/indikar1/shared_data/hsc_epi2me_full/work/a2/ab8bda40c7b962d7665d3b53780db0
Removed /scratch/indikar_root/indikar1/shared_data/hsc_epi2me_full/work/08/dc8b7f695219dbb22412a5a591092e
Removed /scratch/indikar_root/indikar1/shared_data/hsc_epi2me_full/work/65/00418c24dc659fc9ddc6fd30cb3979
Removed /scratch/indikar_root/indikar1/shared_data/hsc_epi2me_full/work/d4/8c6aaeaee2146433695d3c88111847
Removed /scratch/indikar_root/indikar1/shared_data/hsc_epi2me_full/work/3d/e2ec808ba7a4bffb69d740d6b07936
Removed /scratch/indikar_root/indikar1/shared_data/hsc_epi2me_full/work/2c/8abbc697a1632f5e7f65e7dc4ae433
Removed /scratch/indikar_root/indikar1/shared_data/hsc_epi2me_full/work/ef/eaf78701dfc7e9c0fe529198e19815
Removed /scratch/indikar_root/indikar1/shared_data/hsc_epi2me_full/work/a4/8eef080b4392c7420d6f1574ec8a37
Removed /scratch/indikar_root/indikar1/shared_data/hsc_epi2me_full/work/83/afc558fd3a90f5836fcb8fe62462d3
Removed /scratch/indikar_root/indikar1/shared_data/hsc_epi2me_full/work/bf/2786d8f60f7ef1146b6278ad9ff0d0
Removed /scratch/indikar_root/indikar1/shared_data/hsc_epi2me_full/work/97/fe52ff561f254e3234281ff5c05c68
Removed /scratch/indikar_root/indikar1/shared_data/hsc_epi2me_full/work/eb/66a13a34f2e8bbbe05e4d1c134b472
Removed /scratch/indikar_root/indikar1/shared_data/hsc_epi2me_full/work/e9/d3fcfc821cb506415796d0a4dcf589
Removed /scratch/indikar_root/indikar1/shared_data/hsc_epi2me_full/work/29/8be26abc7362ba8c3db83117183416
Removed /scratch/indikar_root/indikar1/shared_data/hsc_epi2me_full/work/35/8557694658cbdb8de0b6190c1e6c35
Removed /scratch/indikar_root/indikar1/shared_data/hsc_epi2me_full/work/3e/2d447bf6070a1fa8ff016977be3647
Removed /scratch/indikar_root/indikar1/shared_data/hsc_epi2me_full/work/0b/75db8cca991c82506ec0fba5e89fe7
Removed /scratch/indikar_root/indikar1/shared_data/hsc_epi2me_full/work/65/24b554bfb1e0cf60d311f82ccd8fc7
Removed /scratch/indikar_root/indikar1/shared_data/hsc_epi2me_full/work/ce/b53694787bb77ae4c1bfdd92ae29a3
Removed /scratch/indikar_root/indikar1/shared_data/hsc_epi2me_full/work/37/cd2323d9cf1c5c8f0a2adaff194d04
Removed /scratch/indikar_root/indikar1/shared_data/hsc_epi2me_full/work/78/412def620b231db6c840559ba35b6e
Removed /scratch/indikar_root/indikar1/shared_data/hsc_epi2me_full/work/c2/53a1ccd7dbeba81f61f4ba7de31fba
Removed /scratch/indikar_root/indikar1/shared_data/hsc_epi2me_full/work/d8/6591cc5c356ae086476422a4fc7497
Removed /scratch/indikar_root/indikar1/shared_data/hsc_epi2me_full/work/14/005e616b9286a781b2827c3a53b6e7
Removed /scratch/indikar_root/indikar1/shared_data/hsc_epi2me_full/work/64/b7fd8ec9a4a7c522c04d5ee45d3c01
Removed /scratch/indikar_root/indikar1/shared_data/hsc_epi2me_full/work/28/6c3392373ca7814c264212eff369bf
Removed /scratch/indikar_root/indikar1/shared_data/hsc_epi2me_full/work/37/f79eb0325e0f8b9138554e4bec5e54
Removed /scratch/indikar_root/indikar1/shared_data/hsc_epi2me_full/work/f9/e04ade1927450c9deb79385e3b4c41
Removed /scratch/indikar_root/indikar1/shared_data/hsc_epi2me_full/work/c1/d16a35669d27e4429fac17dabbf40a
Removed /scratch/indikar_root/indikar1/shared_data/hsc_epi2me_full/work/24/95d7ad8242b5b6aeea91dcea7801e8
Removed /scratch/indikar_root/indikar1/shared_data/hsc_epi2me_full/work/77/861fb28d19647aae251d997b2ed52b
Removed /scratch/indikar_root/indikar1/shared_data/hsc_epi2me_full/work/1a/7d6882089f274fcd01253e480caafb
Removed /scratch/indikar_root/indikar1/shared_data/hsc_epi2me_full/work/cc/54523ebc8835975466bd2b3a4b4bc2
Removed /scratch/indikar_root/indikar1/shared_data/hsc_epi2me_full/work/c6/80e3d1266b711a598fc49e51106e14
Removed /scratch/indikar_root/indikar1/shared_data/hsc_epi2me_full/work/1d/295ead18daea1efa39884512dcdb6e
Removed /scratch/indikar_root/indikar1/shared_data/hsc_epi2me_full/work/89/d5566f0bc492ee5a9c5d36e03ca01b
Removed /scratch/indikar_root/indikar1/shared_data/hsc_epi2me_full/work/dc/f76eb20fa12edd28a0d8abd2af9197
Removed /scratch/indikar_root/indikar1/shared_data/hsc_epi2me_full/work/6e/4f78f82b4042fc7e16cc125fcf48ff
Removed /scratch/indikar_root/indikar1/shared_data/hsc_epi2me_full/work/b5/9346ad881a150707083a001e0446ed
Removed /scratch/indikar_root/indikar1/shared_data/hsc_epi2me_full/work/94/8c3210623fe5e70aef922817d16978
Removed /scratch/indikar_root/indikar1/shared_data/hsc_epi2me_full/work/2a/4a7b3723c38b4ca34ab4f1a8a9fbbd
Removed /scratch/indikar_root/indikar1/shared_data/hsc_epi2me_full/work/70/ea15a4854edea2cb3f968c7b9c459f
Removed /scratch/indikar_root/indikar1/shared_data/hsc_epi2me_full/work/22/bf8cc693815ea7573594939b486d70
Removed /scratch/indikar_root/indikar1/shared_data/hsc_epi2me_full/work/0c/0433cae550b8e916eef45ed4d4d0d2
Removed /scratch/indikar_root/indikar1/shared_data/hsc_epi2me_full/work/82/63667372ce39d22767a70b80483759
Removed /scratch/indikar_root/indikar1/shared_data/hsc_epi2me_full/work/78/9c7fa1da39416eb52653bdc98305e9
Removed /scratch/indikar_root/indikar1/shared_data/hsc_epi2me_full/work/f1/1ff0765c0520650e62fe5548c50a83
Removed /scratch/indikar_root/indikar1/shared_data/hsc_epi2me_full/work/c0/c4f4eb6320ea983a3637a91eb43291
Removed /scratch/indikar_root/indikar1/shared_data/hsc_epi2me_full/work/c1/1954870a99332dd5296b65c75eaaea
Removed /scratch/indikar_root/indikar1/shared_data/hsc_epi2me_full/work/21/5e968ddbb4bcc0d8cbb37593e6e841
Removed /scratch/indikar_root/indikar1/shared_data/hsc_epi2me_full/work/07/6ccefaabae95095b00572ce4a7a1bc
Removed /scratch/indikar_root/indikar1/shared_data/hsc_epi2me_full/work/d3/a5aa3c820dd47f28b026e7870b18af
Removed /scratch/indikar_root/indikar1/shared_data/hsc_epi2me_full/work/03/7e03b8e4673d3e01a172eed34c322c
Removed /scratch/indikar_root/indikar1/shared_data/hsc_epi2me_full/work/52/3adf2a07f5664c4d0d4a0a1cbf2ad2
Removed /scratch/indikar_root/indikar1/shared_data/hsc_epi2me_full/work/5a/3558f7bf7418ec16ffda36d46366e8
Removed /scratch/indikar_root/indikar1/shared_data/hsc_epi2me_full/work/f6/5e84cadda19970a3674ad0a4a5bae6
Removed /scratch/indikar_root/indikar1/shared_data/hsc_epi2me_full/work/aa/15824061e4f5cecd9e0a81542a5160
Removed /scratch/indikar_root/indikar1/shared_data/hsc_epi2me_full/work/00/1769e51ad569c2b634751e62a07b8f
2025-04-09 05:04:57,073 [INFO] Nextflow clean up complete!
2025-04-09 05:04:57,075 [INFO] Pipeline complete!
