2025-04-03 18:05:59,367 [INFO] Config file path: ./config.yaml
2025-04-03 18:05:59,367 [INFO] Force overwrite: True
2025-04-03 18:06:00,287 [INFO] Nextflow is available.
2025-04-03 18:06:00,289 [INFO] Configuration for: paths
2025-04-03 18:06:00,289 [INFO] 	 output_directory : /scratch/indikar_root/indikar1/shared_data/hsc_epi2me/
2025-04-03 18:06:00,290 [INFO] 	 fastq_paths : fastq_paths.txt
2025-04-03 18:06:00,290 [INFO] 	 ref_genome_dir : /nfs/turbo/umms-indikar/shared/projects/reference_genome/prebuilt/refdata-gex-GRCh38-2024-A
2025-04-03 18:06:00,290 [INFO] 	 nextflow : /nfs/turbo/umms-indikar/Ram/tools
2025-04-03 18:06:00,290 [INFO] Configuration for: nextflow
2025-04-03 18:06:00,290 [INFO] 	 process_name : hsc_epi2me_nextflow
2025-04-03 18:06:00,290 [INFO] 	 sample_name : hsc
2025-04-03 18:06:00,290 [INFO] 	 nextflow_config : ./nextflow.config
2025-04-03 18:06:00,290 [INFO] Configuration for: pipeline
2025-04-03 18:06:00,290 [INFO] 	 expected_cells : 10000
2025-04-03 18:06:00,290 [INFO] 	 kit : 3prime:v3
2025-04-03 18:06:00,290 [INFO] 	 full_length_only : False
2025-04-03 18:06:00,290 [INFO] 	 threads : 32
2025-04-03 18:06:00,290 [INFO] 	 fastq_chunk : 1000000
2025-04-03 18:06:00,290 [INFO] 	 barcode_adapter1_suff_length : 10
2025-04-03 18:06:00,290 [INFO] 	 barcode_min_quality : 15
2025-04-03 18:06:00,290 [INFO] 	 barcode_max_ed : 2
2025-04-03 18:06:00,290 [INFO] 	 barcode_min_ed_diff : 2
2025-04-03 18:06:00,290 [INFO] 	 gene_assigns_minqv : 30
2025-04-03 18:06:00,290 [INFO] 	 matrix_min_genes : 5
2025-04-03 18:06:00,290 [INFO] 	 matrix_min_cells : 3
2025-04-03 18:06:00,290 [INFO] 	 matrix_max_mito : 20
2025-04-03 18:06:00,290 [INFO] 	 matrix_norm_count : 10000
2025-04-03 18:06:00,322 [INFO] Created output directory: /scratch/indikar_root/indikar1/shared_data/hsc_epi2me/
2025-04-03 18:06:00,322 [INFO] Created working directory: /scratch/indikar_root/indikar1/shared_data/hsc_epi2me/work/
2025-04-03 18:06:00,328 [INFO] Running pipeline for 28 FASTQs from: fastq_paths.txt
2025-04-03 18:06:00,328 [INFO] Compiling inputs to: /scratch/indikar_root/indikar1/shared_data/hsc_epi2me/fastq
2025-04-03 18:06:00,357 [INFO] 	Created symlink: /scratch/indikar_root/indikar1/shared_data/hsc_epi2me/fastq/minion_384/Gridr1.fastq.gz -> /nfs/turbo/umms-indikar/shared/projects/HSC/data/10xBarcoded_SingleCell/GridION_run1/merged.fastq.gz
2025-04-03 18:06:00,373 [INFO] 	Created symlink: /scratch/indikar_root/indikar1/shared_data/hsc_epi2me/fastq/fast_v3.4/Run8x0426.fastq.gz -> /nfs/turbo/umms-indikar/shared/projects/HSC/data/adaptive_sampling/merged_fastq/Run8_04_26.fastq.gz
2025-04-03 18:06:00,391 [INFO] 	Created symlink: /scratch/indikar_root/indikar1/shared_data/hsc_epi2me/fastq/fast_v3.4/Run9x0503.fastq.gz -> /nfs/turbo/umms-indikar/shared/projects/HSC/data/adaptive_sampling/merged_fastq/Run9_05_03.fastq.gz
2025-04-03 18:06:00,391 [INFO] 	Created symlink: /scratch/indikar_root/indikar1/shared_data/hsc_epi2me/fastq/fast_v4.2.0/Run1x0312.fastq.gz -> /nfs/turbo/umms-indikar/shared/projects/HSC/data/adaptive_sampling/merged_fastq/Run1_03_12.fastq.gz
2025-04-03 18:06:00,392 [INFO] 	Created symlink: /scratch/indikar_root/indikar1/shared_data/hsc_epi2me/fastq/fast_v4.2.0/Run2x0313.fastq.gz -> /nfs/turbo/umms-indikar/shared/projects/HSC/data/adaptive_sampling/merged_fastq/Run2_03_13.fastq.gz
2025-04-03 18:06:00,393 [INFO] 	Created symlink: /scratch/indikar_root/indikar1/shared_data/hsc_epi2me/fastq/fast_v4.2.0/Run3x0314.fastq.gz -> /nfs/turbo/umms-indikar/shared/projects/HSC/data/adaptive_sampling/merged_fastq/Run3_03_14.fastq.gz
2025-04-03 18:06:00,393 [INFO] 	Created symlink: /scratch/indikar_root/indikar1/shared_data/hsc_epi2me/fastq/fast_v4.2.0/Run4x0314.fastq.gz -> /nfs/turbo/umms-indikar/shared/projects/HSC/data/adaptive_sampling/merged_fastq/Run4_03_14.fastq.gz
2025-04-03 18:06:00,394 [INFO] 	Created symlink: /scratch/indikar_root/indikar1/shared_data/hsc_epi2me/fastq/fast_v4.2.0/Run5x0314.fastq.gz -> /nfs/turbo/umms-indikar/shared/projects/HSC/data/adaptive_sampling/merged_fastq/Run5_03_14.fastq.gz
2025-04-03 18:06:00,394 [INFO] 	Created symlink: /scratch/indikar_root/indikar1/shared_data/hsc_epi2me/fastq/fast_v4.2.0/Run6x0314.fastq.gz -> /nfs/turbo/umms-indikar/shared/projects/HSC/data/adaptive_sampling/merged_fastq/Run6_03_14.fastq.gz
2025-04-03 18:06:00,394 [INFO] 	Created symlink: /scratch/indikar_root/indikar1/shared_data/hsc_epi2me/fastq/hac_v3.3/Gridr2.fastq.gz -> /nfs/turbo/umms-indikar/shared/projects/HSC/data/10xBarcoded_SingleCell/GridION_run2/merged.fastq.gz
2025-04-03 18:06:00,395 [INFO] 	Created symlink: /scratch/indikar_root/indikar1/shared_data/hsc_epi2me/fastq/hac_v3.3/Gridr3.fastq.gz -> /nfs/turbo/umms-indikar/shared/projects/HSC/data/10xBarcoded_SingleCell/GridION_run3/merged.fastq.gz
2025-04-03 18:06:00,395 [INFO] 	Created symlink: /scratch/indikar_root/indikar1/shared_data/hsc_epi2me/fastq/hac_v3.3/Gridr4.fastq.gz -> /nfs/turbo/umms-indikar/shared/projects/HSC/data/10xBarcoded_SingleCell/GridION_run4/merged.fastq.gz
2025-04-03 18:06:00,395 [INFO] 	Created symlink: /scratch/indikar_root/indikar1/shared_data/hsc_epi2me/fastq/hac_v3.3/Gridr5.fastq.gz -> /nfs/turbo/umms-indikar/shared/projects/HSC/data/10xBarcoded_SingleCell/05_17_2024_iHSC_merged/Gridr5_merged.fastq.gz
2025-04-03 18:06:00,396 [INFO] 	Created symlink: /scratch/indikar_root/indikar1/shared_data/hsc_epi2me/fastq/hac_v3.3/Run1x0415.fastq.gz -> /nfs/turbo/umms-indikar/shared/projects/HSC/data/adaptive_sampling/merged_fastq/Run1_04_15.fastq.gz
2025-04-03 18:06:00,396 [INFO] 	Created symlink: /scratch/indikar_root/indikar1/shared_data/hsc_epi2me/fastq/hac_v3.3/Run2x0416.fastq.gz -> /nfs/turbo/umms-indikar/shared/projects/HSC/data/adaptive_sampling/merged_fastq/Run2_04_16.fastq.gz
2025-04-03 18:06:00,397 [INFO] 	Created symlink: /scratch/indikar_root/indikar1/shared_data/hsc_epi2me/fastq/hac_v3.3/Run3x0418.fastq.gz -> /nfs/turbo/umms-indikar/shared/projects/HSC/data/adaptive_sampling/merged_fastq/Run3_04_18.fastq.gz
2025-04-03 18:06:00,397 [INFO] 	Created symlink: /scratch/indikar_root/indikar1/shared_data/hsc_epi2me/fastq/hac_v3.3/Run4x0422.fastq.gz -> /nfs/turbo/umms-indikar/shared/projects/HSC/data/adaptive_sampling/merged_fastq/Run4_04_22.fastq.gz
2025-04-03 18:06:00,397 [INFO] 	Created symlink: /scratch/indikar_root/indikar1/shared_data/hsc_epi2me/fastq/hac_v3.3/Run6x0426.fastq.gz -> /nfs/turbo/umms-indikar/shared/projects/HSC/data/adaptive_sampling/merged_fastq/Run6_04_26.fastq.gz
2025-04-03 18:06:00,398 [INFO] 	Created symlink: /scratch/indikar_root/indikar1/shared_data/hsc_epi2me/fastq/hac_v3.3/Run7x0426.fastq.gz -> /nfs/turbo/umms-indikar/shared/projects/HSC/data/adaptive_sampling/merged_fastq/Run7_04_26.fastq.gz
2025-04-03 18:06:00,398 [INFO] 	Created symlink: /scratch/indikar_root/indikar1/shared_data/hsc_epi2me/fastq/hac_v4.2.0/P2r5.fastq.gz -> /nfs/turbo/umms-indikar/shared/projects/HSC/data/10xBarcoded_SingleCell/P2_run5/merged.fastq.gz
2025-04-03 18:06:00,398 [INFO] 	Created symlink: /scratch/indikar_root/indikar1/shared_data/hsc_epi2me/fastq/hac_v4.2.0/P2r6.fastq.gz -> /nfs/turbo/umms-indikar/shared/projects/HSC/data/10xBarcoded_SingleCell/P2_run6/merged.fastq.gz
2025-04-03 18:06:00,399 [INFO] 	Created symlink: /scratch/indikar_root/indikar1/shared_data/hsc_epi2me/fastq/hac_v4.2.0/P2r7.fastq.gz -> /nfs/turbo/umms-indikar/shared/projects/HSC/data/10xBarcoded_SingleCell/P2_run7/merged.fastq.gz
2025-04-03 18:06:00,399 [INFO] 	Created symlink: /scratch/indikar_root/indikar1/shared_data/hsc_epi2me/fastq/hac_v4.2.0/Run7x0315.fastq.gz -> /nfs/turbo/umms-indikar/shared/projects/HSC/data/adaptive_sampling/merged_fastq/Run7_03_15.fastq.gz
2025-04-03 18:06:00,400 [INFO] 	Created symlink: /scratch/indikar_root/indikar1/shared_data/hsc_epi2me/fastq/hac_v4.3.0/P2r8.fastq.gz -> /nfs/turbo/umms-indikar/shared/projects/HSC/data/10xBarcoded_SingleCell/05_17_2024_iHSC_merged/P2r8_merged.fastq.gz
2025-04-03 18:06:00,400 [INFO] 	Created symlink: /scratch/indikar_root/indikar1/shared_data/hsc_epi2me/fastq/hac_v4.3.0/P2r8a.fastq.gz -> /nfs/turbo/umms-indikar/shared/projects/HSC/data/10xBarcoded_SingleCell/05_17_2024_iHSC_merged/P2r8a_merged.fastq.gz
2025-04-03 18:06:00,400 [INFO] 	Created symlink: /scratch/indikar_root/indikar1/shared_data/hsc_epi2me/fastq/hac_v4.3.0/P2r8b.fastq.gz -> /nfs/turbo/umms-indikar/shared/projects/HSC/data/10xBarcoded_SingleCell/05_17_2024_iHSC_merged/P2r8b_merged.fastq.gz
2025-04-03 18:06:00,401 [INFO] 	Created symlink: /scratch/indikar_root/indikar1/shared_data/hsc_epi2me/fastq/hac_v4.3.0/P2r8c.fastq.gz -> /nfs/turbo/umms-indikar/shared/projects/HSC/data/10xBarcoded_SingleCell/05_17_2024_iHSC_merged/P2r8c_merged.fastq.gz
2025-04-03 18:06:00,401 [INFO] 	Created symlink: /scratch/indikar_root/indikar1/shared_data/hsc_epi2me/fastq/hac_v4.3.0/P2r8d.fastq.gz -> /nfs/turbo/umms-indikar/shared/projects/HSC/data/10xBarcoded_SingleCell/05_17_2024_iHSC_merged/P2r8d_merged.fastq.gz
2025-04-03 18:06:00,401 [INFO]  ---------- Prepared Nextflow command: 
2025-04-03 18:06:00,401 [INFO] nextflow run epi2me-labs/wf-single-cell --fastq /scratch/indikar_root/indikar1/shared_data/hsc_epi2me/fastq --ref_genome_dir /nfs/turbo/umms-indikar/shared/projects/reference_genome/prebuilt/refdata-gex-GRCh38-2024-A --out_dir /scratch/indikar_root/indikar1/shared_data/hsc_epi2me/ --sample hsc -work-dir /scratch/indikar_root/indikar1/shared_data/hsc_epi2me/work/ -c ./nextflow.config -resume -name hsc_epi2me_nextflow -ansi-log false -with-report -with-dag -with-timeline -with-trace -profile singularity --expected_cells 10000  --kit 3prime:v3  --full_length_only False  --threads 32  --fastq_chunk 1000000  --barcode_adapter1_suff_length 10  --barcode_min_quality 15  --barcode_max_ed 2  --barcode_min_ed_diff 2  --gene_assigns_minqv 30  --matrix_min_genes 5  --matrix_min_cells 3  --matrix_max_mito 20  --matrix_norm_count 10000
[33mNextflow 24.10.5 is available - Please consider updating your version to it(B[m
N E X T F L O W  ~  version 24.10.4
WARN: It appears you have never run this project before -- Option `-resume` is ignored
Launching `https://github.com/epi2me-labs/wf-single-cell` [hsc_epi2me_nextflow] DSL2 - revision: eaceb66db1 [master]

[0;92m||||||||||   [0m[2m_____ ____ ___ ____  __  __ _____      _       _
[0;92m||||||||||  [0m[2m| ____|  _ \_ _|___ \|  \/  | ____|    | | __ _| |__  ___
[0;33m|||||       [0m[2m|  _| | |_) | |  __) | |\/| |  _| _____| |/ _` | '_ \/ __|
[0;33m|||||       [0m[2m| |___|  __/| | / __/| |  | | |__|_____| | (_| | |_) \__ \
[0;94m||||||||||  [0m[2m|_____|_|  |___|_____|_|  |_|_____|    |_|\__,_|_.__/|___/
[0;94m||||||||||  [0m[1mwf-single-cell v3.0.1-geaceb66[0m
[2m--------------------------------------------------------------------------------[0m
[1mCore Nextflow options[0m
[0;34mrevision        : [0;32mmaster[0m
[0;34mrunName         : [0;32mhsc_epi2me_nextflow[0m
[0;34mcontainerEngine : [0;32msingularity[0m
[0;34mcontainer       : [0;32m[withLabel:singlecell:ontresearch/wf-single-cell:shab5b0dea0efc4685f74c8b4f91c979c587e23a020, withLabel:wf_common:ontresearch/wf-common:shaabceef445fb63214073cbf5836fdd33c04be4ac7][0m
[0;34mlaunchDir       : [0;32m/home/cstansbu/git_repositories/hematokytos/pipeline[0m
[0;34mworkDir         : [0;32m/scratch/indikar_root/indikar1/shared_data/hsc_epi2me/work[0m
[0;34mprojectDir      : [0;32m/home/cstansbu/.nextflow/assets/epi2me-labs/wf-single-cell[0m
[0;34muserName        : [0;32mcstansbu[0m
[0;34mprofile         : [0;32msingularity[0m
[0;34mconfigFiles     : [0;32m/home/cstansbu/.nextflow/assets/epi2me-labs/wf-single-cell/nextflow.config, /home/cstansbu/git_repositories/hematokytos/pipeline/nextflow.config, /home/cstansbu/git_repositories/hematokytos/pipeline/./nextflow.config[0m

[1mInput Options[0m
[0;34mfastq           : [0;32m/scratch/indikar_root/indikar1/shared_data/hsc_epi2me/fastq[0m
[0;34mref_genome_dir  : [0;32m/nfs/turbo/umms-indikar/shared/projects/reference_genome/prebuilt/refdata-gex-GRCh38-2024-A[0m
[0;34mkit             : [0;32m3prime:v3[0m
[0;34mexpected_cells  : [0;32m10000[0m
[0;34mfull_length_only: [0;32mfalse[0m

[1mSample Options[0m
[0;34msample          : [0;32mhsc[0m

[1mOutput Options[0m
[0;34mout_dir         : [0;32m/scratch/indikar_root/indikar1/shared_data/hsc_epi2me/[0m

[1mAdvanced options[0m
[0;34mthreads         : [0;32m32[0m
[0;34mmatrix_min_genes: [0;32m5[0m

!! Only displaying parameters that differ from the pipeline defaults !!
[2m--------------------------------------------------------------------------------[0m
If you use epi2me-labs/wf-single-cell for your analysis please cite:

* The nf-core framework
https://doi.org/10.1038/s41587-020-0439-x


[2m--------------------------------------------------------------------------------[0m
This is epi2me-labs/wf-single-cell v3.0.1-geaceb66.
[2m--------------------------------------------------------------------------------[0m
Searching input for [.fastq, .fastq.gz, .fq, .fq.gz] files.
WARN: Singularity cache directory has not been defined -- Remote image will be stored in the path: /scratch/indikar_root/indikar1/shared_data/hsc_epi2me/work/singularity -- Use the environment variable NXF_SINGULARITY_CACHEDIR to specify a different location
Pulling Singularity image docker://ontresearch/wf-single-cell:shab5b0dea0efc4685f74c8b4f91c979c587e23a020 [cache /scratch/indikar_root/indikar1/shared_data/hsc_epi2me/work/singularity/ontresearch-wf-single-cell-shab5b0dea0efc4685f74c8b4f91c979c587e23a020.img]
Pulling Singularity image docker://ontresearch/wf-common:shaabceef445fb63214073cbf5836fdd33c04be4ac7 [cache /scratch/indikar_root/indikar1/shared_data/hsc_epi2me/work/singularity/ontresearch-wf-common-shaabceef445fb63214073cbf5836fdd33c04be4ac7.img]
[ee/cbeaf6] Submitted process > fastcat (1)
[80/2e685b] Submitted process > fastcat (5)
[87/f87811] Submitted process > fastcat (3)
[5e/86ae2d] Submitted process > fastcat (2)
[75/eef52d] Submitted process > fastcat (4)
[bf/cdb6d8] Submitted process > fastcat (6)
[22/7c28a1] Submitted process > pipeline:getParams
[0c/ed337d] Submitted process > pipeline:preprocess:call_paftools
[9d/60ed34] Submitted process > pipeline:process_bams:split_gtf_by_chroms
[b6/5d1457] Submitted process > pipeline:getVersions
[d2/1b52b0] Submitted process > pipeline:preprocess:build_minimap_index
[7a/c9673d] Submitted process > parse_kit_metadata (1)
[0c/116980] Submitted process > pipeline:preprocess:call_adapter_scan (26)
[a8/cc2016] Submitted process > pipeline:preprocess:call_adapter_scan (21)
[7a/0c439d] Submitted process > pipeline:preprocess:call_adapter_scan (19)
[6a/173aa1] Submitted process > pipeline:preprocess:call_adapter_scan (20)
[7a/00a724] Submitted process > pipeline:preprocess:call_adapter_scan (10)
[27/d63fcf] Submitted process > pipeline:preprocess:call_adapter_scan (4)
[c5/d558d0] Submitted process > pipeline:preprocess:call_adapter_scan (29)
[6a/49fa38] Submitted process > pipeline:preprocess:call_adapter_scan (14)
[27/52189e] Submitted process > pipeline:preprocess:call_adapter_scan (28)
[19/87a803] Submitted process > pipeline:preprocess:call_adapter_scan (7)
[27/6ef0d8] Submitted process > pipeline:preprocess:call_adapter_scan (27)
[b4/7dd1fd] Submitted process > pipeline:preprocess:call_adapter_scan (6)
[cc/dec39e] Submitted process > pipeline:preprocess:call_adapter_scan (22)
[0f/9bc1e8] Submitted process > pipeline:preprocess:call_adapter_scan (13)
[29/dd7b2d] Submitted process > pipeline:preprocess:call_adapter_scan (18)
[74/219e49] Submitted process > pipeline:preprocess:call_adapter_scan (11)
[c2/2ea66b] Submitted process > pipeline:preprocess:call_adapter_scan (17)
[85/73c2de] Submitted process > pipeline:preprocess:call_adapter_scan (9)
[89/69800e] Submitted process > pipeline:preprocess:call_adapter_scan (2)
[38/e940f7] Submitted process > pipeline:preprocess:call_adapter_scan (8)
[59/1adff5] Submitted process > pipeline:preprocess:call_adapter_scan (31)
[e2/8ad256] Submitted process > pipeline:preprocess:call_adapter_scan (15)
[bb/d44529] Submitted process > pipeline:preprocess:call_adapter_scan (16)
[42/95d853] Submitted process > pipeline:preprocess:call_adapter_scan (24)
[2b/9a2483] Submitted process > pipeline:preprocess:call_adapter_scan (1)
[96/6c1c79] Submitted process > pipeline:preprocess:call_adapter_scan (5)
[d9/dab509] Submitted process > pipeline:preprocess:call_adapter_scan (12)
[64/e0c3f8] Submitted process > pipeline:preprocess:call_adapter_scan (23)
[60/0e4161] Submitted process > pipeline:preprocess:call_adapter_scan (32)
[3c/7d25cf] Submitted process > pipeline:preprocess:call_adapter_scan (3)
[8a/644162] Submitted process > pipeline:preprocess:call_adapter_scan (25)
[f6/d459b9] Submitted process > pipeline:preprocess:call_adapter_scan (30)
[87/985f57] Submitted process > pipeline:preprocess:call_adapter_scan (33)
[2e/295546] Submitted process > pipeline:preprocess:call_adapter_scan (34)
[b0/ddbb8f] Submitted process > pipeline:preprocess:call_adapter_scan (35)
[a6/4d8a4d] Submitted process > pipeline:preprocess:call_adapter_scan (36)
[3a/221ee1] Submitted process > pipeline:preprocess:call_adapter_scan (38)
[3d/464280] Submitted process > pipeline:preprocess:call_adapter_scan (37)
[8c/32c66c] Submitted process > pipeline:preprocess:call_adapter_scan (39)
[7a/b2ad34] Submitted process > pipeline:preprocess:call_adapter_scan (40)
[55/1c0007] Submitted process > pipeline:preprocess:call_adapter_scan (41)
[3d/eda203] Submitted process > pipeline:preprocess:call_adapter_scan (42)
[f4/e2dcc3] Submitted process > pipeline:preprocess:call_adapter_scan (44)
[1b/5c545d] Submitted process > pipeline:preprocess:call_adapter_scan (43)
[7b/7d02a9] Submitted process > pipeline:preprocess:call_adapter_scan (55)
[54/9a81a7] Submitted process > pipeline:preprocess:call_adapter_scan (53)
[2f/c68585] Submitted process > pipeline:preprocess:call_adapter_scan (47)
[8f/a19dca] Submitted process > pipeline:preprocess:call_adapter_scan (50)
[e0/92414c] Submitted process > pipeline:preprocess:call_adapter_scan (46)
[58/d91212] Submitted process > pipeline:preprocess:call_adapter_scan (58)
[5e/737bc3] Submitted process > pipeline:preprocess:call_adapter_scan (52)
[bd/99ff64] Submitted process > pipeline:preprocess:call_adapter_scan (57)
[52/95c9d0] Submitted process > pipeline:preprocess:call_adapter_scan (59)
[46/5e26f6] Submitted process > pipeline:preprocess:call_adapter_scan (49)
[46/7b6313] Submitted process > pipeline:preprocess:call_adapter_scan (60)
[ab/5da608] Submitted process > pipeline:preprocess:call_adapter_scan (48)
[c2/deb72c] Submitted process > pipeline:preprocess:call_adapter_scan (61)
[3e/f530f2] Submitted process > pipeline:preprocess:call_adapter_scan (51)
[75/ec5e2b] Submitted process > pipeline:preprocess:call_adapter_scan (54)
[dc/255bf8] Submitted process > pipeline:preprocess:call_adapter_scan (45)
[5b/a250ef] Submitted process > pipeline:preprocess:call_adapter_scan (63)
[ec/b51e3a] Submitted process > pipeline:preprocess:call_adapter_scan (56)
[56/610a75] Submitted process > pipeline:preprocess:call_adapter_scan (62)
[5e/1f83c7] Submitted process > pipeline:preprocess:call_adapter_scan (65)
[09/461418] Submitted process > pipeline:preprocess:call_adapter_scan (64)
[0e/45d1c4] Submitted process > pipeline:preprocess:call_adapter_scan (66)
[8d/4a7165] Submitted process > pipeline:preprocess:call_adapter_scan (68)
[bd/f1522a] Submitted process > pipeline:preprocess:call_adapter_scan (67)
[f1/913062] Submitted process > pipeline:preprocess:call_adapter_scan (70)
[0c/2f0131] Submitted process > pipeline:preprocess:call_adapter_scan (69)
[69/3f95b4] Submitted process > pipeline:preprocess:call_adapter_scan (71)
[ee/7b794f] Submitted process > pipeline:preprocess:call_adapter_scan (74)
[7d/35223d] Submitted process > pipeline:preprocess:call_adapter_scan (73)
[3c/04ec73] Submitted process > pipeline:preprocess:call_adapter_scan (72)
[9a/a4782b] Submitted process > pipeline:preprocess:call_adapter_scan (75)
[d5/3f3464] Submitted process > pipeline:preprocess:call_adapter_scan (76)
[73/300a11] Submitted process > pipeline:preprocess:call_adapter_scan (77)
[8c/9229a9] Submitted process > pipeline:preprocess:call_adapter_scan (78)
[ac/abff4c] Submitted process > pipeline:preprocess:call_adapter_scan (79)
[c1/17d831] Submitted process > pipeline:preprocess:call_adapter_scan (81)
[b1/0964fa] Submitted process > pipeline:preprocess:call_adapter_scan (80)
[23/ac3354] Submitted process > pipeline:preprocess:call_adapter_scan (82)
[2c/cd6c09] Submitted process > pipeline:preprocess:call_adapter_scan (83)
[91/f5e52c] Submitted process > pipeline:preprocess:call_adapter_scan (84)
[5f/a72c2e] Submitted process > pipeline:preprocess:call_adapter_scan (85)
[43/94df38] Submitted process > pipeline:preprocess:call_adapter_scan (86)
[6b/29b891] Submitted process > pipeline:preprocess:call_adapter_scan (87)
[20/2fcbdd] Submitted process > pipeline:preprocess:call_adapter_scan (88)
[37/856c84] Submitted process > pipeline:preprocess:call_adapter_scan (89)
[ff/6685fd] Submitted process > pipeline:preprocess:call_adapter_scan (91)
[c2/312e88] Submitted process > pipeline:preprocess:call_adapter_scan (90)
[05/e0ae59] Submitted process > pipeline:preprocess:call_adapter_scan (92)
[9b/29c0d3] Submitted process > pipeline:preprocess:call_adapter_scan (93)
[9d/0bf810] Submitted process > pipeline:preprocess:call_adapter_scan (95)
[01/0c37af] Submitted process > pipeline:preprocess:call_adapter_scan (94)
[81/9307c0] Submitted process > pipeline:preprocess:call_adapter_scan (96)
[1b/edc95c] Submitted process > pipeline:preprocess:call_adapter_scan (98)
[7a/cc7e7c] Submitted process > pipeline:preprocess:call_adapter_scan (97)
[c5/f49bbf] Submitted process > pipeline:preprocess:call_adapter_scan (99)
[b1/874dcb] Submitted process > pipeline:preprocess:call_adapter_scan (100)
[45/777184] Submitted process > pipeline:preprocess:call_adapter_scan (101)
[6a/53f95e] Submitted process > pipeline:preprocess:call_adapter_scan (102)
[0f/6c5ba4] Submitted process > pipeline:preprocess:call_adapter_scan (104)
[84/681177] Submitted process > pipeline:preprocess:call_adapter_scan (105)
[43/327df5] Submitted process > pipeline:preprocess:call_adapter_scan (103)
[24/64e1ba] Submitted process > pipeline:preprocess:call_adapter_scan (106)
[d3/a3478f] Submitted process > pipeline:preprocess:call_adapter_scan (108)
[0a/2f840c] Submitted process > pipeline:preprocess:call_adapter_scan (109)
[e1/23a029] Submitted process > pipeline:preprocess:call_adapter_scan (107)
[8f/b02202] Submitted process > pipeline:preprocess:call_adapter_scan (111)
[20/064df0] Submitted process > pipeline:preprocess:call_adapter_scan (112)
[82/78ef61] Submitted process > pipeline:preprocess:call_adapter_scan (110)
[88/b1cbf0] Submitted process > pipeline:preprocess:call_adapter_scan (114)
[e1/6a9410] Submitted process > pipeline:preprocess:call_adapter_scan (113)
[61/967c28] Submitted process > pipeline:preprocess:call_adapter_scan (115)
[b9/d21b0d] Submitted process > pipeline:preprocess:call_adapter_scan (122)
[22/71b4f3] Submitted process > pipeline:preprocess:call_adapter_scan (117)
[14/816021] Submitted process > pipeline:preprocess:call_adapter_scan (118)
[b8/9060a9] Submitted process > pipeline:preprocess:call_adapter_scan (125)
[cc/f14d6b] Submitted process > pipeline:preprocess:call_adapter_scan (123)
[a0/fb1bcc] Submitted process > pipeline:preprocess:call_adapter_scan (120)
[b5/54ebbf] Submitted process > pipeline:preprocess:call_adapter_scan (119)
[2c/a6c211] Submitted process > pipeline:preprocess:call_adapter_scan (116)
[18/e34de4] Submitted process > pipeline:preprocess:call_adapter_scan (124)
[32/7594e3] Submitted process > pipeline:preprocess:call_adapter_scan (121)
[41/a23f52] Submitted process > pipeline:preprocess:call_adapter_scan (127)
[15/f8eb1e] Submitted process > pipeline:preprocess:call_adapter_scan (126)
[a0/c313da] Submitted process > pipeline:preprocess:call_adapter_scan (132)
[69/5f0a52] Submitted process > pipeline:preprocess:call_adapter_scan (130)
[51/516b6f] Submitted process > pipeline:preprocess:call_adapter_scan (129)
[f9/f3adf4] Submitted process > pipeline:preprocess:call_adapter_scan (156)
[ed/b11838] Submitted process > pipeline:preprocess:call_adapter_scan (128)
[02/e789de] Submitted process > pipeline:preprocess:call_adapter_scan (131)
[43/2161e2] Submitted process > pipeline:preprocess:call_adapter_scan (135)
[04/e9de56] Submitted process > pipeline:preprocess:call_adapter_scan (133)
[4c/8e5d5c] Submitted process > pipeline:preprocess:call_adapter_scan (134)
[69/bb4d52] Submitted process > pipeline:preprocess:call_adapter_scan (137)
[6a/e2fe5d] Submitted process > pipeline:preprocess:call_adapter_scan (136)
[29/fdbd01] Submitted process > pipeline:preprocess:call_adapter_scan (139)
[6b/2e3edb] Submitted process > pipeline:preprocess:call_adapter_scan (140)
[db/290f44] Submitted process > pipeline:preprocess:call_adapter_scan (138)
[20/3aec9c] Submitted process > pipeline:preprocess:call_adapter_scan (141)
[9b/a41b0b] Submitted process > pipeline:preprocess:call_adapter_scan (143)
[af/3c2a3c] Submitted process > pipeline:preprocess:call_adapter_scan (142)
[1a/e2fe34] Submitted process > pipeline:preprocess:call_adapter_scan (145)
[3e/990051] Submitted process > pipeline:preprocess:call_adapter_scan (144)
[70/bf49f5] Submitted process > pipeline:preprocess:call_adapter_scan (146)
[e1/781bae] Submitted process > pipeline:preprocess:call_adapter_scan (147)
[c8/cbb25b] Submitted process > pipeline:preprocess:call_adapter_scan (148)
[7a/715423] Submitted process > pipeline:preprocess:call_adapter_scan (150)
[80/177a60] Submitted process > pipeline:preprocess:call_adapter_scan (151)
[9b/adecf8] Submitted process > pipeline:preprocess:call_adapter_scan (149)
[66/8c096f] Submitted process > pipeline:preprocess:call_adapter_scan (152)
[f0/42b7fd] Submitted process > pipeline:preprocess:call_adapter_scan (153)
[5d/fa32d0] Submitted process > pipeline:preprocess:call_adapter_scan (154)
[3e/b69ceb] Submitted process > pipeline:preprocess:call_adapter_scan (155)
[6b/aa7be9] Submitted process > pipeline:preprocess:call_adapter_scan (157)
[81/82b45c] Submitted process > pipeline:preprocess:call_adapter_scan (158)
[30/80b8f5] Submitted process > pipeline:preprocess:call_adapter_scan (159)
[05/7bc66a] Submitted process > pipeline:preprocess:call_adapter_scan (160)
[cd/622e7c] Submitted process > pipeline:preprocess:call_adapter_scan (161)
[d5/cdecb2] Submitted process > pipeline:preprocess:call_adapter_scan (162)
[b9/281a15] Submitted process > pipeline:preprocess:call_adapter_scan (163)
[57/b43258] Submitted process > pipeline:preprocess:call_adapter_scan (164)
[90/c02ba2] Submitted process > pipeline:preprocess:call_adapter_scan (166)
[0a/85ed4f] Submitted process > pipeline:preprocess:call_adapter_scan (165)
[9f/f5ccae] Submitted process > pipeline:preprocess:call_adapter_scan (167)
[a6/61605c] Submitted process > pipeline:preprocess:call_adapter_scan (168)
[3f/92960d] Submitted process > pipeline:preprocess:call_adapter_scan (169)
[4b/7be7ac] Submitted process > pipeline:preprocess:call_adapter_scan (171)
[5a/20ccfb] Submitted process > pipeline:preprocess:call_adapter_scan (170)
[f3/17e5e8] Submitted process > pipeline:preprocess:call_adapter_scan (172)
[e5/b2477a] Submitted process > pipeline:preprocess:call_adapter_scan (173)
[2a/f1c60f] Submitted process > pipeline:preprocess:call_adapter_scan (175)
[a8/575c1f] Submitted process > pipeline:preprocess:call_adapter_scan (174)
[23/46077c] Submitted process > pipeline:preprocess:call_adapter_scan (176)
[da/fac8c6] Submitted process > pipeline:preprocess:call_adapter_scan (177)
[9f/69bb47] Submitted process > pipeline:preprocess:call_adapter_scan (178)
[c0/3704d9] Submitted process > pipeline:preprocess:call_adapter_scan (179)
[23/39a924] Submitted process > pipeline:preprocess:call_adapter_scan (180)
[14/9f2fac] Submitted process > pipeline:preprocess:call_adapter_scan (181)
[ef/8d51fa] Submitted process > pipeline:preprocess:call_adapter_scan (182)
[8a/f1c079] Submitted process > pipeline:preprocess:call_adapter_scan (183)
[f9/18ffd1] Submitted process > pipeline:preprocess:call_adapter_scan (184)
[58/e451c7] Submitted process > pipeline:preprocess:call_adapter_scan (185)
[e4/02e308] Submitted process > pipeline:preprocess:call_adapter_scan (186)
[35/f18892] Submitted process > pipeline:preprocess:call_adapter_scan (187)
[b8/213333] Submitted process > pipeline:preprocess:call_adapter_scan (188)
[46/29ee80] Submitted process > pipeline:preprocess:call_adapter_scan (189)
[83/802bc8] Submitted process > pipeline:preprocess:call_adapter_scan (191)
[50/d234bb] Submitted process > pipeline:preprocess:call_adapter_scan (192)
[c8/a8dd48] Submitted process > pipeline:preprocess:call_adapter_scan (190)
[d8/bf7930] Submitted process > pipeline:preprocess:call_adapter_scan (193)
[f3/1ddc69] Submitted process > pipeline:process_bams:generate_whitelist (4)
[91/f29fe8] Submitted process > pipeline:preprocess:summarize_adapter_table (4)
[90/59884c] Submitted process > pipeline:process_bams:generate_whitelist (5)
[d4/7aa37f] Submitted process > pipeline:preprocess:summarize_adapter_table (5)
[d0/b5c93d] Submitted process > pipeline:preprocess:summarize_adapter_table (1)
[68/ff2ac0] Submitted process > pipeline:process_bams:generate_whitelist (1)
[33/4c23d8] Submitted process > pipeline:preprocess:summarize_adapter_table (2)
[37/956f60] Submitted process > pipeline:process_bams:generate_whitelist (2)
[f7/1df437] Submitted process > pipeline:preprocess:summarize_adapter_table (6)
[b9/ab032d] Submitted process > pipeline:process_bams:generate_whitelist (6)
[b6/bade4e] Submitted process > pipeline:process_bams:generate_whitelist (3)
[10/e28215] Submitted process > pipeline:preprocess:summarize_adapter_table (3)
[14/ba1522] Submitted process > pipeline:process_bams:assign_barcodes (3)
[ae/0a75f2] Submitted process > pipeline:process_bams:assign_barcodes (2)
[e0/19d7d3] Submitted process > pipeline:process_bams:assign_barcodes (1)
[df/39b082] Submitted process > pipeline:process_bams:assign_barcodes (4)
[50/cac419] Submitted process > pipeline:process_bams:assign_barcodes (10)
[89/a081a6] Submitted process > pipeline:process_bams:assign_barcodes (6)
[5b/365650] Submitted process > pipeline:process_bams:assign_barcodes (19)
[83/20c073] Submitted process > pipeline:process_bams:assign_barcodes (14)
[ed/0956ed] Submitted process > pipeline:process_bams:assign_barcodes (5)
[3e/171c7b] Submitted process > pipeline:process_bams:assign_barcodes (7)
[d1/57bea3] Submitted process > pipeline:process_bams:assign_barcodes (8)
[46/64f13d] Submitted process > pipeline:process_bams:assign_barcodes (13)
[eb/916ebb] Submitted process > pipeline:process_bams:assign_barcodes (9)
[f8/65a198] Submitted process > pipeline:process_bams:assign_barcodes (11)
[4a/d6e78e] Submitted process > pipeline:process_bams:assign_barcodes (17)
[4f/ded9e8] Submitted process > pipeline:process_bams:assign_barcodes (12)
[8d/5db4fc] Submitted process > pipeline:process_bams:assign_barcodes (16)
[86/121f9c] Submitted process > pipeline:process_bams:assign_barcodes (15)
[b9/8e9f77] Submitted process > pipeline:process_bams:assign_barcodes (18)
[2a/009a14] Submitted process > pipeline:process_bams:assign_barcodes (30)
[5a/e9fd0c] Submitted process > pipeline:process_bams:assign_barcodes (27)
[30/aa10ad] Submitted process > pipeline:process_bams:assign_barcodes (28)
[cc/d9a98b] Submitted process > pipeline:process_bams:assign_barcodes (31)
[9e/9db0b3] Submitted process > pipeline:process_bams:assign_barcodes (22)
[61/099019] Submitted process > pipeline:process_bams:assign_barcodes (32)
[66/a620d8] Submitted process > pipeline:process_bams:assign_barcodes (35)
[cc/6488ef] Submitted process > pipeline:process_bams:assign_barcodes (21)
[15/0d3d5d] Submitted process > pipeline:process_bams:assign_barcodes (34)
[0f/080087] Submitted process > pipeline:process_bams:assign_barcodes (29)
[05/2ffa46] Submitted process > pipeline:process_bams:assign_barcodes (20)
[40/f39b7f] Submitted process > pipeline:process_bams:assign_barcodes (33)
[aa/579a15] Submitted process > pipeline:process_bams:assign_barcodes (25)
[fa/e2a8ea] Submitted process > pipeline:process_bams:assign_barcodes (23)
[4d/e38564] Submitted process > pipeline:process_bams:assign_barcodes (26)
[28/ce9aa4] Submitted process > pipeline:process_bams:assign_barcodes (24)
[be/5e65ab] Submitted process > pipeline:process_bams:assign_barcodes (51)
[e4/6fc04c] Submitted process > pipeline:process_bams:assign_barcodes (52)
[c6/0d0219] Submitted process > pipeline:process_bams:assign_barcodes (39)
[75/de4e24] Submitted process > pipeline:process_bams:assign_barcodes (57)
[97/23e05d] Submitted process > pipeline:process_bams:assign_barcodes (40)
[0a/c6f019] Submitted process > pipeline:process_bams:assign_barcodes (53)
[1f/34aca9] Submitted process > pipeline:process_bams:assign_barcodes (49)
[96/cb7a95] Submitted process > pipeline:process_bams:assign_barcodes (44)
[a7/618ce4] Submitted process > pipeline:process_bams:assign_barcodes (36)
[c2/ac53a9] Submitted process > pipeline:process_bams:assign_barcodes (37)
[1f/a64136] Submitted process > pipeline:process_bams:assign_barcodes (60)
[dc/5d2ae8] Submitted process > pipeline:process_bams:assign_barcodes (47)
[cc/64e364] Submitted process > pipeline:process_bams:assign_barcodes (64)
[4b/1a9ee8] Submitted process > pipeline:process_bams:assign_barcodes (61)
[c6/8bef99] Submitted process > pipeline:process_bams:assign_barcodes (69)
[37/21eb8a] Submitted process > pipeline:process_bams:assign_barcodes (56)
[3c/878d46] Submitted process > pipeline:process_bams:assign_barcodes (48)
[27/e22c01] Submitted process > pipeline:process_bams:assign_barcodes (50)
[2b/a11e45] Submitted process > pipeline:process_bams:assign_barcodes (38)
[d0/e625dd] Submitted process > pipeline:process_bams:assign_barcodes (62)
[ff/4df3a4] Submitted process > pipeline:process_bams:assign_barcodes (70)
[3f/6db536] Submitted process > pipeline:process_bams:assign_barcodes (68)
[4b/fd9791] Submitted process > pipeline:process_bams:assign_barcodes (54)
[e5/d847a9] Submitted process > pipeline:process_bams:assign_barcodes (43)
[d7/098ecf] Submitted process > pipeline:process_bams:assign_barcodes (58)
[96/9cfe45] Submitted process > pipeline:process_bams:assign_barcodes (67)
[f4/1785e3] Submitted process > pipeline:process_bams:assign_barcodes (45)
[be/d2e141] Submitted process > pipeline:process_bams:assign_barcodes (65)
[96/609670] Submitted process > pipeline:process_bams:assign_barcodes (63)
[6d/06e869] Submitted process > pipeline:process_bams:assign_barcodes (46)
[65/035856] Submitted process > pipeline:process_bams:assign_barcodes (55)
[06/058ed2] Submitted process > pipeline:process_bams:assign_barcodes (42)
[64/912666] Submitted process > pipeline:process_bams:assign_barcodes (72)
[92/0c390a] Submitted process > pipeline:process_bams:assign_barcodes (59)
[a5/684224] Submitted process > pipeline:process_bams:assign_barcodes (41)
[91/d45d7a] Submitted process > pipeline:process_bams:assign_barcodes (73)
[10/327054] Submitted process > pipeline:process_bams:assign_barcodes (66)
[72/827c0f] Submitted process > pipeline:process_bams:assign_barcodes (75)
[f6/84279c] Submitted process > pipeline:process_bams:assign_barcodes (74)
[32/35d1bf] Submitted process > pipeline:process_bams:assign_barcodes (77)
[29/77320d] Submitted process > pipeline:process_bams:assign_barcodes (71)
[01/9e53c0] Submitted process > pipeline:process_bams:assign_barcodes (76)
[28/694948] Submitted process > pipeline:process_bams:assign_barcodes (84)
[d5/145ae6] Submitted process > pipeline:process_bams:assign_barcodes (83)
[b1/86386a] Submitted process > pipeline:process_bams:assign_barcodes (82)
[92/c3a6f3] Submitted process > pipeline:process_bams:assign_barcodes (79)
[bb/e0ba8f] Submitted process > pipeline:process_bams:assign_barcodes (80)
[79/42e3cc] Submitted process > pipeline:process_bams:assign_barcodes (85)
[2e/4f7576] Submitted process > pipeline:process_bams:assign_barcodes (93)
[fb/230daa] Submitted process > pipeline:process_bams:assign_barcodes (81)
[25/d53845] Submitted process > pipeline:process_bams:assign_barcodes (90)
[43/d28291] Submitted process > pipeline:process_bams:assign_barcodes (89)
[6b/441cb0] Submitted process > pipeline:process_bams:assign_barcodes (86)
[9e/0b734c] Submitted process > pipeline:process_bams:assign_barcodes (91)
[6b/8e715f] Submitted process > pipeline:process_bams:assign_barcodes (88)
[2b/64d93a] Submitted process > pipeline:process_bams:assign_barcodes (87)
[84/efcb47] Submitted process > pipeline:process_bams:assign_barcodes (78)
[3a/c7d17c] Submitted process > pipeline:process_bams:assign_barcodes (92)
[4b/e1cb2d] Submitted process > pipeline:process_bams:assign_barcodes (94)
[b9/3940ea] Submitted process > pipeline:process_bams:assign_barcodes (118)
[ed/941b50] Submitted process > pipeline:process_bams:assign_barcodes (97)
[11/283e60] Submitted process > pipeline:process_bams:assign_barcodes (102)
[3e/057ab8] Submitted process > pipeline:process_bams:assign_barcodes (103)
[b8/505253] Submitted process > pipeline:process_bams:assign_barcodes (99)
[83/d5ae44] Submitted process > pipeline:process_bams:assign_barcodes (116)
[7d/c76833] Submitted process > pipeline:process_bams:assign_barcodes (104)
[a5/335350] Submitted process > pipeline:process_bams:assign_barcodes (117)
[5e/f4979b] Submitted process > pipeline:process_bams:assign_barcodes (109)
[2e/3f1157] Submitted process > pipeline:process_bams:assign_barcodes (114)
[e2/859e2c] Submitted process > pipeline:process_bams:assign_barcodes (126)
[2b/876fad] Submitted process > pipeline:process_bams:assign_barcodes (120)
[e9/db4c2f] Submitted process > pipeline:process_bams:assign_barcodes (96)
[a9/edd736] Submitted process > pipeline:process_bams:assign_barcodes (122)
[a3/cd76ff] Submitted process > pipeline:process_bams:assign_barcodes (100)
[67/93f88f] Submitted process > pipeline:process_bams:assign_barcodes (98)
[34/18de4c] Submitted process > pipeline:process_bams:assign_barcodes (95)
[ad/dd0cf7] Submitted process > pipeline:process_bams:assign_barcodes (113)
[8c/1b151c] Submitted process > pipeline:process_bams:assign_barcodes (108)
[aa/54c1bd] Submitted process > pipeline:process_bams:assign_barcodes (135)
[d7/50eb22] Submitted process > pipeline:process_bams:assign_barcodes (106)
[1d/5659e2] Submitted process > pipeline:process_bams:assign_barcodes (129)
[3c/bf7246] Submitted process > pipeline:process_bams:assign_barcodes (112)
[bf/587dd4] Submitted process > pipeline:process_bams:assign_barcodes (119)
[2c/70b161] Submitted process > pipeline:process_bams:assign_barcodes (115)
[fb/859234] Submitted process > pipeline:process_bams:assign_barcodes (124)
[4f/6d8388] Submitted process > pipeline:process_bams:assign_barcodes (107)
[72/028923] Submitted process > pipeline:process_bams:assign_barcodes (111)
[d8/6e01a6] Submitted process > pipeline:process_bams:assign_barcodes (127)
[12/6898f7] Submitted process > pipeline:process_bams:assign_barcodes (128)
[33/b53a0d] Submitted process > pipeline:process_bams:assign_barcodes (110)
[12/7d964f] Submitted process > pipeline:process_bams:assign_barcodes (105)
[f4/c8ad26] Submitted process > pipeline:process_bams:assign_barcodes (121)
[1c/558a1b] Submitted process > pipeline:process_bams:assign_barcodes (150)
[b7/c65356] Submitted process > pipeline:process_bams:assign_barcodes (101)
[ac/6c7875] Submitted process > pipeline:process_bams:assign_barcodes (130)
[96/df9d72] Submitted process > pipeline:process_bams:assign_barcodes (131)
[eb/48dbad] Submitted process > pipeline:process_bams:assign_barcodes (134)
[70/1277ac] Submitted process > pipeline:process_bams:assign_barcodes (125)
[f2/ae1551] Submitted process > pipeline:process_bams:assign_barcodes (132)
[d8/6cf586] Submitted process > pipeline:process_bams:assign_barcodes (123)
[c0/ee0cf7] Submitted process > pipeline:process_bams:assign_barcodes (141)
[43/a9de9e] Submitted process > pipeline:process_bams:assign_barcodes (137)
[77/568264] Submitted process > pipeline:process_bams:assign_barcodes (136)
[1d/01d423] Submitted process > pipeline:process_bams:assign_barcodes (139)
[c7/8b78d2] Submitted process > pipeline:process_bams:assign_barcodes (133)
[1c/bb25d5] Submitted process > pipeline:process_bams:assign_barcodes (138)
[9b/8fa0a4] Submitted process > pipeline:process_bams:assign_barcodes (143)
[27/40c6b4] Submitted process > pipeline:process_bams:assign_barcodes (165)
[cd/732d89] Submitted process > pipeline:process_bams:assign_barcodes (146)
[56/58dceb] Submitted process > pipeline:process_bams:assign_barcodes (144)
[1d/f5e9e3] Submitted process > pipeline:process_bams:assign_barcodes (148)
[1d/f17c82] Submitted process > pipeline:process_bams:assign_barcodes (142)
[54/4b1d89] Submitted process > pipeline:process_bams:assign_barcodes (140)
[27/fac190] Submitted process > pipeline:process_bams:assign_barcodes (166)
[23/e765a2] Submitted process > pipeline:process_bams:assign_barcodes (145)
[80/466ee4] Submitted process > pipeline:process_bams:assign_barcodes (147)
[5c/1cd1c2] Submitted process > pipeline:process_bams:assign_barcodes (151)
[1c/413508] Submitted process > pipeline:process_bams:assign_barcodes (155)
[a0/6023a2] Submitted process > pipeline:process_bams:assign_barcodes (149)
[e0/30b486] Submitted process > pipeline:process_bams:assign_barcodes (156)
[bb/1fd3a2] Submitted process > pipeline:process_bams:assign_barcodes (158)
[20/a15f82] Submitted process > pipeline:process_bams:assign_barcodes (157)
[34/9bf3d8] Submitted process > pipeline:process_bams:assign_barcodes (160)
[0c/54408b] Submitted process > pipeline:process_bams:assign_barcodes (159)
[af/0aa83b] Submitted process > pipeline:process_bams:assign_barcodes (161)
[a1/471c75] Submitted process > pipeline:process_bams:assign_barcodes (153)
[06/21a548] Submitted process > pipeline:process_bams:assign_barcodes (152)
[6a/f24fed] Submitted process > pipeline:process_bams:assign_barcodes (154)
[56/c38191] Submitted process > pipeline:process_bams:assign_barcodes (162)
[9d/1ca50d] Submitted process > pipeline:process_bams:assign_barcodes (172)
[a8/706da6] Submitted process > pipeline:process_bams:assign_barcodes (167)
[24/3373ba] Submitted process > pipeline:process_bams:assign_barcodes (168)
[bb/2f654a] Submitted process > pipeline:process_bams:assign_barcodes (171)
[28/10deb0] Submitted process > pipeline:process_bams:assign_barcodes (170)
[22/f61c78] Submitted process > pipeline:process_bams:assign_barcodes (164)
[a2/ba0460] Submitted process > pipeline:process_bams:assign_barcodes (169)
[1b/a87df9] Submitted process > pipeline:process_bams:assign_barcodes (163)
[e7/f467d7] Submitted process > pipeline:process_bams:assign_barcodes (173)
[fa/28ce9b] Submitted process > pipeline:process_bams:assign_barcodes (181)
[8f/b28316] Submitted process > pipeline:process_bams:assign_barcodes (189)
[9d/a672b9] Submitted process > pipeline:process_bams:assign_barcodes (176)
[de/f48efb] Submitted process > pipeline:process_bams:assign_barcodes (180)
[2e/8d92ed] Submitted process > pipeline:process_bams:assign_barcodes (174)
[c2/1a4067] Submitted process > pipeline:process_bams:assign_barcodes (179)
[dd/887d9c] Submitted process > pipeline:process_bams:assign_barcodes (191)
[ee/51accd] Submitted process > pipeline:process_bams:assign_barcodes (185)
[73/56face] Submitted process > pipeline:process_bams:assign_barcodes (186)
[c3/1945c4] Submitted process > pipeline:process_bams:assign_barcodes (183)
[2a/07a069] Submitted process > pipeline:process_bams:assign_barcodes (177)
[3b/9ef0df] Submitted process > pipeline:process_bams:assign_barcodes (178)
[0f/f81a25] Submitted process > pipeline:process_bams:assign_barcodes (188)
[85/f79dfe] Submitted process > pipeline:process_bams:assign_barcodes (193)
[fd/dcbe8f] Submitted process > pipeline:process_bams:assign_barcodes (175)
[6f/48a7c4] Submitted process > pipeline:process_bams:assign_barcodes (182)
[6f/e15e18] Submitted process > pipeline:process_bams:assign_barcodes (184)
[eb/5b3f69] Submitted process > pipeline:process_bams:assign_barcodes (190)
[3c/d63c27] Submitted process > pipeline:process_bams:assign_barcodes (187)
[16/834a64] Submitted process > pipeline:process_bams:assign_barcodes (192)
[4b/d60fed] Submitted process > pipeline:process_bams:merge_bams (4)
[94/a44396] Submitted process > pipeline:process_bams:merge_bams (5)
[18/f22a2d] Submitted process > pipeline:process_bams:merge_bams (1)
[96/dcfc5a] Submitted process > pipeline:process_bams:merge_bams (2)
[ea/d6ac9b] Submitted process > pipeline:process_bams:merge_bams (3)
[69/73866e] Submitted process > pipeline:process_bams:merge_bams (6)
[f3/013d50] Submitted process > pipeline:process_bams:cat_tags_by_chrom (4)
[18/26a118] Submitted process > pipeline:process_bams:cat_tags_by_chrom (3)
[9f/ba3dad] Submitted process > pipeline:process_bams:merge_and_publish_tsv (3)
[19/50c178] Submitted process > pipeline:process_bams:merge_and_publish_tsv (4)
[98/804e5c] Submitted process > pipeline:process_bams:merge_and_publish_tsv (2)
[5f/016a9c] Submitted process > pipeline:process_bams:merge_and_publish_tsv (1)
[e1/00b840] Submitted process > pipeline:process_bams:merge_and_publish_tsv (6)
[cb/99656c] Submitted process > pipeline:process_bams:merge_and_publish_tsv (5)
[e4/54f8b8] Submitted process > pipeline:process_bams:cat_tags_by_chrom (2)
[11/adc284] Submitted process > pipeline:process_bams:cat_tags_by_chrom (1)
[48/fbc39b] Submitted process > pipeline:process_bams:cat_tags_by_chrom (6)
[1c/6da6d0] Submitted process > pipeline:process_bams:cat_tags_by_chrom (5)
[5a/87ab88] Submitted process > pipeline:process_bams:stringtie (20)
[75/7193b3] Submitted process > pipeline:process_bams:stringtie (10)
[06/a808b1] Submitted process > pipeline:process_bams:stringtie (29)
[64/ffc281] Submitted process > pipeline:process_bams:stringtie (6)
[83/fade15] Submitted process > pipeline:process_bams:stringtie (2)
[18/6cfb00] Submitted process > pipeline:process_bams:stringtie (3)
[eb/af4993] Submitted process > pipeline:process_bams:stringtie (8)
[48/8e1b55] Submitted process > pipeline:process_bams:stringtie (30)
[a9/05f301] Submitted process > pipeline:process_bams:stringtie (15)
[90/af6302] Submitted process > pipeline:process_bams:stringtie (32)
[67/8b8d7c] Submitted process > pipeline:process_bams:stringtie (21)
[f3/cee91b] Submitted process > pipeline:process_bams:stringtie (7)
[96/464717] Submitted process > pipeline:process_bams:stringtie (25)
[86/13b873] Submitted process > pipeline:process_bams:stringtie (23)
[ab/650461] Submitted process > pipeline:process_bams:stringtie (16)
[e5/c8305a] Submitted process > pipeline:process_bams:stringtie (28)
[f7/889078] Submitted process > pipeline:process_bams:stringtie (24)
[1a/00acc8] Submitted process > pipeline:process_bams:stringtie (4)
[f1/2dd28e] Submitted process > pipeline:process_bams:stringtie (5)
[ef/f6e621] Submitted process > pipeline:process_bams:stringtie (13)
[87/c63179] Submitted process > pipeline:process_bams:stringtie (18)
[ef/855133] Submitted process > pipeline:process_bams:stringtie (9)
[17/71c8f8] Submitted process > pipeline:process_bams:stringtie (19)
[71/01e841] Submitted process > pipeline:process_bams:stringtie (12)
[6e/9117ea] Submitted process > pipeline:process_bams:stringtie (14)
[4e/4796c4] Submitted process > pipeline:process_bams:stringtie (27)
[e8/3e1838] Submitted process > pipeline:process_bams:stringtie (17)
[36/649cc4] Submitted process > pipeline:process_bams:stringtie (22)
[cf/3f5529] Submitted process > pipeline:process_bams:stringtie (26)
[0d/dbb956] Submitted process > pipeline:process_bams:stringtie (31)
[95/49c7ca] Submitted process > pipeline:process_bams:stringtie (11)
[ca/ce694b] Submitted process > pipeline:process_bams:stringtie (1)
[e4/31f631] Submitted process > pipeline:process_bams:stringtie (34)
[7e/ce6586] Submitted process > pipeline:process_bams:stringtie (33)
[dc/e97074] Submitted process > pipeline:process_bams:stringtie (35)
[d9/4d3f8d] Submitted process > pipeline:process_bams:stringtie (36)
[78/80697f] Submitted process > pipeline:process_bams:stringtie (37)
[8c/fa5d79] Submitted process > pipeline:process_bams:stringtie (38)
[d0/41ab59] Submitted process > pipeline:process_bams:stringtie (39)
[9d/97014f] Submitted process > pipeline:process_bams:stringtie (41)
[14/565c64] Submitted process > pipeline:process_bams:stringtie (46)
[8e/3b747a] Submitted process > pipeline:process_bams:stringtie (45)
[93/71e553] Submitted process > pipeline:process_bams:stringtie (50)
[19/ae2c40] Submitted process > pipeline:process_bams:stringtie (55)
[74/5fc975] Submitted process > pipeline:process_bams:stringtie (53)
[63/749612] Submitted process > pipeline:process_bams:stringtie (58)
[24/8f5e25] Submitted process > pipeline:process_bams:stringtie (61)
[d7/b1c966] Submitted process > pipeline:process_bams:stringtie (62)
[f2/01c8da] Submitted process > pipeline:process_bams:stringtie (57)
[53/112cf7] Submitted process > pipeline:process_bams:stringtie (63)
[df/27f429] Submitted process > pipeline:process_bams:stringtie (65)
[3a/54c6ec] Submitted process > pipeline:process_bams:stringtie (64)
[87/05a6d2] Submitted process > pipeline:process_bams:stringtie (66)
[01/a485f2] Submitted process > pipeline:process_bams:stringtie (40)
[68/9fc4ca] Submitted process > pipeline:process_bams:stringtie (69)
[54/d889d6] Submitted process > pipeline:process_bams:stringtie (56)
[ab/025611] Submitted process > pipeline:process_bams:stringtie (43)
[ae/c2868f] Submitted process > pipeline:process_bams:stringtie (54)
[4d/3d5850] Submitted process > pipeline:process_bams:stringtie (60)
[62/38f01a] Submitted process > pipeline:process_bams:stringtie (52)
[d7/b5cf41] Submitted process > pipeline:process_bams:stringtie (49)
[d7/d5b69b] Submitted process > pipeline:process_bams:stringtie (51)
[03/4718cd] Submitted process > pipeline:process_bams:stringtie (67)
[fc/932e58] Submitted process > pipeline:process_bams:stringtie (59)
[45/0ac78e] Submitted process > pipeline:process_bams:stringtie (44)
[f5/c4f64a] Submitted process > pipeline:process_bams:stringtie (42)
[75/c4b0e8] Submitted process > pipeline:process_bams:stringtie (70)
[f9/e2a757] Submitted process > pipeline:process_bams:stringtie (48)
[43/9ed60f] Submitted process > pipeline:process_bams:stringtie (71)
[03/86fa86] Submitted process > pipeline:process_bams:stringtie (47)
[5c/9e78c1] Submitted process > pipeline:process_bams:stringtie (68)
[e2/8c57c8] Submitted process > pipeline:process_bams:stringtie (72)
[51/204146] Submitted process > pipeline:process_bams:stringtie (73)
[03/eade0c] Submitted process > pipeline:process_bams:stringtie (74)
[39/b4284b] Submitted process > pipeline:process_bams:stringtie (75)
[6b/41dc97] Submitted process > pipeline:process_bams:stringtie (76)
[0a/fb7258] Submitted process > pipeline:process_bams:stringtie (77)
[82/2c8afe] Submitted process > pipeline:process_bams:stringtie (78)
[6f/5ac56e] Submitted process > pipeline:process_bams:stringtie (83)
[d8/6a1a7f] Submitted process > pipeline:process_bams:stringtie (106)
[62/d74a87] Submitted process > pipeline:process_bams:stringtie (80)
[2d/5697cc] Submitted process > pipeline:process_bams:stringtie (94)
[6e/c00633] Submitted process > pipeline:process_bams:stringtie (101)
[6d/4a7bb1] Submitted process > pipeline:process_bams:stringtie (107)
[44/7a2239] Submitted process > pipeline:process_bams:stringtie (103)
[33/76c028] Submitted process > pipeline:process_bams:stringtie (98)
[ba/5a642b] Submitted process > pipeline:process_bams:stringtie (79)
[c9/073e7e] Submitted process > pipeline:process_bams:stringtie (104)
[c9/bc52e7] Submitted process > pipeline:process_bams:stringtie (109)
[53/f0efe0] Submitted process > pipeline:process_bams:stringtie (90)
[f7/6c368d] Submitted process > pipeline:process_bams:stringtie (88)
[22/4f28aa] Submitted process > pipeline:process_bams:stringtie (89)
[06/9bd977] Submitted process > pipeline:process_bams:stringtie (84)
[fd/156eb0] Submitted process > pipeline:process_bams:stringtie (91)
[d9/c746f1] Submitted process > pipeline:process_bams:stringtie (81)
[8a/f363dd] Submitted process > pipeline:process_bams:stringtie (82)
[d4/98cbbc] Submitted process > pipeline:process_bams:stringtie (102)
[6e/0bbcc3] Submitted process > pipeline:process_bams:stringtie (93)
[0a/bd3268] Submitted process > pipeline:process_bams:stringtie (100)
[e7/768961] Submitted process > pipeline:process_bams:stringtie (87)
[5d/8f71ce] Submitted process > pipeline:process_bams:stringtie (86)
[32/92eed4] Submitted process > pipeline:process_bams:stringtie (105)
[07/93cd41] Submitted process > pipeline:process_bams:stringtie (85)
[32/d0d497] Submitted process > pipeline:process_bams:stringtie (96)
[db/2976d3] Submitted process > pipeline:process_bams:stringtie (92)
[80/45895a] Submitted process > pipeline:process_bams:stringtie (108)
[6c/52e750] Submitted process > pipeline:process_bams:stringtie (97)
[bf/4070a1] Submitted process > pipeline:process_bams:stringtie (99)
[7b/b9623f] Submitted process > pipeline:process_bams:stringtie (95)
[e3/47f620] Submitted process > pipeline:process_bams:stringtie (110)
[f0/3e9494] Submitted process > pipeline:process_bams:stringtie (111)
[82/ee755c] Submitted process > pipeline:process_bams:stringtie (112)
[8d/a92d72] Submitted process > pipeline:process_bams:stringtie (114)
[b8/3e37d8] Submitted process > pipeline:process_bams:stringtie (115)
[2c/343c22] Submitted process > pipeline:process_bams:stringtie (116)
[e9/fe13f2] Submitted process > pipeline:process_bams:stringtie (113)
[1a/26e07c] Submitted process > pipeline:process_bams:stringtie (117)
[f3/8f318b] Submitted process > pipeline:process_bams:stringtie (121)
[2c/3ebdb6] Submitted process > pipeline:process_bams:stringtie (140)
[e7/a44c40] Submitted process > pipeline:process_bams:stringtie (143)
[4e/edd6c1] Submitted process > pipeline:process_bams:stringtie (128)
[b9/bf1dfc] Submitted process > pipeline:process_bams:stringtie (131)
[03/4f57b3] Submitted process > pipeline:process_bams:stringtie (142)
[8c/c1ce4b] Submitted process > pipeline:process_bams:stringtie (130)
[92/153367] Submitted process > pipeline:process_bams:stringtie (137)
[9f/afdd10] Submitted process > pipeline:process_bams:stringtie (139)
[99/b3bd3a] Submitted process > pipeline:process_bams:stringtie (136)
[72/cbcaad] Submitted process > pipeline:process_bams:stringtie (134)
[31/c91ae6] Submitted process > pipeline:process_bams:stringtie (122)
[99/91d885] Submitted process > pipeline:process_bams:stringtie (145)
[16/b86da4] Submitted process > pipeline:process_bams:stringtie (118)
[d9/5015f3] Submitted process > pipeline:process_bams:stringtie (149)
[33/28e2ef] Submitted process > pipeline:process_bams:stringtie (119)
[5d/39bd22] Submitted process > pipeline:process_bams:stringtie (148)
[72/76ca72] Submitted process > pipeline:process_bams:stringtie (147)
[d7/19b14a] Submitted process > pipeline:process_bams:stringtie (146)
[8b/0381b9] Submitted process > pipeline:process_bams:stringtie (125)
[34/c5a465] Submitted process > pipeline:process_bams:stringtie (141)
[da/8183aa] Submitted process > pipeline:process_bams:stringtie (144)
[61/04217f] Submitted process > pipeline:process_bams:stringtie (138)
[db/10bc40] Submitted process > pipeline:process_bams:stringtie (135)
[f2/b5102c] Submitted process > pipeline:process_bams:stringtie (126)
[cb/59a254] Submitted process > pipeline:process_bams:stringtie (124)
[fb/32efa9] Submitted process > pipeline:process_bams:stringtie (132)
[90/e058ff] Submitted process > pipeline:process_bams:stringtie (133)
[9d/c5e57a] Submitted process > pipeline:process_bams:stringtie (123)
[d8/f67e5c] Submitted process > pipeline:process_bams:stringtie (120)
[a4/f1afa0] Submitted process > pipeline:process_bams:stringtie (127)
[60/b9795a] Submitted process > pipeline:process_bams:stringtie (129)
[06/c5c3a5] Submitted process > pipeline:process_bams:stringtie (150)
[4d/1ee542] Submitted process > pipeline:process_bams:stringtie (151)
[90/e2e51c] Submitted process > pipeline:process_bams:stringtie (152)
[71/641e1e] Submitted process > pipeline:process_bams:stringtie (153)
[10/151b77] Submitted process > pipeline:process_bams:stringtie (154)
[6f/6e44d1] Submitted process > pipeline:process_bams:stringtie (156)
[1e/15b928] Submitted process > pipeline:process_bams:stringtie (155)
[51/883e09] Submitted process > pipeline:process_bams:stringtie (159)
[6f/7d9acf] Submitted process > pipeline:process_bams:stringtie (170)
[3d/ba181b] Submitted process > pipeline:process_bams:stringtie (173)
[87/802ac6] Submitted process > pipeline:process_bams:stringtie (161)
[c1/0e305d] Submitted process > pipeline:process_bams:stringtie (160)
[a0/e5b630] Submitted process > pipeline:process_bams:stringtie (169)
[fe/ecc416] Submitted process > pipeline:process_bams:stringtie (179)
[9c/f3295f] Submitted process > pipeline:process_bams:stringtie (174)
[61/1d0cb3] Submitted process > pipeline:process_bams:stringtie (171)
[ac/841167] Submitted process > pipeline:process_bams:stringtie (165)
[8c/51d2a1] Submitted process > pipeline:process_bams:stringtie (157)
[02/d1e7a0] Submitted process > pipeline:process_bams:stringtie (162)
[9e/7f8420] Submitted process > pipeline:process_bams:stringtie (158)
[b3/8643bf] Submitted process > pipeline:process_bams:stringtie (167)
[9f/d0a07d] Submitted process > pipeline:process_bams:stringtie (164)
[48/5a432d] Submitted process > pipeline:process_bams:stringtie (178)
[f7/f53b79] Submitted process > pipeline:process_bams:stringtie (177)
[a8/66c9d8] Submitted process > pipeline:process_bams:stringtie (181)
[28/6e7af3] Submitted process > pipeline:process_bams:stringtie (176)
[67/0e283c] Submitted process > pipeline:process_bams:stringtie (172)
[96/8123f4] Submitted process > pipeline:process_bams:stringtie (166)
[45/1077a7] Submitted process > pipeline:process_bams:stringtie (175)
[50/7277db] Submitted process > pipeline:process_bams:stringtie (163)
[57/75d64e] Submitted process > pipeline:process_bams:stringtie (168)
[76/27e4ca] Submitted process > pipeline:process_bams:stringtie (180)
[39/a1cc2c] Submitted process > pipeline:process_bams:stringtie (185)
[a8/6c4fd9] Submitted process > pipeline:process_bams:stringtie (183)
[f6/db883c] Submitted process > pipeline:process_bams:stringtie (182)
[68/3b856f] Submitted process > pipeline:process_bams:stringtie (184)
[28/ee4300] Submitted process > pipeline:process_bams:stringtie (186)
[05/b0c602] Submitted process > pipeline:process_bams:stringtie (188)
[3b/97c995] Submitted process > pipeline:process_bams:stringtie (187)
[76/0ea884] Submitted process > pipeline:process_bams:stringtie (191)
[02/a14f92] Submitted process > pipeline:process_bams:stringtie (193)
[c2/87f56c] Submitted process > pipeline:process_bams:stringtie (190)
[22/377b20] Submitted process > pipeline:process_bams:stringtie (189)
[c5/9da6ce] Submitted process > pipeline:process_bams:stringtie (192)
[ec/f8d67d] Submitted process > pipeline:process_bams:stringtie (194)
[15/270223] Submitted process > pipeline:process_bams:stringtie (195)
[10/4ae27f] Submitted process > pipeline:process_bams:stringtie (226)
[62/3ac589] Submitted process > pipeline:process_bams:stringtie (220)
[97/c025e0] Submitted process > pipeline:process_bams:stringtie (204)
[cb/0572e0] Submitted process > pipeline:process_bams:stringtie (200)
[4e/158823] Submitted process > pipeline:process_bams:stringtie (202)
[0f/8cf6dc] Submitted process > pipeline:process_bams:stringtie (203)
[04/614175] Submitted process > pipeline:process_bams:stringtie (201)
[07/ace7dc] Submitted process > pipeline:process_bams:stringtie (227)
[c4/046610] Submitted process > pipeline:process_bams:stringtie (216)
[ad/47641f] Submitted process > pipeline:process_bams:stringtie (196)
[c3/32ba01] Submitted process > pipeline:process_bams:stringtie (213)
[1f/ff68e9] Submitted process > pipeline:process_bams:stringtie (223)
[9a/59aa6e] Submitted process > pipeline:process_bams:stringtie (219)
[51/60ae67] Submitted process > pipeline:process_bams:stringtie (217)
[36/24d35b] Submitted process > pipeline:process_bams:stringtie (222)
[45/a798c6] Submitted process > pipeline:process_bams:stringtie (225)
[f2/624ffc] Submitted process > pipeline:process_bams:stringtie (207)
[b8/c7818a] Submitted process > pipeline:process_bams:stringtie (197)
[f1/33e2e5] Submitted process > pipeline:process_bams:stringtie (211)
[b4/ffd516] Submitted process > pipeline:process_bams:stringtie (198)
[f6/5ffbc0] Submitted process > pipeline:process_bams:stringtie (221)
[19/df2e13] Submitted process > pipeline:process_bams:stringtie (224)
[40/d0f786] Submitted process > pipeline:process_bams:stringtie (199)
[09/ce142b] Submitted process > pipeline:process_bams:stringtie (214)
[1d/54f73b] Submitted process > pipeline:process_bams:stringtie (215)
[57/a6c78e] Submitted process > pipeline:process_bams:stringtie (208)
[f7/0644cf] Submitted process > pipeline:process_bams:stringtie (218)
[0c/6ec41c] Submitted process > pipeline:process_bams:stringtie (210)
[f0/948253] Submitted process > pipeline:process_bams:stringtie (206)
[c6/b9300d] Submitted process > pipeline:process_bams:stringtie (205)
[08/3fdf49] Submitted process > pipeline:process_bams:stringtie (212)
[5a/21e858] Submitted process > pipeline:process_bams:stringtie (228)
[b2/1e30bb] Submitted process > pipeline:process_bams:stringtie (209)
[47/f088b3] Submitted process > pipeline:process_bams:stringtie (229)
[a2/17e098] Submitted process > pipeline:process_bams:stringtie (231)
[d1/18b47e] Submitted process > pipeline:process_bams:stringtie (232)
[33/3d4a00] Submitted process > pipeline:process_bams:stringtie (233)
[5c/d2a6c6] Submitted process > pipeline:process_bams:stringtie (230)
[1e/5171d2] Submitted process > pipeline:process_bams:stringtie (234)
[83/8f2d0c] Submitted process > pipeline:process_bams:align_to_transcriptome (1)
[78/852c3e] Submitted process > pipeline:process_bams:align_to_transcriptome (2)
[16/c55662] Submitted process > pipeline:process_bams:align_to_transcriptome (3)
[2e/024515] Submitted process > pipeline:process_bams:align_to_transcriptome (4)
[de/aae5f5] Submitted process > pipeline:process_bams:align_to_transcriptome (5)
[5e/2e626d] Submitted process > pipeline:process_bams:align_to_transcriptome (6)
[e5/401163] Submitted process > pipeline:process_bams:align_to_transcriptome (7)
[2b/6e70f8] Submitted process > pipeline:process_bams:align_to_transcriptome (8)
[fb/4784b5] Submitted process > pipeline:process_bams:align_to_transcriptome (9)
[89/51b5a3] Submitted process > pipeline:process_bams:align_to_transcriptome (10)
[ec/7918cb] Submitted process > pipeline:process_bams:align_to_transcriptome (11)
[da/bb544f] Submitted process > pipeline:process_bams:align_to_transcriptome (12)
[41/bfa8a1] Submitted process > pipeline:process_bams:align_to_transcriptome (13)
[ff/74c12e] Submitted process > pipeline:process_bams:align_to_transcriptome (14)
[ce/076d18] Submitted process > pipeline:process_bams:align_to_transcriptome (15)
[f6/b753ba] Submitted process > pipeline:process_bams:align_to_transcriptome (16)
[b8/8a2faf] Submitted process > pipeline:process_bams:align_to_transcriptome (17)
[4f/ee38e6] Submitted process > pipeline:process_bams:align_to_transcriptome (18)
[5a/6bfc13] Submitted process > pipeline:process_bams:align_to_transcriptome (19)
[86/5968c4] Submitted process > pipeline:process_bams:align_to_transcriptome (20)
[ce/6dc6b2] Submitted process > pipeline:process_bams:align_to_transcriptome (21)
[31/2c2bbf] Submitted process > pipeline:process_bams:align_to_transcriptome (22)
[0e/548060] Submitted process > pipeline:process_bams:align_to_transcriptome (23)
[78/ee1ef9] Submitted process > pipeline:process_bams:align_to_transcriptome (24)
[3c/32eb17] Submitted process > pipeline:process_bams:align_to_transcriptome (25)
[3a/668172] Submitted process > pipeline:process_bams:align_to_transcriptome (26)
[73/a1bb3b] Submitted process > pipeline:process_bams:align_to_transcriptome (27)
[9b/46c3d9] Submitted process > pipeline:process_bams:align_to_transcriptome (28)
[9b/2e0907] Submitted process > pipeline:process_bams:align_to_transcriptome (29)
[99/d4bec2] Submitted process > pipeline:process_bams:align_to_transcriptome (30)
[fa/1cd748] Submitted process > pipeline:process_bams:align_to_transcriptome (31)
[f9/ebdb0e] Submitted process > pipeline:process_bams:align_to_transcriptome (32)
[b4/600e5f] Submitted process > pipeline:process_bams:align_to_transcriptome (33)
[0a/b6bbed] Submitted process > pipeline:process_bams:align_to_transcriptome (34)
[d3/f6d241] Submitted process > pipeline:process_bams:align_to_transcriptome (35)
[92/e97725] Submitted process > pipeline:process_bams:align_to_transcriptome (36)
[39/d28e13] Submitted process > pipeline:process_bams:align_to_transcriptome (37)
[22/5a624a] Submitted process > pipeline:process_bams:align_to_transcriptome (38)
[df/ac3548] Submitted process > pipeline:process_bams:align_to_transcriptome (39)
[b0/5b5b07] Submitted process > pipeline:process_bams:align_to_transcriptome (40)
[cd/95916e] Submitted process > pipeline:process_bams:align_to_transcriptome (41)
[3e/b31111] Submitted process > pipeline:process_bams:align_to_transcriptome (42)
[7c/de6d6d] Submitted process > pipeline:process_bams:align_to_transcriptome (43)
[be/cd9aba] Submitted process > pipeline:process_bams:align_to_transcriptome (44)
[ec/c9e9c2] Submitted process > pipeline:process_bams:align_to_transcriptome (45)
[81/78ed4f] Submitted process > pipeline:process_bams:align_to_transcriptome (46)
[9c/d9d203] Submitted process > pipeline:process_bams:align_to_transcriptome (47)
[12/d222e6] Submitted process > pipeline:process_bams:align_to_transcriptome (48)
[ab/399ccf] Submitted process > pipeline:process_bams:align_to_transcriptome (49)
[d4/57f16b] Submitted process > pipeline:process_bams:align_to_transcriptome (50)
[17/2a6dac] Submitted process > pipeline:process_bams:align_to_transcriptome (51)
[ba/a632e7] Submitted process > pipeline:process_bams:align_to_transcriptome (52)
[16/f3e730] Submitted process > pipeline:process_bams:align_to_transcriptome (53)
[d2/0f35f4] Submitted process > pipeline:process_bams:align_to_transcriptome (54)
[a5/568de3] Submitted process > pipeline:process_bams:align_to_transcriptome (55)
[34/e88193] Submitted process > pipeline:process_bams:align_to_transcriptome (56)
[93/1b46b1] Submitted process > pipeline:process_bams:align_to_transcriptome (57)
[13/0265fa] Submitted process > pipeline:process_bams:align_to_transcriptome (58)
[10/54b7de] Submitted process > pipeline:process_bams:align_to_transcriptome (59)
[55/a6469e] Submitted process > pipeline:process_bams:align_to_transcriptome (60)
[39/beb4a1] Submitted process > pipeline:process_bams:align_to_transcriptome (61)
[91/86567e] Submitted process > pipeline:process_bams:align_to_transcriptome (62)
[96/322ae8] Submitted process > pipeline:process_bams:align_to_transcriptome (63)
[d1/bff0e7] Submitted process > pipeline:process_bams:align_to_transcriptome (64)
[75/240fab] Submitted process > pipeline:process_bams:align_to_transcriptome (65)
[68/a78c39] Submitted process > pipeline:process_bams:align_to_transcriptome (66)
[b0/6859de] Submitted process > pipeline:process_bams:align_to_transcriptome (67)
[45/902eb4] Submitted process > pipeline:process_bams:align_to_transcriptome (68)
[1c/c2e2ed] Submitted process > pipeline:process_bams:align_to_transcriptome (69)
[35/af1702] Submitted process > pipeline:process_bams:align_to_transcriptome (70)
[7b/daf6e4] Submitted process > pipeline:process_bams:align_to_transcriptome (71)
[55/cde713] Submitted process > pipeline:process_bams:align_to_transcriptome (72)
[1a/069b0f] Submitted process > pipeline:process_bams:align_to_transcriptome (73)
[df/cd5830] Submitted process > pipeline:process_bams:align_to_transcriptome (74)
[77/3b9fbb] Submitted process > pipeline:process_bams:align_to_transcriptome (75)
[92/91ef12] Submitted process > pipeline:process_bams:align_to_transcriptome (76)
[6a/a19c19] Submitted process > pipeline:process_bams:align_to_transcriptome (77)
[ee/d60001] Submitted process > pipeline:process_bams:align_to_transcriptome (78)
[fb/a5f772] Submitted process > pipeline:process_bams:align_to_transcriptome (79)
[d8/1e1eea] Submitted process > pipeline:process_bams:align_to_transcriptome (80)
[2b/8d61eb] Submitted process > pipeline:process_bams:align_to_transcriptome (81)
[0e/50bcf0] Submitted process > pipeline:process_bams:align_to_transcriptome (82)
[70/43acc0] Submitted process > pipeline:process_bams:align_to_transcriptome (83)
[12/b5635c] Submitted process > pipeline:process_bams:align_to_transcriptome (84)
[4e/6c7826] Submitted process > pipeline:process_bams:align_to_transcriptome (85)
[24/08252e] Submitted process > pipeline:process_bams:align_to_transcriptome (86)
[f9/186003] Submitted process > pipeline:process_bams:align_to_transcriptome (87)
[42/527661] Submitted process > pipeline:process_bams:align_to_transcriptome (88)
[b2/b15b59] Submitted process > pipeline:process_bams:align_to_transcriptome (89)
[a6/e09a5a] Submitted process > pipeline:process_bams:align_to_transcriptome (90)
[53/2c587f] Submitted process > pipeline:process_bams:align_to_transcriptome (91)
[0c/163727] Submitted process > pipeline:process_bams:align_to_transcriptome (92)
[09/4900a4] Submitted process > pipeline:process_bams:align_to_transcriptome (93)
[2f/501a1e] Submitted process > pipeline:process_bams:align_to_transcriptome (94)
[1b/ffe1ff] Submitted process > pipeline:process_bams:align_to_transcriptome (95)
[38/d9e1e4] Submitted process > pipeline:process_bams:align_to_transcriptome (96)
[f0/9ea520] Submitted process > pipeline:process_bams:align_to_transcriptome (97)
[8e/368ad9] Submitted process > pipeline:process_bams:align_to_transcriptome (98)
[14/0a40a0] Submitted process > pipeline:process_bams:align_to_transcriptome (99)
[b3/648e23] Submitted process > pipeline:process_bams:align_to_transcriptome (100)
[a3/c45773] Submitted process > pipeline:process_bams:align_to_transcriptome (101)
[f3/a72f08] Submitted process > pipeline:process_bams:align_to_transcriptome (102)
[b1/78cb20] Submitted process > pipeline:process_bams:align_to_transcriptome (103)
[a8/3f6d8b] Submitted process > pipeline:process_bams:align_to_transcriptome (104)
[29/121157] Submitted process > pipeline:process_bams:align_to_transcriptome (105)
[6c/5651f0] Submitted process > pipeline:process_bams:align_to_transcriptome (106)
[d5/93e9ad] Submitted process > pipeline:process_bams:align_to_transcriptome (107)
[19/da73a1] Submitted process > pipeline:process_bams:align_to_transcriptome (108)
[63/21ca95] Submitted process > pipeline:process_bams:align_to_transcriptome (109)
[ee/b3f81e] Submitted process > pipeline:process_bams:align_to_transcriptome (110)
[41/cdb02d] Submitted process > pipeline:process_bams:align_to_transcriptome (111)
[66/cf2725] Submitted process > pipeline:process_bams:align_to_transcriptome (112)
[d5/60509a] Submitted process > pipeline:process_bams:align_to_transcriptome (113)
[32/b4eb77] Submitted process > pipeline:process_bams:align_to_transcriptome (114)
[30/c0dedf] Submitted process > pipeline:process_bams:align_to_transcriptome (115)
[22/363263] Submitted process > pipeline:process_bams:align_to_transcriptome (116)
[9a/0e2713] Submitted process > pipeline:process_bams:align_to_transcriptome (117)
[7c/a6ebf1] Submitted process > pipeline:process_bams:align_to_transcriptome (118)
[ef/462c1a] Submitted process > pipeline:process_bams:align_to_transcriptome (119)
[58/80f4fb] Submitted process > pipeline:process_bams:align_to_transcriptome (120)
[3f/be25ba] Submitted process > pipeline:process_bams:align_to_transcriptome (121)
[2e/ba2563] Submitted process > pipeline:process_bams:align_to_transcriptome (122)
[6e/2e5b18] Submitted process > pipeline:process_bams:align_to_transcriptome (123)
[ab/13f75f] Submitted process > pipeline:process_bams:align_to_transcriptome (124)
[07/1af3e6] Submitted process > pipeline:process_bams:align_to_transcriptome (125)
[74/308777] Submitted process > pipeline:process_bams:align_to_transcriptome (126)
[80/75227d] Submitted process > pipeline:process_bams:align_to_transcriptome (127)
[54/1d8457] Submitted process > pipeline:process_bams:align_to_transcriptome (128)
[72/8c4a74] Submitted process > pipeline:process_bams:align_to_transcriptome (129)
[ff/1927a2] Submitted process > pipeline:process_bams:align_to_transcriptome (130)
[86/bcfd9f] Submitted process > pipeline:process_bams:align_to_transcriptome (131)
[02/2f5d72] Submitted process > pipeline:process_bams:align_to_transcriptome (132)
[3a/8e2351] Submitted process > pipeline:process_bams:align_to_transcriptome (133)
[76/2622e2] Submitted process > pipeline:process_bams:align_to_transcriptome (134)
[34/958dc9] Submitted process > pipeline:process_bams:align_to_transcriptome (135)
[0d/af52fb] Submitted process > pipeline:process_bams:align_to_transcriptome (136)
[12/95a2ef] Submitted process > pipeline:process_bams:align_to_transcriptome (137)
[ed/564676] Submitted process > pipeline:process_bams:align_to_transcriptome (138)
[fb/020e02] Submitted process > pipeline:process_bams:align_to_transcriptome (139)
[1b/21e64d] Submitted process > pipeline:process_bams:align_to_transcriptome (140)
[0b/974672] Submitted process > pipeline:process_bams:align_to_transcriptome (141)
[dc/4c5f18] Submitted process > pipeline:process_bams:align_to_transcriptome (142)
[76/af4f6c] Submitted process > pipeline:process_bams:align_to_transcriptome (143)
[16/5047cf] Submitted process > pipeline:process_bams:align_to_transcriptome (144)
[56/a54c76] Submitted process > pipeline:process_bams:align_to_transcriptome (145)
[a5/6e2d8e] Submitted process > pipeline:process_bams:align_to_transcriptome (146)
[eb/0bc40c] Submitted process > pipeline:process_bams:align_to_transcriptome (147)
[1e/660991] Submitted process > pipeline:process_bams:align_to_transcriptome (148)
[8d/525a95] Submitted process > pipeline:process_bams:align_to_transcriptome (149)
[ba/176653] Submitted process > pipeline:process_bams:align_to_transcriptome (150)
[ff/0f2517] Submitted process > pipeline:process_bams:align_to_transcriptome (151)
[de/edaf45] Submitted process > pipeline:process_bams:align_to_transcriptome (152)
[3a/9069d6] Submitted process > pipeline:process_bams:align_to_transcriptome (153)
[58/356665] Submitted process > pipeline:process_bams:align_to_transcriptome (154)
[ed/5a9f54] Submitted process > pipeline:process_bams:align_to_transcriptome (155)
[a7/96145d] Submitted process > pipeline:process_bams:align_to_transcriptome (156)
[a8/c7370f] Submitted process > pipeline:process_bams:align_to_transcriptome (157)
[10/d426e6] Submitted process > pipeline:process_bams:align_to_transcriptome (158)
[87/758b4d] Submitted process > pipeline:process_bams:align_to_transcriptome (159)
[e8/b7f07b] Submitted process > pipeline:process_bams:align_to_transcriptome (160)
[9f/fa9289] Submitted process > pipeline:process_bams:align_to_transcriptome (161)
[7e/04c902] Submitted process > pipeline:process_bams:align_to_transcriptome (162)
[ae/4ec229] Submitted process > pipeline:process_bams:align_to_transcriptome (163)
[f6/100489] Submitted process > pipeline:process_bams:align_to_transcriptome (164)
[63/c51d59] Submitted process > pipeline:process_bams:align_to_transcriptome (165)
[a7/1c3001] Submitted process > pipeline:process_bams:align_to_transcriptome (166)
[07/de3bc2] Submitted process > pipeline:process_bams:align_to_transcriptome (167)
[88/d45442] Submitted process > pipeline:process_bams:align_to_transcriptome (168)
[c3/e32b30] Submitted process > pipeline:process_bams:align_to_transcriptome (169)
[c0/e1a8da] Submitted process > pipeline:process_bams:align_to_transcriptome (170)
[37/14d196] Submitted process > pipeline:process_bams:align_to_transcriptome (171)
[39/637596] Submitted process > pipeline:process_bams:align_to_transcriptome (172)
[41/bb4b62] Submitted process > pipeline:process_bams:align_to_transcriptome (173)
[ef/fb5721] Submitted process > pipeline:process_bams:align_to_transcriptome (174)
[11/35cafd] Submitted process > pipeline:process_bams:align_to_transcriptome (175)
[29/2b8dc5] Submitted process > pipeline:process_bams:align_to_transcriptome (176)
[b1/09d108] Submitted process > pipeline:process_bams:align_to_transcriptome (177)
[f7/f4333a] Submitted process > pipeline:process_bams:align_to_transcriptome (178)
[b7/49eadb] Submitted process > pipeline:process_bams:align_to_transcriptome (179)
[3a/f3d23e] Submitted process > pipeline:process_bams:align_to_transcriptome (180)
[1a/304373] Submitted process > pipeline:process_bams:align_to_transcriptome (181)
[df/04433f] Submitted process > pipeline:process_bams:align_to_transcriptome (182)
[e1/496afc] Submitted process > pipeline:process_bams:align_to_transcriptome (183)
[94/7fba42] Submitted process > pipeline:process_bams:align_to_transcriptome (184)
[92/960d6c] Submitted process > pipeline:process_bams:align_to_transcriptome (185)
[1d/47eaea] Submitted process > pipeline:process_bams:align_to_transcriptome (186)
[d5/242f80] Submitted process > pipeline:process_bams:align_to_transcriptome (187)
[16/2230f2] Submitted process > pipeline:process_bams:align_to_transcriptome (188)
[6b/994d50] Submitted process > pipeline:process_bams:align_to_transcriptome (189)
[6d/0b2c0a] Submitted process > pipeline:process_bams:align_to_transcriptome (190)
[52/a4c306] Submitted process > pipeline:process_bams:align_to_transcriptome (191)
[f3/650bed] Submitted process > pipeline:process_bams:align_to_transcriptome (192)
[98/0bde45] Submitted process > pipeline:process_bams:align_to_transcriptome (193)
[10/dbd661] Submitted process > pipeline:process_bams:align_to_transcriptome (194)
[f4/03cd06] Submitted process > pipeline:process_bams:align_to_transcriptome (195)
[ee/f3b18b] Submitted process > pipeline:process_bams:align_to_transcriptome (196)
[fa/9152c6] Submitted process > pipeline:process_bams:align_to_transcriptome (197)
[3e/a652ec] Submitted process > pipeline:process_bams:align_to_transcriptome (198)
[f0/bbfc41] Submitted process > pipeline:process_bams:align_to_transcriptome (199)
[da/693716] Submitted process > pipeline:process_bams:align_to_transcriptome (200)
[be/27677e] Submitted process > pipeline:process_bams:align_to_transcriptome (201)
[10/cdd980] Submitted process > pipeline:process_bams:align_to_transcriptome (202)
[45/00cfdf] Submitted process > pipeline:process_bams:align_to_transcriptome (203)
[fb/c29b46] Submitted process > pipeline:process_bams:align_to_transcriptome (204)
[0a/f22d5c] Submitted process > pipeline:process_bams:align_to_transcriptome (205)
[77/32435d] Submitted process > pipeline:process_bams:align_to_transcriptome (206)
[d6/16e70d] Submitted process > pipeline:process_bams:align_to_transcriptome (207)
[cd/2b2a50] Submitted process > pipeline:process_bams:align_to_transcriptome (208)
[aa/79661b] Submitted process > pipeline:process_bams:align_to_transcriptome (209)
[54/5fb473] Submitted process > pipeline:process_bams:align_to_transcriptome (210)
[e2/7e2156] Submitted process > pipeline:process_bams:align_to_transcriptome (211)
[48/69cd73] Submitted process > pipeline:process_bams:align_to_transcriptome (212)
[05/6c6b23] Submitted process > pipeline:process_bams:align_to_transcriptome (213)
[5a/52ac82] Submitted process > pipeline:process_bams:align_to_transcriptome (214)
[16/fd20f1] Submitted process > pipeline:process_bams:align_to_transcriptome (215)
[c4/e257c6] Submitted process > pipeline:process_bams:align_to_transcriptome (216)
[96/6c5ec9] Submitted process > pipeline:process_bams:align_to_transcriptome (217)
[1a/c4f911] Submitted process > pipeline:process_bams:align_to_transcriptome (218)
[d7/6e7607] Submitted process > pipeline:process_bams:align_to_transcriptome (219)
[9c/906a2f] Submitted process > pipeline:process_bams:align_to_transcriptome (220)
[ea/3ac385] Submitted process > pipeline:process_bams:align_to_transcriptome (221)
[a5/700352] Submitted process > pipeline:process_bams:align_to_transcriptome (222)
[64/80bf03] Submitted process > pipeline:process_bams:align_to_transcriptome (223)
[f7/5f6b0c] Submitted process > pipeline:process_bams:align_to_transcriptome (224)
[a5/6a78e4] Submitted process > pipeline:process_bams:align_to_transcriptome (225)
[bd/8d2591] Submitted process > pipeline:process_bams:align_to_transcriptome (226)
[fb/5c3377] Submitted process > pipeline:process_bams:align_to_transcriptome (227)
[43/762ffb] Submitted process > pipeline:process_bams:align_to_transcriptome (228)
[97/84a910] Submitted process > pipeline:process_bams:align_to_transcriptome (229)
[44/2bac61] Submitted process > pipeline:process_bams:align_to_transcriptome (230)
[e3/b15580] Submitted process > pipeline:process_bams:align_to_transcriptome (231)
[ac/bf706b] Submitted process > pipeline:process_bams:align_to_transcriptome (232)
[af/45cd8c] Submitted process > pipeline:process_bams:align_to_transcriptome (233)
[9e/5fed6d] Submitted process > pipeline:process_bams:align_to_transcriptome (234)
[eb/46d495] Submitted process > pipeline:process_bams:assign_features (1)
[a1/5b9b91] Submitted process > pipeline:process_bams:assign_features (2)
[ea/c9eb28] Submitted process > pipeline:process_bams:assign_features (3)
[d8/ff9b29] Submitted process > pipeline:process_bams:assign_features (4)
[84/d75d20] Submitted process > pipeline:process_bams:assign_features (5)
[f5/57bd90] Submitted process > pipeline:process_bams:assign_features (6)
[bf/385394] Submitted process > pipeline:process_bams:assign_features (7)
[f4/981623] Submitted process > pipeline:process_bams:assign_features (8)
[5a/ecf918] Submitted process > pipeline:process_bams:assign_features (9)
[cf/f53474] Submitted process > pipeline:process_bams:assign_features (10)
[08/c97842] Submitted process > pipeline:process_bams:assign_features (11)
[41/02ffa7] Submitted process > pipeline:process_bams:assign_features (12)
[8e/8f7d1a] Submitted process > pipeline:process_bams:assign_features (13)
[5a/1e0d8b] Submitted process > pipeline:process_bams:assign_features (14)
[05/8285c4] Submitted process > pipeline:process_bams:assign_features (15)
[18/de2f8a] Submitted process > pipeline:process_bams:assign_features (16)
[2a/bd389d] Submitted process > pipeline:process_bams:assign_features (17)
[4b/d0a627] Submitted process > pipeline:process_bams:assign_features (18)
[5b/f6cfbc] Submitted process > pipeline:process_bams:assign_features (19)
[76/6e9306] Submitted process > pipeline:process_bams:assign_features (20)
[3d/6b4de5] Submitted process > pipeline:process_bams:assign_features (21)
[9b/c976f6] Submitted process > pipeline:process_bams:assign_features (22)
[de/1e7a0b] Submitted process > pipeline:process_bams:assign_features (23)
[d2/caf59e] Submitted process > pipeline:process_bams:assign_features (24)
[9c/10465e] Submitted process > pipeline:process_bams:assign_features (25)
[fd/9bfba2] Submitted process > pipeline:process_bams:assign_features (26)
[0b/de7dd5] Submitted process > pipeline:process_bams:assign_features (27)
[b3/a60c0f] Submitted process > pipeline:process_bams:assign_features (28)
[1c/66a95e] Submitted process > pipeline:process_bams:assign_features (29)
[89/1f4615] Submitted process > pipeline:process_bams:assign_features (30)
[6b/b38e52] Submitted process > pipeline:process_bams:assign_features (31)
[eb/3974b6] Submitted process > pipeline:process_bams:assign_features (32)
[4e/d40fde] Submitted process > pipeline:process_bams:assign_features (33)
[af/5b28f6] Submitted process > pipeline:process_bams:assign_features (34)
[af/186652] Submitted process > pipeline:process_bams:assign_features (35)
[d1/cc4560] Submitted process > pipeline:process_bams:assign_features (36)
[41/a95cb4] Submitted process > pipeline:process_bams:assign_features (37)
[71/02b7c1] Submitted process > pipeline:process_bams:assign_features (38)
[93/eed844] Submitted process > pipeline:process_bams:assign_features (39)
[f0/b3c66b] Submitted process > pipeline:process_bams:assign_features (40)
[6a/232914] Submitted process > pipeline:process_bams:assign_features (41)
[8a/f2bd96] Submitted process > pipeline:process_bams:assign_features (42)
[dd/b1f689] Submitted process > pipeline:process_bams:assign_features (43)
[a9/34a979] Submitted process > pipeline:process_bams:assign_features (44)
[4d/4dfbb5] Submitted process > pipeline:process_bams:assign_features (45)
[56/7c8048] Submitted process > pipeline:process_bams:assign_features (46)
[bb/b6c292] Submitted process > pipeline:process_bams:assign_features (47)
[f3/268b8d] Submitted process > pipeline:process_bams:assign_features (48)
[d7/dc3da6] Submitted process > pipeline:process_bams:assign_features (49)
[6c/2e1e2d] Submitted process > pipeline:process_bams:assign_features (50)
[1b/4cc4bf] Submitted process > pipeline:process_bams:assign_features (51)
[87/f09198] Submitted process > pipeline:process_bams:assign_features (52)
[b3/bf4a59] Submitted process > pipeline:process_bams:assign_features (53)
[c9/d79506] Submitted process > pipeline:process_bams:assign_features (54)
[c7/6eb346] Submitted process > pipeline:process_bams:assign_features (55)
[42/6acb52] Submitted process > pipeline:process_bams:assign_features (56)
[14/9a3d4f] Submitted process > pipeline:process_bams:assign_features (57)
[b8/dfa881] Submitted process > pipeline:process_bams:assign_features (58)
[b0/711096] Submitted process > pipeline:process_bams:assign_features (59)
[84/0f19dc] Submitted process > pipeline:process_bams:assign_features (60)
[8a/da04fe] Submitted process > pipeline:process_bams:assign_features (61)
[ee/0ac998] Submitted process > pipeline:process_bams:assign_features (62)
[0d/3d4b59] Submitted process > pipeline:process_bams:assign_features (63)
[20/646211] Submitted process > pipeline:process_bams:assign_features (64)
[fb/bd2fa8] Submitted process > pipeline:process_bams:assign_features (65)
[8f/fe6861] Submitted process > pipeline:process_bams:assign_features (66)
[ba/1d6fd7] Submitted process > pipeline:process_bams:assign_features (67)
[a5/2525fd] Submitted process > pipeline:process_bams:assign_features (68)
[93/82177e] Submitted process > pipeline:process_bams:assign_features (69)
[9a/7ff09c] Submitted process > pipeline:process_bams:assign_features (70)
[42/01ccb1] Submitted process > pipeline:process_bams:assign_features (71)
[da/f4d38e] Submitted process > pipeline:process_bams:assign_features (72)
[9c/224931] Submitted process > pipeline:process_bams:assign_features (73)
[8e/a9b532] Submitted process > pipeline:process_bams:assign_features (74)
[41/45e5aa] Submitted process > pipeline:process_bams:assign_features (75)
[03/fa9ccb] Submitted process > pipeline:process_bams:assign_features (76)
[b6/82d96c] Submitted process > pipeline:process_bams:assign_features (77)
[60/3179f1] Submitted process > pipeline:process_bams:assign_features (78)
[9f/eb088f] Submitted process > pipeline:process_bams:assign_features (79)
[5a/5129ab] Submitted process > pipeline:process_bams:assign_features (80)
[ae/18ca92] Submitted process > pipeline:process_bams:assign_features (81)
[51/73d874] Submitted process > pipeline:process_bams:assign_features (82)
[b6/f956a8] Submitted process > pipeline:process_bams:assign_features (83)
[e2/6fcca2] Submitted process > pipeline:process_bams:assign_features (84)
[2f/d5d072] Submitted process > pipeline:process_bams:assign_features (85)
[70/d97799] Submitted process > pipeline:process_bams:assign_features (86)
[20/9c6546] Submitted process > pipeline:process_bams:assign_features (87)
[c2/fe965d] Submitted process > pipeline:process_bams:assign_features (88)
[03/ae96bb] Submitted process > pipeline:process_bams:assign_features (89)
[db/ce4693] Submitted process > pipeline:process_bams:assign_features (90)
[38/5c55c7] Submitted process > pipeline:process_bams:assign_features (91)
[5f/b7629f] Submitted process > pipeline:process_bams:assign_features (92)
[11/bb4124] Submitted process > pipeline:process_bams:assign_features (93)
[0b/fbe850] Submitted process > pipeline:process_bams:assign_features (94)
[dc/4e5fd2] Submitted process > pipeline:process_bams:assign_features (95)
[e9/b8d617] Submitted process > pipeline:process_bams:assign_features (96)
[ac/24afae] Submitted process > pipeline:process_bams:assign_features (97)
[21/40cf8e] Submitted process > pipeline:process_bams:assign_features (98)
[55/668086] Submitted process > pipeline:process_bams:assign_features (99)
[ae/1501e9] Submitted process > pipeline:process_bams:assign_features (100)
[61/07c843] Submitted process > pipeline:process_bams:assign_features (101)
[bc/04df23] Submitted process > pipeline:process_bams:assign_features (102)
[72/3a8e89] Submitted process > pipeline:process_bams:assign_features (103)
[6a/80420f] Submitted process > pipeline:process_bams:assign_features (104)
[9a/966c82] Submitted process > pipeline:process_bams:assign_features (105)
[c4/495f4d] Submitted process > pipeline:process_bams:assign_features (106)
[f5/9a8f9d] Submitted process > pipeline:process_bams:assign_features (107)
[a1/7135b1] Submitted process > pipeline:process_bams:assign_features (108)
[4b/9d2480] Submitted process > pipeline:process_bams:assign_features (109)
[c4/e57cde] Submitted process > pipeline:process_bams:assign_features (110)
[cd/64aeb4] Submitted process > pipeline:process_bams:assign_features (111)
[94/33f65d] Submitted process > pipeline:process_bams:assign_features (112)
[94/e624f5] Submitted process > pipeline:process_bams:assign_features (113)
[38/9b2566] Submitted process > pipeline:process_bams:assign_features (114)
[c3/5827f5] Submitted process > pipeline:process_bams:assign_features (115)
[d9/f7a4f8] Submitted process > pipeline:process_bams:assign_features (116)
[a5/28f737] Submitted process > pipeline:process_bams:assign_features (117)
[77/96f643] Submitted process > pipeline:process_bams:assign_features (118)
[7a/34a9f2] Submitted process > pipeline:process_bams:assign_features (119)
[ca/de4f23] Submitted process > pipeline:process_bams:assign_features (120)
[90/95509f] Submitted process > pipeline:process_bams:assign_features (121)
[b2/f43b83] Submitted process > pipeline:process_bams:assign_features (122)
[3e/6078b3] Submitted process > pipeline:process_bams:assign_features (123)
[93/851fc9] Submitted process > pipeline:process_bams:assign_features (124)
[27/1b5359] Submitted process > pipeline:process_bams:assign_features (125)
[f1/f5fb9a] Submitted process > pipeline:process_bams:assign_features (126)
[87/7efdc1] Submitted process > pipeline:process_bams:assign_features (127)
[d5/c8f84a] Submitted process > pipeline:process_bams:assign_features (128)
[ff/1b9eb2] Submitted process > pipeline:process_bams:assign_features (129)
[2f/eb12bf] Submitted process > pipeline:process_bams:assign_features (130)
[1b/38e386] Submitted process > pipeline:process_bams:assign_features (131)
[8b/7f6d05] Submitted process > pipeline:process_bams:assign_features (132)
[c4/9ca31c] Submitted process > pipeline:process_bams:assign_features (133)
[a3/d23542] Submitted process > pipeline:process_bams:assign_features (134)
[26/b37f1f] Submitted process > pipeline:process_bams:assign_features (135)
[12/d8f6c2] Submitted process > pipeline:process_bams:assign_features (136)
[6a/47a775] Submitted process > pipeline:process_bams:assign_features (137)
[05/4746b5] Submitted process > pipeline:process_bams:assign_features (138)
[4b/ac3d56] Submitted process > pipeline:process_bams:assign_features (139)
[92/abb315] Submitted process > pipeline:process_bams:assign_features (140)
[af/c90ab4] Submitted process > pipeline:process_bams:assign_features (141)
[ff/c9c8eb] Submitted process > pipeline:process_bams:assign_features (142)
[84/0d82ef] Submitted process > pipeline:process_bams:assign_features (143)
[4b/d20814] Submitted process > pipeline:process_bams:assign_features (144)
[9c/958456] Submitted process > pipeline:process_bams:assign_features (145)
[09/19f476] Submitted process > pipeline:process_bams:assign_features (146)
[24/440984] Submitted process > pipeline:process_bams:assign_features (147)
[26/0e76b2] Submitted process > pipeline:process_bams:assign_features (148)
[41/7095e5] Submitted process > pipeline:process_bams:assign_features (149)
[23/2a1736] Submitted process > pipeline:process_bams:assign_features (150)
[2c/65bcf9] Submitted process > pipeline:process_bams:assign_features (151)
[ed/3a24e1] Submitted process > pipeline:process_bams:assign_features (152)
[aa/0aec53] Submitted process > pipeline:process_bams:assign_features (153)
[aa/e42d0b] Submitted process > pipeline:process_bams:assign_features (154)
[03/d10ce8] Submitted process > pipeline:process_bams:assign_features (155)
[03/0b1321] Submitted process > pipeline:process_bams:assign_features (156)
[64/a506ca] Submitted process > pipeline:process_bams:assign_features (157)
[bd/353597] Submitted process > pipeline:process_bams:assign_features (158)
[c4/8b082d] Submitted process > pipeline:process_bams:assign_features (159)
[d9/903065] Submitted process > pipeline:process_bams:assign_features (160)
[e5/69aca5] Submitted process > pipeline:process_bams:assign_features (161)
[17/7d722b] Submitted process > pipeline:process_bams:assign_features (162)
[b9/5c1de9] Submitted process > pipeline:process_bams:assign_features (163)
[9d/929c6b] Submitted process > pipeline:process_bams:assign_features (164)
[7b/a29a74] Submitted process > pipeline:process_bams:assign_features (165)
[a5/320450] Submitted process > pipeline:process_bams:assign_features (166)
[4c/6063a1] Submitted process > pipeline:process_bams:assign_features (167)
[9a/c6206c] Submitted process > pipeline:process_bams:assign_features (168)
[96/4db24a] Submitted process > pipeline:process_bams:assign_features (169)
[a2/aebbee] Submitted process > pipeline:process_bams:assign_features (170)
[6c/2e9b75] Submitted process > pipeline:process_bams:assign_features (171)
[f6/d30592] Submitted process > pipeline:process_bams:assign_features (172)
[44/a9bad2] Submitted process > pipeline:process_bams:assign_features (173)
[94/f7d151] Submitted process > pipeline:process_bams:assign_features (174)
[44/a89944] Submitted process > pipeline:process_bams:assign_features (175)
[c0/9514f7] Submitted process > pipeline:process_bams:assign_features (176)
[63/e62fcc] Submitted process > pipeline:process_bams:assign_features (177)
[ed/1bad7a] Submitted process > pipeline:process_bams:assign_features (178)
[79/7ee82e] Submitted process > pipeline:process_bams:assign_features (179)
[f2/be3858] Submitted process > pipeline:process_bams:assign_features (180)
[52/b99c2c] Submitted process > pipeline:process_bams:assign_features (181)
[16/ad888d] Submitted process > pipeline:process_bams:assign_features (182)
[e8/ca5acf] Submitted process > pipeline:process_bams:assign_features (183)
[6d/344915] Submitted process > pipeline:process_bams:assign_features (184)
[01/8475b9] Submitted process > pipeline:process_bams:assign_features (185)
[af/b6256b] Submitted process > pipeline:process_bams:assign_features (186)
[18/d961a4] Submitted process > pipeline:process_bams:assign_features (187)
[a2/b45c33] Submitted process > pipeline:process_bams:assign_features (188)
[8b/3d7e10] Submitted process > pipeline:process_bams:assign_features (189)
[b4/f7c01d] Submitted process > pipeline:process_bams:assign_features (190)
[36/e50b42] Submitted process > pipeline:process_bams:assign_features (191)
[9c/061de7] Submitted process > pipeline:process_bams:assign_features (192)
[fd/cd630c] Submitted process > pipeline:process_bams:assign_features (193)
[cc/699b9e] Submitted process > pipeline:process_bams:assign_features (194)
[da/be4e8a] Submitted process > pipeline:process_bams:assign_features (195)
[89/b5de03] Submitted process > pipeline:process_bams:assign_features (196)
[77/3a2c9d] Submitted process > pipeline:process_bams:assign_features (197)
[af/f527a0] Submitted process > pipeline:process_bams:assign_features (198)
[c3/05b8ad] Submitted process > pipeline:process_bams:assign_features (199)
[87/b20468] Submitted process > pipeline:process_bams:assign_features (200)
[50/372c14] Submitted process > pipeline:process_bams:assign_features (201)
[c5/59dbbd] Submitted process > pipeline:process_bams:assign_features (202)
[a6/420f83] Submitted process > pipeline:process_bams:assign_features (203)
[14/2e85dd] Submitted process > pipeline:process_bams:assign_features (204)
[26/1bd671] Submitted process > pipeline:process_bams:assign_features (205)
[83/926707] Submitted process > pipeline:process_bams:assign_features (206)
[63/289443] Submitted process > pipeline:process_bams:assign_features (207)
[f5/85a0cb] Submitted process > pipeline:process_bams:assign_features (208)
[0f/bc18e1] Submitted process > pipeline:process_bams:assign_features (209)
[e4/d31980] Submitted process > pipeline:process_bams:assign_features (210)
[41/1200e2] Submitted process > pipeline:process_bams:assign_features (211)
[d4/7a4688] Submitted process > pipeline:process_bams:assign_features (212)
[e5/6a3d84] Submitted process > pipeline:process_bams:assign_features (213)
[aa/55b33b] Submitted process > pipeline:process_bams:assign_features (214)
[e5/0566ab] Submitted process > pipeline:process_bams:assign_features (215)
[f5/f3070d] Submitted process > pipeline:process_bams:assign_features (216)
[67/53e876] Submitted process > pipeline:process_bams:assign_features (217)
[e9/3b1cd2] Submitted process > pipeline:process_bams:create_matrix (1)
[07/66e74b] Submitted process > pipeline:process_bams:create_matrix (2)
[d3/9dacaf] Submitted process > pipeline:process_bams:create_matrix (3)
[b6/9970f3] Submitted process > pipeline:process_bams:create_matrix (4)
[40/31908f] Submitted process > pipeline:process_bams:create_matrix (5)
[c5/f660ee] Submitted process > pipeline:process_bams:create_matrix (6)
[5a/570d02] Submitted process > pipeline:process_bams:create_matrix (7)
[9d/5ca823] Submitted process > pipeline:process_bams:create_matrix (9)
[9e/67d2a2] Submitted process > pipeline:process_bams:create_matrix (8)
[f4/b2334f] Submitted process > pipeline:process_bams:create_matrix (10)
[05/c8b51e] Submitted process > pipeline:process_bams:create_matrix (13)
[fa/dad266] Submitted process > pipeline:process_bams:create_matrix (12)
[73/e362cc] Submitted process > pipeline:process_bams:create_matrix (14)
[1b/2e254c] Submitted process > pipeline:process_bams:create_matrix (87)
[c4/7f4811] Submitted process > pipeline:process_bams:create_matrix (11)
[1f/427161] Submitted process > pipeline:process_bams:create_matrix (16)
[c2/598bd1] Submitted process > pipeline:process_bams:create_matrix (15)
[2f/d71bde] Submitted process > pipeline:process_bams:create_matrix (17)
[36/5f27da] Submitted process > pipeline:process_bams:create_matrix (18)
[43/703927] Submitted process > pipeline:process_bams:create_matrix (19)
[a7/775498] Submitted process > pipeline:process_bams:create_matrix (20)
[29/ca596d] Submitted process > pipeline:process_bams:create_matrix (21)
[0a/9c17c2] Submitted process > pipeline:process_bams:create_matrix (23)
[52/3a5433] Submitted process > pipeline:process_bams:create_matrix (22)
[bc/580a77] Submitted process > pipeline:process_bams:create_matrix (24)
[67/707118] Submitted process > pipeline:process_bams:create_matrix (25)
[70/97bf2c] Submitted process > pipeline:process_bams:create_matrix (26)
[2e/f1e532] Submitted process > pipeline:process_bams:create_matrix (27)
[83/b73d2e] Submitted process > pipeline:process_bams:create_matrix (28)
[c6/57330a] Submitted process > pipeline:process_bams:create_matrix (29)
[d0/d8c418] Submitted process > pipeline:process_bams:create_matrix (30)
[d6/56f475] Submitted process > pipeline:process_bams:create_matrix (31)
[f4/1a73b9] Submitted process > pipeline:process_bams:create_matrix (32)
[b5/c0e378] Submitted process > pipeline:process_bams:create_matrix (33)
[d4/ddeb0a] Submitted process > pipeline:process_bams:create_matrix (34)
[e4/5942b0] Submitted process > pipeline:process_bams:create_matrix (36)
[d2/324537] Submitted process > pipeline:process_bams:create_matrix (35)
[c2/ccb262] Submitted process > pipeline:process_bams:create_matrix (37)
[27/bb14cf] Submitted process > pipeline:process_bams:create_matrix (38)
[a1/6baf65] Submitted process > pipeline:process_bams:create_matrix (39)
[87/bf7a0c] Submitted process > pipeline:process_bams:create_matrix (40)
[b5/587844] Submitted process > pipeline:process_bams:create_matrix (41)
[a1/036b81] Submitted process > pipeline:process_bams:create_matrix (42)
[a8/cc9194] Submitted process > pipeline:process_bams:create_matrix (43)
[30/172cd8] Submitted process > pipeline:process_bams:create_matrix (44)
[c0/0b4a28] Submitted process > pipeline:process_bams:create_matrix (45)
[13/c2156e] Submitted process > pipeline:process_bams:create_matrix (46)
[e8/c27800] Submitted process > pipeline:process_bams:create_matrix (47)
[50/8496e9] Submitted process > pipeline:process_bams:create_matrix (48)
[c1/003b07] Submitted process > pipeline:process_bams:create_matrix (49)
[f0/14c1bf] Submitted process > pipeline:process_bams:create_matrix (50)
[f9/498692] Submitted process > pipeline:process_bams:create_matrix (51)
[14/9c4ac1] Submitted process > pipeline:process_bams:create_matrix (52)
[fa/0ee78e] Submitted process > pipeline:process_bams:create_matrix (53)
[46/24d871] Submitted process > pipeline:process_bams:create_matrix (54)
[c3/91d164] Submitted process > pipeline:process_bams:create_matrix (55)
[af/5e3d85] Submitted process > pipeline:process_bams:create_matrix (56)
[b6/e558f1] Submitted process > pipeline:process_bams:create_matrix (57)
[94/1d3183] Submitted process > pipeline:process_bams:create_matrix (58)
[b0/a61256] Submitted process > pipeline:process_bams:create_matrix (59)
[ef/30b175] Submitted process > pipeline:process_bams:create_matrix (60)
[d3/d0d6cd] Submitted process > pipeline:process_bams:create_matrix (61)
[b0/c69fc8] Submitted process > pipeline:process_bams:create_matrix (62)
[67/28c5db] Submitted process > pipeline:process_bams:create_matrix (63)
[b7/90eef1] Submitted process > pipeline:process_bams:create_matrix (64)
[68/b388a4] Submitted process > pipeline:process_bams:create_matrix (65)
[f0/e283b2] Submitted process > pipeline:process_bams:create_matrix (66)
[b6/b0b480] Submitted process > pipeline:process_bams:create_matrix (67)
[68/e254be] Submitted process > pipeline:process_bams:create_matrix (68)
[81/06d6f6] Submitted process > pipeline:process_bams:create_matrix (69)
[09/ae46e4] Submitted process > pipeline:process_bams:create_matrix (70)
[49/d14823] Submitted process > pipeline:process_bams:create_matrix (71)
[0d/fc5166] Submitted process > pipeline:process_bams:create_matrix (72)
[57/b639b7] Submitted process > pipeline:process_bams:create_matrix (73)
[f8/74e1a4] Submitted process > pipeline:process_bams:create_matrix (74)
[6b/9775b2] Submitted process > pipeline:process_bams:create_matrix (75)
[f1/5f36ec] Submitted process > pipeline:process_bams:create_matrix (76)
[c4/ffa85b] Submitted process > pipeline:process_bams:create_matrix (77)
[02/fb7b6d] Submitted process > pipeline:process_bams:create_matrix (78)
[da/349b5a] Submitted process > pipeline:process_bams:create_matrix (79)
[00/b65b35] Submitted process > pipeline:process_bams:create_matrix (80)
[d5/43dca9] Submitted process > pipeline:process_bams:create_matrix (81)
[ca/53939e] Submitted process > pipeline:process_bams:create_matrix (82)
[51/d777dd] Submitted process > pipeline:process_bams:create_matrix (83)
[8e/d448c0] Submitted process > pipeline:process_bams:create_matrix (84)
[68/1010f1] Submitted process > pipeline:process_bams:create_matrix (85)
[2b/15b149] Submitted process > pipeline:process_bams:create_matrix (86)
[89/78eca3] Submitted process > pipeline:process_bams:create_matrix (88)
[19/d192e3] Submitted process > pipeline:process_bams:create_matrix (89)
[f3/26e657] Submitted process > pipeline:process_bams:create_matrix (90)
[8a/cdfcde] Submitted process > pipeline:process_bams:create_matrix (91)
[6f/bd33f6] Submitted process > pipeline:process_bams:create_matrix (92)
[82/0fb4c9] Submitted process > pipeline:process_bams:create_matrix (93)
[0b/594ae8] Submitted process > pipeline:process_bams:create_matrix (94)
[bc/06b47d] Submitted process > pipeline:process_bams:create_matrix (95)
[ae/129218] Submitted process > pipeline:process_bams:create_matrix (96)
[96/a962aa] Submitted process > pipeline:process_bams:create_matrix (97)
[1c/2f2951] Submitted process > pipeline:process_bams:create_matrix (98)
[9a/45e5fc] Submitted process > pipeline:process_bams:create_matrix (99)
[46/1cf127] Submitted process > pipeline:process_bams:create_matrix (100)
[b1/69577b] Submitted process > pipeline:process_bams:create_matrix (101)
[20/6cd857] Submitted process > pipeline:process_bams:create_matrix (102)
[f1/56340e] Submitted process > pipeline:process_bams:create_matrix (103)
[d4/195871] Submitted process > pipeline:process_bams:create_matrix (104)
[86/1ccebf] Submitted process > pipeline:process_bams:create_matrix (105)
[19/d498de] Submitted process > pipeline:process_bams:create_matrix (106)
[6e/b7ac85] Submitted process > pipeline:process_bams:create_matrix (107)
[0e/2d7a99] Submitted process > pipeline:process_bams:create_matrix (108)
[c1/a3d170] Submitted process > pipeline:process_bams:create_matrix (109)
[1a/4813d7] Submitted process > pipeline:process_bams:create_matrix (110)
[2b/9eb826] Submitted process > pipeline:process_bams:create_matrix (111)
[2b/e729a7] Submitted process > pipeline:process_bams:create_matrix (112)
[65/7cb354] Submitted process > pipeline:process_bams:create_matrix (113)
[f8/de08f4] Submitted process > pipeline:process_bams:create_matrix (114)
[59/923711] Submitted process > pipeline:process_bams:create_matrix (115)
[1f/83a599] Submitted process > pipeline:process_bams:create_matrix (116)
[02/1402cb] Submitted process > pipeline:process_bams:create_matrix (117)
[91/67bc3e] Submitted process > pipeline:process_bams:create_matrix (118)
[3e/58a84f] Submitted process > pipeline:process_bams:create_matrix (119)
[b7/5c9504] Submitted process > pipeline:process_bams:create_matrix (120)
[05/3e04d3] Submitted process > pipeline:process_bams:create_matrix (121)
[cd/9bee5b] Submitted process > pipeline:process_bams:create_matrix (122)
[ec/b60df9] Submitted process > pipeline:process_bams:create_matrix (123)
[bf/20f09b] Submitted process > pipeline:process_bams:create_matrix (124)
[ae/171a48] Submitted process > pipeline:process_bams:create_matrix (125)
[75/dff904] Submitted process > pipeline:process_bams:create_matrix (126)
[c0/f64a40] Submitted process > pipeline:process_bams:create_matrix (127)
[47/94bca7] Submitted process > pipeline:process_bams:create_matrix (128)
[68/25d39f] Submitted process > pipeline:process_bams:create_matrix (129)
[b5/392445] Submitted process > pipeline:process_bams:create_matrix (130)
[82/ca4ce0] Submitted process > pipeline:process_bams:create_matrix (131)
[92/ce7296] Submitted process > pipeline:process_bams:create_matrix (132)
[39/345311] Submitted process > pipeline:process_bams:create_matrix (133)
[bd/efe101] Submitted process > pipeline:process_bams:create_matrix (134)
[d6/44943f] Submitted process > pipeline:process_bams:create_matrix (135)
[a5/8448cf] Submitted process > pipeline:process_bams:create_matrix (136)
[e7/8163a3] Submitted process > pipeline:process_bams:create_matrix (137)
[4e/bf1f53] Submitted process > pipeline:process_bams:create_matrix (138)
[34/b55d12] Submitted process > pipeline:process_bams:create_matrix (139)
[f1/a44a26] Submitted process > pipeline:process_bams:create_matrix (140)
[3f/f88b54] Submitted process > pipeline:process_bams:create_matrix (141)
[6d/2f8c48] Submitted process > pipeline:process_bams:create_matrix (142)
[ea/569b9a] Submitted process > pipeline:process_bams:create_matrix (143)
[d2/8d238b] Submitted process > pipeline:process_bams:create_matrix (144)
[c3/e08e3d] Submitted process > pipeline:process_bams:create_matrix (145)
[b9/5b9caa] Submitted process > pipeline:process_bams:create_matrix (146)
[48/4b79cc] Submitted process > pipeline:process_bams:create_matrix (147)
[74/6453af] Submitted process > pipeline:process_bams:create_matrix (148)
[8c/7e0e12] Submitted process > pipeline:process_bams:create_matrix (149)
[cb/d3bb19] Submitted process > pipeline:process_bams:create_matrix (150)
[35/c0aa32] Submitted process > pipeline:process_bams:create_matrix (151)
[95/dc6832] Submitted process > pipeline:process_bams:create_matrix (152)
[45/54530f] Submitted process > pipeline:process_bams:create_matrix (153)
[85/6ea541] Submitted process > pipeline:process_bams:create_matrix (154)
[0c/4f6458] Submitted process > pipeline:process_bams:create_matrix (155)
[fc/57ea45] Submitted process > pipeline:process_bams:create_matrix (156)
[f8/79577f] Submitted process > pipeline:process_bams:create_matrix (157)
[a4/af712b] Submitted process > pipeline:process_bams:create_matrix (158)
[69/c9e0d4] Submitted process > pipeline:process_bams:create_matrix (159)
[3a/4da327] Submitted process > pipeline:process_bams:create_matrix (160)
[6b/2fb27a] Submitted process > pipeline:process_bams:create_matrix (161)
[47/75c55d] Submitted process > pipeline:process_bams:create_matrix (162)
[e7/071dac] Submitted process > pipeline:process_bams:create_matrix (163)
[eb/10c420] Submitted process > pipeline:process_bams:create_matrix (164)
[b7/50fb2c] Submitted process > pipeline:process_bams:create_matrix (165)
[c3/7f5ee6] Submitted process > pipeline:process_bams:create_matrix (166)
[5f/0a157c] Submitted process > pipeline:process_bams:create_matrix (167)
[66/1cde62] Submitted process > pipeline:process_bams:create_matrix (168)
[5f/e1696c] Submitted process > pipeline:process_bams:create_matrix (169)
[09/af3544] Submitted process > pipeline:process_bams:create_matrix (170)
[2f/e2060a] Submitted process > pipeline:process_bams:create_matrix (171)
[56/4532b7] Submitted process > pipeline:process_bams:create_matrix (172)
[7d/683b17] Submitted process > pipeline:process_bams:create_matrix (173)
[d8/cb0a52] Submitted process > pipeline:process_bams:create_matrix (174)
[4f/83981d] Submitted process > pipeline:process_bams:create_matrix (175)
[ac/a6a67e] Submitted process > pipeline:process_bams:create_matrix (176)
[63/d55eb8] Submitted process > pipeline:process_bams:create_matrix (177)
[84/d7b7ef] Submitted process > pipeline:process_bams:create_matrix (178)
[fa/502b57] Submitted process > pipeline:process_bams:create_matrix (179)
[a7/7f9262] Submitted process > pipeline:process_bams:create_matrix (180)
[e7/2197d8] Submitted process > pipeline:process_bams:create_matrix (181)
[6c/bdb789] Submitted process > pipeline:process_bams:create_matrix (182)
[3a/c947d1] Submitted process > pipeline:process_bams:create_matrix (183)
[ee/bcb851] Submitted process > pipeline:process_bams:create_matrix (184)
[cf/51ccc9] Submitted process > pipeline:process_bams:create_matrix (185)
[99/099571] Submitted process > pipeline:process_bams:create_matrix (186)
[f7/893126] Submitted process > pipeline:process_bams:create_matrix (187)
[f2/a2be59] Submitted process > pipeline:process_bams:create_matrix (188)
[4e/591d74] Submitted process > pipeline:process_bams:create_matrix (189)
[65/5ee166] Submitted process > pipeline:process_bams:create_matrix (190)
[90/ed3fc3] Submitted process > pipeline:process_bams:create_matrix (191)
[38/59866f] Submitted process > pipeline:process_bams:create_matrix (192)
[cc/a8aaef] Submitted process > pipeline:process_bams:create_matrix (193)
[83/80f448] Submitted process > pipeline:process_bams:create_matrix (194)
[f0/4b7fae] Submitted process > pipeline:process_bams:create_matrix (195)
[b0/750a5d] Submitted process > pipeline:process_bams:create_matrix (196)
[27/23820f] Submitted process > pipeline:process_bams:create_matrix (197)
[e7/8fb91c] Submitted process > pipeline:process_bams:create_matrix (198)
[7d/c34a4c] Submitted process > pipeline:process_bams:create_matrix (199)
[af/3b0f1b] Submitted process > pipeline:process_bams:create_matrix (200)
[d3/b0931b] Submitted process > pipeline:process_bams:create_matrix (201)
[75/2f5ce0] Submitted process > pipeline:process_bams:create_matrix (202)
[30/385dfb] Submitted process > pipeline:process_bams:create_matrix (203)
[2f/4e69ce] Submitted process > pipeline:process_bams:create_matrix (204)
[d2/f28630] Submitted process > pipeline:process_bams:create_matrix (205)
[1c/446259] Submitted process > pipeline:process_bams:create_matrix (206)
[25/3dd564] Submitted process > pipeline:process_bams:create_matrix (207)
[25/972e06] Submitted process > pipeline:process_bams:create_matrix (208)
[03/3b150f] Submitted process > pipeline:process_bams:create_matrix (209)
[14/981984] Submitted process > pipeline:process_bams:create_matrix (210)
[3a/b340d2] Submitted process > pipeline:process_bams:create_matrix (211)
[82/d738b0] Submitted process > pipeline:process_bams:create_matrix (212)
[84/48ecc2] Submitted process > pipeline:process_bams:create_matrix (213)
[e0/aea48b] Submitted process > pipeline:process_bams:create_matrix (214)
[d7/60ca3d] Submitted process > pipeline:process_bams:create_matrix (215)
[d4/f9f03a] Submitted process > pipeline:process_bams:create_matrix (216)
[06/e98322] Submitted process > pipeline:process_bams:create_matrix (217)
[c2/e08f53] Submitted process > pipeline:process_bams:merge_transcriptome (6)
[e0/36f092] Submitted process > pipeline:process_bams:merge_transcriptome (5)
[49/813120] Submitted process > pipeline:process_bams:merge_transcriptome (4)
[7d/ae1fa3] Submitted process > pipeline:process_bams:merge_transcriptome (3)
[0f/873497] Submitted process > pipeline:process_bams:merge_transcriptome (2)
[62/b29400] Submitted process > pipeline:process_bams:merge_transcriptome (1)
[39/f4744c] Submitted process > pipeline:process_bams:combine_final_tag_files (4)
[0d/ffa888] Submitted process > pipeline:process_bams:combine_final_tag_files (6)
[07/a5555d] Submitted process > pipeline:process_bams:combine_final_tag_files (5)
[ed/386c9f] Submitted process > pipeline:process_bams:combine_final_tag_files (2)
[fa/3c735a] Submitted process > pipeline:process_bams:tag_bam (4)
[d6/0c4500] Submitted process > pipeline:process_bams:tag_bam (5)
[9c/b45ff8] Submitted process > pipeline:process_bams:tag_bam (2)
[55/f6e35d] Submitted process > pipeline:process_bams:tag_bam (6)
[7f/61a70c] Submitted process > pipeline:process_bams:combine_final_tag_files (1)
[4d/5a444c] Submitted process > pipeline:process_bams:combine_final_tag_files (3)
[c1/baa1ab] Submitted process > pipeline:process_bams:tag_bam (1)
[8f/8f82c1] Submitted process > pipeline:process_bams:tag_bam (3)
[fc/45c931] Submitted process > pipeline:process_bams:process_matrix (3)
[57/ab2993] Submitted process > pipeline:process_bams:process_matrix (8)
[08/d97624] Submitted process > pipeline:process_bams:process_matrix (5)
[c8/c46c99] Submitted process > pipeline:process_bams:process_matrix (1)
[77/c09de0] Submitted process > pipeline:process_bams:process_matrix (2)
[d0/e2c91d] Submitted process > pipeline:process_bams:process_matrix (10)
[97/0dd413] Submitted process > pipeline:process_bams:process_matrix (11)
[d8/e0c8d7] Submitted process > pipeline:process_bams:process_matrix (9)
[2f/01e2ce] Submitted process > pipeline:prepare_report_data (1)
[76/d445e0] Submitted process > pipeline:process_bams:process_matrix (12)
[99/a4fec2] Submitted process > pipeline:process_bams:process_matrix (6)
[9e/135e4a] Submitted process > pipeline:process_bams:process_matrix (4)
[66/bab4e1] Submitted process > pipeline:process_bams:process_matrix (7)
[fd/e8a485] Submitted process > pipeline:process_bams:umi_gene_saturation (1)
[79/0a7350] Submitted process > pipeline:prepare_report_data (2)
[0b/2a898a] Submitted process > pipeline:process_bams:umi_gene_saturation (2)
[74/1054f9] Submitted process > pipeline:process_bams:umi_gene_saturation (3)
[34/42ea4b] Submitted process > pipeline:process_bams:umi_gene_saturation (4)
[de/1ff08c] Submitted process > pipeline:process_bams:umi_gene_saturation (5)
[5b/bc495a] Submitted process > pipeline:prepare_report_data (3)
[a7/ac1320] Submitted process > pipeline:process_bams:umi_gene_saturation (6)
[1b/b4e765] Submitted process > pipeline:prepare_report_data (4)
[fd/ed0d0f] Submitted process > pipeline:process_bams:pack_images (5)
[77/c5c4af] Submitted process > pipeline:process_bams:pack_images (2)
[7b/0133ba] Submitted process > pipeline:process_bams:pack_images (6)
[84/51ca52] Submitted process > pipeline:process_bams:pack_images (4)
[0d/76c3ad] Submitted process > pipeline:process_bams:pack_images (3)
[be/9e0709] Submitted process > pipeline:process_bams:pack_images (1)
[d3/545302] Submitted process > pipeline:prepare_report_data (5)
[5d/beda1b] Submitted process > pipeline:prepare_report_data (6)
[d0/a66b39] Submitted process > pipeline:makeReport (1)
Waiting for file transfers to complete (1 files)
Removed /scratch/indikar_root/indikar1/shared_data/hsc_epi2me/work/ee/cbeaf6987ca9ef3e30722076d38bef
Removed /scratch/indikar_root/indikar1/shared_data/hsc_epi2me/work/80/2e685b855dd9ac9f3130435e5e6a7e
Removed /scratch/indikar_root/indikar1/shared_data/hsc_epi2me/work/87/f878112dfad5e49cfc8bc122e4248b
Removed /scratch/indikar_root/indikar1/shared_data/hsc_epi2me/work/5e/86ae2deebe1755f55dcde79a7967e9
Removed /scratch/indikar_root/indikar1/shared_data/hsc_epi2me/work/75/eef52df48dae31c436138842f61e8f
Removed /scratch/indikar_root/indikar1/shared_data/hsc_epi2me/work/bf/cdb6d84e689ffd3903adfd75a6d1ba
Removed /scratch/indikar_root/indikar1/shared_data/hsc_epi2me/work/22/7c28a172db5681df76a6e82f3d6a41
Removed /scratch/indikar_root/indikar1/shared_data/hsc_epi2me/work/0c/ed337d63fd221235ecbfd92fb9e417
Removed /scratch/indikar_root/indikar1/shared_data/hsc_epi2me/work/9d/60ed343775a91e473a92463e277d9b
Removed /scratch/indikar_root/indikar1/shared_data/hsc_epi2me/work/b6/5d145713c974df6f10010cbb00ea3b
Removed /scratch/indikar_root/indikar1/shared_data/hsc_epi2me/work/d2/1b52b0e44b9392cc1c85b63880f141
Removed /scratch/indikar_root/indikar1/shared_data/hsc_epi2me/work/7a/c9673dc31a603814c12f2fa2b1b686
Removed /scratch/indikar_root/indikar1/shared_data/hsc_epi2me/work/0c/116980e6b3240bbc426c9b44ad967a
Removed /scratch/indikar_root/indikar1/shared_data/hsc_epi2me/work/a8/cc2016434c32455902bd9f77b3ecee
Removed /scratch/indikar_root/indikar1/shared_data/hsc_epi2me/work/7a/0c439d34e874d9f1beeb360654dc10
Removed /scratch/indikar_root/indikar1/shared_data/hsc_epi2me/work/6a/173aa198de9f5ed0ef5e5605d51c37
Removed /scratch/indikar_root/indikar1/shared_data/hsc_epi2me/work/7a/00a72436d6b9b43ffb3bbf76ba4df3
Removed /scratch/indikar_root/indikar1/shared_data/hsc_epi2me/work/27/d63fcfda72bdcb8b21906906122c08
Removed /scratch/indikar_root/indikar1/shared_data/hsc_epi2me/work/c5/d558d06417770f76966af72a5d49aa
Removed /scratch/indikar_root/indikar1/shared_data/hsc_epi2me/work/6a/49fa3875f7db4471bb9742f0dafc04
Removed /scratch/indikar_root/indikar1/shared_data/hsc_epi2me/work/27/52189e21bf2e0dc3c62bfef75e1117
Removed /scratch/indikar_root/indikar1/shared_data/hsc_epi2me/work/19/87a803491a8d44f3a29b7260711fdc
Removed /scratch/indikar_root/indikar1/shared_data/hsc_epi2me/work/27/6ef0d825a68d2f170f567a3f5d48f8
Removed /scratch/indikar_root/indikar1/shared_data/hsc_epi2me/work/b4/7dd1fd0abb788471e269230676549e
Removed /scratch/indikar_root/indikar1/shared_data/hsc_epi2me/work/cc/dec39e019991d8c3f02a2ff03d1b5d
Removed /scratch/indikar_root/indikar1/shared_data/hsc_epi2me/work/0f/9bc1e884a1366a238bf0bb4fa83827
Removed /scratch/indikar_root/indikar1/shared_data/hsc_epi2me/work/29/dd7b2dccde201f6d59fa9012da879b
Removed /scratch/indikar_root/indikar1/shared_data/hsc_epi2me/work/74/219e49c250de19160a03f9838c4477
Removed /scratch/indikar_root/indikar1/shared_data/hsc_epi2me/work/c2/2ea66b35e9d0c2b2c48aa23a02ae41
Removed /scratch/indikar_root/indikar1/shared_data/hsc_epi2me/work/85/73c2de152ca224cd55c0f5e3571431
Removed /scratch/indikar_root/indikar1/shared_data/hsc_epi2me/work/89/69800efe0fb9abc554806d733cb666
Removed /scratch/indikar_root/indikar1/shared_data/hsc_epi2me/work/38/e940f73b392266a8d628b42bdf032f
Removed /scratch/indikar_root/indikar1/shared_data/hsc_epi2me/work/59/1adff541c19a9ed761dd731bdd8bc2
Removed /scratch/indikar_root/indikar1/shared_data/hsc_epi2me/work/e2/8ad256c48a287d3ae19b45b674a5ae
Removed /scratch/indikar_root/indikar1/shared_data/hsc_epi2me/work/bb/d4452981e0be58b20dcd573a0721a2
Removed /scratch/indikar_root/indikar1/shared_data/hsc_epi2me/work/42/95d8539d36485ba2f816b9452fe9d3
Removed /scratch/indikar_root/indikar1/shared_data/hsc_epi2me/work/2b/9a24836267a4f625480e579b91dad3
Removed /scratch/indikar_root/indikar1/shared_data/hsc_epi2me/work/96/6c1c79274345596b4a38329d544657
Removed /scratch/indikar_root/indikar1/shared_data/hsc_epi2me/work/d9/dab509a1da70abc0c1a7311ed6c1e1
Removed /scratch/indikar_root/indikar1/shared_data/hsc_epi2me/work/64/e0c3f8a83f538306d0ebdda2b132a8
Removed /scratch/indikar_root/indikar1/shared_data/hsc_epi2me/work/60/0e4161c3734a5adf969186e3459ecc
Removed /scratch/indikar_root/indikar1/shared_data/hsc_epi2me/work/3c/7d25cfe725b5e6af1e5ddd791f9b17
Removed /scratch/indikar_root/indikar1/shared_data/hsc_epi2me/work/8a/6441627725718d00f5ffd4e5dde8fa
Removed /scratch/indikar_root/indikar1/shared_data/hsc_epi2me/work/f6/d459b91253c6188ad7b6109c2d1f13
Removed /scratch/indikar_root/indikar1/shared_data/hsc_epi2me/work/87/985f57a4d3faed42846818c69ad07a
Removed /scratch/indikar_root/indikar1/shared_data/hsc_epi2me/work/2e/295546f7dbd316e5e1a7cec54dc644
Removed /scratch/indikar_root/indikar1/shared_data/hsc_epi2me/work/b0/ddbb8f457b843d0a601c390454d1ca
Removed /scratch/indikar_root/indikar1/shared_data/hsc_epi2me/work/a6/4d8a4d91a37b7bc9ab4d6ffbf0658a
Removed /scratch/indikar_root/indikar1/shared_data/hsc_epi2me/work/3a/221ee17444fd1c596539136f720908
Removed /scratch/indikar_root/indikar1/shared_data/hsc_epi2me/work/3d/4642806ea34dd953c73500e02d0633
Removed /scratch/indikar_root/indikar1/shared_data/hsc_epi2me/work/8c/32c66c4feb854f16621d29ff8f36e9
Removed /scratch/indikar_root/indikar1/shared_data/hsc_epi2me/work/7a/b2ad34f9a10432f4c6d87e6bd19c50
Removed /scratch/indikar_root/indikar1/shared_data/hsc_epi2me/work/55/1c00077fccf95955f64d5e45ab23ea
Removed /scratch/indikar_root/indikar1/shared_data/hsc_epi2me/work/3d/eda203db85c8670dd17ed96852eba2
Removed /scratch/indikar_root/indikar1/shared_data/hsc_epi2me/work/f4/e2dcc3d360fe97ea93fca1e25c27b8
Removed /scratch/indikar_root/indikar1/shared_data/hsc_epi2me/work/1b/5c545d9aba89e9b18c35ad5e7dcc46
Removed /scratch/indikar_root/indikar1/shared_data/hsc_epi2me/work/7b/7d02a972c7d1470b5a7cbd83de0805
Removed /scratch/indikar_root/indikar1/shared_data/hsc_epi2me/work/54/9a81a7c08011993f0f38cb5688929d
Removed /scratch/indikar_root/indikar1/shared_data/hsc_epi2me/work/2f/c6858527e962177026d1498f8141d9
Removed /scratch/indikar_root/indikar1/shared_data/hsc_epi2me/work/8f/a19dca830b6b84dc6b590222815769
Removed /scratch/indikar_root/indikar1/shared_data/hsc_epi2me/work/e0/92414c14c7d81ae3f7029c8dc5010b
Removed /scratch/indikar_root/indikar1/shared_data/hsc_epi2me/work/58/d9121233d20c6cb4f6fa5f8f602773
Removed /scratch/indikar_root/indikar1/shared_data/hsc_epi2me/work/5e/737bc316b551f511221a2042a01caf
Removed /scratch/indikar_root/indikar1/shared_data/hsc_epi2me/work/bd/99ff64c96a56f70ae2a5438e674ba2
Removed /scratch/indikar_root/indikar1/shared_data/hsc_epi2me/work/52/95c9d041afb255476827c829fe2b57
Removed /scratch/indikar_root/indikar1/shared_data/hsc_epi2me/work/46/5e26f65df882c86ed1f8fde6989541
Removed /scratch/indikar_root/indikar1/shared_data/hsc_epi2me/work/46/7b631347ceb5a216ce375bc6eb4aa4
Removed /scratch/indikar_root/indikar1/shared_data/hsc_epi2me/work/ab/5da6086a93b251c7cdae6c26d0aa86
Removed /scratch/indikar_root/indikar1/shared_data/hsc_epi2me/work/c2/deb72cb0eb0a0759cc81f85d05c1fe
Removed /scratch/indikar_root/indikar1/shared_data/hsc_epi2me/work/3e/f530f239cdfcb217edea4a1af6ec3d
Removed /scratch/indikar_root/indikar1/shared_data/hsc_epi2me/work/75/ec5e2bc6e40b5c1fec81d0f5eea7a3
Removed /scratch/indikar_root/indikar1/shared_data/hsc_epi2me/work/dc/255bf80462451dc40e4fe95008ca09
Removed /scratch/indikar_root/indikar1/shared_data/hsc_epi2me/work/5b/a250ef3dbb60bb1e890979c85ab33c
Removed /scratch/indikar_root/indikar1/shared_data/hsc_epi2me/work/ec/b51e3a3eb05e3c9f2cd472436d0740
Removed /scratch/indikar_root/indikar1/shared_data/hsc_epi2me/work/56/610a755b5bb7e72499f0184284f62d
Removed /scratch/indikar_root/indikar1/shared_data/hsc_epi2me/work/5e/1f83c7f30f91217a06dac5a22d7170
Removed /scratch/indikar_root/indikar1/shared_data/hsc_epi2me/work/09/4614182e758d3d65faaeda5da59a27
Removed /scratch/indikar_root/indikar1/shared_data/hsc_epi2me/work/0e/45d1c4197823b109fdc514370a490c
Removed /scratch/indikar_root/indikar1/shared_data/hsc_epi2me/work/8d/4a716523fc8aae9c68c51d79901202
Removed /scratch/indikar_root/indikar1/shared_data/hsc_epi2me/work/bd/f1522ab1fee1ade2c08c3c8631d499
Removed /scratch/indikar_root/indikar1/shared_data/hsc_epi2me/work/f1/913062a7e07405f964af49f1728552
Removed /scratch/indikar_root/indikar1/shared_data/hsc_epi2me/work/0c/2f0131fc45b3094d62d7b0333b841e
Removed /scratch/indikar_root/indikar1/shared_data/hsc_epi2me/work/69/3f95b4adbe85b292522e77b39f8de2
Removed /scratch/indikar_root/indikar1/shared_data/hsc_epi2me/work/ee/7b794f57383d4e2071a83bf6a6f3f0
Removed /scratch/indikar_root/indikar1/shared_data/hsc_epi2me/work/7d/35223d192e8a1ece864d5d61ce60fe
Removed /scratch/indikar_root/indikar1/shared_data/hsc_epi2me/work/3c/04ec73e6b95b23b6dcad3ff49f6127
Removed /scratch/indikar_root/indikar1/shared_data/hsc_epi2me/work/9a/a4782b66f0cbfd468557925d08d2a1
Removed /scratch/indikar_root/indikar1/shared_data/hsc_epi2me/work/d5/3f3464c7bdb5cf8db4c11beee0a47a
Removed /scratch/indikar_root/indikar1/shared_data/hsc_epi2me/work/73/300a1140c462bf0be7f7d33919fc05
Removed /scratch/indikar_root/indikar1/shared_data/hsc_epi2me/work/8c/9229a95e17fe378d46dfa8cf0365f9
Removed /scratch/indikar_root/indikar1/shared_data/hsc_epi2me/work/ac/abff4c074bfa8eac3fbbbda445e59e
Removed /scratch/indikar_root/indikar1/shared_data/hsc_epi2me/work/c1/17d831e4d2f0a40edfdb0ce1a20798
Removed /scratch/indikar_root/indikar1/shared_data/hsc_epi2me/work/b1/0964fa91ea692390b987b3bf1336be
Removed /scratch/indikar_root/indikar1/shared_data/hsc_epi2me/work/23/ac335415929375e8304bb044ec8445
Removed /scratch/indikar_root/indikar1/shared_data/hsc_epi2me/work/2c/cd6c095179b70a91456e0b1d7f2962
Removed /scratch/indikar_root/indikar1/shared_data/hsc_epi2me/work/91/f5e52cc727446285a02abd4b50d53c
Removed /scratch/indikar_root/indikar1/shared_data/hsc_epi2me/work/5f/a72c2e467fc0341fa06f6cf6954c83
Removed /scratch/indikar_root/indikar1/shared_data/hsc_epi2me/work/43/94df38150c02590a6e54dd17c24f94
Removed /scratch/indikar_root/indikar1/shared_data/hsc_epi2me/work/6b/29b89189c9c184db30b202d07a7a3f
Removed /scratch/indikar_root/indikar1/shared_data/hsc_epi2me/work/20/2fcbddea251638317e8bd3c0c60a73
Removed /scratch/indikar_root/indikar1/shared_data/hsc_epi2me/work/37/856c84da6cb40fbcf264244cd37839
Removed /scratch/indikar_root/indikar1/shared_data/hsc_epi2me/work/ff/6685fddfbeab815598a9aef0e015fd
Removed /scratch/indikar_root/indikar1/shared_data/hsc_epi2me/work/c2/312e884328af98627afb2cde6f6103
Removed /scratch/indikar_root/indikar1/shared_data/hsc_epi2me/work/05/e0ae59a907a9e444ded3045c2655a7
Removed /scratch/indikar_root/indikar1/shared_data/hsc_epi2me/work/9b/29c0d3199f404e4dfdfc2e44353e0c
Removed /scratch/indikar_root/indikar1/shared_data/hsc_epi2me/work/9d/0bf810011dbf1347d039ae6d89cc75
Removed /scratch/indikar_root/indikar1/shared_data/hsc_epi2me/work/01/0c37af3dd84cb280ea1b0250c6c503
Removed /scratch/indikar_root/indikar1/shared_data/hsc_epi2me/work/81/9307c09aea7c6b479641efb8d45d69
Removed /scratch/indikar_root/indikar1/shared_data/hsc_epi2me/work/1b/edc95c91f1f65cadaecbcac772dd31
Removed /scratch/indikar_root/indikar1/shared_data/hsc_epi2me/work/7a/cc7e7cf5195c630bcecec902e02d91
Removed /scratch/indikar_root/indikar1/shared_data/hsc_epi2me/work/c5/f49bbf74e641bc99aa3d0b24d721c5
Removed /scratch/indikar_root/indikar1/shared_data/hsc_epi2me/work/b1/874dcb33bd62471230816980c5d093
Removed /scratch/indikar_root/indikar1/shared_data/hsc_epi2me/work/45/777184aab8e125270ceaa93d355bc2
Removed /scratch/indikar_root/indikar1/shared_data/hsc_epi2me/work/6a/53f95ee877b6c8c53cb4a6f4cdeb8a
Removed /scratch/indikar_root/indikar1/shared_data/hsc_epi2me/work/0f/6c5ba4b48aed66f0ad9648ba7d9990
Removed /scratch/indikar_root/indikar1/shared_data/hsc_epi2me/work/84/681177a18355bc9ee9d75e7e6c4e89
Removed /scratch/indikar_root/indikar1/shared_data/hsc_epi2me/work/43/327df53915e25a1dde104a5e588ff9
Removed /scratch/indikar_root/indikar1/shared_data/hsc_epi2me/work/24/64e1ba795661b9f70b27089652522e
Removed /scratch/indikar_root/indikar1/shared_data/hsc_epi2me/work/d3/a3478f0908e3ce6c41b12105cb723c
Removed /scratch/indikar_root/indikar1/shared_data/hsc_epi2me/work/0a/2f840cd79966fdecd88c892a109863
Removed /scratch/indikar_root/indikar1/shared_data/hsc_epi2me/work/e1/23a029e61c654038148805ef752e35
Removed /scratch/indikar_root/indikar1/shared_data/hsc_epi2me/work/8f/b022023bf5e9091cf1083ce67b6341
Removed /scratch/indikar_root/indikar1/shared_data/hsc_epi2me/work/20/064df0bb92a053468582a5fe4c94a9
Removed /scratch/indikar_root/indikar1/shared_data/hsc_epi2me/work/82/78ef614c67629ae9f8a646ed981b37
Removed /scratch/indikar_root/indikar1/shared_data/hsc_epi2me/work/88/b1cbf0a29bfbfbe193843754cba2a3
Removed /scratch/indikar_root/indikar1/shared_data/hsc_epi2me/work/e1/6a94100ae745c14eef61aca3263e7e
Removed /scratch/indikar_root/indikar1/shared_data/hsc_epi2me/work/61/967c28f401d83e45c9656da323392f
Removed /scratch/indikar_root/indikar1/shared_data/hsc_epi2me/work/b9/d21b0d55f1a1a00517a5f03b619c48
Removed /scratch/indikar_root/indikar1/shared_data/hsc_epi2me/work/22/71b4f33ff9091d801bf5d0feec0a06
Removed /scratch/indikar_root/indikar1/shared_data/hsc_epi2me/work/14/81602161dc302b5457db609a6e8576
Removed /scratch/indikar_root/indikar1/shared_data/hsc_epi2me/work/b8/9060a928de4a95900a9a62aa86bd79
Removed /scratch/indikar_root/indikar1/shared_data/hsc_epi2me/work/cc/f14d6bee609f020af4a4af46798cb3
Removed /scratch/indikar_root/indikar1/shared_data/hsc_epi2me/work/a0/fb1bcc38f064affbe81db94e5515a8
Removed /scratch/indikar_root/indikar1/shared_data/hsc_epi2me/work/b5/54ebbfc3d13a2753396fb878639e63
Removed /scratch/indikar_root/indikar1/shared_data/hsc_epi2me/work/2c/a6c211fc09b12eb6cae4d7067e0d4d
Removed /scratch/indikar_root/indikar1/shared_data/hsc_epi2me/work/18/e34de418e5d4486af29e3e46d97d92
Removed /scratch/indikar_root/indikar1/shared_data/hsc_epi2me/work/32/7594e3cc19aa67331f3d01db6c57f2
Removed /scratch/indikar_root/indikar1/shared_data/hsc_epi2me/work/41/a23f5250e930388c9190687dbe32f6
Removed /scratch/indikar_root/indikar1/shared_data/hsc_epi2me/work/15/f8eb1e133418a588657fb94f5e0ddc
Removed /scratch/indikar_root/indikar1/shared_data/hsc_epi2me/work/a0/c313da732d7150d6eb7d47fcf55b55
Removed /scratch/indikar_root/indikar1/shared_data/hsc_epi2me/work/69/5f0a5275bd0ee8c356f6c6977bbfdf
Removed /scratch/indikar_root/indikar1/shared_data/hsc_epi2me/work/51/516b6f26c8a4f83ef90407da7e1deb
Removed /scratch/indikar_root/indikar1/shared_data/hsc_epi2me/work/f9/f3adf4c97e8dc9203ead1a5f4e464a
Removed /scratch/indikar_root/indikar1/shared_data/hsc_epi2me/work/ed/b11838fc447b644c1d0496cf72293e
Removed /scratch/indikar_root/indikar1/shared_data/hsc_epi2me/work/02/e789dedd0cdddbaaabe8fcf3e06289
Removed /scratch/indikar_root/indikar1/shared_data/hsc_epi2me/work/43/2161e2a9420003a38148d8dd900ec1
Removed /scratch/indikar_root/indikar1/shared_data/hsc_epi2me/work/04/e9de5645e10fce5d98cd13d407dcd5
Removed /scratch/indikar_root/indikar1/shared_data/hsc_epi2me/work/4c/8e5d5c02a92974a7a6fb6586b5846a
Removed /scratch/indikar_root/indikar1/shared_data/hsc_epi2me/work/69/bb4d529ffe2ebfb7afc0ca3f7fe0e9
Removed /scratch/indikar_root/indikar1/shared_data/hsc_epi2me/work/6a/e2fe5dea282785091793bbc63807f7
Removed /scratch/indikar_root/indikar1/shared_data/hsc_epi2me/work/29/fdbd0147a9cf3dc8dfe7a85b931c72
Removed /scratch/indikar_root/indikar1/shared_data/hsc_epi2me/work/6b/2e3edb2b2c8e313954d01cc991bc33
Removed /scratch/indikar_root/indikar1/shared_data/hsc_epi2me/work/db/290f445ac44dcd0834d98c244e9a3e
Removed /scratch/indikar_root/indikar1/shared_data/hsc_epi2me/work/20/3aec9caa5f6364c940ab39ae482ee7
Removed /scratch/indikar_root/indikar1/shared_data/hsc_epi2me/work/9b/a41b0b5699b5f466028e4d779a51da
Removed /scratch/indikar_root/indikar1/shared_data/hsc_epi2me/work/af/3c2a3cb72c751ff46f682075447b01
Removed /scratch/indikar_root/indikar1/shared_data/hsc_epi2me/work/1a/e2fe34394f1de06b7dc212d93f9311
Removed /scratch/indikar_root/indikar1/shared_data/hsc_epi2me/work/3e/990051c626c145fb197310ab379b89
Removed /scratch/indikar_root/indikar1/shared_data/hsc_epi2me/work/70/bf49f5fd2e6a0a4fb2e6a531ab417b
Removed /scratch/indikar_root/indikar1/shared_data/hsc_epi2me/work/e1/781bae9890625bc6fb067dc202bd1e
Removed /scratch/indikar_root/indikar1/shared_data/hsc_epi2me/work/c8/cbb25b22226b7ce0a3248830cdea63
Removed /scratch/indikar_root/indikar1/shared_data/hsc_epi2me/work/7a/7154238cd64e631d6661d335ef5f42
Removed /scratch/indikar_root/indikar1/shared_data/hsc_epi2me/work/80/177a60ac8c8e2a2e2f830fc35daaae
Removed /scratch/indikar_root/indikar1/shared_data/hsc_epi2me/work/9b/adecf8a3267f87e061631074750562
Removed /scratch/indikar_root/indikar1/shared_data/hsc_epi2me/work/66/8c096fe8a9ad6f88ffa4cfeae7ee40
Removed /scratch/indikar_root/indikar1/shared_data/hsc_epi2me/work/f0/42b7fd377eb97cd9643d61de9582cd
Removed /scratch/indikar_root/indikar1/shared_data/hsc_epi2me/work/5d/fa32d054cbbcf2f5474b30864724d7
Removed /scratch/indikar_root/indikar1/shared_data/hsc_epi2me/work/3e/b69cebc456e6819f504933269ce21b
Removed /scratch/indikar_root/indikar1/shared_data/hsc_epi2me/work/6b/aa7be967ade0e13e650af45a3fd613
Removed /scratch/indikar_root/indikar1/shared_data/hsc_epi2me/work/81/82b45c86b1721226a7984ad33ebee5
Removed /scratch/indikar_root/indikar1/shared_data/hsc_epi2me/work/30/80b8f51fbd8079517e562334b09aa8
Removed /scratch/indikar_root/indikar1/shared_data/hsc_epi2me/work/05/7bc66a322359fe0a14465b9170b861
Removed /scratch/indikar_root/indikar1/shared_data/hsc_epi2me/work/cd/622e7c5deb934054556504485c408d
Removed /scratch/indikar_root/indikar1/shared_data/hsc_epi2me/work/d5/cdecb2ae08ba0407d9045c7d55ed87
Removed /scratch/indikar_root/indikar1/shared_data/hsc_epi2me/work/b9/281a153f0d046f3ee545e0afe4ffd3
Removed /scratch/indikar_root/indikar1/shared_data/hsc_epi2me/work/57/b4325867f84f2902486d02e40402dc
Removed /scratch/indikar_root/indikar1/shared_data/hsc_epi2me/work/90/c02ba2c003f42e20d0da1013ec45dd
Removed /scratch/indikar_root/indikar1/shared_data/hsc_epi2me/work/0a/85ed4f8556741dbd7e390de49c8dc0
Removed /scratch/indikar_root/indikar1/shared_data/hsc_epi2me/work/9f/f5ccaeb91798516ec2e87a30d3c338
Removed /scratch/indikar_root/indikar1/shared_data/hsc_epi2me/work/a6/61605cba8a8d4565f94d3f7368d9c1
Removed /scratch/indikar_root/indikar1/shared_data/hsc_epi2me/work/3f/92960d16528026ad0877d4466f62dd
Removed /scratch/indikar_root/indikar1/shared_data/hsc_epi2me/work/4b/7be7acff1fb6f247a57ccbc28063d2
Removed /scratch/indikar_root/indikar1/shared_data/hsc_epi2me/work/5a/20ccfb36e813f6b2620951985c01a7
Removed /scratch/indikar_root/indikar1/shared_data/hsc_epi2me/work/f3/17e5e833b829f2e47abdef14312a12
Removed /scratch/indikar_root/indikar1/shared_data/hsc_epi2me/work/e5/b2477ac3f21848af32b10903f77c3d
Removed /scratch/indikar_root/indikar1/shared_data/hsc_epi2me/work/2a/f1c60f9782e79b45151af0100ef6a4
Removed /scratch/indikar_root/indikar1/shared_data/hsc_epi2me/work/a8/575c1f8ee33589a7a0a2ce520368c4
Removed /scratch/indikar_root/indikar1/shared_data/hsc_epi2me/work/23/46077c0233eb4d27e20f47bf9d33dd
Removed /scratch/indikar_root/indikar1/shared_data/hsc_epi2me/work/da/fac8c6d7e6d82e85441907f5dbbe00
Removed /scratch/indikar_root/indikar1/shared_data/hsc_epi2me/work/9f/69bb47a669a1c80e1d16f5f6f7fecd
Removed /scratch/indikar_root/indikar1/shared_data/hsc_epi2me/work/c0/3704d9ac6e555d0a9b63937e86ca15
Removed /scratch/indikar_root/indikar1/shared_data/hsc_epi2me/work/23/39a9247ac6565cdf91b5a53db841a9
Removed /scratch/indikar_root/indikar1/shared_data/hsc_epi2me/work/14/9f2fac8024bd4603c63528309b4ef5
Removed /scratch/indikar_root/indikar1/shared_data/hsc_epi2me/work/ef/8d51fa4f5b088b53ec260f48a03971
Removed /scratch/indikar_root/indikar1/shared_data/hsc_epi2me/work/8a/f1c0799f32eae6abff44c940602b7a
Removed /scratch/indikar_root/indikar1/shared_data/hsc_epi2me/work/f9/18ffd1eb54a3f0af36a2e17fa761da
Removed /scratch/indikar_root/indikar1/shared_data/hsc_epi2me/work/58/e451c7a46e65d1b749ca974000e3e5
Removed /scratch/indikar_root/indikar1/shared_data/hsc_epi2me/work/e4/02e3087e984425f1bf91958c5a89fd
Removed /scratch/indikar_root/indikar1/shared_data/hsc_epi2me/work/35/f1889258f45a3e7d3674f13515b7bc
Removed /scratch/indikar_root/indikar1/shared_data/hsc_epi2me/work/b8/213333ab8cf7a970d35ae0db4d3ec8
Removed /scratch/indikar_root/indikar1/shared_data/hsc_epi2me/work/46/29ee80d1177b84cf7f9858395e8a84
Removed /scratch/indikar_root/indikar1/shared_data/hsc_epi2me/work/83/802bc81817c506cb7fa25c8ce1d3c7
Removed /scratch/indikar_root/indikar1/shared_data/hsc_epi2me/work/50/d234bbc58ddc8196c0cc7156201e66
Removed /scratch/indikar_root/indikar1/shared_data/hsc_epi2me/work/c8/a8dd4840ad5f405e0f4641abe19daf
Removed /scratch/indikar_root/indikar1/shared_data/hsc_epi2me/work/d8/bf7930781fac5e95f80e2445346bd4
Removed /scratch/indikar_root/indikar1/shared_data/hsc_epi2me/work/f3/1ddc6991253a425140812537342a3e
Removed /scratch/indikar_root/indikar1/shared_data/hsc_epi2me/work/91/f29fe8182a9b7399dc74825f7b9e34
Removed /scratch/indikar_root/indikar1/shared_data/hsc_epi2me/work/90/59884ca06fa9279ebd3e5e28cc77b0
Removed /scratch/indikar_root/indikar1/shared_data/hsc_epi2me/work/d4/7aa37f0e2a8ab0c1e2d6308aec5f44
Removed /scratch/indikar_root/indikar1/shared_data/hsc_epi2me/work/d0/b5c93ddf03ca731d0099205832c176
Removed /scratch/indikar_root/indikar1/shared_data/hsc_epi2me/work/68/ff2ac0d5035626b516359fd9073ef2
Removed /scratch/indikar_root/indikar1/shared_data/hsc_epi2me/work/33/4c23d8731bb04255303b830f4a07e8
Removed /scratch/indikar_root/indikar1/shared_data/hsc_epi2me/work/37/956f606abd90045f60817b7a76c18a
Removed /scratch/indikar_root/indikar1/shared_data/hsc_epi2me/work/f7/1df437483b2e293a51c18b8fbe7ca3
Removed /scratch/indikar_root/indikar1/shared_data/hsc_epi2me/work/b9/ab032d35d2092752bde5adbd559329
Removed /scratch/indikar_root/indikar1/shared_data/hsc_epi2me/work/b6/bade4eee7db51cb02f8242d3e0eee6
Removed /scratch/indikar_root/indikar1/shared_data/hsc_epi2me/work/10/e28215db827345d990444574dca092
Removed /scratch/indikar_root/indikar1/shared_data/hsc_epi2me/work/14/ba1522f7261e33b2a657149815b7ca
Removed /scratch/indikar_root/indikar1/shared_data/hsc_epi2me/work/ae/0a75f2f5d086e8b2c1a30b14a86037
Removed /scratch/indikar_root/indikar1/shared_data/hsc_epi2me/work/e0/19d7d38f43354610fe19b8442fba32
Removed /scratch/indikar_root/indikar1/shared_data/hsc_epi2me/work/df/39b082ad3a40d68d0ba0eca336af52
Removed /scratch/indikar_root/indikar1/shared_data/hsc_epi2me/work/50/cac419518fd714b403afe68ab27141
Removed /scratch/indikar_root/indikar1/shared_data/hsc_epi2me/work/89/a081a609ab9b3cb812795cfae86b9f
Removed /scratch/indikar_root/indikar1/shared_data/hsc_epi2me/work/5b/365650c59eeaed0c124055d266dc75
Removed /scratch/indikar_root/indikar1/shared_data/hsc_epi2me/work/83/20c0738aae83b2baf59527ce9b9504
Removed /scratch/indikar_root/indikar1/shared_data/hsc_epi2me/work/ed/0956eddc1a4d65b29b0cf50fe5cf7c
Removed /scratch/indikar_root/indikar1/shared_data/hsc_epi2me/work/3e/171c7b593c3e50f0f3c186a64d9f11
Removed /scratch/indikar_root/indikar1/shared_data/hsc_epi2me/work/d1/57bea3fbf12afaabcdc8bfc8ffe53f
Removed /scratch/indikar_root/indikar1/shared_data/hsc_epi2me/work/46/64f13d010f1e6be4268330dd7c1421
Removed /scratch/indikar_root/indikar1/shared_data/hsc_epi2me/work/eb/916ebbdeb66f73fefa8f189d4bff93
Removed /scratch/indikar_root/indikar1/shared_data/hsc_epi2me/work/f8/65a1981d6580bb7402bdc0a5199872
Removed /scratch/indikar_root/indikar1/shared_data/hsc_epi2me/work/4a/d6e78ef85e44045041395053857a79
Removed /scratch/indikar_root/indikar1/shared_data/hsc_epi2me/work/4f/ded9e8b4ebec65ac6faecff7921421
Removed /scratch/indikar_root/indikar1/shared_data/hsc_epi2me/work/8d/5db4fc21e0abe44087d7121c38ae39
Removed /scratch/indikar_root/indikar1/shared_data/hsc_epi2me/work/86/121f9cbdcd6c4bde0dbf8c543d02c5
Removed /scratch/indikar_root/indikar1/shared_data/hsc_epi2me/work/b9/8e9f7725b16f2dd21ed46f70960d71
Removed /scratch/indikar_root/indikar1/shared_data/hsc_epi2me/work/2a/009a14e8250137df151736f6bd6aa1
Removed /scratch/indikar_root/indikar1/shared_data/hsc_epi2me/work/5a/e9fd0c69039f82e7c3ad2dc74dc576
Removed /scratch/indikar_root/indikar1/shared_data/hsc_epi2me/work/30/aa10ad5e4caa0a78d56f7e312ef9c0
Removed /scratch/indikar_root/indikar1/shared_data/hsc_epi2me/work/cc/d9a98bc8057672e47b1185aef9c90c
Removed /scratch/indikar_root/indikar1/shared_data/hsc_epi2me/work/9e/9db0b39c4cb2fb7a180378c16b2f50
Removed /scratch/indikar_root/indikar1/shared_data/hsc_epi2me/work/61/099019c05f307ab67a0b82d052bbd9
Removed /scratch/indikar_root/indikar1/shared_data/hsc_epi2me/work/66/a620d8eaf46a9043b74fa60758e715
Removed /scratch/indikar_root/indikar1/shared_data/hsc_epi2me/work/cc/6488ef16bfb399853d0b10a03e74e3
Removed /scratch/indikar_root/indikar1/shared_data/hsc_epi2me/work/15/0d3d5d89702ee8484a9b5ec5a69314
Removed /scratch/indikar_root/indikar1/shared_data/hsc_epi2me/work/0f/080087d02f93167315fb11480eab05
Removed /scratch/indikar_root/indikar1/shared_data/hsc_epi2me/work/05/2ffa46eb81c6c4bcfb5d97f09b2596
Removed /scratch/indikar_root/indikar1/shared_data/hsc_epi2me/work/40/f39b7f2ea1fb915a0ceabed46c9bbf
Removed /scratch/indikar_root/indikar1/shared_data/hsc_epi2me/work/aa/579a157e75171dbd610f7d8719bdde
Removed /scratch/indikar_root/indikar1/shared_data/hsc_epi2me/work/fa/e2a8eab68bb7dc1ba2e45097adda9e
Removed /scratch/indikar_root/indikar1/shared_data/hsc_epi2me/work/4d/e38564272b1686be9fee6b0d906588
Removed /scratch/indikar_root/indikar1/shared_data/hsc_epi2me/work/28/ce9aa42be9d90f264065f554f37894
Removed /scratch/indikar_root/indikar1/shared_data/hsc_epi2me/work/be/5e65abe579e0f324c4a668184e9d74
Removed /scratch/indikar_root/indikar1/shared_data/hsc_epi2me/work/e4/6fc04cda783eab3515992a73b66e47
Removed /scratch/indikar_root/indikar1/shared_data/hsc_epi2me/work/c6/0d0219988047f36b86e3755b078f61
Removed /scratch/indikar_root/indikar1/shared_data/hsc_epi2me/work/75/de4e24925fd3b953293ca28a31df12
Removed /scratch/indikar_root/indikar1/shared_data/hsc_epi2me/work/97/23e05d80cec5a58e015d85014f3e7b
Removed /scratch/indikar_root/indikar1/shared_data/hsc_epi2me/work/0a/c6f0190b34eeb9c3c7cdd5359328a4
Removed /scratch/indikar_root/indikar1/shared_data/hsc_epi2me/work/1f/34aca93f5e7bfbdb1db93c9141ee1e
Removed /scratch/indikar_root/indikar1/shared_data/hsc_epi2me/work/96/cb7a9525a252b99f97296af8a8fea8
Removed /scratch/indikar_root/indikar1/shared_data/hsc_epi2me/work/a7/618ce42d91b9df92343a7d372ecbb4
Removed /scratch/indikar_root/indikar1/shared_data/hsc_epi2me/work/c2/ac53a9bc7f63514da1831b2d27e52c
Removed /scratch/indikar_root/indikar1/shared_data/hsc_epi2me/work/1f/a64136988a0c49c0089f3ee8caf578
Removed /scratch/indikar_root/indikar1/shared_data/hsc_epi2me/work/dc/5d2ae8b7e0a549f2aafcaa1a009807
Removed /scratch/indikar_root/indikar1/shared_data/hsc_epi2me/work/cc/64e3644b6dfbfa74b79c1f5101a141
Removed /scratch/indikar_root/indikar1/shared_data/hsc_epi2me/work/4b/1a9ee86695361ad006446f6d1be0b8
Removed /scratch/indikar_root/indikar1/shared_data/hsc_epi2me/work/c6/8bef99410872152072332fc974fdc8
Removed /scratch/indikar_root/indikar1/shared_data/hsc_epi2me/work/37/21eb8a123dd157082b0f1c342fccfd
Removed /scratch/indikar_root/indikar1/shared_data/hsc_epi2me/work/3c/878d4628263cc4b9fbeb463c029fa2
Removed /scratch/indikar_root/indikar1/shared_data/hsc_epi2me/work/27/e22c014b808b9b821df455be1228f2
Removed /scratch/indikar_root/indikar1/shared_data/hsc_epi2me/work/2b/a11e45aaa61403aa37d6a48e806490
Removed /scratch/indikar_root/indikar1/shared_data/hsc_epi2me/work/d0/e625dd3047bfe7b55ae2c724945237
Removed /scratch/indikar_root/indikar1/shared_data/hsc_epi2me/work/ff/4df3a43370e0825e2d32578568dfdf
Removed /scratch/indikar_root/indikar1/shared_data/hsc_epi2me/work/3f/6db536374ab95bd332d80f8078fe19
Removed /scratch/indikar_root/indikar1/shared_data/hsc_epi2me/work/4b/fd97910b1f98b8fb48552d0fb18849
Removed /scratch/indikar_root/indikar1/shared_data/hsc_epi2me/work/e5/d847a91ab0d257e86e6bc47f1db092
Removed /scratch/indikar_root/indikar1/shared_data/hsc_epi2me/work/d7/098ecfe99e7a144cf3caa00c185680
Removed /scratch/indikar_root/indikar1/shared_data/hsc_epi2me/work/96/9cfe4564ad4d17df6a61007296775f
Removed /scratch/indikar_root/indikar1/shared_data/hsc_epi2me/work/f4/1785e33868e07e15a6306eebb1c8dc
Removed /scratch/indikar_root/indikar1/shared_data/hsc_epi2me/work/be/d2e141e617b93f5c8301bbecd5e29a
Removed /scratch/indikar_root/indikar1/shared_data/hsc_epi2me/work/96/6096700a9c036ccc3902d38d8c07f7
Removed /scratch/indikar_root/indikar1/shared_data/hsc_epi2me/work/6d/06e8690c120ea82a1f409240971712
Removed /scratch/indikar_root/indikar1/shared_data/hsc_epi2me/work/65/0358560329c21de40f47ac53599885
Removed /scratch/indikar_root/indikar1/shared_data/hsc_epi2me/work/06/058ed29d6cee285689575284d94bb1
Removed /scratch/indikar_root/indikar1/shared_data/hsc_epi2me/work/64/912666d2fe2bf3626a724081edcfd0
Removed /scratch/indikar_root/indikar1/shared_data/hsc_epi2me/work/92/0c390a14c2f91dc4f7078512e49b68
Removed /scratch/indikar_root/indikar1/shared_data/hsc_epi2me/work/a5/684224cc595fd477ed562fd9634db3
Removed /scratch/indikar_root/indikar1/shared_data/hsc_epi2me/work/91/d45d7aecbadd9a50b73895b1e144c5
Removed /scratch/indikar_root/indikar1/shared_data/hsc_epi2me/work/10/327054f990485bd3f6f39ed99abb41
Removed /scratch/indikar_root/indikar1/shared_data/hsc_epi2me/work/72/827c0f576a9682270cfca9f4780790
Removed /scratch/indikar_root/indikar1/shared_data/hsc_epi2me/work/f6/84279c5ef63392830022b4a39955ea
Removed /scratch/indikar_root/indikar1/shared_data/hsc_epi2me/work/32/35d1bfdb92ba508cc89e6db259225e
Removed /scratch/indikar_root/indikar1/shared_data/hsc_epi2me/work/29/77320d43943242f36d645b89191656
Removed /scratch/indikar_root/indikar1/shared_data/hsc_epi2me/work/01/9e53c06b2968caa75e174ed4fa214e
Removed /scratch/indikar_root/indikar1/shared_data/hsc_epi2me/work/28/69494869ff377d4f59652074337544
Removed /scratch/indikar_root/indikar1/shared_data/hsc_epi2me/work/d5/145ae6d749bfa4944bba50ac48575c
Removed /scratch/indikar_root/indikar1/shared_data/hsc_epi2me/work/b1/86386aff5ad54bc8c93046fc9d0831
Removed /scratch/indikar_root/indikar1/shared_data/hsc_epi2me/work/92/c3a6f33d202cb678d3669f1760455a
Removed /scratch/indikar_root/indikar1/shared_data/hsc_epi2me/work/bb/e0ba8fe21d591c033674445f0916f7
Removed /scratch/indikar_root/indikar1/shared_data/hsc_epi2me/work/79/42e3cc8477a1a52037f4e3e7ca1e7a
Removed /scratch/indikar_root/indikar1/shared_data/hsc_epi2me/work/2e/4f7576248bb9ab88540a84a64d1d93
Removed /scratch/indikar_root/indikar1/shared_data/hsc_epi2me/work/fb/230daabfcf453319b108c7d057b208
Removed /scratch/indikar_root/indikar1/shared_data/hsc_epi2me/work/25/d53845b4ea261f08facd36fc46218b
Removed /scratch/indikar_root/indikar1/shared_data/hsc_epi2me/work/43/d2829195d8179f66e08443aada6f4c
Removed /scratch/indikar_root/indikar1/shared_data/hsc_epi2me/work/6b/441cb01390f1be4bbeafd01c3c28bd
Removed /scratch/indikar_root/indikar1/shared_data/hsc_epi2me/work/9e/0b734cfb426f9efb45a85604bed242
Removed /scratch/indikar_root/indikar1/shared_data/hsc_epi2me/work/6b/8e715fade65b7206884cf11ca8cfea
Removed /scratch/indikar_root/indikar1/shared_data/hsc_epi2me/work/2b/64d93a68d0ef181620c0583fc76903
Removed /scratch/indikar_root/indikar1/shared_data/hsc_epi2me/work/84/efcb479bd8407d6434567af31938c3
Removed /scratch/indikar_root/indikar1/shared_data/hsc_epi2me/work/3a/c7d17c994369e3d2c60692552b33c2
Removed /scratch/indikar_root/indikar1/shared_data/hsc_epi2me/work/4b/e1cb2dd0d13ffd0053474cfd254841
Removed /scratch/indikar_root/indikar1/shared_data/hsc_epi2me/work/b9/3940ea1db46c6e4694e0ff2f420ef3
Removed /scratch/indikar_root/indikar1/shared_data/hsc_epi2me/work/ed/941b502f033748e0ee513d2f28b56d
Removed /scratch/indikar_root/indikar1/shared_data/hsc_epi2me/work/11/283e601ddf467a2d64fd86937a9719
Removed /scratch/indikar_root/indikar1/shared_data/hsc_epi2me/work/3e/057ab8819466e8d2590579ea48668a
Removed /scratch/indikar_root/indikar1/shared_data/hsc_epi2me/work/b8/5052532681ea33803ebe7f7af81eb2
Removed /scratch/indikar_root/indikar1/shared_data/hsc_epi2me/work/83/d5ae443caa08ccf6bae76c5264ba6b
Removed /scratch/indikar_root/indikar1/shared_data/hsc_epi2me/work/7d/c76833a33571cec57396f4b145a5af
Removed /scratch/indikar_root/indikar1/shared_data/hsc_epi2me/work/a5/3353502f9dd316d2c54025b6ba43a4
Removed /scratch/indikar_root/indikar1/shared_data/hsc_epi2me/work/5e/f4979be122542552f728ac8c37a4d0
Removed /scratch/indikar_root/indikar1/shared_data/hsc_epi2me/work/2e/3f11576a518be50f03191ad8aefad2
Removed /scratch/indikar_root/indikar1/shared_data/hsc_epi2me/work/e2/859e2c9c359bbe58dca1b3506485a8
Removed /scratch/indikar_root/indikar1/shared_data/hsc_epi2me/work/2b/876fad659021d628a8a033069d0c42
Removed /scratch/indikar_root/indikar1/shared_data/hsc_epi2me/work/e9/db4c2f444ec5f2e2392cc546a561f4
Removed /scratch/indikar_root/indikar1/shared_data/hsc_epi2me/work/a9/edd7362de2316d8043a80289c65449
Removed /scratch/indikar_root/indikar1/shared_data/hsc_epi2me/work/a3/cd76ff29ffec7a088bc54ec5745fb4
Removed /scratch/indikar_root/indikar1/shared_data/hsc_epi2me/work/67/93f88fd4ef21fd98dd81c12446aefe
Removed /scratch/indikar_root/indikar1/shared_data/hsc_epi2me/work/34/18de4cf67be3f3b841772e9a2d5cec
Removed /scratch/indikar_root/indikar1/shared_data/hsc_epi2me/work/ad/dd0cf7128cf93da4b42fe8d24cb275
Removed /scratch/indikar_root/indikar1/shared_data/hsc_epi2me/work/8c/1b151c86f737d6d5219ba0f9c94ccc
Removed /scratch/indikar_root/indikar1/shared_data/hsc_epi2me/work/aa/54c1bd64b5220dc08b36f5491028f3
Removed /scratch/indikar_root/indikar1/shared_data/hsc_epi2me/work/d7/50eb22a6cfbb4fe0772827ca6300b9
Removed /scratch/indikar_root/indikar1/shared_data/hsc_epi2me/work/1d/5659e296cfdf13fee6899e2b8879f9
Removed /scratch/indikar_root/indikar1/shared_data/hsc_epi2me/work/3c/bf72460e6ad639bc0c36970bfc7e82
Removed /scratch/indikar_root/indikar1/shared_data/hsc_epi2me/work/bf/587dd4c21b129ee9c70b8be15e6784
Removed /scratch/indikar_root/indikar1/shared_data/hsc_epi2me/work/2c/70b16186e3d3d9e292658edd5485fe
Removed /scratch/indikar_root/indikar1/shared_data/hsc_epi2me/work/fb/859234b251e652254b75d0b27bba95
Removed /scratch/indikar_root/indikar1/shared_data/hsc_epi2me/work/4f/6d8388be2ec9970709027d8e96b08d
Removed /scratch/indikar_root/indikar1/shared_data/hsc_epi2me/work/72/0289239d6bcb23849ecbd5644f3a51
Removed /scratch/indikar_root/indikar1/shared_data/hsc_epi2me/work/d8/6e01a69d3480bb66b7c180a6758fb3
Removed /scratch/indikar_root/indikar1/shared_data/hsc_epi2me/work/12/6898f7eed53af66a121c4a903fa2cc
Removed /scratch/indikar_root/indikar1/shared_data/hsc_epi2me/work/33/b53a0dd28d5abd6272a37d8d436063
Removed /scratch/indikar_root/indikar1/shared_data/hsc_epi2me/work/12/7d964faaf5d7865d9d00d314472d61
Removed /scratch/indikar_root/indikar1/shared_data/hsc_epi2me/work/f4/c8ad264b55f588adbb36472c34c808
Removed /scratch/indikar_root/indikar1/shared_data/hsc_epi2me/work/1c/558a1b0e56ab477ade7c92e91760f9
Removed /scratch/indikar_root/indikar1/shared_data/hsc_epi2me/work/b7/c653561563bdd3716bee6a048d18ef
Removed /scratch/indikar_root/indikar1/shared_data/hsc_epi2me/work/ac/6c787586b2f6b801a667d8e778cb06
Removed /scratch/indikar_root/indikar1/shared_data/hsc_epi2me/work/96/df9d72855c5485edb65d65aa86301d
Removed /scratch/indikar_root/indikar1/shared_data/hsc_epi2me/work/eb/48dbad4347c71828217ba95acefc32
Removed /scratch/indikar_root/indikar1/shared_data/hsc_epi2me/work/70/1277acd82384d08646d8a0c366aa3e
Removed /scratch/indikar_root/indikar1/shared_data/hsc_epi2me/work/f2/ae15514c401d93ce0bf64d102efb3d
Removed /scratch/indikar_root/indikar1/shared_data/hsc_epi2me/work/d8/6cf5868ee746cc1808546ed4ad8909
Removed /scratch/indikar_root/indikar1/shared_data/hsc_epi2me/work/c0/ee0cf7a8e5066c8856503633f1776a
Removed /scratch/indikar_root/indikar1/shared_data/hsc_epi2me/work/43/a9de9effdb5f3ab2485a49ad9e77ee
Removed /scratch/indikar_root/indikar1/shared_data/hsc_epi2me/work/77/56826415ee1eaf217d0a5540a13ae8
Removed /scratch/indikar_root/indikar1/shared_data/hsc_epi2me/work/1d/01d42319ec26f2e62d75192b02dc89
Removed /scratch/indikar_root/indikar1/shared_data/hsc_epi2me/work/c7/8b78d2c6c9d2d9c238bd684c1914fa
Removed /scratch/indikar_root/indikar1/shared_data/hsc_epi2me/work/1c/bb25d556d65d946bdf152b7fdaba84
Removed /scratch/indikar_root/indikar1/shared_data/hsc_epi2me/work/9b/8fa0a4bf9d93879e93d30409c1043e
Removed /scratch/indikar_root/indikar1/shared_data/hsc_epi2me/work/27/40c6b4d7a1803b8c4b27ee9eb74375
Removed /scratch/indikar_root/indikar1/shared_data/hsc_epi2me/work/cd/732d892d25dd51a92b769982819332
Removed /scratch/indikar_root/indikar1/shared_data/hsc_epi2me/work/56/58dceb1802b58f8ebbb0714a55d93a
Removed /scratch/indikar_root/indikar1/shared_data/hsc_epi2me/work/1d/f5e9e3cb6f6ab4d8aa60846db120f2
Removed /scratch/indikar_root/indikar1/shared_data/hsc_epi2me/work/1d/f17c82f74b12fff825515d9b9e6dc6
Removed /scratch/indikar_root/indikar1/shared_data/hsc_epi2me/work/54/4b1d89f1224bb4aef31d5ed4700be3
Removed /scratch/indikar_root/indikar1/shared_data/hsc_epi2me/work/27/fac1904d52b6910f1144f8b515ff2a
Removed /scratch/indikar_root/indikar1/shared_data/hsc_epi2me/work/23/e765a27b4ecf4bbeb30e30c9c36507
Removed /scratch/indikar_root/indikar1/shared_data/hsc_epi2me/work/80/466ee49928793cd4e698d936d81f43
Removed /scratch/indikar_root/indikar1/shared_data/hsc_epi2me/work/5c/1cd1c2cae8171a934045d6bd3fe3ee
Removed /scratch/indikar_root/indikar1/shared_data/hsc_epi2me/work/1c/4135085236cea222d47dac6945b0d2
Removed /scratch/indikar_root/indikar1/shared_data/hsc_epi2me/work/a0/6023a2ffbcd92453b0711ef66a29db
Removed /scratch/indikar_root/indikar1/shared_data/hsc_epi2me/work/e0/30b4869e404fd6b184d616ef50341a
Removed /scratch/indikar_root/indikar1/shared_data/hsc_epi2me/work/bb/1fd3a230fb7acb35eba0c190c91f7b
Removed /scratch/indikar_root/indikar1/shared_data/hsc_epi2me/work/20/a15f82580f06f176e9c6f305e9f2ab
Removed /scratch/indikar_root/indikar1/shared_data/hsc_epi2me/work/34/9bf3d87b68b247a64ad0fe8c66da93
Removed /scratch/indikar_root/indikar1/shared_data/hsc_epi2me/work/0c/54408b021cda881e013fced90a1aa3
Removed /scratch/indikar_root/indikar1/shared_data/hsc_epi2me/work/af/0aa83b7c11972daa3ea9c1432416ec
Removed /scratch/indikar_root/indikar1/shared_data/hsc_epi2me/work/a1/471c75e9e54ab282101bcb1d811168
Removed /scratch/indikar_root/indikar1/shared_data/hsc_epi2me/work/06/21a548cc1cb33676466c32c684ca27
Removed /scratch/indikar_root/indikar1/shared_data/hsc_epi2me/work/6a/f24fedaf5a52b9a2459037a4b3af10
Removed /scratch/indikar_root/indikar1/shared_data/hsc_epi2me/work/56/c3819141752901127996a5ce0dbee3
Removed /scratch/indikar_root/indikar1/shared_data/hsc_epi2me/work/9d/1ca50d82e7088c8a3f03aaacf3c944
Removed /scratch/indikar_root/indikar1/shared_data/hsc_epi2me/work/a8/706da61849d49ccf60d067a7f38baa
Removed /scratch/indikar_root/indikar1/shared_data/hsc_epi2me/work/24/3373ba4a5c7258a7460b059aee60aa
Removed /scratch/indikar_root/indikar1/shared_data/hsc_epi2me/work/bb/2f654a94f201efa576cd0c23bda6f0
Removed /scratch/indikar_root/indikar1/shared_data/hsc_epi2me/work/28/10deb00c7893afbca4b4ec2375c89a
Removed /scratch/indikar_root/indikar1/shared_data/hsc_epi2me/work/22/f61c78c685818d61f159ea2a1803ef
Removed /scratch/indikar_root/indikar1/shared_data/hsc_epi2me/work/a2/ba0460585c95dfeb42dc6001ba5aa0
Removed /scratch/indikar_root/indikar1/shared_data/hsc_epi2me/work/1b/a87df9b603fb708fab202458c6e398
Removed /scratch/indikar_root/indikar1/shared_data/hsc_epi2me/work/e7/f467d7ffefdd620a66e2401cf01039
Removed /scratch/indikar_root/indikar1/shared_data/hsc_epi2me/work/fa/28ce9b31941d355249f6552506acd4
Removed /scratch/indikar_root/indikar1/shared_data/hsc_epi2me/work/8f/b28316a2019b6a751d88be2a540dc8
Removed /scratch/indikar_root/indikar1/shared_data/hsc_epi2me/work/9d/a672b97faa72b41abfd5797ac55e89
Removed /scratch/indikar_root/indikar1/shared_data/hsc_epi2me/work/de/f48efb6d7b9b6496b97a339387695a
Removed /scratch/indikar_root/indikar1/shared_data/hsc_epi2me/work/2e/8d92ed1f380ab52e43b0f1f22f9c33
Removed /scratch/indikar_root/indikar1/shared_data/hsc_epi2me/work/c2/1a406705f7af60ae14a667be0e1765
Removed /scratch/indikar_root/indikar1/shared_data/hsc_epi2me/work/dd/887d9cf41a1cc1bfb7d7b38031bf95
Removed /scratch/indikar_root/indikar1/shared_data/hsc_epi2me/work/ee/51accd44e90430047e0927d4a1452b
Removed /scratch/indikar_root/indikar1/shared_data/hsc_epi2me/work/73/56face5f750ac3ccc3c9a10bd55938
Removed /scratch/indikar_root/indikar1/shared_data/hsc_epi2me/work/c3/1945c41f2cb21ec593a5404632d67e
Removed /scratch/indikar_root/indikar1/shared_data/hsc_epi2me/work/2a/07a0694c7fb3d3431d7c76b57ddf09
Removed /scratch/indikar_root/indikar1/shared_data/hsc_epi2me/work/3b/9ef0df8060cf966963485eda388af1
Removed /scratch/indikar_root/indikar1/shared_data/hsc_epi2me/work/0f/f81a25249584e6d868b9d824968ab7
Removed /scratch/indikar_root/indikar1/shared_data/hsc_epi2me/work/85/f79dfefc7efb6f431d2bbd51f74a0b
Removed /scratch/indikar_root/indikar1/shared_data/hsc_epi2me/work/fd/dcbe8fd85eb541f58bd8689ae84245
Removed /scratch/indikar_root/indikar1/shared_data/hsc_epi2me/work/6f/48a7c4f5500491516afae65d2f583a
Removed /scratch/indikar_root/indikar1/shared_data/hsc_epi2me/work/6f/e15e18309fb1a42c916feda1d404e5
Removed /scratch/indikar_root/indikar1/shared_data/hsc_epi2me/work/eb/5b3f6952481c2d98abb781b92deb0e
Removed /scratch/indikar_root/indikar1/shared_data/hsc_epi2me/work/3c/d63c27ee6301eacb21f7775f647cf6
Removed /scratch/indikar_root/indikar1/shared_data/hsc_epi2me/work/16/834a6480ed88b318eedb6de4b22280
Removed /scratch/indikar_root/indikar1/shared_data/hsc_epi2me/work/4b/d60fed92bfb2aeb4fbe03ba8eee6a3
Removed /scratch/indikar_root/indikar1/shared_data/hsc_epi2me/work/94/a4439645b4f09b9554d03837872265
Removed /scratch/indikar_root/indikar1/shared_data/hsc_epi2me/work/18/f22a2d72d50b5c741ab6db87858a12
Removed /scratch/indikar_root/indikar1/shared_data/hsc_epi2me/work/96/dcfc5a7686d68eb2f8025549cce1bd
Removed /scratch/indikar_root/indikar1/shared_data/hsc_epi2me/work/ea/d6ac9ba41500b75794c22412cee5f7
Removed /scratch/indikar_root/indikar1/shared_data/hsc_epi2me/work/69/73866e810a7ff6d636625055c68239
Removed /scratch/indikar_root/indikar1/shared_data/hsc_epi2me/work/f3/013d5088475e8264fa5e7e5d57914d
Removed /scratch/indikar_root/indikar1/shared_data/hsc_epi2me/work/18/26a118231031043d7ca68bfd5fe454
Removed /scratch/indikar_root/indikar1/shared_data/hsc_epi2me/work/9f/ba3dad1717811d8af7dbf37101172d
Removed /scratch/indikar_root/indikar1/shared_data/hsc_epi2me/work/19/50c178d023614db10c8feb930c12eb
Removed /scratch/indikar_root/indikar1/shared_data/hsc_epi2me/work/98/804e5c0c32e6cbb8c90489d9f743b7
Removed /scratch/indikar_root/indikar1/shared_data/hsc_epi2me/work/5f/016a9c32b19a74f66075ce8c8bfdf6
Removed /scratch/indikar_root/indikar1/shared_data/hsc_epi2me/work/e1/00b84015d6c33da1298d979fa00d98
Removed /scratch/indikar_root/indikar1/shared_data/hsc_epi2me/work/cb/99656c602f3c5842e61d5b4781254e
Removed /scratch/indikar_root/indikar1/shared_data/hsc_epi2me/work/e4/54f8b8583e07bbcae8ae892712924f
Removed /scratch/indikar_root/indikar1/shared_data/hsc_epi2me/work/11/adc2843762d4296d6e4de1504802b5
Removed /scratch/indikar_root/indikar1/shared_data/hsc_epi2me/work/48/fbc39b36f39d6b52fdf1af69bec3c8
Removed /scratch/indikar_root/indikar1/shared_data/hsc_epi2me/work/1c/6da6d016009909a74e4468f3e80aa6
Removed /scratch/indikar_root/indikar1/shared_data/hsc_epi2me/work/5a/87ab88b7530efb275c18ccc6712b23
Removed /scratch/indikar_root/indikar1/shared_data/hsc_epi2me/work/75/7193b37fd55d73149318b194363d3f
Removed /scratch/indikar_root/indikar1/shared_data/hsc_epi2me/work/06/a808b1c553acfc9cee59bdc64effb8
Removed /scratch/indikar_root/indikar1/shared_data/hsc_epi2me/work/64/ffc281732df29b6a4722282c4130c1
Removed /scratch/indikar_root/indikar1/shared_data/hsc_epi2me/work/83/fade15ec976c830b9c20de8dbe1418
Removed /scratch/indikar_root/indikar1/shared_data/hsc_epi2me/work/18/6cfb003d0b2ef466a06b092ff1e635
Removed /scratch/indikar_root/indikar1/shared_data/hsc_epi2me/work/eb/af4993b9bc007d7a672c4c22afa780
Removed /scratch/indikar_root/indikar1/shared_data/hsc_epi2me/work/48/8e1b55a585476351a73e5e74b0634d
Removed /scratch/indikar_root/indikar1/shared_data/hsc_epi2me/work/a9/05f301d2563f50d3a541b54434ba36
Removed /scratch/indikar_root/indikar1/shared_data/hsc_epi2me/work/90/af63029c5d0fde39b4aa2369c34a02
Removed /scratch/indikar_root/indikar1/shared_data/hsc_epi2me/work/67/8b8d7c1f4da6f88150c541d8bd1954
Removed /scratch/indikar_root/indikar1/shared_data/hsc_epi2me/work/f3/cee91bbb3280c7e6b163be6844577c
Removed /scratch/indikar_root/indikar1/shared_data/hsc_epi2me/work/96/4647173f26dc9571d9a1e3fce9384e
Removed /scratch/indikar_root/indikar1/shared_data/hsc_epi2me/work/86/13b87354942adbbb917a2e4d2e6ecf
Removed /scratch/indikar_root/indikar1/shared_data/hsc_epi2me/work/ab/6504611a072a76ea1cee78102d5c45
Removed /scratch/indikar_root/indikar1/shared_data/hsc_epi2me/work/e5/c8305ab4ce76b7dab95663193757b8
Removed /scratch/indikar_root/indikar1/shared_data/hsc_epi2me/work/f7/88907817ad1b47721aa6a9ec53ed4a
Removed /scratch/indikar_root/indikar1/shared_data/hsc_epi2me/work/1a/00acc8193694084814ba337e1a19e3
Removed /scratch/indikar_root/indikar1/shared_data/hsc_epi2me/work/f1/2dd28ee9fda3fb7338792ef4972f18
Removed /scratch/indikar_root/indikar1/shared_data/hsc_epi2me/work/ef/f6e621b9be3a94fbb87e617fc46d96
Removed /scratch/indikar_root/indikar1/shared_data/hsc_epi2me/work/87/c63179e84ebe18661bb9656cf16040
Removed /scratch/indikar_root/indikar1/shared_data/hsc_epi2me/work/ef/855133fab55e5cfec6cdacdc301945
Removed /scratch/indikar_root/indikar1/shared_data/hsc_epi2me/work/17/71c8f8830a3dc0bfcd6315e272f224
Removed /scratch/indikar_root/indikar1/shared_data/hsc_epi2me/work/71/01e84100694a8bfe920f16993c77d7
Removed /scratch/indikar_root/indikar1/shared_data/hsc_epi2me/work/6e/9117ea64f2871a66db0415340de16a
Removed /scratch/indikar_root/indikar1/shared_data/hsc_epi2me/work/4e/4796c47a14e7406b24dababdd1890f
Removed /scratch/indikar_root/indikar1/shared_data/hsc_epi2me/work/e8/3e1838e9424ba253840c1fbe5c18dd
Removed /scratch/indikar_root/indikar1/shared_data/hsc_epi2me/work/36/649cc497c81591b3343ac9877b1434
Removed /scratch/indikar_root/indikar1/shared_data/hsc_epi2me/work/cf/3f55294b9bc938f1e2b03cb23d3b76
Removed /scratch/indikar_root/indikar1/shared_data/hsc_epi2me/work/0d/dbb956e0c8b3ec6e53587bb6afd327
Removed /scratch/indikar_root/indikar1/shared_data/hsc_epi2me/work/95/49c7ca64f772ab14745918709080e6
Removed /scratch/indikar_root/indikar1/shared_data/hsc_epi2me/work/ca/ce694b5b3bbeacc40f5e0d2b507895
Removed /scratch/indikar_root/indikar1/shared_data/hsc_epi2me/work/e4/31f631551a0dd790125d24c748c0a1
Removed /scratch/indikar_root/indikar1/shared_data/hsc_epi2me/work/7e/ce65862354e080cbe65b5d9c9663e9
Removed /scratch/indikar_root/indikar1/shared_data/hsc_epi2me/work/dc/e970740951d067afb5ed3561b127a9
Removed /scratch/indikar_root/indikar1/shared_data/hsc_epi2me/work/d9/4d3f8d783308f545af32c66e5f6dc7
Removed /scratch/indikar_root/indikar1/shared_data/hsc_epi2me/work/78/80697f57a60889f9f47f80c2d3b3c5
Removed /scratch/indikar_root/indikar1/shared_data/hsc_epi2me/work/8c/fa5d7957cfb0f587caa346b13091ab
Removed /scratch/indikar_root/indikar1/shared_data/hsc_epi2me/work/d0/41ab59e19126760ae2dc96c860e22b
Removed /scratch/indikar_root/indikar1/shared_data/hsc_epi2me/work/9d/97014f2f52f61d915026df81763564
Removed /scratch/indikar_root/indikar1/shared_data/hsc_epi2me/work/14/565c640a94f46e5e89098a6505162d
Removed /scratch/indikar_root/indikar1/shared_data/hsc_epi2me/work/8e/3b747a2d40e526ebd77b654f09b58f
Removed /scratch/indikar_root/indikar1/shared_data/hsc_epi2me/work/93/71e55321bfab96ccf61c2d8785d00d
Removed /scratch/indikar_root/indikar1/shared_data/hsc_epi2me/work/19/ae2c401ec0e499cdb0c792c40283a0
Removed /scratch/indikar_root/indikar1/shared_data/hsc_epi2me/work/74/5fc9755e136c62fbda5e4f09fc6ade
Removed /scratch/indikar_root/indikar1/shared_data/hsc_epi2me/work/63/7496125a2da8ae7f3f06d20413b436
Removed /scratch/indikar_root/indikar1/shared_data/hsc_epi2me/work/24/8f5e2594eea86f7a153331bd40611a
Removed /scratch/indikar_root/indikar1/shared_data/hsc_epi2me/work/d7/b1c966133588eff4e1dd46509346a3
Removed /scratch/indikar_root/indikar1/shared_data/hsc_epi2me/work/f2/01c8da6c030da7dbfc5f4649656d92
Removed /scratch/indikar_root/indikar1/shared_data/hsc_epi2me/work/53/112cf75e98ed150b40fe54529e6e1d
Removed /scratch/indikar_root/indikar1/shared_data/hsc_epi2me/work/df/27f4294934e54913136ec750129822
Removed /scratch/indikar_root/indikar1/shared_data/hsc_epi2me/work/3a/54c6ec13fa0e0659344a2469dfe34f
Removed /scratch/indikar_root/indikar1/shared_data/hsc_epi2me/work/87/05a6d2950ae482f7633d726fb4ec5d
Removed /scratch/indikar_root/indikar1/shared_data/hsc_epi2me/work/01/a485f2c2281fe251875278248ee65f
Removed /scratch/indikar_root/indikar1/shared_data/hsc_epi2me/work/68/9fc4ca37939a5756293782b93bef66
Removed /scratch/indikar_root/indikar1/shared_data/hsc_epi2me/work/54/d889d69076245ea4a43c39e98eb8ee
Removed /scratch/indikar_root/indikar1/shared_data/hsc_epi2me/work/ab/02561119599c952202ba4ceecccb58
Removed /scratch/indikar_root/indikar1/shared_data/hsc_epi2me/work/ae/c2868f2fe56e6069b429c9ea746f25
Removed /scratch/indikar_root/indikar1/shared_data/hsc_epi2me/work/4d/3d5850e0a6d3e1a597f491f45f2924
Removed /scratch/indikar_root/indikar1/shared_data/hsc_epi2me/work/62/38f01a656ec25ccb5fb87887bb2b5b
Removed /scratch/indikar_root/indikar1/shared_data/hsc_epi2me/work/d7/b5cf419d7af7b19e616c038b10a17d
Removed /scratch/indikar_root/indikar1/shared_data/hsc_epi2me/work/d7/d5b69bc710ae655e37f205cee10a3d
Removed /scratch/indikar_root/indikar1/shared_data/hsc_epi2me/work/03/4718cd712e3609556bf4b02112cb40
Removed /scratch/indikar_root/indikar1/shared_data/hsc_epi2me/work/fc/932e58185cb3696186062c31687c65
Removed /scratch/indikar_root/indikar1/shared_data/hsc_epi2me/work/45/0ac78e4886d31725c66ae290231a13
Removed /scratch/indikar_root/indikar1/shared_data/hsc_epi2me/work/f5/c4f64a424f3b84efb3763c1f13be3c
Removed /scratch/indikar_root/indikar1/shared_data/hsc_epi2me/work/75/c4b0e8f401519adf58b493253e41a6
Removed /scratch/indikar_root/indikar1/shared_data/hsc_epi2me/work/f9/e2a757d463d208677de0db46feb650
Removed /scratch/indikar_root/indikar1/shared_data/hsc_epi2me/work/43/9ed60f8efbacfd50b82cb5d7859bc3
Removed /scratch/indikar_root/indikar1/shared_data/hsc_epi2me/work/03/86fa8612dd11cb754dc8adc4484129
Removed /scratch/indikar_root/indikar1/shared_data/hsc_epi2me/work/5c/9e78c187eb331becd6bcb56acda0fe
Removed /scratch/indikar_root/indikar1/shared_data/hsc_epi2me/work/e2/8c57c8146bb680b8d77123e7248b37
Removed /scratch/indikar_root/indikar1/shared_data/hsc_epi2me/work/51/20414679355f45a72af61e49683628
Removed /scratch/indikar_root/indikar1/shared_data/hsc_epi2me/work/03/eade0cc452175a597bd0a61335e3b0
Removed /scratch/indikar_root/indikar1/shared_data/hsc_epi2me/work/39/b4284b5fb7a83698dfe112dcaa4ae8
Removed /scratch/indikar_root/indikar1/shared_data/hsc_epi2me/work/6b/41dc97a6c0a11db30b097fcf642519
Removed /scratch/indikar_root/indikar1/shared_data/hsc_epi2me/work/0a/fb7258b6bc1381e3b3bb95e37e7af3
Removed /scratch/indikar_root/indikar1/shared_data/hsc_epi2me/work/82/2c8afeda0747d9aa3979a0ede9ef7c
Removed /scratch/indikar_root/indikar1/shared_data/hsc_epi2me/work/6f/5ac56ed45ced0eb4ec0d278b764282
Removed /scratch/indikar_root/indikar1/shared_data/hsc_epi2me/work/d8/6a1a7f0a4a4946bbbd8f6ef5890788
Removed /scratch/indikar_root/indikar1/shared_data/hsc_epi2me/work/62/d74a873e8266ecafc0b36baa8c69e7
Removed /scratch/indikar_root/indikar1/shared_data/hsc_epi2me/work/2d/5697cc0e975a6ffdc3ba52c12c1688
Removed /scratch/indikar_root/indikar1/shared_data/hsc_epi2me/work/6e/c006338695e7ad8c1e4975cc3166be
Removed /scratch/indikar_root/indikar1/shared_data/hsc_epi2me/work/6d/4a7bb1c1a1fcb2389e6b6bea00a747
Removed /scratch/indikar_root/indikar1/shared_data/hsc_epi2me/work/44/7a22396764bc46fe5c0e67f4f0b77c
Removed /scratch/indikar_root/indikar1/shared_data/hsc_epi2me/work/33/76c0282e2b1623c25d4457a8f6947b
Removed /scratch/indikar_root/indikar1/shared_data/hsc_epi2me/work/ba/5a642b2bb35bf37131170e759a0b6a
Removed /scratch/indikar_root/indikar1/shared_data/hsc_epi2me/work/c9/073e7e4d6f83149059f66e455db404
Removed /scratch/indikar_root/indikar1/shared_data/hsc_epi2me/work/c9/bc52e76b4c42e24ed3be3b4af1e442
Removed /scratch/indikar_root/indikar1/shared_data/hsc_epi2me/work/53/f0efe01ea9f9799bd2cc01de226330
Removed /scratch/indikar_root/indikar1/shared_data/hsc_epi2me/work/f7/6c368d40dde9d227712a21b4a1ba70
Removed /scratch/indikar_root/indikar1/shared_data/hsc_epi2me/work/22/4f28aa0b7de9e155e89fe8bf12504d
Removed /scratch/indikar_root/indikar1/shared_data/hsc_epi2me/work/06/9bd977b02fa94e4198de86fbde8564
Removed /scratch/indikar_root/indikar1/shared_data/hsc_epi2me/work/fd/156eb006f50ce39ced09b8b2aa5e3b
Removed /scratch/indikar_root/indikar1/shared_data/hsc_epi2me/work/d9/c746f11e4c9b4edd9574c5c80bb67d
Removed /scratch/indikar_root/indikar1/shared_data/hsc_epi2me/work/8a/f363dd5e6c7099a89ec01c22cbda4c
Removed /scratch/indikar_root/indikar1/shared_data/hsc_epi2me/work/d4/98cbbc997ddb8c0313cc04971a7430
Removed /scratch/indikar_root/indikar1/shared_data/hsc_epi2me/work/6e/0bbcc39c051a228e1a40716954dd4c
Removed /scratch/indikar_root/indikar1/shared_data/hsc_epi2me/work/0a/bd3268467412efb76036bf35a79c3f
Removed /scratch/indikar_root/indikar1/shared_data/hsc_epi2me/work/e7/76896144378c87c0c0b2cdcb944ae9
Removed /scratch/indikar_root/indikar1/shared_data/hsc_epi2me/work/5d/8f71ce01b4b1cbb4cb62eb536310e4
Removed /scratch/indikar_root/indikar1/shared_data/hsc_epi2me/work/32/92eed4542c4095716542291026892b
Removed /scratch/indikar_root/indikar1/shared_data/hsc_epi2me/work/07/93cd413e0df42f54e52d50099fd586
Removed /scratch/indikar_root/indikar1/shared_data/hsc_epi2me/work/32/d0d4971760023bed949a27dc85dc3f
Removed /scratch/indikar_root/indikar1/shared_data/hsc_epi2me/work/db/2976d3c247fe64efeed626905aefe1
Removed /scratch/indikar_root/indikar1/shared_data/hsc_epi2me/work/80/45895a63729cff48dd6cbfffc4fb80
Removed /scratch/indikar_root/indikar1/shared_data/hsc_epi2me/work/6c/52e7509b36d6eb62f0e0cc0d0cc9a2
Removed /scratch/indikar_root/indikar1/shared_data/hsc_epi2me/work/bf/4070a1d61460279cec27aa67e2f14a
Removed /scratch/indikar_root/indikar1/shared_data/hsc_epi2me/work/7b/b9623f323366630160298d1dabdc46
Removed /scratch/indikar_root/indikar1/shared_data/hsc_epi2me/work/e3/47f620344c5a7ab6d6d43d0b2fca31
Removed /scratch/indikar_root/indikar1/shared_data/hsc_epi2me/work/f0/3e94944c7b5351997e13abbdfd9a5a
Removed /scratch/indikar_root/indikar1/shared_data/hsc_epi2me/work/82/ee755c1941e89fa67a2c9025c36b43
Removed /scratch/indikar_root/indikar1/shared_data/hsc_epi2me/work/8d/a92d72afeff612ce9ea4a8598f66d0
Removed /scratch/indikar_root/indikar1/shared_data/hsc_epi2me/work/b8/3e37d810de6ae99e2f93c3e7cb2124
Removed /scratch/indikar_root/indikar1/shared_data/hsc_epi2me/work/2c/343c22fdec32f7c26b4601bff654f8
Removed /scratch/indikar_root/indikar1/shared_data/hsc_epi2me/work/e9/fe13f2b490594030190968e8e6ce15
Removed /scratch/indikar_root/indikar1/shared_data/hsc_epi2me/work/1a/26e07c1a06c17bf2e8d925f14a8b63
Removed /scratch/indikar_root/indikar1/shared_data/hsc_epi2me/work/f3/8f318bf6c09d66f81369c4d6b24221
Removed /scratch/indikar_root/indikar1/shared_data/hsc_epi2me/work/2c/3ebdb6cea5014e1eaeca1aa196b837
Removed /scratch/indikar_root/indikar1/shared_data/hsc_epi2me/work/e7/a44c407ec4585d2f7f6d7baad33374
Removed /scratch/indikar_root/indikar1/shared_data/hsc_epi2me/work/4e/edd6c1bf98b9dd9343b81131a45f46
Removed /scratch/indikar_root/indikar1/shared_data/hsc_epi2me/work/b9/bf1dfc9fd60857e6e121fb2daa6418
Removed /scratch/indikar_root/indikar1/shared_data/hsc_epi2me/work/03/4f57b3634d63e92f4fd200ed68022f
Removed /scratch/indikar_root/indikar1/shared_data/hsc_epi2me/work/8c/c1ce4b4ec612652fb048131721fa1d
Removed /scratch/indikar_root/indikar1/shared_data/hsc_epi2me/work/92/153367dca67cd783747a06133d8d7c
Removed /scratch/indikar_root/indikar1/shared_data/hsc_epi2me/work/9f/afdd1045a1cf3b36088e852da753d4
Removed /scratch/indikar_root/indikar1/shared_data/hsc_epi2me/work/99/b3bd3a52e53945de17ca83035cef67
Removed /scratch/indikar_root/indikar1/shared_data/hsc_epi2me/work/72/cbcaad2cd66e8ea39dbf4c74dc3b45
Removed /scratch/indikar_root/indikar1/shared_data/hsc_epi2me/work/31/c91ae6c8e059b8212a80a83779959c
Removed /scratch/indikar_root/indikar1/shared_data/hsc_epi2me/work/99/91d8854ffa5745ba6cb054e55e230d
Removed /scratch/indikar_root/indikar1/shared_data/hsc_epi2me/work/16/b86da45e6f6e673ad144d0f4ee1197
Removed /scratch/indikar_root/indikar1/shared_data/hsc_epi2me/work/d9/5015f31c2dd1910a6d9a24e0df29b9
Removed /scratch/indikar_root/indikar1/shared_data/hsc_epi2me/work/33/28e2efc9feb11b0ad496a88f3f44f0
Removed /scratch/indikar_root/indikar1/shared_data/hsc_epi2me/work/5d/39bd22b60e7d63a14158df4b744c2d
Removed /scratch/indikar_root/indikar1/shared_data/hsc_epi2me/work/72/76ca728ae5c621a6986860eb9ce965
Removed /scratch/indikar_root/indikar1/shared_data/hsc_epi2me/work/d7/19b14ae309a639b389b729fefab699
Removed /scratch/indikar_root/indikar1/shared_data/hsc_epi2me/work/8b/0381b93cd7a08f50d60810576abe87
Removed /scratch/indikar_root/indikar1/shared_data/hsc_epi2me/work/34/c5a4655a7f2c5ffbe13c645d83435c
Removed /scratch/indikar_root/indikar1/shared_data/hsc_epi2me/work/da/8183aa39695fdb7ef3e912d1dc3b22
Removed /scratch/indikar_root/indikar1/shared_data/hsc_epi2me/work/61/04217f98a1afb648f0351832c26cc7
Removed /scratch/indikar_root/indikar1/shared_data/hsc_epi2me/work/db/10bc402816b957459a276c765389af
Removed /scratch/indikar_root/indikar1/shared_data/hsc_epi2me/work/f2/b5102c0e07cddb51aa2f001df171f4
Removed /scratch/indikar_root/indikar1/shared_data/hsc_epi2me/work/cb/59a254b64934bfc876ba233ba56f20
Removed /scratch/indikar_root/indikar1/shared_data/hsc_epi2me/work/fb/32efa9016db08d42ba8ad68170a6ec
Removed /scratch/indikar_root/indikar1/shared_data/hsc_epi2me/work/90/e058ffa0c75a0a048e0265ab60d0ff
Removed /scratch/indikar_root/indikar1/shared_data/hsc_epi2me/work/9d/c5e57a3013a783de6351b970b17563
Removed /scratch/indikar_root/indikar1/shared_data/hsc_epi2me/work/d8/f67e5c2405f7e9ff78e256024de12e
Removed /scratch/indikar_root/indikar1/shared_data/hsc_epi2me/work/a4/f1afa0a25168b16774bbe0f724fabe
Removed /scratch/indikar_root/indikar1/shared_data/hsc_epi2me/work/60/b9795aa443c81836587b2c7bc01310
Removed /scratch/indikar_root/indikar1/shared_data/hsc_epi2me/work/06/c5c3a5d1d629d2cb78457f47299d26
Removed /scratch/indikar_root/indikar1/shared_data/hsc_epi2me/work/4d/1ee542deaa81ba9e903eeb8c2705f9
Removed /scratch/indikar_root/indikar1/shared_data/hsc_epi2me/work/90/e2e51cfd516ae2744847de61d599fe
Removed /scratch/indikar_root/indikar1/shared_data/hsc_epi2me/work/71/641e1e8f0129d7693fed76296dfdcf
Removed /scratch/indikar_root/indikar1/shared_data/hsc_epi2me/work/10/151b77fe02a125db805a30c7220106
Removed /scratch/indikar_root/indikar1/shared_data/hsc_epi2me/work/6f/6e44d1ce632eaedf00f10cbe0cc9ee
Removed /scratch/indikar_root/indikar1/shared_data/hsc_epi2me/work/1e/15b9288d2ed9917819213ebec06d04
Removed /scratch/indikar_root/indikar1/shared_data/hsc_epi2me/work/51/883e09f6a964e6c955bc3d38ad5982
Removed /scratch/indikar_root/indikar1/shared_data/hsc_epi2me/work/6f/7d9acf2b7b19a08dced40379ecbc9f
Removed /scratch/indikar_root/indikar1/shared_data/hsc_epi2me/work/3d/ba181b04a40ba999d0e0c765e08639
Removed /scratch/indikar_root/indikar1/shared_data/hsc_epi2me/work/87/802ac6e84b5b6c762cd4ce1ddbefa6
Removed /scratch/indikar_root/indikar1/shared_data/hsc_epi2me/work/c1/0e305d3afc38f73b0dd8e00c8495c8
Removed /scratch/indikar_root/indikar1/shared_data/hsc_epi2me/work/a0/e5b63021675a3669f78d0c3ecf9ea8
Removed /scratch/indikar_root/indikar1/shared_data/hsc_epi2me/work/fe/ecc41669e1bba8a746e9abd9dee682
Removed /scratch/indikar_root/indikar1/shared_data/hsc_epi2me/work/9c/f3295f97c5b0cc5599229e8e3c6503
Removed /scratch/indikar_root/indikar1/shared_data/hsc_epi2me/work/61/1d0cb37a2bb0752d9318c7803fec4b
Removed /scratch/indikar_root/indikar1/shared_data/hsc_epi2me/work/ac/8411676ec078fcbcdd7e191e899651
Removed /scratch/indikar_root/indikar1/shared_data/hsc_epi2me/work/8c/51d2a120f7b1fa5d47a3d518bf9116
Removed /scratch/indikar_root/indikar1/shared_data/hsc_epi2me/work/02/d1e7a04265ce9310ce3e5ba031af13
Removed /scratch/indikar_root/indikar1/shared_data/hsc_epi2me/work/9e/7f8420781856126013f0762e360b36
Removed /scratch/indikar_root/indikar1/shared_data/hsc_epi2me/work/b3/8643bf8d70b804042fb13cc032431c
Removed /scratch/indikar_root/indikar1/shared_data/hsc_epi2me/work/9f/d0a07da6567014e74dbc073fd940a6
Removed /scratch/indikar_root/indikar1/shared_data/hsc_epi2me/work/48/5a432d9b60d2162e6efd59585b0157
Removed /scratch/indikar_root/indikar1/shared_data/hsc_epi2me/work/f7/f53b79b9223c2db98b707040796aed
Removed /scratch/indikar_root/indikar1/shared_data/hsc_epi2me/work/a8/66c9d8d5d4f790da1e5d072fb37f35
Removed /scratch/indikar_root/indikar1/shared_data/hsc_epi2me/work/28/6e7af35d484b649309976153c23513
Removed /scratch/indikar_root/indikar1/shared_data/hsc_epi2me/work/67/0e283cab9e289ceb225c9ee20686cf
Removed /scratch/indikar_root/indikar1/shared_data/hsc_epi2me/work/96/8123f4f8fd1258c4470008dfb12311
Removed /scratch/indikar_root/indikar1/shared_data/hsc_epi2me/work/45/1077a7aff3c21eb1a432401dbe054f
Removed /scratch/indikar_root/indikar1/shared_data/hsc_epi2me/work/50/7277db5a41d9446169db58609811d8
Removed /scratch/indikar_root/indikar1/shared_data/hsc_epi2me/work/57/75d64e449c6eabb9b29c10fe8dde29
Removed /scratch/indikar_root/indikar1/shared_data/hsc_epi2me/work/76/27e4ca9b660914ba33e0cc22ea901d
Removed /scratch/indikar_root/indikar1/shared_data/hsc_epi2me/work/39/a1cc2cf9bb8e672d6c225633654f72
Removed /scratch/indikar_root/indikar1/shared_data/hsc_epi2me/work/a8/6c4fd9871af208bbf68060b3955167
Removed /scratch/indikar_root/indikar1/shared_data/hsc_epi2me/work/f6/db883cc64f6c065574bba9f7ad502c
Removed /scratch/indikar_root/indikar1/shared_data/hsc_epi2me/work/68/3b856fffddb147abb81884dc9151d7
Removed /scratch/indikar_root/indikar1/shared_data/hsc_epi2me/work/28/ee4300ce8fd8b8f7239bf509f11b7c
Removed /scratch/indikar_root/indikar1/shared_data/hsc_epi2me/work/05/b0c602fd9c4cbbb8cccb84e78df6e9
Removed /scratch/indikar_root/indikar1/shared_data/hsc_epi2me/work/3b/97c995b4342c252f8f9a6ed393b59b
Removed /scratch/indikar_root/indikar1/shared_data/hsc_epi2me/work/76/0ea884522ae74521a02e24fae12f36
Removed /scratch/indikar_root/indikar1/shared_data/hsc_epi2me/work/02/a14f921b405861bfe20d96a020c686
Removed /scratch/indikar_root/indikar1/shared_data/hsc_epi2me/work/c2/87f56ca94807eb64fc4967c5e32053
Removed /scratch/indikar_root/indikar1/shared_data/hsc_epi2me/work/22/377b203f02d781f30e9dcc6e58b0d2
Removed /scratch/indikar_root/indikar1/shared_data/hsc_epi2me/work/c5/9da6ce1052f4604e8ead00c7065496
Removed /scratch/indikar_root/indikar1/shared_data/hsc_epi2me/work/ec/f8d67df71c1024110f049df2dcae31
Removed /scratch/indikar_root/indikar1/shared_data/hsc_epi2me/work/15/270223dac253076df92a4d6730e5ea
Removed /scratch/indikar_root/indikar1/shared_data/hsc_epi2me/work/10/4ae27fc32fe2fe3f1b1e10e62ea9ae
Removed /scratch/indikar_root/indikar1/shared_data/hsc_epi2me/work/62/3ac58920068a8090bce27355d9c5ea
Removed /scratch/indikar_root/indikar1/shared_data/hsc_epi2me/work/97/c025e01532b7b5a29cd8b4ca60f1a6
Removed /scratch/indikar_root/indikar1/shared_data/hsc_epi2me/work/cb/0572e0aad6a24538495aa4d7733d30
Removed /scratch/indikar_root/indikar1/shared_data/hsc_epi2me/work/4e/15882302a3a9dd1003a7441210d48b
Removed /scratch/indikar_root/indikar1/shared_data/hsc_epi2me/work/0f/8cf6dc456365a400281af27969606b
Removed /scratch/indikar_root/indikar1/shared_data/hsc_epi2me/work/04/6141750cbdce39b5c1f4025bb36e6c
Removed /scratch/indikar_root/indikar1/shared_data/hsc_epi2me/work/07/ace7dc870e08d0d8073a928629d600
Removed /scratch/indikar_root/indikar1/shared_data/hsc_epi2me/work/c4/046610f7f0b32dd10a5b6e7b024d51
Removed /scratch/indikar_root/indikar1/shared_data/hsc_epi2me/work/ad/47641fb693a35c7fa07a8c5369b8ea
Removed /scratch/indikar_root/indikar1/shared_data/hsc_epi2me/work/c3/32ba017dc318a571482d5d7ccb7236
Removed /scratch/indikar_root/indikar1/shared_data/hsc_epi2me/work/1f/ff68e9e2b79044f059281dcf1bf28c
Removed /scratch/indikar_root/indikar1/shared_data/hsc_epi2me/work/9a/59aa6e164f707b1db5d6e448621f68
Removed /scratch/indikar_root/indikar1/shared_data/hsc_epi2me/work/51/60ae679becd21b13028d3c1e8f1edc
Removed /scratch/indikar_root/indikar1/shared_data/hsc_epi2me/work/36/24d35b1f8bb5f748d8a65f8591d0eb
Removed /scratch/indikar_root/indikar1/shared_data/hsc_epi2me/work/45/a798c62d03e815cb577cca1b486b90
Removed /scratch/indikar_root/indikar1/shared_data/hsc_epi2me/work/f2/624ffcc85b7fe225462610ec887276
Removed /scratch/indikar_root/indikar1/shared_data/hsc_epi2me/work/b8/c7818a52509e3bd17c87877725b2ba
Removed /scratch/indikar_root/indikar1/shared_data/hsc_epi2me/work/f1/33e2e5c91061e8ac6469e324ad3dd4
Removed /scratch/indikar_root/indikar1/shared_data/hsc_epi2me/work/b4/ffd5169bd75f128d197545b77619c7
Removed /scratch/indikar_root/indikar1/shared_data/hsc_epi2me/work/f6/5ffbc0dbf2cd18b30c8da4aa8fd82e
Removed /scratch/indikar_root/indikar1/shared_data/hsc_epi2me/work/19/df2e139934c494d5f86c83356b55ad
Removed /scratch/indikar_root/indikar1/shared_data/hsc_epi2me/work/40/d0f786d56056b077510c47202b19b8
Removed /scratch/indikar_root/indikar1/shared_data/hsc_epi2me/work/09/ce142b190bec89c147c5d189de535f
Removed /scratch/indikar_root/indikar1/shared_data/hsc_epi2me/work/1d/54f73bd49a668c7b42080d6a934685
Removed /scratch/indikar_root/indikar1/shared_data/hsc_epi2me/work/57/a6c78e34d9a410c45b45df13fcc794
Removed /scratch/indikar_root/indikar1/shared_data/hsc_epi2me/work/f7/0644cfaa4a20328ed0501c4f3c4660
Removed /scratch/indikar_root/indikar1/shared_data/hsc_epi2me/work/0c/6ec41c60f7a6a7aa354db3125d68ed
Removed /scratch/indikar_root/indikar1/shared_data/hsc_epi2me/work/f0/94825348f1c0c7546eff9a9c3e44de
Removed /scratch/indikar_root/indikar1/shared_data/hsc_epi2me/work/c6/b9300df6809d205685f7810709fb06
Removed /scratch/indikar_root/indikar1/shared_data/hsc_epi2me/work/08/3fdf4929658b6cb710595987918d23
Removed /scratch/indikar_root/indikar1/shared_data/hsc_epi2me/work/5a/21e85830f5ec2e039ef2c484239d08
Removed /scratch/indikar_root/indikar1/shared_data/hsc_epi2me/work/b2/1e30bbefacf7dfde19b80bba73dbda
Removed /scratch/indikar_root/indikar1/shared_data/hsc_epi2me/work/47/f088b3821f06367e10a9fdd94c2d4d
Removed /scratch/indikar_root/indikar1/shared_data/hsc_epi2me/work/a2/17e0984aac7279cd3e555ad73ff05b
Removed /scratch/indikar_root/indikar1/shared_data/hsc_epi2me/work/d1/18b47e0c075a220fe6952afb1fde01
Removed /scratch/indikar_root/indikar1/shared_data/hsc_epi2me/work/33/3d4a00bc9b8b77ec92a36a1b75dae6
Removed /scratch/indikar_root/indikar1/shared_data/hsc_epi2me/work/5c/d2a6c67d9edb59870b2f024ed3c8ed
Removed /scratch/indikar_root/indikar1/shared_data/hsc_epi2me/work/1e/5171d2fb353741767b044b126d7c9e
Removed /scratch/indikar_root/indikar1/shared_data/hsc_epi2me/work/83/8f2d0cac74261cc9eb26884c94b4e5
Removed /scratch/indikar_root/indikar1/shared_data/hsc_epi2me/work/78/852c3e50ff36e5cc9262ce74ed374e
Removed /scratch/indikar_root/indikar1/shared_data/hsc_epi2me/work/16/c55662dff256f497301a239454e907
Removed /scratch/indikar_root/indikar1/shared_data/hsc_epi2me/work/2e/0245151737beb55b5a549dc71bd921
Removed /scratch/indikar_root/indikar1/shared_data/hsc_epi2me/work/de/aae5f54cf2d34704ba4ad531c26c21
Removed /scratch/indikar_root/indikar1/shared_data/hsc_epi2me/work/5e/2e626df8b6e1064f3123d50c8e0f63
Removed /scratch/indikar_root/indikar1/shared_data/hsc_epi2me/work/e5/401163034d7d32ca4fcc7264e39844
Removed /scratch/indikar_root/indikar1/shared_data/hsc_epi2me/work/2b/6e70f89a2b9c363fc4c8ccef725135
Removed /scratch/indikar_root/indikar1/shared_data/hsc_epi2me/work/fb/4784b5f7c1cda1a7ffd7ed52fcf179
Removed /scratch/indikar_root/indikar1/shared_data/hsc_epi2me/work/89/51b5a30b55e387ba7b240f1ffa8d27
Removed /scratch/indikar_root/indikar1/shared_data/hsc_epi2me/work/ec/7918cb07feabb07e0a7c679d692d58
Removed /scratch/indikar_root/indikar1/shared_data/hsc_epi2me/work/da/bb544f326ae5d5f9ad06165ea321f2
Removed /scratch/indikar_root/indikar1/shared_data/hsc_epi2me/work/41/bfa8a16ca88d82201e4ab74753b769
Removed /scratch/indikar_root/indikar1/shared_data/hsc_epi2me/work/ff/74c12ec6b303ef8a02cde86900f169
Removed /scratch/indikar_root/indikar1/shared_data/hsc_epi2me/work/ce/076d18355c8832c065a7434c4f3eb4
Removed /scratch/indikar_root/indikar1/shared_data/hsc_epi2me/work/f6/b753ba9b9f5727b1df170c6d3e9ce3
Removed /scratch/indikar_root/indikar1/shared_data/hsc_epi2me/work/b8/8a2fafd5af53ca7bfa73b940c80d13
Removed /scratch/indikar_root/indikar1/shared_data/hsc_epi2me/work/4f/ee38e6b0435a1817cfc2be9d030963
Removed /scratch/indikar_root/indikar1/shared_data/hsc_epi2me/work/5a/6bfc13240d7452581d64dce2224c31
Removed /scratch/indikar_root/indikar1/shared_data/hsc_epi2me/work/86/5968c428b2ce37f080ad583ca853ff
Removed /scratch/indikar_root/indikar1/shared_data/hsc_epi2me/work/ce/6dc6b21653c75fe7f72c93ed3cc313
Removed /scratch/indikar_root/indikar1/shared_data/hsc_epi2me/work/31/2c2bbf5d09b971d297ed21d1eae128
Removed /scratch/indikar_root/indikar1/shared_data/hsc_epi2me/work/0e/5480600079b770731ad12777e6849f
Removed /scratch/indikar_root/indikar1/shared_data/hsc_epi2me/work/78/ee1ef90bac59da246df5d1251c368e
Removed /scratch/indikar_root/indikar1/shared_data/hsc_epi2me/work/3c/32eb178f5290a286dd983d0d2f9ae3
Removed /scratch/indikar_root/indikar1/shared_data/hsc_epi2me/work/3a/668172e35f649c112885353ba068de
Removed /scratch/indikar_root/indikar1/shared_data/hsc_epi2me/work/73/a1bb3b9afe8bf0eb33731e63fcadd5
Removed /scratch/indikar_root/indikar1/shared_data/hsc_epi2me/work/9b/46c3d97888826c6001e3fc5d7f06ec
Removed /scratch/indikar_root/indikar1/shared_data/hsc_epi2me/work/9b/2e090743ac4d3406ccbe2172a7225c
Removed /scratch/indikar_root/indikar1/shared_data/hsc_epi2me/work/99/d4bec244510a8575f7da3d06d58bdb
Removed /scratch/indikar_root/indikar1/shared_data/hsc_epi2me/work/fa/1cd7484d99367b2ff63b6db80e6c3a
Removed /scratch/indikar_root/indikar1/shared_data/hsc_epi2me/work/f9/ebdb0ee45bd84914736b1fa232193f
Removed /scratch/indikar_root/indikar1/shared_data/hsc_epi2me/work/b4/600e5ff1f48efbadfce267ac8bd6a2
Removed /scratch/indikar_root/indikar1/shared_data/hsc_epi2me/work/0a/b6bbeda5531e284e24df5ebd83bb72
Removed /scratch/indikar_root/indikar1/shared_data/hsc_epi2me/work/d3/f6d241bac3e4b9ecba30f9631ad09b
Removed /scratch/indikar_root/indikar1/shared_data/hsc_epi2me/work/92/e97725248a54c77aed48b54814e241
Removed /scratch/indikar_root/indikar1/shared_data/hsc_epi2me/work/39/d28e13a4cf7715aee5508383f9c8d6
Removed /scratch/indikar_root/indikar1/shared_data/hsc_epi2me/work/22/5a624a9e93fe8ea18cae627bea6485
Removed /scratch/indikar_root/indikar1/shared_data/hsc_epi2me/work/df/ac35487e3f5ab9e500ef991e4a7276
Removed /scratch/indikar_root/indikar1/shared_data/hsc_epi2me/work/b0/5b5b0769bea0a83b34cdc652f79d70
Removed /scratch/indikar_root/indikar1/shared_data/hsc_epi2me/work/cd/95916e69a5a990e666ad0763225538
Removed /scratch/indikar_root/indikar1/shared_data/hsc_epi2me/work/3e/b311112ef18603ba6ba0dade41dc7b
Removed /scratch/indikar_root/indikar1/shared_data/hsc_epi2me/work/7c/de6d6d76cd931d927e82b27120b064
Removed /scratch/indikar_root/indikar1/shared_data/hsc_epi2me/work/be/cd9abab760d4cfddfd6758305245b1
Removed /scratch/indikar_root/indikar1/shared_data/hsc_epi2me/work/ec/c9e9c2b79110bac587c209ed755525
Removed /scratch/indikar_root/indikar1/shared_data/hsc_epi2me/work/81/78ed4f1149d4f22e9b0d0b59324724
Removed /scratch/indikar_root/indikar1/shared_data/hsc_epi2me/work/9c/d9d203bd5206af6d53395379cb70e5
Removed /scratch/indikar_root/indikar1/shared_data/hsc_epi2me/work/12/d222e630e8a691f253205fff5de9fd
Removed /scratch/indikar_root/indikar1/shared_data/hsc_epi2me/work/ab/399ccf0654b81cabedf74e3caeaab0
Removed /scratch/indikar_root/indikar1/shared_data/hsc_epi2me/work/d4/57f16b0667991f6fbab05d2b1977be
Removed /scratch/indikar_root/indikar1/shared_data/hsc_epi2me/work/17/2a6dac75fa78da462b0b62407bc539
Removed /scratch/indikar_root/indikar1/shared_data/hsc_epi2me/work/ba/a632e73442cd673df77a07caa849a4
Removed /scratch/indikar_root/indikar1/shared_data/hsc_epi2me/work/16/f3e730582f4a4a7fb9b39e0e7d1d3d
Removed /scratch/indikar_root/indikar1/shared_data/hsc_epi2me/work/d2/0f35f4fe27714e1db3c91c082a284a
Removed /scratch/indikar_root/indikar1/shared_data/hsc_epi2me/work/a5/568de32e530de2a40e3d5839b3fb4d
Removed /scratch/indikar_root/indikar1/shared_data/hsc_epi2me/work/34/e881930c572843556fbc091763d007
Removed /scratch/indikar_root/indikar1/shared_data/hsc_epi2me/work/93/1b46b1a53edc2e22011180b9ed4b0d
Removed /scratch/indikar_root/indikar1/shared_data/hsc_epi2me/work/13/0265fa48ad59dcdfb24ab731689af0
Removed /scratch/indikar_root/indikar1/shared_data/hsc_epi2me/work/10/54b7de3a2531c5c7537b163ccf052b
Removed /scratch/indikar_root/indikar1/shared_data/hsc_epi2me/work/55/a6469e18238c382c2c56ca00aa0749
Removed /scratch/indikar_root/indikar1/shared_data/hsc_epi2me/work/39/beb4a1ea7b983d27b1e78ee4d8ba0a
Removed /scratch/indikar_root/indikar1/shared_data/hsc_epi2me/work/91/86567e35251ec822c5062246c3bd83
Removed /scratch/indikar_root/indikar1/shared_data/hsc_epi2me/work/96/322ae89183decf1942448a6940a1d3
Removed /scratch/indikar_root/indikar1/shared_data/hsc_epi2me/work/d1/bff0e7932096bd42173690f3711f66
Removed /scratch/indikar_root/indikar1/shared_data/hsc_epi2me/work/75/240fabc10e46e6b0f1ed89fc344271
Removed /scratch/indikar_root/indikar1/shared_data/hsc_epi2me/work/68/a78c3902ea589f4bd73c6ed0844339
Removed /scratch/indikar_root/indikar1/shared_data/hsc_epi2me/work/b0/6859de33c6f43d5ea9535ddac4912d
Removed /scratch/indikar_root/indikar1/shared_data/hsc_epi2me/work/45/902eb40ad38d5061634ca748dedfff
Removed /scratch/indikar_root/indikar1/shared_data/hsc_epi2me/work/1c/c2e2edea202fe3e4517c6077133b08
Removed /scratch/indikar_root/indikar1/shared_data/hsc_epi2me/work/35/af17021431fa7a426a1680bc0e702b
Removed /scratch/indikar_root/indikar1/shared_data/hsc_epi2me/work/7b/daf6e41f99f568e89fb9ba016bb644
Removed /scratch/indikar_root/indikar1/shared_data/hsc_epi2me/work/55/cde713fa26935c2a8dc2d653171e69
Removed /scratch/indikar_root/indikar1/shared_data/hsc_epi2me/work/1a/069b0ff0d8452e5a933d3de4b6f7e5
Removed /scratch/indikar_root/indikar1/shared_data/hsc_epi2me/work/df/cd58300a85bcf79d08e2b032e48779
Removed /scratch/indikar_root/indikar1/shared_data/hsc_epi2me/work/77/3b9fbbce647344074c3d57248e7d5a
Removed /scratch/indikar_root/indikar1/shared_data/hsc_epi2me/work/92/91ef129cd7ad97121b379e821e163f
Removed /scratch/indikar_root/indikar1/shared_data/hsc_epi2me/work/6a/a19c19e3c9ecf29b68cc9322a9f881
Removed /scratch/indikar_root/indikar1/shared_data/hsc_epi2me/work/ee/d6000161f587b697f7af27fd72c362
Removed /scratch/indikar_root/indikar1/shared_data/hsc_epi2me/work/fb/a5f772c4c2bd6b2728887128b6674d
Removed /scratch/indikar_root/indikar1/shared_data/hsc_epi2me/work/d8/1e1eea8f9f5fc7bfba035f6c7a6f02
Removed /scratch/indikar_root/indikar1/shared_data/hsc_epi2me/work/2b/8d61eb3f62356b4a9e50826bb6dadd
Removed /scratch/indikar_root/indikar1/shared_data/hsc_epi2me/work/0e/50bcf0c05d714aae3db3bd07ff50df
Removed /scratch/indikar_root/indikar1/shared_data/hsc_epi2me/work/70/43acc00b7315547b95fd85b6d180aa
Removed /scratch/indikar_root/indikar1/shared_data/hsc_epi2me/work/12/b5635c3386b9778885cf470ff06caf
Removed /scratch/indikar_root/indikar1/shared_data/hsc_epi2me/work/4e/6c7826642fd7070a7f527d1c030cdf
Removed /scratch/indikar_root/indikar1/shared_data/hsc_epi2me/work/24/08252e05bdc61b41e74ae46497d8bc
Removed /scratch/indikar_root/indikar1/shared_data/hsc_epi2me/work/f9/1860035f8906463719068eb6098681
Removed /scratch/indikar_root/indikar1/shared_data/hsc_epi2me/work/42/527661836a5e71c80634adf0996b17
Removed /scratch/indikar_root/indikar1/shared_data/hsc_epi2me/work/b2/b15b5969543252448db803fe5a447d
Removed /scratch/indikar_root/indikar1/shared_data/hsc_epi2me/work/a6/e09a5a3a12f6325fbc4c4ecd67543d
Removed /scratch/indikar_root/indikar1/shared_data/hsc_epi2me/work/53/2c587faf11d0dccca77627936d22bc
Removed /scratch/indikar_root/indikar1/shared_data/hsc_epi2me/work/0c/163727a2f547c789f178f35447ee2f
Removed /scratch/indikar_root/indikar1/shared_data/hsc_epi2me/work/09/4900a4b26b81f2985a2ca739cc5f17
Removed /scratch/indikar_root/indikar1/shared_data/hsc_epi2me/work/2f/501a1ea63e46715afbd7a22852f215
Removed /scratch/indikar_root/indikar1/shared_data/hsc_epi2me/work/1b/ffe1ffc15c7e99dbe2c500e4b52085
Removed /scratch/indikar_root/indikar1/shared_data/hsc_epi2me/work/38/d9e1e46b0ebde636dc3a99e5091e9e
Removed /scratch/indikar_root/indikar1/shared_data/hsc_epi2me/work/f0/9ea520ed7a619ffa29d11ffb22c669
Removed /scratch/indikar_root/indikar1/shared_data/hsc_epi2me/work/8e/368ad937ceb6075489f4ffa05a7944
Removed /scratch/indikar_root/indikar1/shared_data/hsc_epi2me/work/14/0a40a099c163c251c43f9fd902d116
Removed /scratch/indikar_root/indikar1/shared_data/hsc_epi2me/work/b3/648e23c3e3146a721e49c308cbff45
Removed /scratch/indikar_root/indikar1/shared_data/hsc_epi2me/work/a3/c4577322c3ea220ad087048710a422
Removed /scratch/indikar_root/indikar1/shared_data/hsc_epi2me/work/f3/a72f08889e001adb6782b129bc131e
Removed /scratch/indikar_root/indikar1/shared_data/hsc_epi2me/work/b1/78cb20f35bb8396e7a25640a9c8276
Removed /scratch/indikar_root/indikar1/shared_data/hsc_epi2me/work/a8/3f6d8b4f513b923c52c9e5e8cc1c03
Removed /scratch/indikar_root/indikar1/shared_data/hsc_epi2me/work/29/1211575163a0bfb7940e44864660c2
Removed /scratch/indikar_root/indikar1/shared_data/hsc_epi2me/work/6c/5651f054b5da23f570acd7710d8355
Removed /scratch/indikar_root/indikar1/shared_data/hsc_epi2me/work/d5/93e9ad89c5e6d68b33b3a05f73d66e
Removed /scratch/indikar_root/indikar1/shared_data/hsc_epi2me/work/19/da73a15c393225e7425bbd0a0176fe
Removed /scratch/indikar_root/indikar1/shared_data/hsc_epi2me/work/63/21ca9554e730261ac1bbcb3eac778f
Removed /scratch/indikar_root/indikar1/shared_data/hsc_epi2me/work/ee/b3f81e6e5b1c97ef7ece112a5bace2
Removed /scratch/indikar_root/indikar1/shared_data/hsc_epi2me/work/41/cdb02de33864abe34d4871cfc9c92c
Removed /scratch/indikar_root/indikar1/shared_data/hsc_epi2me/work/66/cf272522c23ba290ef9b32dca0ad9e
Removed /scratch/indikar_root/indikar1/shared_data/hsc_epi2me/work/d5/60509a036a4a0f1781420d56988020
Removed /scratch/indikar_root/indikar1/shared_data/hsc_epi2me/work/32/b4eb773c9ed37e43930123699766f0
Removed /scratch/indikar_root/indikar1/shared_data/hsc_epi2me/work/30/c0dedf12c32752bad470b1eb3f1784
Removed /scratch/indikar_root/indikar1/shared_data/hsc_epi2me/work/22/363263a39bba8ececeecc3dab93263
Removed /scratch/indikar_root/indikar1/shared_data/hsc_epi2me/work/9a/0e2713df928e15e2b8a74b7519547c
Removed /scratch/indikar_root/indikar1/shared_data/hsc_epi2me/work/7c/a6ebf1ca577f94fdb5095296a8676f
Removed /scratch/indikar_root/indikar1/shared_data/hsc_epi2me/work/ef/462c1a7471687b4a15ef220001b947
Removed /scratch/indikar_root/indikar1/shared_data/hsc_epi2me/work/58/80f4fbee7fffe02a3c969478f1c65e
Removed /scratch/indikar_root/indikar1/shared_data/hsc_epi2me/work/3f/be25ba7fdad301dd7c89b4fb46fc41
Removed /scratch/indikar_root/indikar1/shared_data/hsc_epi2me/work/2e/ba2563e0c4661d18ac1b0196c01644
Removed /scratch/indikar_root/indikar1/shared_data/hsc_epi2me/work/6e/2e5b18ee08d2b3bcd95380f7670f1e
Removed /scratch/indikar_root/indikar1/shared_data/hsc_epi2me/work/ab/13f75f7da0f49a2f47fb38270301d3
Removed /scratch/indikar_root/indikar1/shared_data/hsc_epi2me/work/07/1af3e61ecdfe45f1281cab74f67c22
Removed /scratch/indikar_root/indikar1/shared_data/hsc_epi2me/work/74/3087770ca76cd44a0a8cec6d6c4934
Removed /scratch/indikar_root/indikar1/shared_data/hsc_epi2me/work/80/75227d92bc4198faca615e974af6e9
Removed /scratch/indikar_root/indikar1/shared_data/hsc_epi2me/work/54/1d8457a769bf90dbab2b4ec933d24f
Removed /scratch/indikar_root/indikar1/shared_data/hsc_epi2me/work/72/8c4a74f7623619d9b668cba7371bb6
Removed /scratch/indikar_root/indikar1/shared_data/hsc_epi2me/work/ff/1927a210497cef9568059316a46e80
Removed /scratch/indikar_root/indikar1/shared_data/hsc_epi2me/work/86/bcfd9fb86047dbd681202d85489782
Removed /scratch/indikar_root/indikar1/shared_data/hsc_epi2me/work/02/2f5d72d2b39f3217f516ba06d7dd87
Removed /scratch/indikar_root/indikar1/shared_data/hsc_epi2me/work/3a/8e2351ee37cced17ee5516c32dd34e
Removed /scratch/indikar_root/indikar1/shared_data/hsc_epi2me/work/76/2622e236ac2b11c4b67679b1b07380
Removed /scratch/indikar_root/indikar1/shared_data/hsc_epi2me/work/34/958dc900d33ae0010cba199500ac52
Removed /scratch/indikar_root/indikar1/shared_data/hsc_epi2me/work/0d/af52fb91f47d12c5c796156aeb32ba
Removed /scratch/indikar_root/indikar1/shared_data/hsc_epi2me/work/12/95a2ef7bc64d3be9f698e4caa174c8
Removed /scratch/indikar_root/indikar1/shared_data/hsc_epi2me/work/ed/56467637d74923d247c2a499503cb7
Removed /scratch/indikar_root/indikar1/shared_data/hsc_epi2me/work/fb/020e0268108af93423db3a88856cbf
Removed /scratch/indikar_root/indikar1/shared_data/hsc_epi2me/work/1b/21e64d223e1de2afcacc2894c63778
Removed /scratch/indikar_root/indikar1/shared_data/hsc_epi2me/work/0b/974672abe9007033ae054303023044
Removed /scratch/indikar_root/indikar1/shared_data/hsc_epi2me/work/dc/4c5f18c4ea3e6dc5e37cd622d98299
Removed /scratch/indikar_root/indikar1/shared_data/hsc_epi2me/work/76/af4f6c0309c0ea83995b3dfcdf60b8
Removed /scratch/indikar_root/indikar1/shared_data/hsc_epi2me/work/16/5047cf226d61d50cae0d63814cafb7
Removed /scratch/indikar_root/indikar1/shared_data/hsc_epi2me/work/56/a54c76721365f80bf61c64604785a2
Removed /scratch/indikar_root/indikar1/shared_data/hsc_epi2me/work/a5/6e2d8e644428eceb6a0c195ff05896
Removed /scratch/indikar_root/indikar1/shared_data/hsc_epi2me/work/eb/0bc40c682cf559a0c81d7c1ba5f6ad
Removed /scratch/indikar_root/indikar1/shared_data/hsc_epi2me/work/1e/6609919132f43699aa6b0818dfe345
Removed /scratch/indikar_root/indikar1/shared_data/hsc_epi2me/work/8d/525a9557757d6693a40d3f6673c486
Removed /scratch/indikar_root/indikar1/shared_data/hsc_epi2me/work/ba/176653cbc1ac0a93a40c37a0f0c532
Removed /scratch/indikar_root/indikar1/shared_data/hsc_epi2me/work/ff/0f251787b69079bdc2735789ab7ace
Removed /scratch/indikar_root/indikar1/shared_data/hsc_epi2me/work/de/edaf45e1a37bff35474c91cbcb59ae
Removed /scratch/indikar_root/indikar1/shared_data/hsc_epi2me/work/3a/9069d63c6b8348ec51ec2b8b66f98f
Removed /scratch/indikar_root/indikar1/shared_data/hsc_epi2me/work/58/356665d939dc1d3990b0372a2087d0
Removed /scratch/indikar_root/indikar1/shared_data/hsc_epi2me/work/ed/5a9f540f3383204c12852f138e8eaa
Removed /scratch/indikar_root/indikar1/shared_data/hsc_epi2me/work/a7/96145d5b978e06e1206a6697884304
Removed /scratch/indikar_root/indikar1/shared_data/hsc_epi2me/work/a8/c7370f2b728d4e2a0e12fd1b78aa3e
Removed /scratch/indikar_root/indikar1/shared_data/hsc_epi2me/work/10/d426e66198e8bef424e368916d848c
Removed /scratch/indikar_root/indikar1/shared_data/hsc_epi2me/work/87/758b4d78f6c3688c3f4581a5fbd697
Removed /scratch/indikar_root/indikar1/shared_data/hsc_epi2me/work/e8/b7f07b2727c7de8620eb6e7dfde3bb
Removed /scratch/indikar_root/indikar1/shared_data/hsc_epi2me/work/9f/fa92894eb2b78944a7bd07bb36b54c
Removed /scratch/indikar_root/indikar1/shared_data/hsc_epi2me/work/7e/04c9027c21b98501dce85721891d74
Removed /scratch/indikar_root/indikar1/shared_data/hsc_epi2me/work/ae/4ec22961a068bd1c6cbeefc82fb631
Removed /scratch/indikar_root/indikar1/shared_data/hsc_epi2me/work/f6/100489c5e25ce62b514fd54ff4127d
Removed /scratch/indikar_root/indikar1/shared_data/hsc_epi2me/work/63/c51d59378249406cbeaf0a563cabe4
Removed /scratch/indikar_root/indikar1/shared_data/hsc_epi2me/work/a7/1c300193daf3382b89fbf488c6aa40
Removed /scratch/indikar_root/indikar1/shared_data/hsc_epi2me/work/07/de3bc2f7648c7e59882a6db86686c4
Removed /scratch/indikar_root/indikar1/shared_data/hsc_epi2me/work/88/d4544277b855fbea6dd2c5a07b5bed
Removed /scratch/indikar_root/indikar1/shared_data/hsc_epi2me/work/c3/e32b3067833f5251bf67d5579c72d0
Removed /scratch/indikar_root/indikar1/shared_data/hsc_epi2me/work/c0/e1a8da7107791deacd90f519654581
Removed /scratch/indikar_root/indikar1/shared_data/hsc_epi2me/work/37/14d196696902e23d07a239988b2f39
Removed /scratch/indikar_root/indikar1/shared_data/hsc_epi2me/work/39/637596350238321d7990c3dbc18a0f
Removed /scratch/indikar_root/indikar1/shared_data/hsc_epi2me/work/41/bb4b6204091788c169872d577f3e79
Removed /scratch/indikar_root/indikar1/shared_data/hsc_epi2me/work/ef/fb5721e2721ecad20eb22b857264fd
Removed /scratch/indikar_root/indikar1/shared_data/hsc_epi2me/work/11/35cafdcb815c0a54a51836d77edd18
Removed /scratch/indikar_root/indikar1/shared_data/hsc_epi2me/work/29/2b8dc59fec5b8c03e3861204ef54e4
Removed /scratch/indikar_root/indikar1/shared_data/hsc_epi2me/work/b1/09d10817000c981f0c2bf17290dc5d
Removed /scratch/indikar_root/indikar1/shared_data/hsc_epi2me/work/f7/f4333abc4855f075fa50ce9a6173bc
Removed /scratch/indikar_root/indikar1/shared_data/hsc_epi2me/work/b7/49eadbae5e99447621ea0b016959f0
Removed /scratch/indikar_root/indikar1/shared_data/hsc_epi2me/work/3a/f3d23e2b0a323713b875391c659c26
Removed /scratch/indikar_root/indikar1/shared_data/hsc_epi2me/work/1a/304373b08718c16176b0b4807c7ecd
Removed /scratch/indikar_root/indikar1/shared_data/hsc_epi2me/work/df/04433f01a78594e6368f7a51a8f435
Removed /scratch/indikar_root/indikar1/shared_data/hsc_epi2me/work/e1/496afcb0fd48e2027430c318fab16c
Removed /scratch/indikar_root/indikar1/shared_data/hsc_epi2me/work/94/7fba421f98332bcdf71863963aefee
Removed /scratch/indikar_root/indikar1/shared_data/hsc_epi2me/work/92/960d6cf5355100858356bb957e0ae5
Removed /scratch/indikar_root/indikar1/shared_data/hsc_epi2me/work/1d/47eaeac1594b0345a01098315bf6fb
Removed /scratch/indikar_root/indikar1/shared_data/hsc_epi2me/work/d5/242f809ba3c98ee8fbb9a292e8ed23
Removed /scratch/indikar_root/indikar1/shared_data/hsc_epi2me/work/16/2230f2e09935ab8ef7374480c4e203
Removed /scratch/indikar_root/indikar1/shared_data/hsc_epi2me/work/6b/994d504bfdce1cb60f8a96cd3d0d55
Removed /scratch/indikar_root/indikar1/shared_data/hsc_epi2me/work/6d/0b2c0ad410f1e692984602f5dfc348
Removed /scratch/indikar_root/indikar1/shared_data/hsc_epi2me/work/52/a4c3066d137d898b27f619601c55ba
Removed /scratch/indikar_root/indikar1/shared_data/hsc_epi2me/work/f3/650beda9370eebe545dfedfaed7125
Removed /scratch/indikar_root/indikar1/shared_data/hsc_epi2me/work/98/0bde45fe54a709baa88900db683e9d
Removed /scratch/indikar_root/indikar1/shared_data/hsc_epi2me/work/10/dbd661d136f4eef1816f5db9238464
Removed /scratch/indikar_root/indikar1/shared_data/hsc_epi2me/work/f4/03cd0671e34ddabd3679af6b1dba74
Removed /scratch/indikar_root/indikar1/shared_data/hsc_epi2me/work/ee/f3b18b35e04bac39545ccf13dadc9f
Removed /scratch/indikar_root/indikar1/shared_data/hsc_epi2me/work/fa/9152c64f0962da9dcb9ab603fa60b6
Removed /scratch/indikar_root/indikar1/shared_data/hsc_epi2me/work/3e/a652ece65fbae58422e4f05f94301b
Removed /scratch/indikar_root/indikar1/shared_data/hsc_epi2me/work/f0/bbfc41c0444fa514b3d0375a95b37c
Removed /scratch/indikar_root/indikar1/shared_data/hsc_epi2me/work/da/6937160b571d78579e8861bbbe50d7
Removed /scratch/indikar_root/indikar1/shared_data/hsc_epi2me/work/be/27677e0923bd4bff769cda32fcad68
Removed /scratch/indikar_root/indikar1/shared_data/hsc_epi2me/work/10/cdd9802467f7b842672972b33bdd05
Removed /scratch/indikar_root/indikar1/shared_data/hsc_epi2me/work/45/00cfdf91915850dc2cbcdae6f8dda2
Removed /scratch/indikar_root/indikar1/shared_data/hsc_epi2me/work/fb/c29b46282fd00a752b47bb91f696ad
Removed /scratch/indikar_root/indikar1/shared_data/hsc_epi2me/work/0a/f22d5c1ae72627ec5dd5944fd94b7b
Removed /scratch/indikar_root/indikar1/shared_data/hsc_epi2me/work/77/32435df354f350b164123342c89bb0
Removed /scratch/indikar_root/indikar1/shared_data/hsc_epi2me/work/d6/16e70d8387ead53e8770656af3302e
Removed /scratch/indikar_root/indikar1/shared_data/hsc_epi2me/work/cd/2b2a50fb5760d5cd638d2c41c74cf2
Removed /scratch/indikar_root/indikar1/shared_data/hsc_epi2me/work/aa/79661b1accaf327ab8d3feda4414db
Removed /scratch/indikar_root/indikar1/shared_data/hsc_epi2me/work/54/5fb473e398f44ffd74b3b1f36cb9af
Removed /scratch/indikar_root/indikar1/shared_data/hsc_epi2me/work/e2/7e2156100e31e7d19629dffb033e85
Removed /scratch/indikar_root/indikar1/shared_data/hsc_epi2me/work/48/69cd73fbd7770a1f60037c637c28b0
Removed /scratch/indikar_root/indikar1/shared_data/hsc_epi2me/work/05/6c6b234888bd573b4ce34f74ce07e6
Removed /scratch/indikar_root/indikar1/shared_data/hsc_epi2me/work/5a/52ac825bca2f4dd44e48d2c4290cae
Removed /scratch/indikar_root/indikar1/shared_data/hsc_epi2me/work/16/fd20f116cc04eae61308a8467c785e
Removed /scratch/indikar_root/indikar1/shared_data/hsc_epi2me/work/c4/e257c654c782620fc024a5eb76ccb6
Removed /scratch/indikar_root/indikar1/shared_data/hsc_epi2me/work/96/6c5ec9652469e0b57e45fa13c0f09e
Removed /scratch/indikar_root/indikar1/shared_data/hsc_epi2me/work/1a/c4f91163aff5f92b8f4676ea950879
Removed /scratch/indikar_root/indikar1/shared_data/hsc_epi2me/work/d7/6e7607375c51151bbcd24471baabc9
Removed /scratch/indikar_root/indikar1/shared_data/hsc_epi2me/work/9c/906a2fcc8cf6f1bce27560c42133ea
Removed /scratch/indikar_root/indikar1/shared_data/hsc_epi2me/work/ea/3ac3859197e78e701945fdc8ae9184
Removed /scratch/indikar_root/indikar1/shared_data/hsc_epi2me/work/a5/7003524568db2c05cadd766524eeee
Removed /scratch/indikar_root/indikar1/shared_data/hsc_epi2me/work/64/80bf033379988061983b6531276a46
Removed /scratch/indikar_root/indikar1/shared_data/hsc_epi2me/work/f7/5f6b0cf02cfb8deafc32169f3a27dc
Removed /scratch/indikar_root/indikar1/shared_data/hsc_epi2me/work/a5/6a78e4b73a40727b8e6c3f2691a102
Removed /scratch/indikar_root/indikar1/shared_data/hsc_epi2me/work/bd/8d2591f8731a3b91903ae25511c3ee
Removed /scratch/indikar_root/indikar1/shared_data/hsc_epi2me/work/fb/5c33770accb7466e6be71517024966
Removed /scratch/indikar_root/indikar1/shared_data/hsc_epi2me/work/43/762ffbcdce02ad3ee2956c51af996f
Removed /scratch/indikar_root/indikar1/shared_data/hsc_epi2me/work/97/84a9109a262784a450531d82a12194
Removed /scratch/indikar_root/indikar1/shared_data/hsc_epi2me/work/44/2bac61471fa2ea037cdd94d39268df
Removed /scratch/indikar_root/indikar1/shared_data/hsc_epi2me/work/e3/b155800d24746fc45420ceb5fc707e
Removed /scratch/indikar_root/indikar1/shared_data/hsc_epi2me/work/ac/bf706bd9853670c89e45f1168dbffd
Removed /scratch/indikar_root/indikar1/shared_data/hsc_epi2me/work/af/45cd8c19a3d6fc3cbb57624fd4e97e
Removed /scratch/indikar_root/indikar1/shared_data/hsc_epi2me/work/9e/5fed6d9e03975dcb4f71c54659a565
Removed /scratch/indikar_root/indikar1/shared_data/hsc_epi2me/work/eb/46d495085c728c429e39d040f7c7b0
Removed /scratch/indikar_root/indikar1/shared_data/hsc_epi2me/work/a1/5b9b91fc21fa94d76faff7af3879a9
Removed /scratch/indikar_root/indikar1/shared_data/hsc_epi2me/work/ea/c9eb2859884bbf7ebd486fac4175c6
Removed /scratch/indikar_root/indikar1/shared_data/hsc_epi2me/work/d8/ff9b291340160ec264c1edba496c1b
Removed /scratch/indikar_root/indikar1/shared_data/hsc_epi2me/work/84/d75d2098e62e3b306473ae8b5febe6
Removed /scratch/indikar_root/indikar1/shared_data/hsc_epi2me/work/f5/57bd90a8ae7cfcc0371865645a6b5a
Removed /scratch/indikar_root/indikar1/shared_data/hsc_epi2me/work/bf/385394984a9c29b396360c4900a157
Removed /scratch/indikar_root/indikar1/shared_data/hsc_epi2me/work/f4/98162365c797e6e48728d156e7f1b8
Removed /scratch/indikar_root/indikar1/shared_data/hsc_epi2me/work/5a/ecf918bf5c821f04c9c97b99914d05
Removed /scratch/indikar_root/indikar1/shared_data/hsc_epi2me/work/cf/f5347477cda359ae99dda1ee026af0
Removed /scratch/indikar_root/indikar1/shared_data/hsc_epi2me/work/08/c97842ec86b8959a584a6dbb00b924
Removed /scratch/indikar_root/indikar1/shared_data/hsc_epi2me/work/41/02ffa711703e8dd31a6266c735189a
Removed /scratch/indikar_root/indikar1/shared_data/hsc_epi2me/work/8e/8f7d1ae4b0178b755f107d02860ead
Removed /scratch/indikar_root/indikar1/shared_data/hsc_epi2me/work/5a/1e0d8ba140c66426c36b61011e04b1
Removed /scratch/indikar_root/indikar1/shared_data/hsc_epi2me/work/05/8285c4cdd732fb1e4943690b1f9065
Removed /scratch/indikar_root/indikar1/shared_data/hsc_epi2me/work/18/de2f8afb6ffd5133b788ebdcd3f981
Removed /scratch/indikar_root/indikar1/shared_data/hsc_epi2me/work/2a/bd389d262844da0dd2dedbb1c49026
Removed /scratch/indikar_root/indikar1/shared_data/hsc_epi2me/work/4b/d0a627b21575f12b90616f22753921
Removed /scratch/indikar_root/indikar1/shared_data/hsc_epi2me/work/5b/f6cfbcb0a871dc49ce069737945c61
Removed /scratch/indikar_root/indikar1/shared_data/hsc_epi2me/work/76/6e9306520be3fb17f0a141e2b88336
Removed /scratch/indikar_root/indikar1/shared_data/hsc_epi2me/work/3d/6b4de5eb3cbb5bd600c46668e188ab
Removed /scratch/indikar_root/indikar1/shared_data/hsc_epi2me/work/9b/c976f61b76beb94a036504ca1e7249
Removed /scratch/indikar_root/indikar1/shared_data/hsc_epi2me/work/de/1e7a0b62c63911d35f162b807789d8
Removed /scratch/indikar_root/indikar1/shared_data/hsc_epi2me/work/d2/caf59eef09e14ee48731fd4e0bdd90
Removed /scratch/indikar_root/indikar1/shared_data/hsc_epi2me/work/9c/10465edd5335c786162eb2e2ff060c
Removed /scratch/indikar_root/indikar1/shared_data/hsc_epi2me/work/fd/9bfba2618b538b0e9b992b6270bb86
Removed /scratch/indikar_root/indikar1/shared_data/hsc_epi2me/work/0b/de7dd56e37d81b6d744a0461171c3d
Removed /scratch/indikar_root/indikar1/shared_data/hsc_epi2me/work/b3/a60c0f0a1353625b4ba2ec9796984f
Removed /scratch/indikar_root/indikar1/shared_data/hsc_epi2me/work/1c/66a95e3a5772cc50951a2f37deabfc
Removed /scratch/indikar_root/indikar1/shared_data/hsc_epi2me/work/89/1f461514bed1a5a4595ac3be575f33
Removed /scratch/indikar_root/indikar1/shared_data/hsc_epi2me/work/6b/b38e527e115fbe367c52e6513ce740
Removed /scratch/indikar_root/indikar1/shared_data/hsc_epi2me/work/eb/3974b613f8f0c3ba9f305997fe387b
Removed /scratch/indikar_root/indikar1/shared_data/hsc_epi2me/work/4e/d40fde3c02b10f72a0b24b29510e24
Removed /scratch/indikar_root/indikar1/shared_data/hsc_epi2me/work/af/5b28f6c718a622818b99b5a402e9f0
Removed /scratch/indikar_root/indikar1/shared_data/hsc_epi2me/work/af/1866524e973a1586b971d961c9728c
Removed /scratch/indikar_root/indikar1/shared_data/hsc_epi2me/work/d1/cc45607cb057c1b6c7813e32912ba2
Removed /scratch/indikar_root/indikar1/shared_data/hsc_epi2me/work/41/a95cb426f91db45c37813b72d45f7e
Removed /scratch/indikar_root/indikar1/shared_data/hsc_epi2me/work/71/02b7c1cfc51268fe5560f19811fd19
Removed /scratch/indikar_root/indikar1/shared_data/hsc_epi2me/work/93/eed84415228a7c1bdf1f3de4e73098
Removed /scratch/indikar_root/indikar1/shared_data/hsc_epi2me/work/f0/b3c66b98e1fe6d0ba0cc8c45367222
Removed /scratch/indikar_root/indikar1/shared_data/hsc_epi2me/work/6a/232914ba701b54ddff663a2246df38
Removed /scratch/indikar_root/indikar1/shared_data/hsc_epi2me/work/8a/f2bd96e5d16300e9018c3ea8e18101
Removed /scratch/indikar_root/indikar1/shared_data/hsc_epi2me/work/dd/b1f689c46fd1af62aada53d6c5bfd4
Removed /scratch/indikar_root/indikar1/shared_data/hsc_epi2me/work/a9/34a9796a4f43284c7cce42562f9e60
Removed /scratch/indikar_root/indikar1/shared_data/hsc_epi2me/work/4d/4dfbb5e6880f83400016562d13bd89
Removed /scratch/indikar_root/indikar1/shared_data/hsc_epi2me/work/56/7c804852691ec8805b0331cb738c65
Removed /scratch/indikar_root/indikar1/shared_data/hsc_epi2me/work/bb/b6c292044be3626bcdd5aca18bfeb9
Removed /scratch/indikar_root/indikar1/shared_data/hsc_epi2me/work/f3/268b8dd5b6b54fa86b9ed8f34903ce
Removed /scratch/indikar_root/indikar1/shared_data/hsc_epi2me/work/d7/dc3da64a83655fb1b726bd890729f5
Removed /scratch/indikar_root/indikar1/shared_data/hsc_epi2me/work/6c/2e1e2d1dc04bcb1dc7508e7c60b088
Removed /scratch/indikar_root/indikar1/shared_data/hsc_epi2me/work/1b/4cc4bf445905603464305b5b29b0c1
Removed /scratch/indikar_root/indikar1/shared_data/hsc_epi2me/work/87/f091986b7cd70937bc6ecc5b6b08de
Removed /scratch/indikar_root/indikar1/shared_data/hsc_epi2me/work/b3/bf4a59a47a920e43e9df87ff1b8095
Removed /scratch/indikar_root/indikar1/shared_data/hsc_epi2me/work/c9/d795060bbcc09aea2c524ce0af9186
Removed /scratch/indikar_root/indikar1/shared_data/hsc_epi2me/work/c7/6eb3466152d66f362ee0069d5603b9
Removed /scratch/indikar_root/indikar1/shared_data/hsc_epi2me/work/42/6acb5224c73396467763f572f6dad9
Removed /scratch/indikar_root/indikar1/shared_data/hsc_epi2me/work/14/9a3d4f3aef62881238bbddd1d44f33
Removed /scratch/indikar_root/indikar1/shared_data/hsc_epi2me/work/b8/dfa881e7f9a5cfc06836f6905a3663
Removed /scratch/indikar_root/indikar1/shared_data/hsc_epi2me/work/b0/7110967d46bbe59026501c8b351126
Removed /scratch/indikar_root/indikar1/shared_data/hsc_epi2me/work/84/0f19dcd218b2317f82f0c72d97fc5e
Removed /scratch/indikar_root/indikar1/shared_data/hsc_epi2me/work/8a/da04fe8bfe40f2c633a00fc8a0cacf
Removed /scratch/indikar_root/indikar1/shared_data/hsc_epi2me/work/ee/0ac998af30c918ebd1a7d25fcb5433
Removed /scratch/indikar_root/indikar1/shared_data/hsc_epi2me/work/0d/3d4b59ee2742c983cbe6693f2d6070
Removed /scratch/indikar_root/indikar1/shared_data/hsc_epi2me/work/20/64621122817bb87a824e19a912bcc5
Removed /scratch/indikar_root/indikar1/shared_data/hsc_epi2me/work/fb/bd2fa801ea423d59b74807db064930
Removed /scratch/indikar_root/indikar1/shared_data/hsc_epi2me/work/8f/fe6861b8ce9e4a1e59269801c26389
Removed /scratch/indikar_root/indikar1/shared_data/hsc_epi2me/work/ba/1d6fd7540cd8284bda92647600a8bb
Removed /scratch/indikar_root/indikar1/shared_data/hsc_epi2me/work/a5/2525fd58c227f6877438b032d2229b
Removed /scratch/indikar_root/indikar1/shared_data/hsc_epi2me/work/93/82177eeeea98cbd0bef3b3a0b044a2
Removed /scratch/indikar_root/indikar1/shared_data/hsc_epi2me/work/9a/7ff09c5d2f3fcd859d64639036898d
Removed /scratch/indikar_root/indikar1/shared_data/hsc_epi2me/work/42/01ccb1f41d80d962fa807991d1ee5d
Removed /scratch/indikar_root/indikar1/shared_data/hsc_epi2me/work/da/f4d38edc9c2f15d04a57a393df9be3
Removed /scratch/indikar_root/indikar1/shared_data/hsc_epi2me/work/9c/2249315e29821269694f4a2754b7ba
Removed /scratch/indikar_root/indikar1/shared_data/hsc_epi2me/work/8e/a9b5325901545df2527fe1b8936131
Removed /scratch/indikar_root/indikar1/shared_data/hsc_epi2me/work/41/45e5aa815877c242e6f2bf80979b8b
Removed /scratch/indikar_root/indikar1/shared_data/hsc_epi2me/work/03/fa9ccb11dc19baa27492b524bbdad3
Removed /scratch/indikar_root/indikar1/shared_data/hsc_epi2me/work/b6/82d96c454620edb792c0e19b86bfab
Removed /scratch/indikar_root/indikar1/shared_data/hsc_epi2me/work/60/3179f1a7f784d5124d20d8d23f6405
Removed /scratch/indikar_root/indikar1/shared_data/hsc_epi2me/work/9f/eb088f609f1d8338c9d9127836384f
Removed /scratch/indikar_root/indikar1/shared_data/hsc_epi2me/work/5a/5129abd5e424dddeebe04bcc7bb5c8
Removed /scratch/indikar_root/indikar1/shared_data/hsc_epi2me/work/ae/18ca923b6269485adef718c88680ef
Removed /scratch/indikar_root/indikar1/shared_data/hsc_epi2me/work/51/73d874de3998c780ba5c83ab31e35d
Removed /scratch/indikar_root/indikar1/shared_data/hsc_epi2me/work/b6/f956a866036ee61c1d7fea76cf0069
Removed /scratch/indikar_root/indikar1/shared_data/hsc_epi2me/work/e2/6fcca2d4d5cb725527b0fd67742246
Removed /scratch/indikar_root/indikar1/shared_data/hsc_epi2me/work/2f/d5d072f663457eb9cf381e2c01fed6
Removed /scratch/indikar_root/indikar1/shared_data/hsc_epi2me/work/70/d977992cde15c65be49f3e490412b3
Removed /scratch/indikar_root/indikar1/shared_data/hsc_epi2me/work/20/9c65464f33099ab8fb9fd4065dab18
Removed /scratch/indikar_root/indikar1/shared_data/hsc_epi2me/work/c2/fe965df9ba73b627d336c82c02969d
Removed /scratch/indikar_root/indikar1/shared_data/hsc_epi2me/work/03/ae96bbaca3ce184aae758e3397b4f3
Removed /scratch/indikar_root/indikar1/shared_data/hsc_epi2me/work/db/ce4693cb0f334c3e060bb8eeb0eec4
Removed /scratch/indikar_root/indikar1/shared_data/hsc_epi2me/work/38/5c55c73bba85af1ba2f4ccd0d275b6
Removed /scratch/indikar_root/indikar1/shared_data/hsc_epi2me/work/5f/b7629fdc750bdd289cd8a658639df8
Removed /scratch/indikar_root/indikar1/shared_data/hsc_epi2me/work/11/bb41249c2c967cf484f4b34eb82662
Removed /scratch/indikar_root/indikar1/shared_data/hsc_epi2me/work/0b/fbe850e1acafb1a21b87eb92438a0e
Removed /scratch/indikar_root/indikar1/shared_data/hsc_epi2me/work/dc/4e5fd251e51273fffafa7ee95e3bf0
Removed /scratch/indikar_root/indikar1/shared_data/hsc_epi2me/work/e9/b8d61713945b4eaba5ca0a62ebb4d4
Removed /scratch/indikar_root/indikar1/shared_data/hsc_epi2me/work/ac/24afaedcfc8f11b23b8e8d0cbbf471
Removed /scratch/indikar_root/indikar1/shared_data/hsc_epi2me/work/21/40cf8eb95e7f1819403680397014a8
Removed /scratch/indikar_root/indikar1/shared_data/hsc_epi2me/work/55/6680864ad39a8fca464bf45657332c
Removed /scratch/indikar_root/indikar1/shared_data/hsc_epi2me/work/ae/1501e9f228279d92d6851096c1eb32
Removed /scratch/indikar_root/indikar1/shared_data/hsc_epi2me/work/61/07c8432dd1bc0b63222756c02649af
Removed /scratch/indikar_root/indikar1/shared_data/hsc_epi2me/work/bc/04df232350e605cdd5b60d5ccecd16
Removed /scratch/indikar_root/indikar1/shared_data/hsc_epi2me/work/72/3a8e89eba30b57dccbc65db8c3a9d5
Removed /scratch/indikar_root/indikar1/shared_data/hsc_epi2me/work/6a/80420fec50c44f03857880680aa975
Removed /scratch/indikar_root/indikar1/shared_data/hsc_epi2me/work/9a/966c82497ca9466ed4a75295043dc3
Removed /scratch/indikar_root/indikar1/shared_data/hsc_epi2me/work/c4/495f4dd3e702a2826351c0a9b68376
Removed /scratch/indikar_root/indikar1/shared_data/hsc_epi2me/work/f5/9a8f9d0590e45829c27a481b52dd01
Removed /scratch/indikar_root/indikar1/shared_data/hsc_epi2me/work/a1/7135b1014c8f2af7dd9e7c30c57b5c
Removed /scratch/indikar_root/indikar1/shared_data/hsc_epi2me/work/4b/9d2480b19937703bee4482600fe2a2
Removed /scratch/indikar_root/indikar1/shared_data/hsc_epi2me/work/c4/e57cde50468b164e03db34b5530f1b
Removed /scratch/indikar_root/indikar1/shared_data/hsc_epi2me/work/cd/64aeb4a8efbafa996281985a4f0f5a
Removed /scratch/indikar_root/indikar1/shared_data/hsc_epi2me/work/94/33f65db5a8f60f0ba2cf67ec3bd813
Removed /scratch/indikar_root/indikar1/shared_data/hsc_epi2me/work/94/e624f509d0486253d0352737f06471
Removed /scratch/indikar_root/indikar1/shared_data/hsc_epi2me/work/38/9b25669bf0204ee5952e561987c2ac
Removed /scratch/indikar_root/indikar1/shared_data/hsc_epi2me/work/c3/5827f59aeca9ca50129936416a174c
Removed /scratch/indikar_root/indikar1/shared_data/hsc_epi2me/work/d9/f7a4f822d6097d14dc4298a6187b08
Removed /scratch/indikar_root/indikar1/shared_data/hsc_epi2me/work/a5/28f737283a5d561e68a9bdc290f9b3
Removed /scratch/indikar_root/indikar1/shared_data/hsc_epi2me/work/77/96f6430978a50d476b72bfd7316972
Removed /scratch/indikar_root/indikar1/shared_data/hsc_epi2me/work/7a/34a9f21d35d3b0d7bf55c4e6751226
Removed /scratch/indikar_root/indikar1/shared_data/hsc_epi2me/work/ca/de4f23a4f2f37facf1fd6fa372f2aa
Removed /scratch/indikar_root/indikar1/shared_data/hsc_epi2me/work/90/95509f79089364d1a0b4c7dbee5e32
Removed /scratch/indikar_root/indikar1/shared_data/hsc_epi2me/work/b2/f43b830bb0607ba0778321c8f96c5f
Removed /scratch/indikar_root/indikar1/shared_data/hsc_epi2me/work/3e/6078b31233781719480097f3007454
Removed /scratch/indikar_root/indikar1/shared_data/hsc_epi2me/work/93/851fc9fc5486a667b5717d31e5e0bf
Removed /scratch/indikar_root/indikar1/shared_data/hsc_epi2me/work/27/1b5359a7b3e053a1fe025d090ea232
Removed /scratch/indikar_root/indikar1/shared_data/hsc_epi2me/work/f1/f5fb9a4bc4d67ab83946947f854bae
Removed /scratch/indikar_root/indikar1/shared_data/hsc_epi2me/work/87/7efdc1f4a5bdec656dde00824f0635
Removed /scratch/indikar_root/indikar1/shared_data/hsc_epi2me/work/d5/c8f84a5f51ffc3b32f39b3faff17fe
Removed /scratch/indikar_root/indikar1/shared_data/hsc_epi2me/work/ff/1b9eb2a911b1ee53acabbbba7aa082
Removed /scratch/indikar_root/indikar1/shared_data/hsc_epi2me/work/2f/eb12bf24251ca27e074fa06292fdd7
Removed /scratch/indikar_root/indikar1/shared_data/hsc_epi2me/work/1b/38e386937a250504cdd1a3a61b1258
Removed /scratch/indikar_root/indikar1/shared_data/hsc_epi2me/work/8b/7f6d057ee3e220ea7da3e86b3bc8f1
Removed /scratch/indikar_root/indikar1/shared_data/hsc_epi2me/work/c4/9ca31cb311d958135d2ed78c726ee4
Removed /scratch/indikar_root/indikar1/shared_data/hsc_epi2me/work/a3/d2354201b61b37c974dda470689cc8
Removed /scratch/indikar_root/indikar1/shared_data/hsc_epi2me/work/26/b37f1fc7ba153859407e3e74ab1cc5
Removed /scratch/indikar_root/indikar1/shared_data/hsc_epi2me/work/12/d8f6c2b4b0943ce49a92c2911d73ee
Removed /scratch/indikar_root/indikar1/shared_data/hsc_epi2me/work/6a/47a77517d192d94b54d57fa4368729
Removed /scratch/indikar_root/indikar1/shared_data/hsc_epi2me/work/05/4746b59062b2a9282f2108430a45c2
Removed /scratch/indikar_root/indikar1/shared_data/hsc_epi2me/work/4b/ac3d56d69222bd86fb72c41884fdf6
Removed /scratch/indikar_root/indikar1/shared_data/hsc_epi2me/work/92/abb315cb8ffe96b41d2f6c5efd4d4f
Removed /scratch/indikar_root/indikar1/shared_data/hsc_epi2me/work/af/c90ab496537eb52ee2c53ed06faee9
Removed /scratch/indikar_root/indikar1/shared_data/hsc_epi2me/work/ff/c9c8eb7141407e32cda9bdc59fb4cf
Removed /scratch/indikar_root/indikar1/shared_data/hsc_epi2me/work/84/0d82ef39bcf8e555813853bbccd1fd
Removed /scratch/indikar_root/indikar1/shared_data/hsc_epi2me/work/4b/d20814493aa896f2fb6570043f8a2c
Removed /scratch/indikar_root/indikar1/shared_data/hsc_epi2me/work/9c/958456b3cf183848839ebc26d5ec60
Removed /scratch/indikar_root/indikar1/shared_data/hsc_epi2me/work/09/19f4766c2f1b572de8bf4781b0102b
Removed /scratch/indikar_root/indikar1/shared_data/hsc_epi2me/work/24/4409840f11522a2e171496f14041c2
Removed /scratch/indikar_root/indikar1/shared_data/hsc_epi2me/work/26/0e76b22e59d973f05ab0fd7d50254d
Removed /scratch/indikar_root/indikar1/shared_data/hsc_epi2me/work/41/7095e564e165b7e690225f141b783a
Removed /scratch/indikar_root/indikar1/shared_data/hsc_epi2me/work/23/2a17367d4eddf6ba5e63aa809830a6
Removed /scratch/indikar_root/indikar1/shared_data/hsc_epi2me/work/2c/65bcf9f28b65802e5968884a6f00f4
Removed /scratch/indikar_root/indikar1/shared_data/hsc_epi2me/work/ed/3a24e1d2831e082cf9867574b2ffa0
Removed /scratch/indikar_root/indikar1/shared_data/hsc_epi2me/work/aa/0aec5322b229576fc85a918aa54199
Removed /scratch/indikar_root/indikar1/shared_data/hsc_epi2me/work/aa/e42d0b60f11333a2e033ea6c45cb85
Removed /scratch/indikar_root/indikar1/shared_data/hsc_epi2me/work/03/d10ce889da33de20af32855e3b3a7a
Removed /scratch/indikar_root/indikar1/shared_data/hsc_epi2me/work/03/0b13216f78f6771ff47c2ac92baef1
Removed /scratch/indikar_root/indikar1/shared_data/hsc_epi2me/work/64/a506caffd00c9a66c2cbeaf3032fd3
Removed /scratch/indikar_root/indikar1/shared_data/hsc_epi2me/work/bd/3535970933122ca5aa364c3acdb65d
Removed /scratch/indikar_root/indikar1/shared_data/hsc_epi2me/work/c4/8b082d72677119c6afe28768f1fe97
Removed /scratch/indikar_root/indikar1/shared_data/hsc_epi2me/work/d9/903065e28e50a086758c2cb05c36d0
Removed /scratch/indikar_root/indikar1/shared_data/hsc_epi2me/work/e5/69aca539bc9beb029f1bb0a15d2cb8
Removed /scratch/indikar_root/indikar1/shared_data/hsc_epi2me/work/17/7d722bb3bfc506144075365ce7cf7b
Removed /scratch/indikar_root/indikar1/shared_data/hsc_epi2me/work/b9/5c1de98fcc2f7db0ad89e7e54f5861
Removed /scratch/indikar_root/indikar1/shared_data/hsc_epi2me/work/9d/929c6bc77a198e6fb4520f18344606
Removed /scratch/indikar_root/indikar1/shared_data/hsc_epi2me/work/7b/a29a74be779576424ee19edec1e325
Removed /scratch/indikar_root/indikar1/shared_data/hsc_epi2me/work/a5/320450cc1f3c8768f2acdbbf2d309b
Removed /scratch/indikar_root/indikar1/shared_data/hsc_epi2me/work/4c/6063a15339373513df0f199b80cfc6
Removed /scratch/indikar_root/indikar1/shared_data/hsc_epi2me/work/9a/c6206cbb3867e63ee5f7e688204839
Removed /scratch/indikar_root/indikar1/shared_data/hsc_epi2me/work/96/4db24a5d79ffb9c35e27341762bcc5
Removed /scratch/indikar_root/indikar1/shared_data/hsc_epi2me/work/a2/aebbeeebf2b270a9e14994ffe9c87e
Removed /scratch/indikar_root/indikar1/shared_data/hsc_epi2me/work/6c/2e9b7586ca9e675701e369acb50b3d
Removed /scratch/indikar_root/indikar1/shared_data/hsc_epi2me/work/f6/d305926ad592b9f5263aa031e67d91
Removed /scratch/indikar_root/indikar1/shared_data/hsc_epi2me/work/44/a9bad25e3928c4eac73cd09da7effb
Removed /scratch/indikar_root/indikar1/shared_data/hsc_epi2me/work/94/f7d1519da1316e55d2e5005ce61b8d
Removed /scratch/indikar_root/indikar1/shared_data/hsc_epi2me/work/44/a899446f7030558df4f31bee7475e6
Removed /scratch/indikar_root/indikar1/shared_data/hsc_epi2me/work/c0/9514f701ddcb3889a9f078cbc7b28b
Removed /scratch/indikar_root/indikar1/shared_data/hsc_epi2me/work/63/e62fccd20e501fa48838626502679f
Removed /scratch/indikar_root/indikar1/shared_data/hsc_epi2me/work/ed/1bad7acecb87805609c707b550b076
Removed /scratch/indikar_root/indikar1/shared_data/hsc_epi2me/work/79/7ee82ef8e2da053359209b95edfab3
Removed /scratch/indikar_root/indikar1/shared_data/hsc_epi2me/work/f2/be3858f90f0188864539d733e1e40a
Removed /scratch/indikar_root/indikar1/shared_data/hsc_epi2me/work/52/b99c2c47e52130372fccfc2710562b
Removed /scratch/indikar_root/indikar1/shared_data/hsc_epi2me/work/16/ad888deec675ddaf07a9890e70e631
Removed /scratch/indikar_root/indikar1/shared_data/hsc_epi2me/work/e8/ca5acf10dccdc42ef628045d938ac4
Removed /scratch/indikar_root/indikar1/shared_data/hsc_epi2me/work/6d/344915b1819c908da7e63019cf009c
Removed /scratch/indikar_root/indikar1/shared_data/hsc_epi2me/work/01/8475b9b89a52eb79f2677f4eb7a09a
Removed /scratch/indikar_root/indikar1/shared_data/hsc_epi2me/work/af/b6256b1743906180681a74142e48e2
Removed /scratch/indikar_root/indikar1/shared_data/hsc_epi2me/work/18/d961a4314f26bad9ee165fce8d98d8
Removed /scratch/indikar_root/indikar1/shared_data/hsc_epi2me/work/a2/b45c332d99c1568595becb96ff1366
Removed /scratch/indikar_root/indikar1/shared_data/hsc_epi2me/work/8b/3d7e10f0c59d340d6248b44046054c
Removed /scratch/indikar_root/indikar1/shared_data/hsc_epi2me/work/b4/f7c01ddea95b3ebf770b7a5ce469d3
Removed /scratch/indikar_root/indikar1/shared_data/hsc_epi2me/work/36/e50b427fe780b2d35db4b7032cd0f5
Removed /scratch/indikar_root/indikar1/shared_data/hsc_epi2me/work/9c/061de79f1ceef5e328426a23166959
Removed /scratch/indikar_root/indikar1/shared_data/hsc_epi2me/work/fd/cd630cb0c09434af841747fae97273
Removed /scratch/indikar_root/indikar1/shared_data/hsc_epi2me/work/cc/699b9e5b11960ce0283467b62e9239
Removed /scratch/indikar_root/indikar1/shared_data/hsc_epi2me/work/da/be4e8a077fb130cc0e4935f8cb64b8
Removed /scratch/indikar_root/indikar1/shared_data/hsc_epi2me/work/89/b5de039b1464125b85a91e0b9e89fb
Removed /scratch/indikar_root/indikar1/shared_data/hsc_epi2me/work/77/3a2c9d08d9194f9b36e33a596b2a04
Removed /scratch/indikar_root/indikar1/shared_data/hsc_epi2me/work/af/f527a02e23aa23c799e4d9e64cb5d2
Removed /scratch/indikar_root/indikar1/shared_data/hsc_epi2me/work/c3/05b8ad1757fefc0543175ee786ce6f
Removed /scratch/indikar_root/indikar1/shared_data/hsc_epi2me/work/87/b20468ad333a1803303e6d015ee50f
Removed /scratch/indikar_root/indikar1/shared_data/hsc_epi2me/work/50/372c14bbba231bc74c3be196f6ac90
Removed /scratch/indikar_root/indikar1/shared_data/hsc_epi2me/work/c5/59dbbda60cf93b642b4379c63905f4
Removed /scratch/indikar_root/indikar1/shared_data/hsc_epi2me/work/a6/420f83d02b28b3e14669daf107956a
Removed /scratch/indikar_root/indikar1/shared_data/hsc_epi2me/work/14/2e85dd5327af2f42e39666d7b2daff
Removed /scratch/indikar_root/indikar1/shared_data/hsc_epi2me/work/26/1bd67154df1678419bca41cedc2c37
Removed /scratch/indikar_root/indikar1/shared_data/hsc_epi2me/work/83/9267070bd0a1c52c5a39e25de3c427
Removed /scratch/indikar_root/indikar1/shared_data/hsc_epi2me/work/63/2894436c8b7bf0c602a487bf268296
Removed /scratch/indikar_root/indikar1/shared_data/hsc_epi2me/work/f5/85a0cbae1a378a426b8d09bc028a8f
Removed /scratch/indikar_root/indikar1/shared_data/hsc_epi2me/work/0f/bc18e1f8d4210bed8840f99d6f9edf
Removed /scratch/indikar_root/indikar1/shared_data/hsc_epi2me/work/e4/d31980f43a078dc9130423ae95eb8a
Removed /scratch/indikar_root/indikar1/shared_data/hsc_epi2me/work/41/1200e27fa4e6f0d665aa6cddf60860
Removed /scratch/indikar_root/indikar1/shared_data/hsc_epi2me/work/d4/7a4688f7b0a3c1f7049c677f8d5570
Removed /scratch/indikar_root/indikar1/shared_data/hsc_epi2me/work/e5/6a3d84c9bf8e6aad7a972f3b4b6fa5
Removed /scratch/indikar_root/indikar1/shared_data/hsc_epi2me/work/aa/55b33beb1d49424c4ca78a382118d5
Removed /scratch/indikar_root/indikar1/shared_data/hsc_epi2me/work/e5/0566ab40f26b5bb8abdf5efeea46a1
Removed /scratch/indikar_root/indikar1/shared_data/hsc_epi2me/work/f5/f3070d07a0b36f4342a486aee9c273
Removed /scratch/indikar_root/indikar1/shared_data/hsc_epi2me/work/67/53e8767c1bf60cc55cde9c2085d2e1
Removed /scratch/indikar_root/indikar1/shared_data/hsc_epi2me/work/e9/3b1cd2fdd321da2c211406de1432cd
Removed /scratch/indikar_root/indikar1/shared_data/hsc_epi2me/work/07/66e74bd0873bfa8ee20768ea2b1d1c
Removed /scratch/indikar_root/indikar1/shared_data/hsc_epi2me/work/d3/9dacaf7e88e5a1814e079fda88f63b
Removed /scratch/indikar_root/indikar1/shared_data/hsc_epi2me/work/b6/9970f309547620f37dca32b1f525e0
Removed /scratch/indikar_root/indikar1/shared_data/hsc_epi2me/work/40/31908f08b743426ca015ff20d02747
Removed /scratch/indikar_root/indikar1/shared_data/hsc_epi2me/work/c5/f660ee392cd6492a820f209e96fd97
Removed /scratch/indikar_root/indikar1/shared_data/hsc_epi2me/work/5a/570d02c4b0d45b0f9c8c46e0b05631
Removed /scratch/indikar_root/indikar1/shared_data/hsc_epi2me/work/9d/5ca8236703666c21372b2ae9be936f
Removed /scratch/indikar_root/indikar1/shared_data/hsc_epi2me/work/9e/67d2a228784ee2aabbace7b54c481d
Removed /scratch/indikar_root/indikar1/shared_data/hsc_epi2me/work/f4/b2334f61a92a302864d244e6557fda
Removed /scratch/indikar_root/indikar1/shared_data/hsc_epi2me/work/05/c8b51eddf31ccb4f2ef79236252d84
Removed /scratch/indikar_root/indikar1/shared_data/hsc_epi2me/work/fa/dad266d23be60a13f31b80cc60a33c
Removed /scratch/indikar_root/indikar1/shared_data/hsc_epi2me/work/73/e362cc3ce82ebe8c989485b6c6ca86
Removed /scratch/indikar_root/indikar1/shared_data/hsc_epi2me/work/1b/2e254c19ec7532858ec2e7ffbf4418
Removed /scratch/indikar_root/indikar1/shared_data/hsc_epi2me/work/c4/7f48110892d35af80b066b004bd7d5
Removed /scratch/indikar_root/indikar1/shared_data/hsc_epi2me/work/1f/427161eab8862929bba1d51b759ebb
Removed /scratch/indikar_root/indikar1/shared_data/hsc_epi2me/work/c2/598bd1697d94d455f9a68d56252680
Removed /scratch/indikar_root/indikar1/shared_data/hsc_epi2me/work/2f/d71bde97ff602b9bfc802aa04d1a91
Removed /scratch/indikar_root/indikar1/shared_data/hsc_epi2me/work/36/5f27da70f35bc4fb221751fec5f00f
Removed /scratch/indikar_root/indikar1/shared_data/hsc_epi2me/work/43/7039274a99281a29a50e8c71023aca
Removed /scratch/indikar_root/indikar1/shared_data/hsc_epi2me/work/a7/77549827a2a81afd338ae82f2b1cdd
Removed /scratch/indikar_root/indikar1/shared_data/hsc_epi2me/work/29/ca596d0093b0b8c67bcb72c80946bb
Removed /scratch/indikar_root/indikar1/shared_data/hsc_epi2me/work/0a/9c17c291870f67925a0a26259e8f63
Removed /scratch/indikar_root/indikar1/shared_data/hsc_epi2me/work/52/3a5433641fcd0bc6493aa9998f94aa
Removed /scratch/indikar_root/indikar1/shared_data/hsc_epi2me/work/bc/580a773eaae62368ec342faf1ca988
Removed /scratch/indikar_root/indikar1/shared_data/hsc_epi2me/work/67/7071187a2d594494b35b6dc16e7368
Removed /scratch/indikar_root/indikar1/shared_data/hsc_epi2me/work/70/97bf2c48795949a37d3bd5ba9668b7
Removed /scratch/indikar_root/indikar1/shared_data/hsc_epi2me/work/2e/f1e532c8dc4995ce45e0b7a99acb81
Removed /scratch/indikar_root/indikar1/shared_data/hsc_epi2me/work/83/b73d2edf138c5c284401d09e17b1f7
Removed /scratch/indikar_root/indikar1/shared_data/hsc_epi2me/work/c6/57330a39ce53f9b7c80947a74b0fa9
Removed /scratch/indikar_root/indikar1/shared_data/hsc_epi2me/work/d0/d8c41833ac449c0281266b55bd30bb
Removed /scratch/indikar_root/indikar1/shared_data/hsc_epi2me/work/d6/56f475aa6f18b7324e4aa190e1593c
Removed /scratch/indikar_root/indikar1/shared_data/hsc_epi2me/work/f4/1a73b99176c68fcfc45f45013b8390
Removed /scratch/indikar_root/indikar1/shared_data/hsc_epi2me/work/b5/c0e378ee70cf84b81bfc7073c8ba4e
Removed /scratch/indikar_root/indikar1/shared_data/hsc_epi2me/work/d4/ddeb0a7640d33864e57ee6133525bd
Removed /scratch/indikar_root/indikar1/shared_data/hsc_epi2me/work/e4/5942b079ec29eab6f7c9ee0390574e
Removed /scratch/indikar_root/indikar1/shared_data/hsc_epi2me/work/d2/324537403ab41c89f18fd6b5cbf0fa
Removed /scratch/indikar_root/indikar1/shared_data/hsc_epi2me/work/c2/ccb26283ae10dc93e82a3c23ae3099
Removed /scratch/indikar_root/indikar1/shared_data/hsc_epi2me/work/27/bb14cfe98a81acf6f1bdd12997e710
Removed /scratch/indikar_root/indikar1/shared_data/hsc_epi2me/work/a1/6baf65bd6e84c335c79587154c28c5
Removed /scratch/indikar_root/indikar1/shared_data/hsc_epi2me/work/87/bf7a0cb226593dc37aaddbc3358daf
Removed /scratch/indikar_root/indikar1/shared_data/hsc_epi2me/work/b5/587844c6b87bca4b70f03f9a829093
Removed /scratch/indikar_root/indikar1/shared_data/hsc_epi2me/work/a1/036b814b3706b4dd607b90dd9b5f03
Removed /scratch/indikar_root/indikar1/shared_data/hsc_epi2me/work/a8/cc9194b2199905b1493853199255fe
Removed /scratch/indikar_root/indikar1/shared_data/hsc_epi2me/work/30/172cd82c84e400107c04d96aca50b0
Removed /scratch/indikar_root/indikar1/shared_data/hsc_epi2me/work/c0/0b4a28aa35bbddb5dcaa4deb1be0fa
Removed /scratch/indikar_root/indikar1/shared_data/hsc_epi2me/work/13/c2156ec8ecbc44dcc0b7e596065ee7
Removed /scratch/indikar_root/indikar1/shared_data/hsc_epi2me/work/e8/c278006116aecf3612880201cda484
Removed /scratch/indikar_root/indikar1/shared_data/hsc_epi2me/work/50/8496e9d1fb057b143c178c3ccb1573
Removed /scratch/indikar_root/indikar1/shared_data/hsc_epi2me/work/c1/003b076c25e646186cc77e50c9a68f
Removed /scratch/indikar_root/indikar1/shared_data/hsc_epi2me/work/f0/14c1bfba84b1c8d735b1e27b752e72
Removed /scratch/indikar_root/indikar1/shared_data/hsc_epi2me/work/f9/498692be07cf501b763a34c9254b9d
Removed /scratch/indikar_root/indikar1/shared_data/hsc_epi2me/work/14/9c4ac19158f511156774201f21958e
Removed /scratch/indikar_root/indikar1/shared_data/hsc_epi2me/work/fa/0ee78e1874ab0fa69ca95c0ce838dc
Removed /scratch/indikar_root/indikar1/shared_data/hsc_epi2me/work/46/24d8711063671154234eba588367f3
Removed /scratch/indikar_root/indikar1/shared_data/hsc_epi2me/work/c3/91d1646247c61718e5d0422e8d349c
Removed /scratch/indikar_root/indikar1/shared_data/hsc_epi2me/work/af/5e3d854dd52ed73ee7a1079aefe740
Removed /scratch/indikar_root/indikar1/shared_data/hsc_epi2me/work/b6/e558f1e4ab1950c8b5e75c6cf14a9a
Removed /scratch/indikar_root/indikar1/shared_data/hsc_epi2me/work/94/1d3183a4c58880299f8804cbeb85ff
Removed /scratch/indikar_root/indikar1/shared_data/hsc_epi2me/work/b0/a61256a4af4c7b760a909e4f2025a7
Removed /scratch/indikar_root/indikar1/shared_data/hsc_epi2me/work/ef/30b17594ab0a60e7a29871cc0d09a1
Removed /scratch/indikar_root/indikar1/shared_data/hsc_epi2me/work/d3/d0d6cd0695b365594b51d0448d5f35
Removed /scratch/indikar_root/indikar1/shared_data/hsc_epi2me/work/b0/c69fc8ae6ccb77d3b25162a2e6f2f3
Removed /scratch/indikar_root/indikar1/shared_data/hsc_epi2me/work/67/28c5db64b4e33814c27d0d1fbe42d8
Removed /scratch/indikar_root/indikar1/shared_data/hsc_epi2me/work/b7/90eef128391b4bf103773a574fad82
Removed /scratch/indikar_root/indikar1/shared_data/hsc_epi2me/work/68/b388a4f1fff89eb0bac6eeb348aaa0
Removed /scratch/indikar_root/indikar1/shared_data/hsc_epi2me/work/f0/e283b2bc607e32fe30a4c50d60348d
Removed /scratch/indikar_root/indikar1/shared_data/hsc_epi2me/work/b6/b0b480a008883a34b16c659ba65fe5
Removed /scratch/indikar_root/indikar1/shared_data/hsc_epi2me/work/68/e254be5a043cc27932e6669e0115f6
Removed /scratch/indikar_root/indikar1/shared_data/hsc_epi2me/work/81/06d6f6deb9fa05d37daa667f8bbb9b
Removed /scratch/indikar_root/indikar1/shared_data/hsc_epi2me/work/09/ae46e4196dcf49673c2888f36a4651
Removed /scratch/indikar_root/indikar1/shared_data/hsc_epi2me/work/49/d1482361d45feb1569aa19097b9827
Removed /scratch/indikar_root/indikar1/shared_data/hsc_epi2me/work/0d/fc5166c5f900bb5c483c7afd71bba9
Removed /scratch/indikar_root/indikar1/shared_data/hsc_epi2me/work/57/b639b732c1f9ced5585ce28fbc1377
Removed /scratch/indikar_root/indikar1/shared_data/hsc_epi2me/work/f8/74e1a4341da6779e6b3b7878410a29
Removed /scratch/indikar_root/indikar1/shared_data/hsc_epi2me/work/6b/9775b22f889f871e2dafccc003926b
Removed /scratch/indikar_root/indikar1/shared_data/hsc_epi2me/work/f1/5f36ecb9eb6ad703213c16845bcec4
Removed /scratch/indikar_root/indikar1/shared_data/hsc_epi2me/work/c4/ffa85b59de627132b58159281b571f
Removed /scratch/indikar_root/indikar1/shared_data/hsc_epi2me/work/02/fb7b6d7825dab820808926778dc0e0
Removed /scratch/indikar_root/indikar1/shared_data/hsc_epi2me/work/da/349b5a02421e419a71fc9596fb37bc
Removed /scratch/indikar_root/indikar1/shared_data/hsc_epi2me/work/00/b65b35b5b41617cf80c77ebecd5704
Removed /scratch/indikar_root/indikar1/shared_data/hsc_epi2me/work/d5/43dca991542f8a1ce272a2eabbb291
Removed /scratch/indikar_root/indikar1/shared_data/hsc_epi2me/work/ca/53939ed611796d3f9d7cbcd263519a
Removed /scratch/indikar_root/indikar1/shared_data/hsc_epi2me/work/51/d777dde4ef287d77dd812a1331c697
Removed /scratch/indikar_root/indikar1/shared_data/hsc_epi2me/work/8e/d448c0a176fe6c3bd183aa6bf18e30
Removed /scratch/indikar_root/indikar1/shared_data/hsc_epi2me/work/68/1010f1ebf77896840e4f485c01bd16
Removed /scratch/indikar_root/indikar1/shared_data/hsc_epi2me/work/2b/15b14916632d9fdb115cc9b5720294
Removed /scratch/indikar_root/indikar1/shared_data/hsc_epi2me/work/89/78eca34615381eca0e3881ad14e242
Removed /scratch/indikar_root/indikar1/shared_data/hsc_epi2me/work/19/d192e3fad8f23f27711a8e2af612d8
Removed /scratch/indikar_root/indikar1/shared_data/hsc_epi2me/work/f3/26e657491fecaaf0b3f92c52d1fdc0
Removed /scratch/indikar_root/indikar1/shared_data/hsc_epi2me/work/8a/cdfcde108028ca94bdd0809ce4bed4
Removed /scratch/indikar_root/indikar1/shared_data/hsc_epi2me/work/6f/bd33f6a5fc4fa2c8feae07d3ebb54d
Removed /scratch/indikar_root/indikar1/shared_data/hsc_epi2me/work/82/0fb4c9658a18a587a25183822216ce
Removed /scratch/indikar_root/indikar1/shared_data/hsc_epi2me/work/0b/594ae8fb5356c4f43ecf7698aac3b5
Removed /scratch/indikar_root/indikar1/shared_data/hsc_epi2me/work/bc/06b47d681ccfc5719a8210fafae24d
Removed /scratch/indikar_root/indikar1/shared_data/hsc_epi2me/work/ae/129218ff35b806b788a466fb8533e1
Removed /scratch/indikar_root/indikar1/shared_data/hsc_epi2me/work/96/a962aad1e2e75d7e4c53f62ff201c7
Removed /scratch/indikar_root/indikar1/shared_data/hsc_epi2me/work/1c/2f2951b6ab6e5e83d8dfb685a82c23
Removed /scratch/indikar_root/indikar1/shared_data/hsc_epi2me/work/9a/45e5fce9ad1bdd2532148982cb4228
Removed /scratch/indikar_root/indikar1/shared_data/hsc_epi2me/work/46/1cf127673e6b99af65584d07b17c19
Removed /scratch/indikar_root/indikar1/shared_data/hsc_epi2me/work/b1/69577b53ef08b4caea4c413cf43d82
Removed /scratch/indikar_root/indikar1/shared_data/hsc_epi2me/work/20/6cd857a9e18fcc3aad49d274078be1
Removed /scratch/indikar_root/indikar1/shared_data/hsc_epi2me/work/f1/56340e4c10b9271e8b771493c9fd3a
Removed /scratch/indikar_root/indikar1/shared_data/hsc_epi2me/work/d4/195871dc6ff09e874a8103a78988c2
Removed /scratch/indikar_root/indikar1/shared_data/hsc_epi2me/work/86/1ccebf93e87248c529de502f568a7e
Removed /scratch/indikar_root/indikar1/shared_data/hsc_epi2me/work/19/d498de22b0986d439da2f3a0fc3a1e
Removed /scratch/indikar_root/indikar1/shared_data/hsc_epi2me/work/6e/b7ac851804540eb4c6b4155963d5e0
Removed /scratch/indikar_root/indikar1/shared_data/hsc_epi2me/work/0e/2d7a994268951fbe6287c3011328e3
Removed /scratch/indikar_root/indikar1/shared_data/hsc_epi2me/work/c1/a3d170242fb5d8657dc6db09b265aa
Removed /scratch/indikar_root/indikar1/shared_data/hsc_epi2me/work/1a/4813d7ed2cdb85da08cf98a118198f
Removed /scratch/indikar_root/indikar1/shared_data/hsc_epi2me/work/2b/9eb8260fb261e76a74ee9aadb7edcc
Removed /scratch/indikar_root/indikar1/shared_data/hsc_epi2me/work/2b/e729a720ba06baebaf2796ee656757
Removed /scratch/indikar_root/indikar1/shared_data/hsc_epi2me/work/65/7cb354f988cce4c094a4c37aa4f4a6
Removed /scratch/indikar_root/indikar1/shared_data/hsc_epi2me/work/f8/de08f46a95a42d0bbda9888090e54f
Removed /scratch/indikar_root/indikar1/shared_data/hsc_epi2me/work/59/923711399e84603a648ba3c8429140
Removed /scratch/indikar_root/indikar1/shared_data/hsc_epi2me/work/1f/83a59999466794061f001466d3850a
Removed /scratch/indikar_root/indikar1/shared_data/hsc_epi2me/work/02/1402cb0d96ccfc18c6e66623b25c15
Removed /scratch/indikar_root/indikar1/shared_data/hsc_epi2me/work/91/67bc3e03f672dd8653ab03de0976e3
Removed /scratch/indikar_root/indikar1/shared_data/hsc_epi2me/work/3e/58a84f3d541a51afd4e67171155b2f
Removed /scratch/indikar_root/indikar1/shared_data/hsc_epi2me/work/b7/5c95042a5c6b9ec234e20c891750b5
Removed /scratch/indikar_root/indikar1/shared_data/hsc_epi2me/work/05/3e04d330bcaaa0f832c3c7b4c3a7ed
Removed /scratch/indikar_root/indikar1/shared_data/hsc_epi2me/work/cd/9bee5b7aa26ec8cebabcccfabb90c9
Removed /scratch/indikar_root/indikar1/shared_data/hsc_epi2me/work/ec/b60df952b6b8abe78c1124f3e3a98e
Removed /scratch/indikar_root/indikar1/shared_data/hsc_epi2me/work/bf/20f09b0a5ee53f557dff022aaf8537
Removed /scratch/indikar_root/indikar1/shared_data/hsc_epi2me/work/ae/171a486b04eb0b632577721c2cd40a
Removed /scratch/indikar_root/indikar1/shared_data/hsc_epi2me/work/75/dff9040c9df9c6981d5fc13ebc23dd
Removed /scratch/indikar_root/indikar1/shared_data/hsc_epi2me/work/c0/f64a406f7e047f286637c76b2c6253
Removed /scratch/indikar_root/indikar1/shared_data/hsc_epi2me/work/47/94bca7d65e65cec227c5421fcaf754
Removed /scratch/indikar_root/indikar1/shared_data/hsc_epi2me/work/68/25d39fd1fe2291842491a3a1173a06
Removed /scratch/indikar_root/indikar1/shared_data/hsc_epi2me/work/b5/39244554d39e215c39594e0c73554a
Removed /scratch/indikar_root/indikar1/shared_data/hsc_epi2me/work/82/ca4ce0a61102ca0026f8b942a19f7e
Removed /scratch/indikar_root/indikar1/shared_data/hsc_epi2me/work/92/ce72961e989df8e5e2f3aca6266019
Removed /scratch/indikar_root/indikar1/shared_data/hsc_epi2me/work/39/345311d8ceddcae189c3306ae9c269
Removed /scratch/indikar_root/indikar1/shared_data/hsc_epi2me/work/bd/efe10138d9622025a0ebae4359a7eb
Removed /scratch/indikar_root/indikar1/shared_data/hsc_epi2me/work/d6/44943fffa1f803ac48ebe7033708b7
Removed /scratch/indikar_root/indikar1/shared_data/hsc_epi2me/work/a5/8448cfae37054f198f82604b2d0f55
Removed /scratch/indikar_root/indikar1/shared_data/hsc_epi2me/work/e7/8163a3b1517e335976db0b27b42462
Removed /scratch/indikar_root/indikar1/shared_data/hsc_epi2me/work/4e/bf1f5397c544a5a75348ed04f036d4
Removed /scratch/indikar_root/indikar1/shared_data/hsc_epi2me/work/34/b55d12cf0bcd2f652308b97ecd03eb
Removed /scratch/indikar_root/indikar1/shared_data/hsc_epi2me/work/f1/a44a260e6278451c570cec3fc4cb1b
Removed /scratch/indikar_root/indikar1/shared_data/hsc_epi2me/work/3f/f88b541528e6f18d48c5175da26d46
Removed /scratch/indikar_root/indikar1/shared_data/hsc_epi2me/work/6d/2f8c48cea6c409f28d308e35bf8ab0
Removed /scratch/indikar_root/indikar1/shared_data/hsc_epi2me/work/ea/569b9a48e74c5b29caf01bb7e6997d
Removed /scratch/indikar_root/indikar1/shared_data/hsc_epi2me/work/d2/8d238bda0f92ff8b51755e181407bc
Removed /scratch/indikar_root/indikar1/shared_data/hsc_epi2me/work/c3/e08e3d2f98e0d5160e3f643b8a89be
Removed /scratch/indikar_root/indikar1/shared_data/hsc_epi2me/work/b9/5b9caa84e56ed22584ec592d357f65
Removed /scratch/indikar_root/indikar1/shared_data/hsc_epi2me/work/48/4b79ccc657f2b0aa54bb16ef25a5e8
Removed /scratch/indikar_root/indikar1/shared_data/hsc_epi2me/work/74/6453af73e2d000689cf5a563a27bf1
Removed /scratch/indikar_root/indikar1/shared_data/hsc_epi2me/work/8c/7e0e1248da6640e269cadb019d1149
Removed /scratch/indikar_root/indikar1/shared_data/hsc_epi2me/work/cb/d3bb194ab9913021b1bf299e85335b
Removed /scratch/indikar_root/indikar1/shared_data/hsc_epi2me/work/35/c0aa322101db674cd57e3a53ee4dcf
Removed /scratch/indikar_root/indikar1/shared_data/hsc_epi2me/work/95/dc68325d32c07d2db40bd83e14be0f
Removed /scratch/indikar_root/indikar1/shared_data/hsc_epi2me/work/45/54530f4f96b3ed026c3b8f88efc3f3
Removed /scratch/indikar_root/indikar1/shared_data/hsc_epi2me/work/85/6ea54116d29fe62c6aff18c5ed5616
Removed /scratch/indikar_root/indikar1/shared_data/hsc_epi2me/work/0c/4f645846df46787aa75f5653753e8a
Removed /scratch/indikar_root/indikar1/shared_data/hsc_epi2me/work/fc/57ea451e6bc080986c086bfcc78ec9
Removed /scratch/indikar_root/indikar1/shared_data/hsc_epi2me/work/f8/79577fff54045bf55dc4e7e4543b0d
Removed /scratch/indikar_root/indikar1/shared_data/hsc_epi2me/work/a4/af712b0b7ad273776025b124fc9498
Removed /scratch/indikar_root/indikar1/shared_data/hsc_epi2me/work/69/c9e0d4b8f073f4703f3d5d3c898b5a
Removed /scratch/indikar_root/indikar1/shared_data/hsc_epi2me/work/3a/4da327e20a390d7c9701b0d4c21219
Removed /scratch/indikar_root/indikar1/shared_data/hsc_epi2me/work/6b/2fb27a4fdbe58548ac03a11ae62cac
Removed /scratch/indikar_root/indikar1/shared_data/hsc_epi2me/work/47/75c55d4dc3589a9cbe866fac1442f3
Removed /scratch/indikar_root/indikar1/shared_data/hsc_epi2me/work/e7/071dacf6b2a78b4a0b0d61a306c772
Removed /scratch/indikar_root/indikar1/shared_data/hsc_epi2me/work/eb/10c4203471cf2c78e403e18524e2f7
Removed /scratch/indikar_root/indikar1/shared_data/hsc_epi2me/work/b7/50fb2c5de99c2ffc84e6435252d860
Removed /scratch/indikar_root/indikar1/shared_data/hsc_epi2me/work/c3/7f5ee6c816d8be93904d27b9dfaa99
Removed /scratch/indikar_root/indikar1/shared_data/hsc_epi2me/work/5f/0a157ca985907af98bfce38cc00b44
Removed /scratch/indikar_root/indikar1/shared_data/hsc_epi2me/work/66/1cde6251677993011c87854caad4ba
Removed /scratch/indikar_root/indikar1/shared_data/hsc_epi2me/work/5f/e1696c287552708d2b03c1e19ae32d
Removed /scratch/indikar_root/indikar1/shared_data/hsc_epi2me/work/09/af35446744984188ce696382f55c8b
Removed /scratch/indikar_root/indikar1/shared_data/hsc_epi2me/work/2f/e2060acc02866fbde0dbe2a758e2b8
Removed /scratch/indikar_root/indikar1/shared_data/hsc_epi2me/work/56/4532b770b67e463d58af128c774eb5
Removed /scratch/indikar_root/indikar1/shared_data/hsc_epi2me/work/7d/683b17c26cbcad5ff6f22a20589237
Removed /scratch/indikar_root/indikar1/shared_data/hsc_epi2me/work/d8/cb0a5237f881b897e1f9d75b9dc2ef
Removed /scratch/indikar_root/indikar1/shared_data/hsc_epi2me/work/4f/83981d458711bdc4e12806eed42433
Removed /scratch/indikar_root/indikar1/shared_data/hsc_epi2me/work/ac/a6a67e02b1c73d7b27372841cd373d
Removed /scratch/indikar_root/indikar1/shared_data/hsc_epi2me/work/63/d55eb84653fa8a9c0ef2501a23d537
Removed /scratch/indikar_root/indikar1/shared_data/hsc_epi2me/work/84/d7b7ef41e875b996adaafe53bd65ba
Removed /scratch/indikar_root/indikar1/shared_data/hsc_epi2me/work/fa/502b57b2779d1ce5ef9ed5af987862
Removed /scratch/indikar_root/indikar1/shared_data/hsc_epi2me/work/a7/7f9262c62aa350d45f5f0f09880a6c
Removed /scratch/indikar_root/indikar1/shared_data/hsc_epi2me/work/e7/2197d86bd0600c7c7ea6783b0766fa
Removed /scratch/indikar_root/indikar1/shared_data/hsc_epi2me/work/6c/bdb789565a67f2f0eb2d052a8f409c
Removed /scratch/indikar_root/indikar1/shared_data/hsc_epi2me/work/3a/c947d1e87aede651ed1a6739598ce5
Removed /scratch/indikar_root/indikar1/shared_data/hsc_epi2me/work/ee/bcb8516e8fdcd47b99fdd6b778a83c
Removed /scratch/indikar_root/indikar1/shared_data/hsc_epi2me/work/cf/51ccc963996a201e3f18746385a614
Removed /scratch/indikar_root/indikar1/shared_data/hsc_epi2me/work/99/099571d8172831281a13773114f992
Removed /scratch/indikar_root/indikar1/shared_data/hsc_epi2me/work/f7/893126b430dd541c51fdd4020ef299
Removed /scratch/indikar_root/indikar1/shared_data/hsc_epi2me/work/f2/a2be59020bd79e044fa72c6ec38a41
Removed /scratch/indikar_root/indikar1/shared_data/hsc_epi2me/work/4e/591d742ffb8d0be4b5a5e20e152dd8
Removed /scratch/indikar_root/indikar1/shared_data/hsc_epi2me/work/65/5ee1660c255352323096684b5cf4c1
Removed /scratch/indikar_root/indikar1/shared_data/hsc_epi2me/work/90/ed3fc3f4a34d0921441475c718090f
Removed /scratch/indikar_root/indikar1/shared_data/hsc_epi2me/work/38/59866fc0e35fec718805ca49b13395
Removed /scratch/indikar_root/indikar1/shared_data/hsc_epi2me/work/cc/a8aaef7599ffec8fbd73ffc338e560
Removed /scratch/indikar_root/indikar1/shared_data/hsc_epi2me/work/83/80f448d58ea5ef3ad4bec765c1f887
Removed /scratch/indikar_root/indikar1/shared_data/hsc_epi2me/work/f0/4b7fae54cb3e4f6f99ecd329507a1f
Removed /scratch/indikar_root/indikar1/shared_data/hsc_epi2me/work/b0/750a5d42556d327426e91f98c0556c
Removed /scratch/indikar_root/indikar1/shared_data/hsc_epi2me/work/27/23820fa1b688fdbbf47e73958c7955
Removed /scratch/indikar_root/indikar1/shared_data/hsc_epi2me/work/e7/8fb91c6a5aeb842c400bf10a747c19
Removed /scratch/indikar_root/indikar1/shared_data/hsc_epi2me/work/7d/c34a4ce80ca91b5e3240e605034809
Removed /scratch/indikar_root/indikar1/shared_data/hsc_epi2me/work/af/3b0f1b6de7a2ec7d5140f954fe019b
Removed /scratch/indikar_root/indikar1/shared_data/hsc_epi2me/work/d3/b0931b097e5acc876d762773d930b6
Removed /scratch/indikar_root/indikar1/shared_data/hsc_epi2me/work/75/2f5ce0187b429555bbc79cff295b09
Removed /scratch/indikar_root/indikar1/shared_data/hsc_epi2me/work/30/385dfbc53ffbccc4c67feb6d2403b2
Removed /scratch/indikar_root/indikar1/shared_data/hsc_epi2me/work/2f/4e69ce7c8992fe33d1e68fdc484aa6
Removed /scratch/indikar_root/indikar1/shared_data/hsc_epi2me/work/d2/f28630d0e354badcaedcc6b63b6f0d
Removed /scratch/indikar_root/indikar1/shared_data/hsc_epi2me/work/1c/446259b7872367634e5d6213d196e7
Removed /scratch/indikar_root/indikar1/shared_data/hsc_epi2me/work/25/3dd564439b8e01e0dbfd703f4dba12
Removed /scratch/indikar_root/indikar1/shared_data/hsc_epi2me/work/25/972e06398390eb3381b0f9fd6eb81c
Removed /scratch/indikar_root/indikar1/shared_data/hsc_epi2me/work/03/3b150f05e7fb76be83b77d743dc25f
Removed /scratch/indikar_root/indikar1/shared_data/hsc_epi2me/work/14/981984f8214c19baf23225aaf8ec28
Removed /scratch/indikar_root/indikar1/shared_data/hsc_epi2me/work/3a/b340d2fd7519ae54986c3b1fb7d8f9
Removed /scratch/indikar_root/indikar1/shared_data/hsc_epi2me/work/82/d738b076f62ea945b57ef7c0d20615
Removed /scratch/indikar_root/indikar1/shared_data/hsc_epi2me/work/84/48ecc2d9652c5aa571c411becf9203
Removed /scratch/indikar_root/indikar1/shared_data/hsc_epi2me/work/e0/aea48b48b5a2ee055f5f005b268c0e
Removed /scratch/indikar_root/indikar1/shared_data/hsc_epi2me/work/d7/60ca3dc45b2e70eb15f7ceb2022645
Removed /scratch/indikar_root/indikar1/shared_data/hsc_epi2me/work/d4/f9f03a14c1f7aa0a2d6cbfcf1c930f
Removed /scratch/indikar_root/indikar1/shared_data/hsc_epi2me/work/06/e983225b7b1f80ce771e47c73769eb
Removed /scratch/indikar_root/indikar1/shared_data/hsc_epi2me/work/c2/e08f5312de4bc5283975c32d313c70
Removed /scratch/indikar_root/indikar1/shared_data/hsc_epi2me/work/e0/36f092159aef857176305a16725b98
Removed /scratch/indikar_root/indikar1/shared_data/hsc_epi2me/work/49/813120e90122dba0697e4330d6a36b
Removed /scratch/indikar_root/indikar1/shared_data/hsc_epi2me/work/7d/ae1fa3251362e4c39e4b878b5ac0f9
Removed /scratch/indikar_root/indikar1/shared_data/hsc_epi2me/work/0f/873497c4b6cbe8dd7b37dba2507451
Removed /scratch/indikar_root/indikar1/shared_data/hsc_epi2me/work/62/b294007771e30c059ca3e43313f767
Removed /scratch/indikar_root/indikar1/shared_data/hsc_epi2me/work/39/f4744ce3c8b700f318bb015bc13632
Removed /scratch/indikar_root/indikar1/shared_data/hsc_epi2me/work/0d/ffa88895778d8a66a2726238658fad
Removed /scratch/indikar_root/indikar1/shared_data/hsc_epi2me/work/07/a5555da422563cb6550763b1959328
Removed /scratch/indikar_root/indikar1/shared_data/hsc_epi2me/work/ed/386c9fd2acfa99e000b40b4ce42a73
Removed /scratch/indikar_root/indikar1/shared_data/hsc_epi2me/work/fa/3c735ad177a19ae8484be68f56808e
Removed /scratch/indikar_root/indikar1/shared_data/hsc_epi2me/work/d6/0c450088c53fee94c7c3306190d8fd
Removed /scratch/indikar_root/indikar1/shared_data/hsc_epi2me/work/9c/b45ff8d071bbce90c623f148240ce0
Removed /scratch/indikar_root/indikar1/shared_data/hsc_epi2me/work/55/f6e35dc67fedd5fa64fed3425db8ed
Removed /scratch/indikar_root/indikar1/shared_data/hsc_epi2me/work/7f/61a70cd411eff4a4f05a7d58d824de
Removed /scratch/indikar_root/indikar1/shared_data/hsc_epi2me/work/4d/5a444cc4b7f08bf6439dfa551e8216
Removed /scratch/indikar_root/indikar1/shared_data/hsc_epi2me/work/c1/baa1ab8a5d6ceec95056a36dc7d201
Removed /scratch/indikar_root/indikar1/shared_data/hsc_epi2me/work/8f/8f82c12dfd912ad24a7bd69b86b37d
Removed /scratch/indikar_root/indikar1/shared_data/hsc_epi2me/work/fc/45c9316114b579c1369c387e32a179
Removed /scratch/indikar_root/indikar1/shared_data/hsc_epi2me/work/57/ab2993f6eaece2af65fb9cdeb1af97
Removed /scratch/indikar_root/indikar1/shared_data/hsc_epi2me/work/08/d976243600f29500dfd4e3afe83b70
Removed /scratch/indikar_root/indikar1/shared_data/hsc_epi2me/work/c8/c46c99a94b1277c311b4e7e97aaad3
Removed /scratch/indikar_root/indikar1/shared_data/hsc_epi2me/work/77/c09de0e2c019d52d4887aa69dbb20f
Removed /scratch/indikar_root/indikar1/shared_data/hsc_epi2me/work/d0/e2c91db1f88e2de601e34f2db0b83c
Removed /scratch/indikar_root/indikar1/shared_data/hsc_epi2me/work/97/0dd413bbb53ee8b43993cb56481d04
Removed /scratch/indikar_root/indikar1/shared_data/hsc_epi2me/work/d8/e0c8d7196123fb1b656c3a03ba7ac2
Removed /scratch/indikar_root/indikar1/shared_data/hsc_epi2me/work/2f/01e2ce8bebd5b5389fef5b48cd0e9c
Removed /scratch/indikar_root/indikar1/shared_data/hsc_epi2me/work/76/d445e05b51fbe5102f3d9afd78cda5
Removed /scratch/indikar_root/indikar1/shared_data/hsc_epi2me/work/99/a4fec24eee74148b33d7cd78085a6f
Removed /scratch/indikar_root/indikar1/shared_data/hsc_epi2me/work/9e/135e4ab2b7d4bf14ff098c45bf0e76
Removed /scratch/indikar_root/indikar1/shared_data/hsc_epi2me/work/66/bab4e1b1f6a7e32cdc4edf87b58d24
Removed /scratch/indikar_root/indikar1/shared_data/hsc_epi2me/work/fd/e8a485d834df3fc67082a18063f88a
Removed /scratch/indikar_root/indikar1/shared_data/hsc_epi2me/work/79/0a73501823cadb0aafb98de59101e1
Removed /scratch/indikar_root/indikar1/shared_data/hsc_epi2me/work/0b/2a898af58bbbc44c761e377ad94616
Removed /scratch/indikar_root/indikar1/shared_data/hsc_epi2me/work/74/1054f94f4a0cff97a003d8ad2ee584
Removed /scratch/indikar_root/indikar1/shared_data/hsc_epi2me/work/34/42ea4b3cd89148ab9661c438a905c7
Removed /scratch/indikar_root/indikar1/shared_data/hsc_epi2me/work/de/1ff08ce2dd5ea1b765eed90fd21690
Removed /scratch/indikar_root/indikar1/shared_data/hsc_epi2me/work/5b/bc495ad2aeb84f23057f843d74c936
Removed /scratch/indikar_root/indikar1/shared_data/hsc_epi2me/work/a7/ac1320260786a6e47943aafb63926d
Removed /scratch/indikar_root/indikar1/shared_data/hsc_epi2me/work/1b/b4e7656ee7254b13fa14cefe52a411
Removed /scratch/indikar_root/indikar1/shared_data/hsc_epi2me/work/fd/ed0d0f553e70c6247c20bda62c9e00
Removed /scratch/indikar_root/indikar1/shared_data/hsc_epi2me/work/77/c5c4af996c9fd0fa48a5ede8a63849
Removed /scratch/indikar_root/indikar1/shared_data/hsc_epi2me/work/7b/0133ba8a8111691cf27c23cb268061
Removed /scratch/indikar_root/indikar1/shared_data/hsc_epi2me/work/84/51ca5200deae5ecb1160c42cfb9a52
Removed /scratch/indikar_root/indikar1/shared_data/hsc_epi2me/work/0d/76c3adf2e5f904da9a772ac5b751f7
Removed /scratch/indikar_root/indikar1/shared_data/hsc_epi2me/work/be/9e0709f48d7e016beb25565f2475f7
Removed /scratch/indikar_root/indikar1/shared_data/hsc_epi2me/work/d3/545302b985b2780c3cc1e2e726afe1
Removed /scratch/indikar_root/indikar1/shared_data/hsc_epi2me/work/5d/beda1b42ac6893088867992668993f
Removed /scratch/indikar_root/indikar1/shared_data/hsc_epi2me/work/d0/a66b393bfb57b9f220dc8a4ed57951
2025-04-04 10:05:49,362 [INFO] Nextflow clean up complete!
2025-04-04 10:05:49,363 [INFO] Pipeline complete!
